ts,spot_close,perp_close,basis_close_bps,basis_open_bps,perp_high,perp_low,spot_high,spot_low
1718611200,65756.0,65863.0,16.27227933572506,10.130639893553006,66544.0,65569.0,66272.0,65521.0
1718625600,65337.0,65411.0,11.32589497528258,15.66587576808498,65876.0,65119.0,65774.0,65066.0
1718640000,66642.0,66752.0,16.506107259686154,11.785774417216732,67310.0,65209.0,67260.0,65150.0
1718654400,66475.0,66567.0,13.839789394509694,13.951395139513156,66836.0,66198.0,66722.0,66135.0
1718668800,65480.0,65541.0,9.315821624924503,13.839789394509694,66633.0,64529.0,66559.0,64050.0
1718683200,65668.0,65743.0,11.421087896692494,10.23213194868644,65887.0,65391.0,65828.0,65336.0
1718697600,65339.0,65432.0,14.233459342811727,12.030212584515088,65814.0,65166.0,65761.0,65110.0
1718712000,64666.0,64733.0,10.360931555994934,11.783069106934274,65495.0,64219.0,65399.0,64252.0
1718726400,64398.0,64447.0,7.608931954408149,12.52958373938462,64955.0,63989.0,64868.0,64032.0
1718740800,65145.0,65217.0,11.052268017499589,11.961908312749792,65350.0,64217.0,65270.0,64149.0
1718755200,65398.0,65453.0,8.410043120585797,11.820512426889973,65648.0,64829.0,65568.0,64786.0
1718769600,65309.0,65369.0,9.187095193619044,14.681143905797,65757.0,65218.0,65702.0,65177.0
1718784000,65190.0,65273.0,12.73201411259306,4.897609354432841,65575.0,65050.0,65491.0,64989.0
1718798400,64897.0,64968.0,10.94041327025952,14.268180423442356,65353.0,64801.0,65274.0,64739.0
1718812800,64857.0,64941.0,12.951570377908173,11.250154111699384,65321.0,64842.0,65246.0,64775.0
1718827200,64946.0,65018.0,11.086133095186135,13.26035001156356,65156.0,64703.0,65066.0,64664.0
1718841600,65168.0,65266.0,15.038055487355262,10.77801900010833,65456.0,64875.0,65362.0,64809.0
1718856000,65839.0,65881.0,6.379197739940778,15.499355472345933,66005.0,65141.0,65937.0,65079.0
1718870400,66138.0,66191.0,8.013547431129364,4.099978740850219,66490.0,65582.0,66455.0,65568.0
1718884800,64794.0,64837.0,6.636416952185975,7.55800770916748,66328.0,64654.0,66264.0,64632.0
1718899200,64988.0,65095.0,16.46457807595203,6.790857037024534,65244.0,64564.0,65152.0,64516.0
1718913600,64845.0,64903.0,8.944405890971563,11.377263921774627,65245.0,64886.0,65144.0,64832.0
1718928000,64505.0,64537.0,4.960855747615511,9.561851297790191,65125.0,64317.0,65004.0,64338.0
1718942400,64199.0,64224.0,3.8941416532978224,14.12407456269582,64806.0,64219.0,64697.0,64167.0
1718956800,63717.0,63751.0,5.336095547499031,1.7130487595973243,64396.0,63531.0,64333.0,63501.0
1718971200,63661.0,63743.0,12.880727604027697,6.435410453617951,64401.0,63317.0,64309.0,63356.0
1718985600,64203.0,64257.0,8.41082192420961,10.363670623705357,64269.0,63460.0,64205.0,63425.0
1719000000,64102.0,64129.0,4.212037065927099,9.658073058649297,64473.0,63839.0,64404.0,63807.0
1719014400,64283.0,64324.0,6.378047073098969,4.0551500405516805,64339.0,63942.0,64297.0,63917.0
1719028800,64463.0,64539.0,11.789708825218348,4.8214507900956605,64557.0,64261.0,64483.0,64221.0
1719043200,64232.0,64273.0,6.383111221821558,11.16833157535524,64559.0,64230.0,64491.0,64198.0
1719057600,64277.0,64324.0,7.312102307202029,5.2927349429476855,64404.0,64264.0,64357.0,64229.0
1719072000,64273.0,64284.0,1.7114495978098887,7.1565256623684625,64385.0,64227.0,64326.0,64214.0
1719086400,64233.0,64291.0,9.029626515966171,1.555814858031912,64339.0,64250.0,64305.0,64225.0
1719100800,64414.0,64464.0,7.762287701431614,7.004436142890036,64562.0,64263.0,64490.0,64244.0
1719115200,64385.0,64462.0,11.959307292070953,7.9175334554593135,64482.0,64396.0,64415.0,64329.0
1719129600,64290.0,64348.0,9.021620780835793,12.581156223789858,64469.0,64280.0,64390.0,64236.0
1719144000,64061.0,64058.0,-0.46830364808569946,9.954891896095663,64450.0,64021.0,64383.0,64037.0
1719158400,64110.0,64107.0,-0.4679457182965585,0.3122219273454796,64173.0,63894.0,64136.0,63898.0
1719172800,63154.0,63167.0,2.0584602717166334,1.2476411783968189,64129.0,63095.0,64121.0,63136.0
1719187200,62823.0,62841.0,2.865192684207152,2.3752216873584864,63336.0,62658.0,63302.0,62683.0
1719201600,62394.0,62432.0,6.090329198320532,3.8206218061986874,62929.0,62136.0,62905.0,62128.0
1719216000,61276.0,61251.0,-4.0799007768133055,-1.2809837955551906,62951.0,60537.0,62917.0,60580.0
1719230400,60801.0,60797.0,-0.6578839163828842,0.489811912225413,61689.0,60666.0,61661.0,60655.0
1719244800,59269.0,59335.0,11.135669574313667,-1.8088832612517258,61039.0,59043.0,60995.0,59026.0
1719259200,60252.0,60345.0,15.43517227643898,9.954109866379124,60487.0,58564.0,60398.0,58456.0
1719273600,61287.0,61339.0,8.48467048476742,15.103734439834149,61630.0,60271.0,61592.0,60223.0
1719288000,60630.0,60687.0,9.401286491834693,6.525391931353486,61454.0,60664.0,61387.0,60598.0
1719302400,61156.0,61206.0,8.17581267577916,9.72698496438884,61588.0,60702.0,61513.0,60630.0
1719316800,61797.0,61846.0,7.929187501012347,9.814505839631504,62144.0,60967.0,62101.0,60949.0
1719331200,61984.0,62004.0,3.2266391326785104,8.08969857783115,62419.0,61174.0,62395.0,61138.0
1719345600,61789.0,61801.0,1.9420932528446677,-3.546899687227878,62175.0,61667.0,62166.0,61650.0
1719360000,61922.0,61962.0,6.459739672490805,0.4854526036446316,62539.0,61630.0,62458.0,61643.0
1719374400,61729.0,61762.0,5.3459476097139635,5.651815847691477,62012.0,61524.0,61972.0,61520.0
1719388800,61427.0,61424.0,-0.4883845865821801,3.7254203245984385,61792.0,61158.0,61749.0,61148.0
1719403200,61405.0,61455.0,8.142659392558205,1.7911517105506647,61991.0,61197.0,61956.0,61189.0
1719417600,60955.0,61006.0,8.366827987860148,-0.6508086297218885,61534.0,60708.0,61540.0,60675.0
1719432000,60807.0,60857.0,8.222737513772227,8.03884896807494,61145.0,60716.0,61094.0,60685.0
1719446400,60989.0,61023.0,5.574775779237928,6.74120355146357,61292.0,60758.0,61228.0,60728.0
1719460800,60735.0,60818.0,13.665925742982754,8.68923682268985,61203.0,60600.0,61137.0,60561.0
1719475200,61134.0,61233.0,16.193934635391205,15.974440894568342,61461.0,60757.0,61380.0,60669.0
1719489600,61516.0,61593.0,12.517068730086844,16.849337477506943,62429.0,61173.0,62323.0,61086.0
1719504000,61368.0,61505.0,22.324338417416545,15.773127144413923,62037.0,61467.0,61972.0,61329.0
1719518400,61622.0,61756.0,21.74548051020686,20.52785923753575,61769.0,61425.0,61624.0,61270.0
1719532800,61773.0,61880.0,17.32148349602669,20.61387134996595,62280.0,61531.0,62151.0,61421.0
1719547200,61274.0,61337.0,10.281685543622743,17.483649549958624,61885.0,61240.0,61779.0,61167.0
1719561600,61609.0,61722.0,18.341476083039154,11.099141448764893,61822.0,61236.0,61698.0,61145.0
1719576000,60951.0,61066.0,18.867614969402258,17.853375099410318,61911.0,60745.0,61794.0,60655.0
1719590400,59969.0,60128.0,26.51369874435039,20.50895010582643,61117.0,60090.0,61017.0,59946.0
1719604800,60315.0,60473.0,26.195805355218038,25.675225075025843,60499.0,60078.0,60329.0,59923.0
1719619200,60655.0,60773.0,19.45429066029236,26.694521819869976,61056.0,60445.0,60889.0,60296.0
1719633600,60931.0,61098.0,27.40805173064631,20.114753017212994,61188.0,60742.0,61028.0,60613.0
1719648000,60999.0,61164.0,27.049623764323627,26.74849847385863,61291.0,60951.0,61114.0,60801.0
1719662400,60991.0,61147.0,25.5775442278372,26.392577292548847,61221.0,60990.0,61072.0,60861.0
1719676800,60959.0,61059.0,16.404468577240205,25.413585610991607,61155.0,60927.0,61027.0,60837.0
1719691200,60879.0,60981.0,16.754545902528672,16.404737688244797,61093.0,60884.0,60991.0,60779.0
1719705600,60803.0,60886.0,13.650642238047794,16.589468151506637,61077.0,60746.0,60976.0,60670.0
1719720000,61409.0,61519.0,17.912683808563035,14.476779574579268,61768.0,60667.0,61668.0,60620.0
1719734400,61434.0,61531.0,15.789302340722955,18.889431688648983,61725.0,61397.0,61578.0,61247.0
1719748800,61596.0,61685.0,14.44899019416912,14.322217339648446,61881.0,61317.0,61730.0,61248.0
1719763200,61940.0,62032.0,14.853083629318142,12.173150898378005,62127.0,61560.0,61995.0,61477.0
1719777600,62676.0,62741.0,10.370795838916536,16.469942355201717,63018.0,61812.0,62931.0,61751.0
1719792000,63368.0,63437.0,10.888776669613076,10.370795838916536,63821.0,62559.0,63724.0,62488.0
1719806400,63210.0,63270.0,9.492168960607561,9.782265698958792,63457.0,63221.0,63400.0,63165.0
1719820800,62586.0,62642.0,8.947687981337715,9.333818480961042,63303.0,62592.0,63249.0,62525.0
1719835200,63011.0,63123.0,17.774674263224544,10.546331953786847,63140.0,62507.0,63060.0,62465.0
1719849600,63180.0,63241.0,9.654954099398427,14.593445639414782,63895.0,62970.0,63794.0,62881.0
1719864000,62829.0,62914.0,13.528784478504807,9.340320103852218,63426.0,62815.0,63349.0,62750.0
1719878400,63065.0,63146.0,12.843891223341952,13.530291935945904,63288.0,62798.0,63211.0,62720.0
1719892800,62531.0,62617.0,13.753178423501211,10.939011049986291,63254.0,62584.0,63162.0,62490.0
1719907200,62739.0,62844.0,16.73600153014876,15.995905048307169,62873.0,62421.0,62758.0,62346.0
1719921600,61860.0,61964.0,16.81215648237977,17.53463089601892,63176.0,61864.0,63060.0,61753.0
1719936000,61830.0,61927.0,15.688177260229086,14.061969645542405,62407.0,61831.0,62290.0,61731.0
1719950400,62033.0,62141.0,17.410088178873018,14.05447319957398,62189.0,61894.0,62089.0,61785.0
1719964800,60881.0,60971.0,14.782937205368718,17.245269638654914,62307.0,60626.0,62196.0,60561.0
1719979200,60775.0,60913.0,22.706705059645227,25.480429386333103,61192.0,60819.0,61086.0,60728.0
1719993600,60309.0,60357.0,7.959011092870671,21.721958925751128,61011.0,59206.0,60881.0,59544.0
1720008000,60100.0,60169.0,11.480865224624548,10.616767857736242,60674.0,59729.0,60624.0,59666.0
1720022400,59630.0,59646.0,2.6832131477450005,11.315228966986002,60634.0,59630.0,60574.0,59591.0
1720036800,60142.0,60169.0,4.489375145488861,6.373379400566037,60328.0,59370.0,60293.0,59334.0
1720051200,59065.0,59089.0,4.063320071108212,0.6648383611729258,60481.0,57813.0,60430.0,57885.0
1720065600,58167.0,58188.0,3.6102944968807726,6.77403512337138,59131.0,58076.0,59109.0,58067.0
1720080000,57723.0,57738.0,2.59861753547197,6.362417030643108,58465.0,56972.0,58448.0,56952.0
1720094400,58091.0,58119.0,4.820023755831571,10.403662089055743,58315.0,56753.0,58299.0,56748.0
1720108800,58246.0,58296.0,8.584280465611105,9.472306420501564,58682.0,57728.0,58616.0,57744.0
1720123200,57045.0,57023.0,-3.856604435095168,7.725189267135946,58789.0,56732.0,58736.0,56946.0
1720137600,55195.0,55200.0,0.9058791557214896,-1.4027704716812472,57507.0,55000.0,57500.0,55090.0
1720152000,54400.0,54413.0,2.389705882352988,2.7176867050759945,55327.0,53720.0,55338.0,53550.0
1720166400,55476.0,55463.0,-2.343355685341386,3.309736140479913,55638.0,53909.0,55639.0,53901.0
1720180800,56658.0,56632.0,-4.588937131561055,-1.9829109132207812,56640.0,54826.0,56679.0,54842.0
1720195200,56457.0,56443.0,-2.4797633597251068,-8.116023854052301,57000.0,55793.0,57026.0,55842.0
1720209600,56632.0,56591.0,-7.239723124735642,-2.4798951358628862,56829.0,56268.0,56870.0,56327.0
1720224000,56416.0,56371.0,-7.976460578559275,-7.239723124735642,56960.0,56143.0,56973.0,56196.0
1720238400,56617.0,56578.0,-6.888390412773671,-7.800035454706977,56625.0,55976.0,56675.0,56044.0
1720252800,56774.0,56720.0,-9.511396061577804,-4.240507447391684,56855.0,56406.0,56870.0,56476.0
1720267200,57309.0,57293.0,-2.7918826013362263,-4.405363971171639,57406.0,56488.0,57431.0,56524.0
1720281600,57868.0,57837.0,-5.357019423515297,-2.9651335182179217,58070.0,57185.0,58111.0,57197.0
1720296000,58251.0,58211.0,-6.866834904122321,-1.5558283057026667,58480.0,57804.0,58488.0,57835.0
1720310400,57973.0,57924.0,-8.452210511790126,-2.403309700788059,58430.0,57813.0,58441.0,57856.0
1720324800,57372.0,57336.0,-6.274837900021035,-7.7626358461269085,57955.0,57046.0,57993.0,57082.0
1720339200,57450.0,57408.0,-7.3107049608356345,-9.235219292895724,57889.0,57290.0,57901.0,57358.0
1720353600,56822.0,56795.0,-4.751680687057336,-8.356691446578246,57583.0,56556.0,57611.0,56578.0
1720368000,57146.0,57115.0,-5.424701641409957,-3.344187274487709,57373.0,56729.0,57376.0,56739.0
1720382400,55829.0,55817.0,-2.1494205520433685,-4.0252717058397725,57299.0,55688.0,57309.0,55729.0
1720396800,55165.0,55119.0,-8.338620502129634,-5.908472391319419,55993.0,54231.0,56010.0,54296.0
1720411200,55862.0,55813.0,-8.771615767426688,-8.704167120008321,55913.0,54950.0,55869.0,54970.0
1720425600,57143.0,57134.0,-1.5749960625099924,-4.4756346449925655,58188.0,55723.0,58200.0,55739.0
1720440000,55745.0,55769.0,4.305318862678487,-0.7001330252742743,57610.0,54974.0,57588.0,55064.0
1720454400,56487.0,56510.0,4.071733319170878,0.717475919713717,56590.0,55439.0,56553.0,55462.0
1720468800,56710.0,56725.0,2.6450361488272733,3.8942877878667126,57000.0,56215.0,56947.0,56198.0
1720483200,57154.0,57170.0,2.7994541064502165,4.938532902976078,57379.0,56284.0,57341.0,56300.0
1720497600,57098.0,57129.0,5.429261970646415,-4.196244361296397,57777.0,56998.0,57737.0,57009.0
1720512000,57432.0,57421.0,-1.9153085387935143,3.151757104584707,57915.0,57017.0,57868.0,57026.0
1720526400,57476.0,57462.0,-2.435799290138041,-5.570836670032442,58125.0,56910.0,58102.0,56927.0
1720540800,57859.0,57865.0,1.0370037504969787,-3.479773814701881,58297.0,57378.0,58278.0,57380.0
1720555200,58033.0,58093.0,10.338945082970508,-1.382313301310223,58302.0,57715.0,58252.0,57708.0
1720569600,58163.0,58207.0,7.564946787477211,11.029158337354517,58223.0,57338.0,58203.0,57357.0
1720584000,58972.0,58976.0,0.678288001085825,0.6872497981214032,59422.0,58207.0,59459.0,58203.0
1720598400,58484.0,58469.0,-2.564804048971192,-4.067865557043637,59036.0,58306.0,59030.0,58315.0
1720612800,57704.0,57666.0,-6.585332039373837,-3.932161663133815,58539.0,57452.0,58556.0,57495.0
1720627200,57385.0,57375.0,-1.7426156661148884,-4.5064563653696155,58000.0,57333.0,57998.0,57353.0
1720641600,57733.0,57734.0,0.1732111617269716,-5.923551343252065,57870.0,57120.0,57857.0,57152.0
1720656000,57558.0,57522.0,-6.254560617117155,4.506065857885488,58406.0,57041.0,58364.0,57072.0
1720670400,58184.0,58183.0,-0.1718685549290111,-6.602150911270144,58301.0,57441.0,58294.0,57483.0
1720684800,58789.0,58790.0,0.1700998486109384,-2.7490936581842096,58911.0,58047.0,58870.0,58063.0
1720699200,57408.0,57372.0,-6.270903010033857,-0.8505137102809979,59538.0,57234.0,59516.0,57281.0
1720713600,57374.0,57361.0,-2.2658346986437206,1.9176123982367344,57985.0,57144.0,57981.0,57199.0
1720728000,57348.0,57303.0,-7.846829880727713,-1.74307129161555,57576.0,57108.0,57614.0,57164.0
1720742400,56918.0,56865.0,-9.311641308549223,-6.626558549132078,57555.0,56500.0,57564.0,56551.0
1720756800,57115.0,57078.0,-6.478158102074527,-12.467733155390182,57388.0,56685.0,57398.0,56733.0
1720771200,57208.0,57150.0,-10.13844217591986,-5.078186562067488,57315.0,56732.0,57322.0,56782.0
1720785600,58185.0,58197.0,2.0623872131997345,-7.166203485221567,58275.0,57043.0,58273.0,57110.0
1720800000,57607.0,57550.0,-9.894630860832754,-4.464362368858943,58553.0,57445.0,58539.0,57529.0
1720814400,57889.0,57883.0,-1.036466340755826,-8.854012951163837,57890.0,57125.0,57917.0,57168.0
1720828800,57825.0,57780.0,-7.7821011673151474,-4.144576648764664,57964.0,57744.0,58007.0,57783.0
1720843200,58168.0,58165.0,-0.5157474900285841,-5.879199737165441,58212.0,57732.0,58217.0,57785.0
1720857600,58546.0,58537.0,-1.5372527585144624,1.2034108100666963,58908.0,57906.0,58840.0,57939.0
1720872000,58846.0,58849.0,0.5098052543939247,3.0750832835058084,58912.0,58431.0,58884.0,58456.0
1720886400,58653.0,58625.0,-4.773839360305843,-0.33984129411579467,58970.0,58562.0,58969.0,58589.0
1720900800,59226.0,59213.0,-2.1949819336097853,1.7060188344486527,59888.0,58255.0,59853.0,58311.0
1720915200,59483.0,59510.0,4.539112015198299,-5.568962316688797,59853.0,59220.0,59854.0,59257.0
1720929600,60078.0,60091.0,2.163853656913517,2.1862702229991093,60371.0,59451.0,60330.0,59440.0
1720944000,60117.0,60107.0,-1.6634229918321974,-3.826127459950479,60434.0,59886.0,60423.0,59939.0
1720958400,60103.0,60102.0,-0.16638104587074487,-3.8247912994315847,60240.0,59469.0,60213.0,59509.0
1720972800,59942.0,59887.0,-9.175536351806457,0.9983859427253883,60186.0,59874.0,60191.0,59925.0
1720987200,60823.0,60812.0,-1.8085263798228723,-7.175157269435628,61390.0,59864.0,61424.0,59906.0
1721001600,62692.0,62635.0,-9.092069163529892,-3.781215578607666,62789.0,60666.0,62818.0,60685.0
1721016000,62895.0,62855.0,-6.359806025916237,-13.39285714285765,63114.0,62414.0,63111.0,62475.0
1721030400,62474.0,62489.0,2.4009988155082596,-4.134794293984001,63280.0,62328.0,63259.0,62323.0
1721044800,63071.0,63020.0,-8.08612516053353,-5.118198394165052,63409.0,62477.0,63356.0,62489.0
1721059200,63418.0,63359.0,-9.303352360529038,-7.927573686797862,63808.0,62860.0,63874.0,62895.0
1721073600,64769.0,64764.0,-0.7719742469391999,-15.133601324189838,64934.0,63243.0,64926.0,63320.0
1721088000,64791.0,64794.0,0.4630272723060713,0.7720934541910474,64997.0,64459.0,64991.0,64506.0
1721102400,62948.0,62912.0,-5.71900616381793,0.4630272723060713,65043.0,62764.0,65012.0,62758.0
1721116800,63763.0,63783.0,3.1366152784539914,-5.560233212067445,63903.0,62390.0,63882.0,62446.0
1721131200,64910.0,64917.0,1.0784162686805487,3.135582591244912,64987.0,63103.0,65000.0,63105.0
1721145600,65202.0,65181.0,-3.220760099383879,3.8523175542404253,65240.0,64163.0,65222.0,64151.0
1721160000,65081.0,65054.0,-4.148676264962292,-4.600874166091895,65440.0,64156.0,65403.0,64181.0
1721174400,65736.0,65730.0,-0.9127418765975115,-5.531568353283056,66179.0,64970.0,66129.0,64995.0
1721188800,65289.0,65267.0,-3.369633475777123,0.9128529698143595,66053.0,65224.0,66021.0,65246.0
1721203200,64719.0,64731.0,1.8541695638063516,-3.0637254901966227,65568.0,64587.0,65521.0,64580.0
1721217600,64763.0,64769.0,0.9264549202470107,-5.097627286209105,65450.0,64551.0,65413.0,64561.0
1721232000,64574.0,64583.0,1.3937498064242604,-1.2355212355208423,64792.0,63859.0,64787.0,63890.0
1721246400,64091.0,64061.0,-4.68084442433403,-6.962495358336929,64706.0,64040.0,64692.0,64071.0
1721260800,64873.0,64907.0,5.241009356742321,-6.707849744165273,65184.0,63889.0,65090.0,63914.0
1721275200,64668.0,64700.0,4.948351580380539,5.241655746550666,65111.0,64411.0,65057.0,64421.0
1721289600,64763.0,64769.0,0.9264549202470107,4.79230757339133,65018.0,64440.0,64964.0,64453.0
1721304000,63559.0,63550.0,-1.4160071744362401,0.46317739694323734,65142.0,63414.0,65108.0,63413.0
1721318400,63504.0,63559.0,8.660871756109856,-0.15740347232062746,64009.0,63219.0,63947.0,63227.0
1721332800,63964.0,64044.0,12.507035207303119,5.19357884797067,64197.0,63451.0,64110.0,63436.0
1721347200,64308.0,64359.0,7.930584064190782,10.472513559560692,64437.0,63311.0,64351.0,63303.0
1721361600,63702.0,63737.0,5.494332987974193,5.441203905229841,64520.0,63653.0,64461.0,63615.0
1721376000,64095.0,64124.0,4.524533895000626,5.494419239886472,64207.0,63426.0,64170.0,63410.0
1721390400,65844.0,65869.0,3.796853168094305,6.39545766518923,65922.0,64079.0,65891.0,64034.0
1721404800,67226.0,67202.0,-3.570047303126378,3.796853168094305,67399.0,65869.0,67466.0,65844.0
1721419200,66705.0,66691.0,-2.098793193913151,-1.4878074182078649,67406.0,66654.0,67398.0,66672.0
1721433600,66644.0,66662.0,2.700918312226186,-2.098793193913151,66850.0,66278.0,66864.0,66284.0
1721448000,66608.0,66604.0,-0.6005284650489884,2.851054890309346,66802.0,66470.0,66791.0,66473.0
1721462400,66519.0,66524.0,0.75166493783696,-0.6005374810458264,66788.0,66500.0,66771.0,66512.0
1721476800,66847.0,66856.0,1.346358101335099,0.75166493783696,66889.0,66347.0,66847.0,66333.0
1721491200,67261.0,67284.0,3.419515023563857,1.346358101335099,67665.0,66732.0,67617.0,66723.0
1721505600,67155.0,67219.0,9.530191348372519,3.419515023563857,67500.0,66861.0,67469.0,66840.0
1721520000,67202.0,67220.0,2.678491711556319,7.742242868202798,67479.0,67016.0,67434.0,67000.0
1721534400,66722.0,66733.0,1.6486316357422481,4.017797354205488,67285.0,66667.0,67252.0,66629.0
1721548800,66897.0,66925.0,4.1855389628842055,2.098226998186181,67107.0,66731.0,67087.0,66689.0
1721563200,67199.0,67226.0,4.01791693328768,3.4378643388843777,67576.0,66645.0,67522.0,66648.0
1721577600,67460.0,67512.0,7.708271568336311,4.1667906782949515,67792.0,65840.0,67727.0,65833.0
1721592000,68158.0,68213.0,8.069485606971849,8.00569293720077,68473.0,67342.0,68364.0,67301.0
1721606400,67895.0,67917.0,3.2402975182277416,6.161067918439844,68547.0,67784.0,68486.0,67759.0
1721620800,67250.0,67254.0,0.5947955390328552,1.620172622027738,68061.0,67147.0,68009.0,67160.0
1721635200,67526.0,67553.0,3.998459852501135,0.743505479634532,67645.0,66975.0,67597.0,66975.0
1721649600,67071.0,67120.0,7.305690984180657,6.664001066241099,67996.0,66583.0,67979.0,66583.0
1721664000,68233.0,68252.0,2.784576377998782,6.410065293223077,68287.0,66863.0,68306.0,66832.0
1721678400,67562.0,67581.0,2.812231727893355,-0.4393930517310185,68299.0,67276.0,68298.0,67290.0
1721692800,67472.0,67510.0,5.631965852501697,2.812273352970074,67821.0,67238.0,67776.0,67233.0
1721707200,66577.0,66610.0,4.956666716733338,2.8151901735040674,67564.0,66279.0,67546.0,66264.0
1721721600,66691.0,66668.0,-3.4487412094585945,1.8021535735202043,67178.0,66429.0,67163.0,66466.0
1721736000,66615.0,66626.0,1.6512797417989056,-3.298845404108297,67377.0,65950.0,67361.0,65978.0
1721750400,65547.0,65549.0,0.3051245671037428,1.351087625538483,66793.0,65455.0,66783.0,65452.0
1721764800,65944.0,65991.0,7.127259492902827,-0.15257857796768803,66080.0,65502.0,66048.0,65494.0
1721779200,66053.0,66091.0,5.752955959608119,7.279013693644032,66173.0,65499.0,66121.0,65473.0
1721793600,66063.0,66101.0,5.752085130859008,5.904438926906952,66104.0,65619.0,66069.0,65623.0
1721808000,66380.0,66401.0,3.163603495028866,5.903277075607338,66631.0,66029.0,66613.0,66005.0
1721822400,66189.0,66210.0,3.1727326292885216,4.067857896163929,67125.0,66138.0,67112.0,66116.0
1721836800,65611.0,65625.0,2.133788541556214,5.590643981747689,66760.0,65569.0,66713.0,65576.0
1721851200,65376.0,65423.0,7.18918257464507,2.5894108328761156,66089.0,64974.0,66072.0,65117.0
1721865600,64075.0,64106.0,4.838080374560683,7.037620672245559,65628.0,63878.0,65607.0,63860.0
1721880000,64112.0,64176.0,9.98253057149956,4.057428214732095,64444.0,63816.0,64375.0,63806.0
1721894400,64093.0,64114.0,3.2764888521374935,10.606438732219114,64519.0,63917.0,64452.0,63882.0
1721908800,64763.0,64829.0,10.191004122723779,3.588703385863923,65054.0,63490.0,65001.0,63424.0
1721923200,64662.0,64710.0,7.423216108379815,8.79955539088595,65221.0,64397.0,65160.0,64377.0
1721937600,65796.0,65857.0,9.271080308832502,7.112595478864225,66212.0,64425.0,66135.0,64414.0
1721952000,67043.0,67089.0,6.861268141342691,9.727330759643493,67497.0,65779.0,67459.0,65712.0
1721966400,66910.0,66918.0,1.1956359288589624,5.069708491762803,67219.0,66911.0,67184.0,66859.0
1721980800,67299.0,67351.0,7.72671213539633,2.690542742260771,67522.0,66902.0,67481.0,66901.0
1721995200,67564.0,67589.0,3.7001953703152957,1.6334773763393429,68021.0,66920.0,67991.0,66911.0
1722009600,68013.0,68025.0,1.7643685765955652,3.8482601423850404,68174.0,67346.0,68147.0,67315.0
1722024000,67921.0,67960.0,5.741964929844023,3.3822037263053772,68255.0,67468.0,68214.0,67428.0
1722038400,67810.0,67846.0,5.3089514820814365,0.8829762185080803,68128.0,67690.0,68069.0,67654.0
1722052800,68060.0,68103.0,6.317954745811427,6.34190227571052,68367.0,67829.0,68298.0,67795.0
1722067200,68233.0,68260.0,3.9570295897872754,7.2001645751895715,68290.0,67949.0,68265.0,67907.0
1722081600,68864.0,68884.0,2.904275092936448,3.810472938314824,69454.0,68247.0,69404.0,68228.0
1722096000,68281.0,68274.0,-1.0251753782164474,3.0495774157013322,69012.0,67716.0,69012.0,67792.0
1722110400,67892.0,67958.0,9.721322099804919,1.1718864442045174,69197.0,66661.0,69114.0,66637.0
1722124800,67937.0,67991.0,7.948540559636896,15.920515352978448,68411.0,67270.0,68286.0,67269.0
1722139200,67569.0,67575.0,0.8879811747997124,7.064745448390752,68084.0,67067.0,68034.0,67064.0
1722153600,67833.0,67885.0,7.665885336045619,2.2202486678502,68057.0,67204.0,67987.0,67233.0
1722168000,67643.0,67688.0,6.65257306742717,11.056402394080678,68165.0,67632.0,68109.0,67596.0
1722182400,68107.0,68168.0,8.956494927099268,5.173535150475583,68380.0,67651.0,68298.0,67617.0
1722196800,68264.0,68321.0,8.349935544356146,11.892876020438425,68398.0,67869.0,68265.0,67817.0
1722211200,69347.0,69418.0,10.238366475838756,12.016412661195464,69872.0,68237.0,69780.0,68165.0
1722225600,69519.0,69566.0,6.760741667746206,7.063673975407081,69929.0,69343.0,69848.0,69265.0
1722240000,69577.0,69626.0,7.042557166880847,5.1770999611711055,69882.0,69411.0,69831.0,69385.0
1722254400,68086.0,68174.0,12.924830361602524,3.4480281588966655,70100.0,67722.0,70016.0,67662.0
1722268800,67279.0,67377.0,14.566209366964067,12.337881703214926,68175.0,66434.0,68092.0,66445.0
1722283200,66780.0,66807.0,4.043126684636356,13.672978034062755,67608.0,66585.0,67540.0,66607.0
1722297600,66610.0,66652.0,6.305359555622836,6.140942110386405,66922.0,65864.0,66855.0,65867.0
1722312000,66935.0,66991.0,8.366325539703734,10.212050219258195,67053.0,66361.0,66982.0,66328.0
1722326400,66572.0,66634.0,9.313224779186058,8.81478493418797,67032.0,66412.0,66983.0,66407.0
1722340800,66194.0,66241.0,7.100341420671619,8.112249496741164,66990.0,65535.0,66919.0,65550.0
1722355200,65871.0,65940.0,10.475019356013249,7.8562903201429,66568.0,65592.0,66531.0,65550.0
1722369600,66171.0,66233.0,9.3696634477336,9.258275532351146,66375.0,65375.0,66335.0,65302.0
1722384000,66061.0,66082.0,3.178880125944694,9.520930935469352,66450.0,65910.0,66395.0,65875.0
1722398400,66194.0,66218.0,3.6257062573641363,6.208546594383968,66580.0,65500.0,66521.0,65490.0
1722412800,66067.0,66084.0,2.5731454432631473,3.6257062573641363,66387.0,65949.0,66348.0,65924.0
1722427200,66360.0,66376.0,2.4110910186858625,1.362274089546922,66892.0,65983.0,66814.0,65965.0
1722441600,65243.0,65280.0,5.671106478855048,2.5617842073533126,66817.0,64999.0,66801.0,64934.0
1722456000,64612.0,64672.0,9.28620070575148,3.9860182743600703,65420.0,64570.0,65397.0,64507.0
1722470400,63914.0,63955.0,6.4148699815369525,8.667120658700789,64887.0,63737.0,64813.0,63723.0
1722484800,64302.0,64373.0,11.041647227147955,6.885543488466261,64512.0,63618.0,64452.0,63408.0
1722499200,64643.0,64721.0,12.066271676747231,13.38021595046257,64741.0,64341.0,64661.0,64271.0
1722513600,62849.0,62975.0,20.04805167942214,12.529777557777066,65000.0,62737.0,64917.0,62624.0
1722528000,63389.0,63498.0,17.195412453265835,20.207163200687273,63584.0,62332.0,63399.0,62233.0
1722542400,65293.0,65391.0,15.009265924370574,21.787180296810593,65698.0,63395.0,65568.0,63270.0
1722556800,64552.0,64659.0,16.575783864172244,16.693979446495977,65600.0,63682.0,65548.0,63616.0
1722571200,64131.0,64222.0,14.189705446663314,17.661822576147124,64697.0,63836.0,64584.0,63774.0
1722585600,64607.0,64681.0,11.453867228008452,14.353917683402884,64991.0,64057.0,64909.0,63997.0
1722600000,63354.0,63457.0,16.25785270069846,10.524197916828015,65545.0,62433.0,65466.0,62346.0
1722614400,62551.0,62644.0,14.867867819858827,16.41569593080261,63640.0,62514.0,63550.0,62447.0
1722628800,61421.0,61527.0,17.257941095065732,13.427109974424312,63203.0,61235.0,63126.0,61169.0
1722643200,61836.0,61926.0,14.554628371821199,17.584135202461937,62012.0,60508.0,61911.0,60433.0
1722657600,61626.0,61710.0,13.63061045662528,14.392677523165087,61993.0,61426.0,61915.0,61338.0
1722672000,61881.0,61972.0,14.70564470515967,16.556560131153475,62054.0,61483.0,61950.0,61410.0
1722686400,60884.0,60924.0,6.569870573549519,13.897642248832387,62229.0,60841.0,62151.0,60795.0
1722700800,60206.0,60220.0,2.3253496329278533,10.025968903060178,61292.0,59919.0,61231.0,59903.0
1722715200,60672.0,60718.0,7.581751054852592,4.318506461149507,60854.0,59829.0,60815.0,59839.0
1722729600,60711.0,60761.0,8.235739816506715,9.230414214838056,61143.0,60339.0,61073.0,60300.0
1722744000,60324.0,60366.0,6.96240302367146,10.213158501630737,60951.0,60262.0,60898.0,60235.0
1722758400,60873.0,60938.0,10.677968886041445,7.459593866556702,61029.0,60122.0,60975.0,60080.0
1722772800,59022.0,59120.0,16.603978177629486,9.0360950925783,61139.0,59007.0,61054.0,58934.0
1722787200,59240.0,59309.0,11.647535449021973,15.755234803822571,59535.0,57211.0,59474.0,57155.0
1722801600,58142.0,58181.0,6.707715592859653,10.465901417959778,59600.0,58030.0,59550.0,57988.0
1722816000,53893.0,53859.0,-6.3087970608433075,8.60037497634858,58356.0,52156.0,58280.0,53091.0
1722830400,52694.0,52728.0,6.452347515846224,-0.9277642736538194,54571.0,49020.0,54565.0,49647.0
1722844800,51344.0,51371.0,5.258647553754159,3.0363988309867196,53227.0,50651.0,53214.0,50669.0
1722859200,54385.0,54330.0,-10.113082651466154,2.3375864419983294,55000.0,49544.0,55025.0,49577.0
1722873600,53483.0,53488.0,0.934876502813875,-8.827099194527177,55521.0,52568.0,55562.0,52573.0
1722888000,54014.0,53978.0,-6.664938719591618,-1.86975300562775,55241.0,53473.0,55198.0,53483.0
1722902400,55689.0,55644.0,-8.08059042180731,-10.362694300518616,56284.0,53946.0,56274.0,53977.0
1722916800,56061.0,56035.0,-4.637805247854621,-7.541478129713397,56189.0,55235.0,56229.0,55290.0
1722931200,55243.0,55244.0,0.1810184095729639,-3.211762186853262,56133.0,54626.0,56151.0,54647.0
1722945600,56436.0,56431.0,-0.8859593167476199,-0.5431240495323841,56639.0,54413.0,56634.0,54420.0
1722960000,56796.0,56779.0,-2.9931685329953606,0.886084922377961,57055.0,56259.0,57058.0,56280.0
1722974400,56053.0,55999.0,-9.633739496548444,2.114127658074949,56954.0,55761.0,56952.0,55861.0
1722988800,56918.0,56870.0,-8.433184581327913,-10.169854410505552,57280.0,55539.0,57307.0,55600.0
1723003200,56959.0,56928.0,-5.442511280043805,-3.515494542194464,57260.0,56535.0,57280.0,56587.0
1723017600,56994.0,56937.0,-10.001052742394378,-5.090755889477494,57708.0,56861.0,57737.0,56905.0
1723032000,56106.0,56083.0,-4.09938331016324,-13.851629758210304,57484.0,55674.0,57502.0,55701.0
1723046400,54762.0,54755.0,-1.278258646506547,-6.594895194638184,56275.0,54670.0,56323.0,54675.0
1723060800,55136.0,55104.0,-5.803830528148257,-0.3654570039834937,55558.0,54533.0,55568.0,54568.0
1723075200,57069.0,57033.0,-6.30815328812484,-5.441485888413311,57652.0,54715.0,57674.0,54748.0
1723089600,57206.0,57173.0,-5.768625668636229,-8.934202228295662,57428.0,56672.0,57439.0,56699.0
1723104000,57337.0,57292.0,-7.848335280883356,-6.117597706775113,57650.0,56973.0,57685.0,57023.0
1723118400,59443.0,59397.0,-7.738505795468198,-7.499651179014855,59460.0,56670.0,59546.0,56734.0
1723132800,59462.0,59378.0,-14.126669133227576,-8.91415500538173,59843.0,59194.0,59889.0,59292.0
1723147200,61699.0,61640.0,-9.562553688066133,-15.805757331180947,62700.0,59260.0,62729.0,59343.0
1723161600,61369.0,61324.0,-7.332692401701424,-14.902888244536783,61692.0,60733.0,61740.0,60801.0
1723176000,60881.0,60821.0,-9.855291470245442,-7.984487281852415,61344.0,60554.0,61395.0,60604.0
1723190400,60668.0,60636.0,-5.274609349245063,-10.019217187063889,61190.0,60154.0,61218.0,60204.0
1723204800,59832.0,59771.0,-10.195213263805014,-6.263288885958174,61063.0,59512.0,61125.0,59571.0
1723219200,60698.0,60659.0,-6.425252891363309,-8.191103458651261,60736.0,59701.0,60767.0,59750.0
1723233600,60860.0,60825.0,-5.750903713440669,-8.071689783546443,60987.0,59899.0,61013.0,59964.0
1723248000,60452.0,60420.0,-5.293455965063032,-2.6297623352289357,61506.0,60249.0,61476.0,60307.0
1723262400,60858.0,60866.0,1.3145354760268901,-1.158403389157625,60895.0,60231.0,60867.0,60270.0
1723276800,60936.0,60922.0,-2.297492451096561,1.3145138763381858,61114.0,60592.0,61114.0,60643.0
1723291200,60534.0,60515.0,-3.138731952291307,-3.2818089330843847,60950.0,60385.0,60955.0,60433.0
1723305600,61023.0,61027.0,0.6554905527433874,-3.6344412872535425,61232.0,60392.0,61184.0,60429.0
1723320000,60952.0,60930.0,-3.609397558734795,0.16386458230988055,61215.0,60739.0,61167.0,60780.0
1723334400,61102.0,61141.0,6.382769794770482,-1.8050541516245744,61491.0,60912.0,61373.0,60911.0
1723348800,61262.0,61278.0,2.6117332114528047,6.219007250052311,61293.0,60876.0,61270.0,60895.0
1723363200,60697.0,60721.0,3.9540669225823777,2.611392198466067,61926.0,60472.0,61868.0,60466.0
1723377600,60144.0,60143.0,-0.16626762436855458,5.4376482994999975,60779.0,59946.0,60749.0,59959.0
1723392000,59631.0,59648.0,2.850866160217791,1.4963091042097254,60416.0,59566.0,60363.0,59573.0
1723406400,58725.0,58727.0,0.3405704555126121,3.186101888184023,59703.0,58316.0,59672.0,58315.0
1723420800,58508.0,58524.0,2.7346687632467948,1.703055281174759,59097.0,58125.0,59085.0,58134.0
1723435200,58675.0,58707.0,5.453770771197686,5.128029810945733,59059.0,57684.0,58976.0,57681.0
1723449600,59887.0,59886.0,-0.16698114782887075,3.749020142462811,59990.0,58136.0,60000.0,58148.0
1723464000,60200.0,60228.0,4.65116279069866,-0.834863917181794,60750.0,57841.0,60700.0,57834.0
1723478400,59051.0,59049.0,-0.33869028466915196,2.324654622740674,60447.0,58455.0,60416.0,58475.0
1723492800,59362.0,59337.0,-4.211448401334472,-1.1852554225433298,59762.0,58538.0,59753.0,58574.0
1723507200,59070.0,59050.0,-3.3858134416797636,-4.043058573811598,59939.0,58881.0,59931.0,58893.0
1723521600,59240.0,59227.0,-2.1944632005399534,-5.587727318906444,59476.0,58829.0,59486.0,58856.0
1723536000,58851.0,58822.0,-4.927698764677357,-4.387963478642565,59322.0,58413.0,59338.0,58455.0
1723550400,59496.0,59469.0,-4.538120209761631,-4.5879354290567775,59772.0,58688.0,59789.0,58736.0
1723564800,60851.0,60853.0,0.3286716734307582,-4.201963157186572,61555.0,59430.0,61600.0,59476.0
1723579200,60620.0,60560.0,-9.897723523589752,0.6574189731112234,61132.0,60381.0,61125.0,60417.0
1723593600,60983.0,60972.0,-1.8037813816962345,-7.754879799363179,61382.0,60403.0,61314.0,60447.0
1723608000,60927.0,60919.0,-1.3130467608779561,-1.3118840294512601,61190.0,60632.0,61174.0,60671.0
1723622400,61303.0,61308.0,0.8156207689680173,-1.4771533613444632,61448.0,60650.0,61461.0,60671.0
1723636800,59450.0,59425.0,-4.20521446593769,-5.542604698172138,61756.0,58825.0,61809.0,58883.0
1723651200,58921.0,58966.0,7.63734491946888,-1.3455780939886086,59490.0,58623.0,59470.0,58711.0
1723665600,58697.0,58730.0,5.622093122306104,10.187622039221633,59229.0,58445.0,59189.0,58456.0
1723680000,58446.0,58482.0,6.15953187557805,5.281630149589489,59088.0,57714.0,59047.0,58031.0
1723694400,58046.0,58051.0,0.8613857974704153,6.843690117710466,58643.0,57665.0,58636.0,57717.0
1723708800,58747.0,58756.0,1.5319931230539652,1.0336629569662747,58877.0,57959.0,58863.0,57971.0
1723723200,59711.0,59734.0,3.8518865870607044,2.894158906348032,59795.0,58614.0,59775.0,58586.0
1723737600,57051.0,57031.0,-3.5056353087592473,3.6844749623177186,59874.0,56660.0,59851.0,56707.0
1723752000,57557.0,57549.0,-1.389926507635586,-6.1336791560062665,57890.0,56067.0,57882.0,56138.0
1723766400,57893.0,57882.0,-1.9000570017102536,-2.7799013135032524,58539.0,57081.0,58490.0,57104.0
1723780800,58461.0,58461.0,0.0,-1.7273842220721924,58628.0,57801.0,58636.0,57812.0
1723795200,58418.0,58368.0,-8.55900578588753,-0.684216828312767,58675.0,58206.0,58678.0,58245.0
1723809600,58086.0,58036.0,-8.60792617842554,-7.532698760528422,58844.0,57454.0,58895.0,57550.0
1723824000,59695.0,59655.0,-6.700728704246428,-7.575496711546004,59794.0,57976.0,59841.0,58017.0
1723838400,58883.0,58870.0,-2.207767946605932,-8.375770570892005,59675.0,58724.0,59738.0,58758.0
1723852800,59163.0,59139.0,-4.056589422443135,-2.207767946605932,59376.0,58803.0,59403.0,58828.0
1723867200,59267.0,59249.0,-3.0371032783838015,-3.0423906429588587,59262.0,59035.0,59277.0,59075.0
1723881600,59143.0,59106.0,-6.25602353617527,-2.6997840172782173,59484.0,59034.0,59466.0,59076.0
1723896000,59395.0,59368.0,-4.545837191682889,-5.24206503542568,59656.0,59080.0,59652.0,59122.0
1723910400,59473.0,59447.0,-4.371731710187676,-4.54576065728296,59719.0,59275.0,59704.0,59317.0
1723924800,59487.0,59468.0,-3.1939751542353623,-4.203588182872808,59474.0,59117.0,59495.0,59164.0
1723939200,59349.0,59306.0,-7.245277932231842,-3.1939751542353623,60278.0,59211.0,60242.0,59324.0
1723953600,59561.0,59549.0,-2.014741189704239,-6.740020557062243,59647.0,59225.0,59684.0,59268.0
1723968000,60022.0,59995.0,-4.49835060477799,-4.196461543626295,60211.0,59411.0,60177.0,59446.0
1723982400,59863.0,59858.0,-0.8352404657296919,0.0,60300.0,59670.0,60271.0,59691.0
1723996800,59718.0,59693.0,-4.18634247630556,-0.33409618629187676,59950.0,59327.0,59947.0,59400.0
1724011200,58430.0,58420.0,-1.7114495978098887,-4.01895607615943,59840.0,58417.0,59860.0,58414.0
1724025600,58747.0,58726.0,-3.5746506204570316,-3.251197809719386,58742.0,58190.0,58765.0,58238.0
1724040000,58519.0,58472.0,-8.031579487004503,-4.2561884980762965,58742.0,58359.0,58750.0,58386.0
1724054400,58402.0,58372.0,-5.136810383206125,-9.56888744596096,58646.0,57744.0,58679.0,57844.0
1724068800,58557.0,58518.0,-6.6601772631791345,-3.2533132426970646,58961.0,58060.0,58983.0,58105.0
1724083200,58974.0,58936.0,-6.443517482280781,-7.1728660723435755,59300.0,58359.0,59306.0,58400.0
1724097600,59497.0,59430.0,-11.261071986823357,-1.5258892543490443,59597.0,58904.0,59631.0,58921.0
1724112000,60661.0,60600.0,-10.055884340844923,-1.3453970603072296,60841.0,59357.0,60932.0,59396.0
1724126400,60940.0,60888.0,-8.532983262224958,-10.38524306414157,61422.0,60576.0,61424.0,60623.0
1724140800,60545.0,60499.0,-7.597654637047091,-8.861029520356167,60948.0,60392.0,60991.0,60466.0
1724155200,58830.0,58812.0,-3.059663437021687,-8.58794384805961,60929.0,58689.0,60974.0,58553.0
1724169600,59473.0,59477.0,0.6725741092594717,-4.759476457589784,59595.0,58539.0,59594.0,58583.0
1724184000,59012.0,58977.0,-5.930997085338285,-0.33623051964415396,59700.0,58825.0,59702.0,58887.0
1724198400,59303.0,59296.0,-1.180378732947851,-7.6255676811498585,59495.0,58763.0,59506.0,58816.0
1724212800,59726.0,59692.0,-5.6926631617726375,-2.5290844714209726,59716.0,59182.0,59744.0,59211.0
1724227200,59387.0,59344.0,-7.2406418913228965,-5.524121999397336,59895.0,59090.0,59908.0,59118.0
1724241600,59532.0,59520.0,-2.0157226365646874,-6.5675361635486595,60203.0,58834.0,60213.0,58875.0
1724256000,61602.0,61601.0,-0.1623323918054087,-1.8477457501853145,61662.0,59378.0,61655.0,59397.0
1724270400,61159.0,61151.0,-1.3080658611164253,-3.40787381130081,61830.0,60907.0,61838.0,60937.0
1724284800,60573.0,60556.0,-2.8065309626401636,-2.9426670372245667,61200.0,59755.0,61234.0,59774.0
1724299200,61014.0,61018.0,0.6555872422731035,-1.9812442213706927,61137.0,60466.0,61128.0,60476.0
1724313600,61358.0,61374.0,2.607646924606133,0.1639021831767451,61454.0,60836.0,61416.0,60830.0
1724328000,60443.0,60439.0,-0.6617805204900407,4.890533557211363,61448.0,60136.0,61413.0,60113.0
1724342400,60312.0,60296.0,-2.652871733651585,3.9725233799559057,60632.0,60142.0,60613.0,60150.0
1724356800,60383.0,60390.0,1.1592666810189556,-0.9949753743598855,60727.0,60283.0,60690.0,60293.0
1724371200,60605.0,60594.0,-1.8150317630560853,1.987314310318844,60994.0,60368.0,60953.0,60348.0
1724385600,61076.0,61093.0,2.783417381622133,-1.980001980002033,61409.0,60593.0,61359.0,60598.0
1724400000,60736.0,60737.0,0.16464699683860218,2.946858321599688,61365.0,60684.0,61336.0,60700.0
1724414400,61534.0,61529.0,-0.8125589105212327,-0.32928857203962103,62379.0,60735.0,62323.0,60737.0
1724428800,63700.0,63695.0,-0.7849293563577664,-2.4372806447414685,63870.0,61328.0,63856.0,61366.0
1724443200,64085.0,64081.0,-0.624171022860498,2.513510116877171,65178.0,63539.0,64988.0,63543.0
1724457600,63884.0,63874.0,-1.565337173626835,-1.5601841017243157,64226.0,63673.0,64236.0,63676.0
1724472000,64349.0,64367.0,2.7972462664527242,-4.850950629841089,64377.0,63856.0,64352.0,63905.0
1724486400,63944.0,63926.0,-2.8149630927065683,3.730067452052399,64563.0,63805.0,64506.0,63944.0
1724500800,64006.0,64006.0,0.0,-1.5640640640646186,64265.0,63899.0,64259.0,63913.0
1724515200,64243.0,64253.0,1.5565898230152087,-0.15623535293607382,64462.0,63969.0,64460.0,63975.0
1724529600,64174.0,64195.0,3.2723532894940455,3.5808812081583596,64360.0,63584.0,64368.0,63594.0
1724544000,64130.0,64134.0,0.6237330422576015,2.9606083271005446,64622.0,64011.0,64600.0,64037.0
1724558400,63906.0,63879.0,-4.224955403248076,0.6237330422576015,64246.0,63770.0,64227.0,63829.0
1724572800,63895.0,63892.0,-0.4695203067528464,-3.2867450268414533,64022.0,63795.0,64036.0,63814.0
1724587200,64161.0,64169.0,1.2468633593609724,0.4695129585585711,64350.0,63838.0,64298.0,63844.0
1724601600,64220.0,64254.0,5.294300840859023,1.2468633593609724,64304.0,64041.0,64267.0,64045.0
1724616000,64262.0,64303.0,6.3801313373379465,6.5407316275511995,65210.0,64192.0,65103.0,64159.0
1724630400,64131.0,64200.0,10.759227206811328,7.1597559457092785,64568.0,63862.0,64502.0,63791.0
1724644800,63657.0,63670.0,2.0421948882298757,10.915158035895711,64281.0,63620.0,64221.0,63606.0
1724659200,63876.0,63926.0,7.82766610307517,3.2993448443807694,64124.0,63232.0,64050.0,63128.0
1724673600,63572.0,63588.0,2.5168313093804073,9.394817192516225,64030.0,63102.0,63980.0,63098.0
1724688000,63326.0,63349.0,3.631999494677629,2.045150633209758,63919.0,63223.0,63903.0,63234.0
1724702400,62852.0,62836.0,-2.545662826958228,1.4209030628364872,63578.0,62789.0,63586.0,62826.0
1724716800,62988.0,62996.0,1.2700831904499665,2.3876985769311077,63222.0,62632.0,63211.0,62673.0
1724731200,62904.0,62935.0,4.928144474118934,1.1113227916426105,63230.0,62745.0,63236.0,62743.0
1724745600,62410.0,62418.0,1.28184585803659,6.040759228054249,63032.0,62225.0,63010.0,62242.0
1724760000,61687.0,61724.0,5.998022273736581,1.4420996971598044,62503.0,61469.0,62473.0,61455.0
1724774400,62059.0,62114.0,8.862534040188219,5.673620904862453,62240.0,61531.0,62181.0,61520.0
1724788800,59427.0,59407.0,-3.3654736062727064,2.8986907580086374,62115.0,57985.0,62099.0,58090.0
1724803200,59640.0,59643.0,0.5030181086529417,-3.5333905406087496,59679.0,58904.0,59664.0,58927.0
1724817600,58623.0,58617.0,-1.0234890742544245,0.5030181086529417,59673.0,58525.0,59665.0,58539.0
1724832000,59943.0,59956.0,2.1687269572767676,-3.070467222762163,60277.0,58538.0,60212.0,58556.0
1724846400,59003.0,59024.0,3.5591410606250484,2.0018684105171936,60187.0,58459.0,60162.0,58476.0
1724860800,58898.0,58857.0,-6.96118713708449,3.5591410606250484,59846.0,57838.0,59843.0,57866.0
1724875200,59033.0,58995.0,-6.437077566784355,-8.14871403106654,59593.0,58623.0,59593.0,58665.0
1724889600,59146.0,59115.0,-5.241267372265712,-3.896125895685998,59296.0,58862.0,59340.0,58891.0
1724904000,59601.0,59583.0,-3.02008355564487,-4.734047949143116,59760.0,59062.0,59772.0,59076.0
1724918400,60090.0,60065.0,-4.160426027625119,-5.033557046979498,60479.0,59378.0,60497.0,59390.0
1724932800,60804.0,60776.0,-4.604960199986463,-4.160426027625119,61186.0,59989.0,61182.0,60012.0
1724947200,59250.0,59237.0,-2.1940928270036686,-3.125257011267202,60962.0,58902.0,60981.0,58926.0
1724961600,59365.0,59352.0,-2.189842499789041,-3.3746730785455537,59642.0,58636.0,59643.0,58701.0
1724976000,59028.0,59020.0,-1.3552890153822883,-4.042922359045464,59477.0,58892.0,59473.0,58913.0
1724990400,59297.0,59273.0,-4.047422297923653,-1.355220138571367,59579.0,58671.0,59581.0,58688.0
1725004800,59402.0,59371.0,-5.218679505740731,-0.8434832484227606,59664.0,59273.0,59665.0,59277.0
1725019200,58091.0,58057.0,-5.852885989223733,-4.88207269237928,59900.0,57899.0,59905.0,57939.0
1725033600,58703.0,58676.0,-4.5994242202274105,-3.7872919141312966,59340.0,57699.0,59356.0,57721.0
1725048000,59113.0,59092.0,-3.552518058633769,-2.7260491029590384,59274.0,58676.0,59274.0,58693.0
1725062400,59226.0,59209.0,-2.870360990105958,-3.2141830054299714,59441.0,59060.0,59431.0,59068.0
1725076800,59102.0,59055.0,-7.952353558254854,-2.7015162259813597,59328.0,59028.0,59338.0,59066.0
1725091200,59114.0,59119.0,0.8458233244246216,-7.7832862388116375,59168.0,58808.0,59167.0,58821.0
1725105600,59014.0,59001.0,-2.202867116277707,0.8458376330078288,59236.0,58886.0,59231.0,58899.0
1725120000,58856.0,58842.0,-2.3786869647957065,-2.202867116277707,59141.0,58732.0,59125.0,58750.0
1725134400,58967.0,58971.0,0.6783455152881146,-1.8689365750890197,59124.0,58763.0,59118.0,58786.0
1725148800,58508.0,58524.0,2.7346687632467948,0.6783455152881146,59068.0,58272.0,59060.0,58275.0
1725163200,58462.0,58460.0,-0.3421025623484564,2.7346687632467948,58586.0,57767.0,58581.0,57779.0
1725177600,58217.0,58239.0,3.778964907157345,-0.8552125203109551,58500.0,57878.0,58485.0,57845.0
1725192000,58207.0,58212.0,0.8590032126720715,3.9508039027080777,58369.0,57243.0,58340.0,57230.0
1725206400,58497.0,58523.0,4.444672376360259,0.3435953820773996,58807.0,57865.0,58764.0,57866.0
1725220800,57310.0,57291.0,-3.3153027394872137,4.102704365960275,58658.0,57183.0,58644.0,57205.0
1725235200,57737.0,57760.0,3.9835807194688044,-0.5237613045150358,57771.0,57098.0,57737.0,57131.0
1725249600,57544.0,57522.0,-3.823161406922848,3.98427079183028,57944.0,57339.0,57961.0,57364.0
1725264000,58429.0,58403.0,-4.449845111160755,-3.823227847001842,58667.0,57500.0,58656.0,57517.0
1725278400,58538.0,58506.0,-5.466534558747904,-5.305130574665418,58790.0,58066.0,58791.0,58113.0
1725292800,58444.0,58407.0,-6.330846622407682,-6.14953622247616,58644.0,58254.0,58651.0,58301.0
1725307200,59133.0,59112.0,-3.5513165237688327,-7.013342456380078,59359.0,58353.0,59411.0,58394.0
1725321600,59089.0,59060.0,-4.907850869028119,-1.8605280516892364,59800.0,59001.0,59803.0,59040.0
1725336000,59105.0,59083.0,-3.722189324084635,-13.696313831585982,59238.0,58861.0,59246.0,58878.0
1725350400,59062.0,59038.0,-4.063526463715661,-3.2145092797808417,59168.0,58677.0,59174.0,58715.0
1725364800,57736.0,57696.0,-6.9280864625187455,-2.032210537011858,59314.0,57547.0,59344.0,57556.0
1725379200,58021.0,57991.0,-5.1705417004188625,-1.3864818024267311,58228.0,57546.0,58232.0,57581.0
1725393600,57493.0,57435.0,-10.088184648565646,1.3787398317943733,58212.0,57357.0,58216.0,57402.0
1725408000,56638.0,56662.0,4.237437762633078,-12.172642854658688,57967.0,55633.0,57915.0,55602.0
1725422400,56729.0,56754.0,4.40691709707508,2.471358717717198,56875.0,56189.0,56863.0,56172.0
1725436800,56568.0,56584.0,2.8284542497525322,2.9963338973493236,56892.0,56456.0,56883.0,56450.0
1725451200,58130.0,58130.0,0.0,3.182292311227908,58165.0,56183.0,58161.0,56192.0
1725465600,58027.0,58081.0,9.306012718217627,-1.5482006468037213,58550.0,57651.0,58518.0,57638.0
1725480000,57956.0,57980.0,4.141072537786616,3.444712366518221,58382.0,57872.0,58384.0,57874.0
1725494400,57101.0,57139.0,6.6548746957151295,0.8624555835368142,58354.0,56923.0,58315.0,56925.0
1725508800,57152.0,57158.0,1.0498320268759187,1.9262424263644107,57322.0,56509.0,57274.0,56550.0
1725523200,56685.0,56705.0,3.52827026550262,1.2248254623714594,57239.0,56621.0,57216.0,56624.0
1725537600,55979.0,55969.0,-1.7863841797816082,4.2341484069008395,57277.0,55800.0,57327.0,55816.0
1725552000,56023.0,56040.0,3.0344679863625323,1.6083491189822219,56710.0,55777.0,56691.0,55788.0
1725566400,56158.0,56159.0,0.17806901955186305,0.17844715287651525,56256.0,55572.0,56240.0,55649.0
1725580800,56571.0,56561.0,-1.7676901592689198,-4.628063867281318,56861.0,55964.0,56829.0,55976.0
1725595200,55776.0,55785.0,1.6135972461284176,-6.89045936395738,56716.0,55273.0,56724.0,55282.0
1725609600,55986.0,55976.0,-1.7861608259206463,-2.867075224886051,56244.0,55602.0,56238.0,55633.0
1725624000,54015.0,54028.0,2.4067388688320257,-6.247991716947787,56970.0,53806.0,56984.0,53810.0
1725638400,53484.0,53527.0,8.039787600029324,2.9623046730353764,54441.0,53265.0,54388.0,53232.0
1725652800,53955.0,53952.0,-0.5560189046427411,4.300833987807007,53962.0,52534.0,53959.0,52546.0
1725667200,53806.0,53822.0,2.973646061776858,0.7414684783202397,54078.0,53750.0,54066.0,53731.0
1725681600,54275.0,54279.0,0.7369875633345124,2.973646061776858,54388.0,53819.0,54374.0,53806.0
1725696000,54324.0,54322.0,-0.3681614019590551,1.105522082802679,54490.0,54186.0,54479.0,54187.0
1725710400,54782.0,54775.0,-1.2777919754658473,3.129429523405225,54800.0,54340.0,54813.0,54323.0
1725724800,54415.0,54402.0,-2.3890471377374656,-1.4602803738317238,54832.0,53985.0,54839.0,54036.0
1725739200,54147.0,54160.0,2.400871701109253,-3.124425657048402,54440.0,53800.0,54423.0,53823.0
1725753600,54383.0,54407.0,4.413143813324361,1.8467220683282548,54534.0,53957.0,54498.0,53972.0
1725768000,54428.0,54435.0,1.2861027412358617,2.390057361376652,54573.0,54252.0,54554.0,54266.0
1725782400,54554.0,54551.0,-0.549913846830119,1.4698587098305183,54746.0,54347.0,54698.0,54349.0
1725796800,53686.0,53670.0,-2.980292813768992,0.5498836079698144,54569.0,53650.0,54566.0,53681.0
1725811200,54340.0,54308.0,-5.888847994111046,-4.65610042277409,54494.0,53602.0,54518.0,53636.0
1725825600,54866.0,54839.0,-4.921080450551729,-5.888847994111046,55258.0,54154.0,55306.0,54199.0
1725840000,55114.0,55089.0,-4.536052545632829,-6.560244915809754,55375.0,54669.0,55361.0,54712.0
1725854400,54975.0,54955.0,-3.6380172805816624,-2.540189425553896,55130.0,54561.0,55143.0,54587.0
1725868800,55267.0,55238.0,-5.247254238515131,-5.0941508232515975,55520.0,54933.0,55614.0,54952.0
1725883200,55377.0,55344.0,-5.959152716832339,-5.247254238515131,55764.0,54791.0,55790.0,54820.0
1725897600,57103.0,57082.0,-3.6775651016585087,-4.694581369734108,57157.0,55326.0,57180.0,55351.0
1725912000,57059.0,57016.0,-7.536059166827203,-3.502504290567865,58077.0,56798.0,58070.0,56816.0
1725926400,56535.0,56500.0,-6.190855222428793,-7.010656197420362,57035.0,56499.0,57072.0,56531.0
1725940800,57208.0,57196.0,-2.097608726052691,-5.660610992198611,57280.0,56387.0,57288.0,56406.0
1725955200,57233.0,57213.0,-3.494487446054073,-2.4472529585539693,57360.0,56865.0,57371.0,56899.0
1725969600,56601.0,56585.0,-2.826805180120573,-1.5728491288158342,57444.0,56517.0,57469.0,56530.0
1725984000,57971.0,57948.0,-3.967500991874928,-2.473498233215299,58039.0,56550.0,58042.0,56565.0
1725998400,57659.0,57617.0,-7.284205414592737,0.6901311249141173,57964.0,57411.0,57974.0,57474.0
1726012800,56809.0,56781.0,-4.928796493512966,-5.204177219582107,57728.0,56641.0,57751.0,56686.0
1726027200,56707.0,56683.0,-4.232281728887566,-2.992536262498291,56791.0,56049.0,56808.0,56099.0
1726041600,56787.0,56770.0,-2.9936429112298324,-4.056079710783589,56850.0,56313.0,56863.0,56354.0
1726056000,56702.0,56700.0,-0.3527212444009997,-4.577787168110747,57140.0,55539.0,57150.0,55554.0
1726070400,57644.0,57587.0,-9.888279786274268,-3.527274651240475,57973.0,56634.0,58000.0,56643.0
1726084800,57342.0,57278.0,-11.161103554113705,-4.860182951172964,57646.0,57188.0,57691.0,57230.0
1726099200,58256.0,58219.0,-6.351277121670051,-9.591573366816153,58512.0,57286.0,58470.0,57342.0
1726113600,58140.0,58134.0,-1.0319917440659854,-5.1502145922743825,58422.0,57819.0,58438.0,57855.0
1726128000,58059.0,58030.0,-4.9949189617459755,-1.203990368077168,58330.0,57870.0,58350.0,57906.0
1726142400,57510.0,57491.0,-3.303773256825293,-3.789248867531736,58557.0,57303.0,58560.0,57335.0
1726156800,58380.0,58389.0,1.5416238437815366,-4.868718483741485,58458.0,57470.0,58448.0,57494.0
1726171200,58139.0,58131.0,-1.3760126593165278,-2.397506593143639,58380.0,57761.0,58394.0,57793.0
1726185600,57854.0,57829.0,-4.321222387388968,-1.0320094944871183,58245.0,57807.0,58244.0,57842.0
1726200000,58134.0,58084.0,-8.600818797949161,-4.321222387388968,58106.0,57700.0,58135.0,57751.0
1726214400,57868.0,57833.0,-6.0482477362278075,-5.5059446996674755,58326.0,57787.0,58336.0,57825.0
1726228800,59687.0,59637.0,-8.377033524887834,-7.257019438444701,59684.0,57612.0,59748.0,57640.0
1726243200,59748.0,59707.0,-6.862154381737096,-8.711822948952452,60000.0,59274.0,60018.0,59336.0
1726257600,60545.0,60491.0,-8.918985878272334,-6.693552435615979,60629.0,59619.0,60670.0,59666.0
1726272000,60360.0,60299.0,-10.106030483764128,-11.065052600287562,60592.0,60265.0,60655.0,60330.0
1726286400,60168.0,60140.0,-4.65363648450956,-8.781667854125264,60334.0,59886.0,60369.0,59778.0
1726300800,59729.0,59688.0,-6.8643372566090655,-3.6567325432579345,60160.0,59600.0,60180.0,59632.0
1726315200,59895.0,59856.0,-6.511394941146609,-6.3626012993101,60000.0,59621.0,60018.0,59654.0
1726329600,59826.0,59799.0,-4.513087955069217,-7.346311817544304,59985.0,59447.0,59991.0,59438.0
1726344000,60012.0,59986.0,-4.332466839965798,-3.8444823320959998,60123.0,59766.0,60132.0,59789.0
1726358400,60174.0,60162.0,-1.994216771362689,-4.165833499966132,60274.0,59982.0,60311.0,60005.0
1726372800,60212.0,60176.0,-5.9788746429279005,-2.1604015023102274,60217.0,60073.0,60240.0,60113.0
1726387200,60019.0,59990.0,-4.831803262300705,-4.816635663035251,60192.0,59863.0,60222.0,59903.0
1726401600,60342.0,60309.0,-5.468827682211241,-2.3331389050917917,60357.0,59853.0,60388.0,59900.0
1726416000,59889.0,59857.0,-5.343218287164886,-4.474495376354248,60337.0,59700.0,60363.0,59724.0
1726430400,59130.0,59128.0,-0.33823778116004455,-2.171371304493519,59937.0,58688.0,59946.0,58708.0
1726444800,58583.0,58589.0,1.0241879043415558,1.0148678134669353,59200.0,58143.0,59209.0,58124.0
1726459200,58907.0,58918.0,1.867350230022602,7.344652068459467,58964.0,58310.0,58967.0,58312.0
1726473600,58666.0,58657.0,-1.5341083421405166,0.8488387885363657,59163.0,58492.0,59152.0,58504.0
1726488000,57875.0,57893.0,3.11015118790392,0.0,58777.0,57555.0,58783.0,57565.0
1726502400,57918.0,57943.0,4.316447391139455,3.4558429664954815,58272.0,57473.0,58245.0,57488.0
1726516800,58212.0,58220.0,1.374287088573567,3.798342541436739,58414.0,57602.0,58402.0,57605.0
1726531200,58049.0,58045.0,-0.6890730245134868,1.8897746014290284,58348.0,57605.0,58349.0,57627.0
1726545600,58695.0,58673.0,-3.748189794701151,-0.6890730245134868,58769.0,58015.0,58750.0,58025.0
1726560000,59108.0,59052.0,-9.47418285172863,-3.407561378698798,59271.0,58603.0,59294.0,58638.0
1726574400,61128.0,61124.0,-0.6543646119616664,-6.938333446151468,61319.0,58858.0,61331.0,58891.0
1726588800,59970.0,59948.0,-3.668500917125561,-0.6543646119616664,61257.0,59639.0,61269.0,59650.0
1726603200,60316.0,60283.0,-5.471185091849851,-3.001550801247088,60409.0,59721.0,60430.0,59743.0
1726617600,60517.0,60461.0,-9.25359816249971,-5.636791670811103,60733.0,59858.0,60758.0,59893.0
1726632000,60444.0,60409.0,-5.790483753557174,-6.114590735568637,60651.0,60160.0,60702.0,60206.0
1726646400,59853.0,59816.0,-6.181812106327289,0.9933281459528764,60409.0,59360.0,60419.0,59388.0
1726660800,59428.0,59422.0,-1.0096250925484274,1.1701185162893424,60152.0,59300.0,60154.0,59326.0
1726675200,60062.0,60081.0,3.163397822250058,0.33658700774097383,61480.0,59192.0,61343.0,59189.0
1726689600,61757.0,61839.0,13.27784704567847,4.329436840178058,61875.0,59531.0,61787.0,59495.0
1726704000,62125.0,62145.0,3.219315895373054,8.742815510403013,62640.0,61614.0,62591.0,61584.0
1726718400,62093.0,62130.0,5.958803729888551,3.0583008724205385,62200.0,61850.0,62182.0,61823.0
1726732800,62666.0,62702.0,5.744741965341138,6.924650144128908,62802.0,61921.0,62729.0,61895.0
1726747200,63159.0,63188.0,4.59158631390677,5.90431813104475,63582.0,62656.0,63508.0,62619.0
1726761600,63255.0,63273.0,2.845624851790518,4.591513616212239,63913.0,62997.0,63882.0,62969.0
1726776000,62940.0,62990.0,7.944073721004585,2.529204407137886,63278.0,62692.0,63262.0,62661.0
1726790400,63737.0,63762.0,3.9223684829847727,7.307386814932038,63770.0,62630.0,63737.0,62630.0
1726804800,63539.0,63542.0,0.47215096240060817,10.358953431794937,64199.0,63410.0,64121.0,63416.0
1726819200,63464.0,63483.0,2.9938232698856204,5.038576602109934,63740.0,63118.0,63792.0,63049.0
1726833600,63169.0,63161.0,-1.2664439835996522,5.67429544164888,63584.0,62605.0,63549.0,62578.0
1726848000,62838.0,62807.0,-4.933320602182878,-3.3233106504193533,63301.0,62370.0,63280.0,62353.0
1726862400,63211.0,63210.0,-0.15820031323610095,0.47748651100576467,63314.0,62708.0,63293.0,62722.0
1726876800,62891.0,62903.0,1.908063156890183,1.7408093180781847,63315.0,62826.0,63295.0,62823.0
1726891200,63099.0,63101.0,0.3169622339505018,-0.47690962562629835,63146.0,62734.0,63128.0,62760.0
1726905600,63095.0,63098.0,0.4754734923517745,-2.2182083214505877,63148.0,62972.0,63136.0,62969.0
1726920000,63177.0,63194.0,2.690852683728817,-0.3169421422122287,63330.0,63046.0,63303.0,63049.0
1726934400,63217.0,63219.0,0.3163705965159025,0.4747511512714908,63420.0,63110.0,63401.0,63113.0
1726948800,63364.0,63347.0,-2.682911432358992,2.531885938539258,63580.0,63057.0,63574.0,63075.0
1726963200,63108.0,63107.0,-0.1584585155611773,-2.525093112808463,63458.0,62837.0,63455.0,62849.0
1726977600,62949.0,62929.0,-3.177175173553204,-1.4259458774323885,63200.0,62831.0,63200.0,62850.0
1726992000,62791.0,62762.0,-4.618496281314499,0.6356672917395834,63035.0,62528.0,63026.0,62578.0
1727006400,62665.0,62647.0,-2.8724168195959354,-7.960389103819354,62903.0,62465.0,62924.0,62480.0
1727020800,63155.0,63180.0,3.9585147652609898,-0.6385288295762681,63250.0,62451.0,63213.0,62485.0
1727035200,63563.0,63596.0,5.191699573652286,2.0577434468793676,64000.0,62367.0,63990.0,62390.0
1727049600,64342.0,64395.0,8.237232289951546,3.145791717129587,64820.0,62621.0,64730.0,62585.0
1727064000,63550.0,63582.0,5.035405192761466,7.459555224020864,64491.0,63410.0,64434.0,63400.0
1727078400,63402.0,63462.0,9.463423866755694,6.295048944005011,63722.0,63350.0,63683.0,63311.0
1727092800,63613.0,63653.0,6.288022888403244,6.938749763452101,63861.0,63079.0,63760.0,63075.0
1727107200,63302.0,63339.0,5.844996998514151,7.861388006666914,63848.0,63122.0,63798.0,63105.0
1727121600,63325.0,63366.0,6.47453612317328,6.477297860911779,63530.0,63121.0,63480.0,63114.0
1727136000,63107.0,63167.0,9.507661590630878,0.9469696969688357,63430.0,62729.0,63396.0,62720.0
1727150400,63553.0,63610.0,8.968892105800652,7.446134347275368,63611.0,62984.0,63554.0,62940.0
1727164800,63466.0,63525.0,9.296316137774596,8.496845152865529,63993.0,63429.0,63929.0,63387.0
1727179200,63180.0,63191.0,1.7410572966136684,3.7794680398728353,63826.0,62774.0,63759.0,62738.0
1727193600,64366.0,64399.0,5.126930366963212,1.4243886998488442,64468.0,63125.0,64367.0,63110.0
1727208000,64260.0,64302.0,6.535947712418277,13.999066728884735,64732.0,64011.0,64677.0,63974.0
1727222400,64454.0,64495.0,6.36112576411163,4.199654695058452,64866.0,64035.0,64795.0,64013.0
1727236800,63847.0,63893.0,7.204723792817447,8.069146377418512,64495.0,63657.0,64443.0,63646.0
1727251200,63837.0,63879.0,6.57925654401037,7.204723792817447,63956.0,63425.0,63905.0,63419.0
1727265600,63495.0,63537.0,6.614694070399274,7.049424297016493,64057.0,63363.0,63982.0,63318.0
1727280000,63139.0,63227.0,13.937502969638693,5.354077760106879,63716.0,63060.0,63662.0,63000.0
1727294400,63147.0,63192.0,7.126229274549978,7.280093691639511,63619.0,62991.0,63538.0,62941.0
1727308800,63479.0,63540.0,9.609477149923329,11.248237512080372,63574.0,62686.0,63522.0,62675.0
1727323200,63840.0,63907.0,10.494987468672168,6.2992125984262515,63920.0,63370.0,63856.0,63335.0
1727337600,64387.0,64448.0,9.473962135213565,7.83011776497089,64550.0,63630.0,64484.0,63592.0
1727352000,65268.0,65281.0,1.9917877060726674,5.899796612274244,65602.0,64208.0,65552.0,64173.0
1727366400,64729.0,64720.0,-1.3904123345021002,2.6046853693295624,65918.0,64719.0,65851.0,64708.0
1727380800,65175.0,65221.0,7.05792098197211,-2.9348615208757423,65310.0,64671.0,65246.0,64651.0
1727395200,65384.0,65432.0,7.341245564664867,7.672124104278755,65477.0,64869.0,65414.0,64840.0
1727409600,65494.0,65528.0,5.191315234982508,10.709750462813972,65595.0,65168.0,65565.0,65121.0
1727424000,65451.0,65485.0,5.194725825425905,5.95510765002194,66090.0,65394.0,65991.0,65341.0
1727438400,66034.0,66036.0,0.3028742768873549,5.500381970970913,66524.0,65381.0,66508.0,65346.0
1727452800,65670.0,65658.0,-1.827318410233536,0.3028742768873549,66375.0,65522.0,66359.0,65536.0
1727467200,65781.0,65778.0,-0.4560587403656946,-13.385455485754871,65963.0,65635.0,65969.0,65641.0
1727481600,66062.0,66077.0,2.270594290212369,-4.862556793143735,66278.0,65732.0,66255.0,65740.0
1727496000,65823.0,65816.0,-1.0634580617718825,0.15134088019896907,66102.0,65738.0,66089.0,65766.0
1727510400,65798.0,65789.0,-1.3678227301738843,-0.30387285959609933,65815.0,65426.0,65817.0,65482.0
1727524800,65639.0,65613.0,-3.961059735827499,2.7367684845902573,65790.0,65408.0,65812.0,65442.0
1727539200,65739.0,65723.0,-2.43386726296424,-3.808711284449817,65812.0,65500.0,65820.0,65517.0
1727553600,65876.0,65860.0,-2.4288056348287235,-1.6734110201721553,65977.0,65405.0,65978.0,65452.0
1727568000,65818.0,65812.0,-0.911604728189852,-2.277039848197493,65984.0,65660.0,65978.0,65662.0
1727582400,65491.0,65479.0,-1.832312836878014,1.6717071169125575,65812.0,65454.0,65806.0,65451.0
1727596800,65699.0,65707.0,1.2176745460346083,-3.206106870229375,65732.0,65450.0,65725.0,65450.0
1727611200,65748.0,65782.0,5.1712599622799615,-2.7386839102316873,65868.0,65597.0,65852.0,65607.0
1727625600,65970.0,66048.0,11.82355616189179,4.2582960732429065,66059.0,65703.0,65970.0,65670.0
1727640000,65601.0,65660.0,8.993765338942694,11.97532174203042,66169.0,65583.0,66071.0,65545.0
1727654400,64539.0,64669.0,20.142859356357956,8.383507354623454,65669.0,64272.0,65634.0,64198.0
1727668800,64570.0,64637.0,10.37633575964092,23.248965421038825,64794.0,64403.0,64716.0,64336.0
1727683200,63828.0,63863.0,5.483486870965226,11.306435375202373,64640.0,63300.0,64565.0,63259.0
1727697600,63542.0,63588.0,7.239306285606872,6.894390473206613,64205.0,63577.0,64136.0,63542.0
1727712000,63421.0,63524.0,16.240677378156487,6.766751644478042,63787.0,63104.0,63699.0,63049.0
1727726400,63302.0,63381.0,12.479858456289072,10.558330838206231,63900.0,62893.0,63831.0,62859.0
1727740800,63687.0,63784.0,15.230737827185425,7.895027711546376,63805.0,63048.0,63699.0,62985.0
1727755200,64034.0,64105.0,11.087859574601122,16.331401831002346,64188.0,63710.0,64122.0,63623.0
1727769600,63728.0,63781.0,8.316595531006055,14.372080671114507,64150.0,63754.0,64090.0,63713.0
1727784000,62627.0,62710.0,13.253069762242387,9.415900317002457,63856.0,61758.0,63794.0,61801.0
1727798400,61690.0,61719.0,4.700923974712001,25.579536370903266,62829.0,60936.0,62751.0,61070.0
1727812800,60807.0,60839.0,5.262552008815646,-5.991320681391077,61750.0,60100.0,61756.0,60164.0
1727827200,61736.0,61758.0,3.5635609692885595,11.520737327188613,61872.0,60727.0,61866.0,60721.0
1727841600,61710.0,61749.0,6.319883325229814,3.4016360249444766,61948.0,61352.0,61928.0,61352.0
1727856000,61183.0,61171.0,-1.9613291273723465,3.2408607726219785,61908.0,60880.0,61893.0,60896.0
1727870400,61879.0,61885.0,0.9696342862675067,3.1070120355836117,61947.0,60548.0,61928.0,60549.0
1727884800,60177.0,60197.0,3.3235289230093557,0.484793639508041,62381.0,59962.0,62350.0,59972.0
1727899200,60634.0,60652.0,2.9686314608956543,1.1629838843663087,60963.0,60137.0,60970.0,60113.0
1727913600,61447.0,61463.0,2.60387000178941,4.1235753047330626,61464.0,60543.0,61447.0,60528.0
1727928000,60953.0,60931.0,-3.609338342657198,2.7666118769009707,61480.0,60817.0,61461.0,60838.0
1727942400,60753.0,60756.0,0.49380277517219184,0.9848173984416952,61065.0,60115.0,61050.0,60135.0
1727956800,60614.0,60637.0,3.79450292011807,2.140340478777869,60930.0,59837.0,60866.0,59860.0
1727971200,61007.0,61061.0,8.851443277000381,3.959546631910893,61061.0,59900.0,61007.0,59918.0
1727985600,60745.0,60762.0,2.7985842456179633,14.10761154855722,61111.0,60620.0,61090.0,60609.0
1728000000,60928.0,60961.0,5.416228991597105,2.304640558381532,61293.0,60465.0,61254.0,60474.0
1728014400,61429.0,61444.0,2.441843428999668,1.9686977064670153,61500.0,60934.0,61498.0,60939.0
1728028800,61436.0,61451.0,2.441565206068308,1.7905977340793022,61644.0,61280.0,61631.0,61255.0
1728043200,61852.0,61847.0,-0.8083812972903281,1.4646768760062656,62000.0,60779.0,61980.0,60794.0
1728057600,62367.0,62360.0,-1.122388442605926,-0.3233054751783371,62455.0,61650.0,62465.0,61633.0
1728072000,62081.0,62060.0,-3.3826774697576223,-0.6413853924480684,62480.0,61943.0,62473.0,61980.0
1728086400,61858.0,61856.0,-0.323321154903633,-3.221649484536071,62193.0,61661.0,62196.0,61699.0
1728100800,62084.0,62070.0,-2.255009342181369,-0.1616605774512614,62269.0,61822.0,62256.0,61816.0
1728115200,62176.0,62164.0,-1.9300051466808466,-2.255009342181369,62310.0,62070.0,62308.0,62084.0
1728129600,62177.0,62167.0,-1.6083117551501935,-0.8041429444494153,62365.0,62100.0,62368.0,62107.0
1728144000,61847.0,61844.0,-0.4850679903634081,-0.3217658509901966,62182.0,61762.0,62182.0,61788.0
1728158400,62063.0,62071.0,1.2890127773390603,0.0,62109.0,61690.0,62091.0,61705.0
1728172800,61891.0,61884.0,-1.1310206653636357,2.2559904603824954,62166.0,61876.0,62131.0,61891.0
1728187200,61957.0,61946.0,-1.7754248914569892,0.16159526849079953,62013.0,61826.0,62012.0,61816.0
1728201600,62101.0,62107.0,0.9661680166184183,-0.9685073687271117,62181.0,61924.0,62151.0,61926.0
1728216000,62720.0,62707.0,-2.072704081632626,0.6441223832531762,62747.0,62078.0,62757.0,62062.0
1728230400,62638.0,62621.0,-2.714007471502633,-0.7973082872225756,62979.0,62541.0,62962.0,62555.0
1728244800,62814.0,62823.0,1.4328016047371328,-1.5968828846091299,62925.0,62300.0,62901.0,62293.0
1728259200,63520.0,63554.0,5.352644836271736,-1.2732568318185589,64021.0,62660.0,63975.0,62696.0
1728273600,63535.0,63549.0,2.2035098764461303,5.667773981767876,63745.0,63340.0,63722.0,63318.0
1728288000,63128.0,63160.0,5.069066024585567,2.3609405987334853,63720.0,62656.0,63691.0,62646.0
1728302400,63651.0,63680.0,4.5560949553036245,7.1297293871608325,64505.0,62835.0,64444.0,62818.0
1728316800,63346.0,63390.0,6.94597922520801,4.870384917516901,63934.0,62767.0,63879.0,62735.0
1728331200,62212.0,62229.0,2.732591782936833,5.523554012467624,63429.0,62136.0,63394.0,62130.0
1728345600,62607.0,62648.0,6.5487884741322056,2.732635707511921,62836.0,62181.0,62786.0,62158.0
1728360000,62293.0,62320.0,4.334355385036126,5.589982750910938,62818.0,62004.0,62760.0,61986.0
1728374400,62594.0,62651.0,9.10630411860458,7.7081192189099035,62681.0,62184.0,62630.0,62176.0
1728388800,62274.0,62321.0,7.547291004270651,8.466724176490192,63228.0,61922.0,63172.0,61861.0
1728403200,62203.0,62260.0,9.163545166632758,12.853263925707292,62626.0,61871.0,62554.0,61839.0
1728417600,62133.0,62181.0,7.72536333349505,4.499220670706183,62580.0,62025.0,62518.0,61997.0
1728432000,62356.0,62396.0,6.414779652319513,10.625623852915655,62510.0,62014.0,62464.0,61981.0
1728446400,62239.0,62285.0,7.390864249103846,6.415705647424552,62565.0,62212.0,62503.0,62173.0
1728460800,62145.0,62203.0,9.333011505350264,7.390983000739038,62290.0,62061.0,62238.0,62009.0
1728475200,62269.0,62330.0,9.796206780259276,10.459072843420625,62420.0,61661.0,62353.0,61586.0
1728489600,60980.0,61038.0,9.511315185306568,9.956800334034455,62357.0,60818.0,62295.0,60779.0
1728504000,60582.0,60613.0,5.117031461490118,9.675620715667854,61109.0,60282.0,61070.0,60268.0
1728518400,60806.0,60850.0,7.236128013683452,3.9611150538876316,60966.0,60348.0,60896.0,60323.0
1728532800,60824.0,60893.0,11.344206234380483,7.071437968688699,61133.0,60799.0,61160.0,60652.0
1728547200,61189.0,61268.0,12.910817303763977,11.508615020385804,61309.0,60627.0,61232.0,60570.0
1728561600,60725.0,60785.0,9.880609304240284,11.276536632400802,61308.0,60450.0,61246.0,60387.0
1728576000,59664.0,59695.0,5.19576293912527,7.078538857885341,61040.0,58919.0,60955.0,58867.0
1728590400,60278.0,60299.0,3.4838581240248523,5.6986742202025376,60312.0,59563.0,60278.0,59528.0
1728604800,60577.0,60586.0,1.4857123990963395,3.6497561299309034,60730.0,60056.0,60699.0,60041.0
1728619200,60638.0,60640.0,0.32982618160204424,1.4860558426765813,60899.0,60540.0,60872.0,60535.0
1728633600,61138.0,61151.0,2.1263371389323993,1.3194570434271746,61237.0,60618.0,61225.0,60613.0
1728648000,62291.0,62248.0,-6.903083912603858,2.1263371389323993,62440.0,61095.0,62446.0,61093.0
1728662400,63105.0,63070.0,-5.546311702717688,-3.0515715593526505,63400.0,62096.0,63409.0,62138.0
1728676800,62452.0,62504.0,8.326394671107629,-5.2311204108812515,63140.0,62337.0,63158.0,62345.0
1728691200,62551.0,62534.0,-2.7177822896518045,-0.1599718449551979,63053.0,62460.0,63052.0,62474.0
1728705600,62743.0,62749.0,0.9562819756792074,-1.9184958992146672,62772.0,62537.0,62766.0,62549.0
1728720000,62925.0,62910.0,-2.3837902264600697,1.5940319444007756,63239.0,62653.0,63227.0,62651.0
1728734400,63150.0,63158.0,1.2668250197944708,0.6357077015994861,63484.0,62804.0,63455.0,62814.0
1728748800,62989.0,62980.0,-1.4288209052371048,-0.4749766469813732,63381.0,62910.0,63371.0,62916.0
1728763200,63194.0,63180.0,-2.215400196221573,-2.222292771199008,63349.0,62983.0,63348.0,62989.0
1728777600,62683.0,62680.0,-0.4785986631139494,-2.057189878625909,63270.0,62644.0,63271.0,62653.0
1728792000,62835.0,62836.0,0.159146972229518,-0.6381213706851963,62958.0,62673.0,62969.0,62684.0
1728806400,62528.0,62530.0,0.3198567041962086,1.4325051331431915,62943.0,62507.0,62924.0,62518.0
1728820800,62217.0,62193.0,-3.857466608804261,-1.9186799481951677,62795.0,62015.0,62791.0,62039.0
1728835200,62713.0,62700.0,-2.072935436033818,5.630902392328441,62869.0,62142.0,62856.0,62157.0
1728849600,62849.0,62849.0,0.0,-2.072935436033818,63126.0,62576.0,63090.0,62593.0
1728864000,64251.0,64280.0,4.513548427262926,-0.3182179793159712,64364.0,62441.0,64333.0,62450.0
1728878400,64580.0,64623.0,6.6584081759057945,-0.7777864198488249,64685.0,63756.0,64761.0,63665.0
1728892800,64870.0,64920.0,7.707723138585809,3.0959752321990663,65137.0,64333.0,65090.0,64307.0
1728907200,65841.0,65839.0,-0.30376209352867,7.861877601356149,66295.0,64637.0,66264.0,64483.0
1728921600,65920.0,65915.0,-0.7584951456307554,-1.063086595997076,66041.0,65534.0,66049.0,65482.0
1728936000,66070.0,66078.0,1.2108369910701633,-1.3652705511146834,66500.0,65708.0,66479.0,65734.0
1728950400,65326.0,65401.0,11.480880506995472,1.2108369910701633,66315.0,65326.0,66338.0,65309.0
1728964800,65618.0,65660.0,6.400682739491348,5.0483416962432415,65840.0,65239.0,65800.0,65192.0
1728979200,65365.0,65370.0,0.7649353629624045,6.553179816206622,65850.0,65273.0,65804.0,65269.0
1728993600,65992.0,66002.0,1.515335192143752,-0.45883486533226936,67929.0,64785.0,67922.0,64802.0
1729008000,66966.0,66950.0,-2.389272167966361,-0.45457989241604047,67386.0,65962.0,67371.0,65962.0
1729022400,67061.0,67059.0,-0.29823593444722185,-3.2845135187586916,67140.0,66095.0,67134.0,66131.0
1729036800,67087.0,67084.0,-0.4471805267791673,-0.29823593444722185,67563.0,66740.0,67548.0,66744.0
1729051200,66968.0,66986.0,2.6878509138694717,0.44722719141354617,67349.0,66770.0,67345.0,66788.0
1729065600,67891.0,67913.0,3.240488429983035,2.8372183314173682,68432.0,66933.0,68388.0,66911.0
1729080000,67733.0,67752.0,2.805131915020187,3.9769630731623096,68342.0,67119.0,68290.0,67117.0
1729094400,67723.0,67757.0,5.020450954624778,1.4761890702952307,68109.0,67483.0,68077.0,67470.0
1729108800,67622.0,67625.0,0.4436426015197448,4.576929323352186,67969.0,67514.0,67949.0,67485.0
1729123200,67586.0,67621.0,5.178587281389202,2.5144953259959024,67958.0,67420.0,67914.0,67401.0
1729137600,67265.0,67296.0,4.608637478629163,6.80735194009463,67620.0,67076.0,67574.0,67072.0
1729152000,66859.0,66880.0,3.1409383927361034,4.459971753512093,67530.0,66816.0,67483.0,66791.0
1729166400,67564.0,67572.0,1.1840625185000064,4.787051026970968,67672.0,66670.0,67664.0,66631.0
1729180800,66786.0,66826.0,5.989279190250496,2.8126063979394544,67585.0,66707.0,67571.0,66685.0
1729195200,67392.0,67416.0,3.5612535612528085,3.443010688302106,67480.0,66824.0,67443.0,66784.0
1729209600,67528.0,67591.0,9.329463333729304,3.412867996201996,68257.0,67200.0,68209.0,67176.0
1729224000,67941.0,68019.0,11.480549300129095,9.477690405319539,68433.0,67581.0,68355.0,67521.0
1729238400,67657.0,67723.0,9.755088165304127,10.15452538631445,68084.0,67700.0,68025.0,67655.0
1729252800,68713.0,68760.0,6.840044824123481,6.796891161087171,68899.0,67663.0,68874.0,67629.0
1729267200,68625.0,68641.0,2.3315118397082557,4.656035385868229,69026.0,68376.0,68998.0,68364.0
1729281600,68420.0,68450.0,4.3846828412741345,5.539197107955474,68714.0,68226.0,68686.0,68200.0
1729296000,68446.0,68475.0,4.236916693451942,5.407775504238099,68728.0,68336.0,68668.0,68301.0
1729310400,68340.0,68353.0,1.9022534386881063,4.090816117816587,68584.0,68307.0,68549.0,68301.0
1729324800,68093.0,68090.0,-0.44057392096119585,-0.43887881093107595,68470.0,68087.0,68454.0,68093.0
1729339200,68224.0,68230.0,0.8794559099434274,0.7343761474620791,68346.0,68089.0,68331.0,68047.0
1729353600,68182.0,68171.0,-1.6133290311226567,0.2931390798366351,68241.0,68011.0,68233.0,68020.0
1729368000,68359.0,68377.0,2.633157301892286,-1.7599694938619237,68422.0,68170.0,68399.0,68170.0
1729382400,68184.0,68189.0,0.7333098674178196,2.7791185806025354,68455.0,68111.0,68429.0,68102.0
1729396800,68358.0,68377.0,2.7794844787742967,1.1733302044536487,68433.0,68189.0,68421.0,68168.0
1729411200,68412.0,68420.0,1.1693854879268883,2.7794844787742967,68512.0,68370.0,68478.0,68347.0
1729425600,68602.0,68648.0,6.705343867525748,1.3155586739177494,68800.0,68206.0,68740.0,68208.0
1729440000,68496.0,68544.0,7.0077084793274125,6.851212081455671,68678.0,68450.0,68641.0,68413.0
1729454400,69011.0,69083.0,10.43311935778446,7.5920167024357,69444.0,68501.0,69363.0,68430.0
1729468800,68907.0,68985.0,11.31960468457427,10.43311935778446,69577.0,68645.0,69487.0,68587.0
1729483200,68465.0,68544.0,11.538742423136128,11.464727821557386,69231.0,68509.0,69156.0,68464.0
1729497600,68208.0,68288.0,11.72882946282039,9.053341705240747,68690.0,68180.0,68627.0,68102.0
1729512000,67297.0,67394.0,14.413718293535549,15.106183268802642,68364.0,66868.0,68279.0,66815.0
1729526400,67703.0,67821.0,17.429065181748804,14.562313327488585,67983.0,66925.0,67898.0,66865.0
1729540800,67340.0,67381.0,6.088506088506307,10.037492988514973,67980.0,67375.0,67898.0,67339.0
1729555200,67355.0,67409.0,8.017222180980443,5.345608434181859,67720.0,66571.0,67654.0,66559.0
1729569600,67356.0,67396.0,5.9385949284407324,8.017103153394878,67820.0,67300.0,67765.0,67244.0
1729584000,67246.0,67288.0,6.24572465276696,6.2356172518751585,67502.0,66729.0,67459.0,66712.0
1729598400,67228.0,67280.0,7.734872374605128,5.650893733455398,67705.0,66605.0,67651.0,66592.0
1729612800,67425.0,67483.0,8.602150537635467,5.354433768629541,67623.0,66898.0,67589.0,66872.0
1729627200,67382.0,67426.0,6.5299338102153826,8.752150952353599,67835.0,67280.0,67784.0,67258.0
1729641600,67030.0,67093.0,9.398776667164377,6.678341396813003,67440.0,66905.0,67409.0,66851.0
1729656000,66799.0,66832.0,4.940193715474717,9.249589735940145,67290.0,66773.0,67241.0,66751.0
1729670400,66349.0,66415.0,9.947399357941311,6.288366521933764,67015.0,66188.0,66969.0,66160.0
1729684800,66153.0,66247.0,14.209484074796386,6.478635569215907,66910.0,65922.0,66823.0,65850.0
1729699200,66386.0,66546.0,24.101467176813607,14.209484074796386,66668.0,65277.0,66467.0,65000.0
1729713600,66601.0,66731.0,19.519226438040604,24.101104131832862,66859.0,66411.0,66735.0,66251.0
1729728000,67152.0,67258.0,15.785084584227782,19.36878772409223,67657.0,66563.0,67524.0,66455.0
1729742400,67049.0,67139.0,13.423018986113977,17.72442246682271,67519.0,67089.0,67400.0,67008.0
1729756800,67181.0,67300.0,17.71334156978943,13.721717601085093,67363.0,66736.0,67241.0,66672.0
1729771200,67628.0,67714.0,12.716626249482665,13.68843922035401,67997.0,67290.0,67915.0,67196.0
1729785600,68241.0,68280.0,5.715039345848272,12.716626249482665,68315.0,67361.0,68265.0,67280.0
1729800000,68155.0,68201.0,6.749321399750485,5.714871854989312,68863.0,67956.0,68800.0,67948.0
1729814400,67956.0,68002.0,6.76908587909919,6.749321399750485,68270.0,67831.0,68235.0,67801.0
1729828800,67483.0,67480.0,-0.44455640679896824,5.885555375719775,68039.0,67214.0,67995.0,67217.0
1729843200,68054.0,68090.0,5.289916830752972,-1.7779885023405662,68159.0,67300.0,68122.0,67288.0
1729857600,67654.0,67678.0,3.5474620864994755,3.9669130070674186,68776.0,67430.0,68726.0,67419.0
1729872000,66697.0,66813.0,17.3920866005961,4.139011663144565,67851.0,65982.0,67808.0,65853.0
1729886400,66578.0,66699.0,18.174171648293047,12.88794976696872,67373.0,65586.0,67257.0,65521.0
1729900800,66817.0,66901.0,12.57165092716006,18.475126171593192,67023.0,66425.0,66930.0,66344.0
1729915200,66963.0,67000.0,5.52543942176964,14.669341077149234,67240.0,66790.0,67167.0,66696.0
1729929600,67056.0,67132.0,11.333810546410028,10.608256510631353,67260.0,66961.0,67168.0,66888.0
1729944000,66794.0,66876.0,12.276551786087886,11.333810546410028,67178.0,66723.0,67097.0,66656.0
1729958400,67100.0,67165.0,9.687034277199302,13.325946666267185,67165.0,66778.0,67101.0,66699.0
1729972800,67003.0,67073.0,10.447293404773905,17.448883718849117,67458.0,67073.0,67352.0,67001.0
1729987200,67176.0,67271.0,14.141955460282851,9.70018952678009,67300.0,66914.0,67217.0,66850.0
1730001600,67112.0,67184.0,10.728334724043886,15.332856972727349,67300.0,67114.0,67222.0,67032.0
1730016000,67042.0,67121.0,11.783658005428688,10.877339372987738,67250.0,67022.0,67175.0,66968.0
1730030400,67708.0,67772.0,9.452354226975324,11.783658005428688,67835.0,67113.0,67759.0,67033.0
1730044800,67750.0,67855.0,15.498154981550272,6.93952279707144,67981.0,67530.0,67895.0,67468.0
1730059200,67938.0,68020.0,12.069828372929248,15.645756457565163,68324.0,67743.0,68232.0,67654.0
1730073600,67654.0,67716.0,9.164277056787906,12.217201230551034,68120.0,67677.0,68035.0,67605.0
1730088000,68329.0,68439.0,16.098581861287986,9.016599411704185,68704.0,67611.0,68553.0,67541.0
1730102400,68679.0,68768.0,12.958837490353314,14.780992521696845,68841.0,68254.0,68742.0,68160.0
1730116800,68424.0,68499.0,10.961066292529686,12.958648806056239,69279.0,68461.0,69222.0,68397.0
1730131200,69590.0,69610.0,2.8739761459983804,9.936871639000255,69910.0,68470.0,69865.0,68388.0
1730145600,69918.0,69992.0,10.583826768499893,1.4366577593882823,70343.0,69438.0,70218.0,69414.0
1730160000,70871.0,70990.0,16.79107110101441,10.583826768499893,71643.0,69791.0,71500.0,69716.0
1730174400,70940.0,71020.0,11.277135607554722,14.529962758154102,71383.0,70875.0,71279.0,70810.0
1730188800,71421.0,71510.0,12.461320900014616,7.608205590621253,71634.0,71024.0,71575.0,70928.0
1730203200,72377.0,72459.0,11.329566022355575,12.60151218146266,72460.0,70968.0,72434.0,70620.0
1730217600,72512.0,72595.0,11.446381288613416,8.149171270717126,73722.0,72401.0,73600.0,72349.0
1730232000,72729.0,72813.0,11.549725694015578,7.581919190526865,73040.0,71931.0,72949.0,71481.0
1730246400,72214.0,72290.0,10.524275071315259,11.687543828289293,72850.0,72061.0,72765.0,72000.0
1730260800,72200.0,72269.0,9.556786703601716,10.385653950011342,72664.0,72147.0,72573.0,72098.0
1730275200,71969.0,71987.0,2.501076852534645,7.893424915526026,72648.0,71948.0,72582.0,71918.0
1730289600,72049.0,72101.0,7.217310441505198,0.6946084492165383,72500.0,71472.0,72445.0,71313.0
1730304000,71827.0,71884.0,7.935734473107914,7.356309076020917,72227.0,71692.0,72194.0,71628.0
1730318400,72331.0,72402.0,9.81598484743662,9.189896683283738,72994.0,71692.0,72928.0,71648.0
1730332800,72330.0,72380.0,6.912760956725439,9.954375777685431,72630.0,72076.0,72556.0,72010.0
1730347200,72403.0,72468.0,8.9775285554472,7.741971161157046,72516.0,72205.0,72560.0,72147.0
1730361600,72210.0,72254.0,6.093338872732446,8.701176730567806,72720.0,72200.0,72660.0,72148.0
1730376000,70553.0,70642.0,12.61463013620956,6.093423257489405,72296.0,70494.0,72252.0,70412.0
1730390400,69951.0,70109.0,22.58723963917575,11.05254208467965,70944.0,70071.0,70857.0,69919.0
1730404800,70231.0,70363.0,18.795118964560764,19.435790436448386,70719.0,69740.0,70545.0,69591.0
1730419200,69279.0,69417.0,19.919456112242884,23.076265633457105,70522.0,68928.0,70370.0,68777.0
1730433600,69220.0,69304.0,12.135221034383914,20.208727283226313,69730.0,69111.0,69613.0,69042.0
1730448000,69961.0,70060.0,14.150741127199051,14.450240596506347,70271.0,69271.0,70142.0,69173.0
1730462400,69336.0,69420.0,12.114918656975782,17.443523019731177,71659.0,69096.0,71596.0,69032.0
1730476800,69201.0,69316.0,16.618256961604683,8.36072190509185,70525.0,68817.0,70471.0,68768.0
1730491200,69490.0,69530.0,5.756223917110503,15.17099882966555,69635.0,68869.0,69628.0,68808.0
1730505600,69579.0,69628.0,7.042354733468592,8.637070305752559,69928.0,69507.0,69887.0,69453.0
1730520000,69773.0,69843.0,10.032534074786437,6.754717523462794,69854.0,69470.0,69773.0,69441.0
1730534400,69581.0,69636.0,7.904456676390836,10.605821736202614,69868.0,69431.0,69798.0,69375.0
1730548800,69372.0,69387.0,2.162255665110191,8.911246855911603,69700.0,69031.0,69664.0,69015.0
1730563200,69504.0,69518.0,2.014272559853758,2.306406042784648,69610.0,69201.0,69572.0,69215.0
1730577600,69330.0,69362.0,4.615606519544624,2.15811812099842,69586.0,69164.0,69558.0,69143.0
1730592000,68365.0,68383.0,2.6329262049284985,3.317036588355027,69380.0,67877.0,69354.0,67823.0
1730606400,68342.0,68411.0,10.096280471745267,2.6329262049284985,68769.0,68311.0,68726.0,68279.0
1730620800,68348.0,68337.0,-1.609410663077071,9.21834303941882,68615.0,68191.0,68553.0,68177.0
1730635200,68073.0,68100.0,3.9663302631010033,-0.1463314700456131,68542.0,67475.0,68516.0,67459.0
1730649600,68645.0,68667.0,3.204894748343179,7.789650053646735,68680.0,67685.0,68647.0,67686.0
1730664000,68738.0,68766.0,4.07343827286244,3.059173149200234,69338.0,68500.0,69314.0,68490.0
1730678400,68998.0,69053.0,7.971245543350047,4.50987808781278,69491.0,68243.0,69444.0,68216.0
1730692800,68536.0,68620.0,12.256332438427275,5.650617945782699,69390.0,68620.0,69339.0,68530.0
1730707200,68740.0,68801.0,8.874018038986797,11.233824022875982,69034.0,68481.0,68970.0,68421.0
1730721600,68619.0,68666.0,6.84941488509061,7.854888213303379,69280.0,68233.0,69197.0,68176.0
1730736000,67804.0,67885.0,11.946197864431962,7.140983415430124,68820.0,67276.0,68758.0,67208.0
1730750400,67818.0,67889.0,10.469196968356798,11.798887954810322,68149.0,66878.0,68044.0,66798.0
1730764800,68205.0,68298.0,13.63536397624765,10.616806995296102,68300.0,67523.0,68231.0,67443.0
1730779200,68851.0,68935.0,12.200258529286856,13.782182863175674,69000.0,68267.0,68928.0,68179.0
1730793600,68772.0,68861.0,12.941313325189885,12.053266725722267,69137.0,68650.0,69047.0,68590.0
1730808000,69600.0,69650.0,7.183908045977905,8.720803476693906,70370.0,68726.0,70294.0,68651.0
1730822400,69123.0,69050.0,-10.560884220881528,4.883233274926013,70612.0,68758.0,70538.0,68759.0
1730836800,69386.0,69411.0,3.603032311993992,7.68149339826385,69947.0,68892.0,69883.0,68817.0
1730851200,74348.0,74431.0,11.163716576101379,2.0174073433620876,75774.0,69308.0,75080.0,69284.0
1730865600,73372.0,73433.0,8.313798179142573,10.759774582722592,75506.0,73203.0,75397.0,73126.0
1730880000,74303.0,74351.0,6.460035261026675,-14.957235902804955,74556.0,72782.0,74612.0,72713.0
1730894400,74372.0,74367.0,-0.6722960253857657,6.0560385433205965,74847.0,73540.0,74801.0,73546.0
1730908800,75914.0,75886.0,-3.6883842242541043,-0.5378368203090567,75924.0,74198.0,75959.0,74182.0
1730923200,75637.0,75640.0,0.396631278343218,-3.0297042745175418,76484.0,75570.0,76481.0,75595.0
1730937600,75101.0,75090.0,-1.464694211794626,0.2644173563548513,76060.0,75043.0,76053.0,75062.0
1730952000,74799.0,74821.0,2.9412157916541837,-1.33154019254067,75091.0,74465.0,75101.0,74479.0
1730966400,74757.0,74772.0,2.006501063445132,3.6098669697182117,75212.0,74736.0,75170.0,74715.0
1730980800,76140.0,76105.0,-4.59679537693769,0.9359164627698036,76115.0,74570.0,76140.0,74564.0
1730995200,76618.0,76562.0,-7.308987444203385,-1.444934846573931,76755.0,75610.0,76780.0,75650.0
1731009600,75921.0,75925.0,0.5268634501653935,-8.482649718767332,76847.0,75540.0,76990.0,75557.0
1731024000,75969.0,75946.0,-3.027550711474092,0.7903264048048086,76410.0,75632.0,76415.0,75665.0
1731038400,76274.0,76249.0,-3.2776568686576635,-3.159183351103545,76302.0,75760.0,76315.0,75773.0
1731052800,76023.0,76022.0,-0.1315391394707266,-2.622297394747619,76363.0,75811.0,76389.0,75859.0
1731067200,76491.0,76477.0,-1.8302806866166144,0.39464337393768645,76645.0,75710.0,76636.0,75695.0
1731081600,77020.0,76975.0,-5.8426382757725825,-1.1766243953459377,77240.0,75836.0,77270.0,75896.0
1731096000,76561.0,76541.0,-2.612296077637577,-5.323500006492177,77139.0,76284.0,77191.0,76356.0
1731110400,76403.0,76360.0,-5.628051254531474,-2.3510971786833146,76670.0,76164.0,76681.0,76197.0
1731124800,76581.0,76571.0,-1.3058069233884417,-4.1889203057909885,76810.0,76350.0,76821.0,76349.0
1731139200,76526.0,76538.0,1.5680945038276661,-1.3058069233884417,76739.0,76421.0,76756.0,76425.0
1731153600,76350.0,76360.0,1.3097576948273293,1.5680945038276661,76593.0,76314.0,76581.0,76316.0
1731168000,76245.0,76256.0,1.4427175552489402,1.8337328251272211,76737.0,75750.0,76724.0,75648.0
1731182400,76722.0,76765.0,5.604650556554347,5.642082059491571,77007.0,76223.0,76941.0,76210.0
1731196800,77270.0,77291.0,2.7177429791636065,7.691605720467898,77562.0,76555.0,77679.0,76554.0
1731211200,78863.0,78896.0,4.184471805537271,2.588326646821848,79840.0,77211.0,79780.0,77200.0
1731225600,79915.0,79950.0,4.37965338171864,4.311273981461028,80152.0,78896.0,80076.0,78863.0
1731240000,79751.0,79742.0,-1.1285124951410097,7.886632783355996,80180.0,79250.0,80116.0,79257.0
1731254400,79788.0,79829.0,5.138617335940232,-1.1285124951410097,81163.0,79420.0,81100.0,79417.0
1731268800,80425.0,80458.0,4.103201740752738,2.380624224731509,81619.0,78554.0,81482.0,78532.0
1731283200,81686.0,81691.0,0.6120999926539916,2.611095914255568,81923.0,80284.0,81888.0,80280.0
1731297600,81198.0,81210.0,1.4778689130268141,2.326293235384025,81813.0,80514.0,81755.0,80531.0
1731312000,82230.0,82170.0,-7.296607077709183,0.3694717785140966,82410.0,81082.0,82410.0,81094.0
1731326400,84200.0,84119.0,-9.619952494062112,-3.8926599031696707,84345.0,81485.0,84390.0,81571.0
1731340800,86278.0,86210.0,-7.881499339345011,-10.924938547220986,86840.0,83890.0,86800.0,83965.0
1731355200,88770.0,88776.0,0.6759040216297585,-7.881499339345011,89702.0,86210.0,89643.0,86242.0
1731369600,88199.0,88195.0,-0.4535198811772556,0.4505976050728222,89590.0,86658.0,89584.0,86729.0
1731384000,89136.0,89140.0,0.44875246813846914,-1.360667634252577,90050.0,87831.0,89983.0,87837.0
1731398400,87251.0,87270.0,2.1776254713423704,-5.046313948011694,89580.0,85501.0,89475.0,85208.0
1731412800,86707.0,86712.0,0.5766547106933473,-2.5212299017862705,87930.0,85185.0,87913.0,85121.0
1731427200,88870.0,88782.0,-9.902104197141437,-1.037786976926247,89865.0,85785.0,89919.0,85816.0
1731441600,88031.0,88040.0,1.0223671206732732,-10.239215068523766,89951.0,87346.0,90243.0,87507.0
1731456000,87232.0,87180.0,-5.961115187087529,0.22717462913712794,88600.0,87088.0,88623.0,87160.0
1731470400,87502.0,87414.0,-10.056912984846011,-11.6849195802593,87787.0,86183.0,87821.0,86263.0
1731484800,87801.0,87749.0,-5.922483798590505,-8.914081963841136,88180.0,87141.0,88180.0,87218.0
1731499200,92762.0,92704.0,-6.252560315646027,-5.239955802112117,92907.0,87590.0,92897.0,87643.0
1731513600,90337.0,90303.0,-3.7636848688793467,-4.420914158785871,93466.0,90030.0,93483.0,90080.0
1731528000,90521.0,90440.0,-8.948199865224105,-1.7715184127198302,91252.0,88002.0,91284.0,88060.0
1731542400,90032.0,90029.0,-0.33321485694015607,-6.519481093504309,90609.0,89546.0,90629.0,89596.0
1731556800,90850.0,90870.0,2.2014309301043866,-0.2221654466083578,90957.0,89131.0,90915.0,89158.0
1731571200,91561.0,91560.0,-0.10921680628217523,2.2014309301043866,91712.0,90408.0,91705.0,90400.0
1731585600,87955.0,88002.0,5.3436416349272875,0.10922038489180608,91917.0,87811.0,91804.0,87881.0
1731600000,89463.0,89539.0,8.495132065771127,3.296353550967801,89772.0,87550.0,89896.0,87580.0
1731614400,87333.0,87358.0,2.8626063458259132,3.575099432453488,89540.0,86635.0,89508.0,86685.0
1731628800,88257.0,88250.0,-0.7931382213310911,7.102110013974539,88526.0,87294.0,88493.0,87252.0
1731643200,87681.0,87720.0,4.447941971463809,0.3399587516716984,88639.0,87085.0,88420.0,87119.0
1731657600,89759.0,89819.0,6.6845664501613555,6.730396294860608,89841.0,87477.0,89765.0,87410.0
1731672000,88451.0,88491.0,4.522277871363833,6.573157009324149,90804.0,87801.0,90699.0,87766.0
1731686400,90399.0,90472.0,8.075310567594585,5.76655623522937,90926.0,88441.0,90850.0,88404.0
1731700800,91070.0,91107.0,4.062808828373399,6.969334926323345,91922.0,90422.0,91909.0,90378.0
1731715200,91314.0,91333.0,2.0807324178107045,3.1843986427881887,91771.0,90891.0,91727.0,90886.0
1731729600,91199.0,91194.0,-0.548251625566154,3.6144578313246356,91807.0,91149.0,91778.0,90975.0
1731744000,91195.0,91259.0,7.017928614507785,-0.4386061097827465,91657.0,91049.0,91596.0,91016.0
1731758400,90565.0,90569.0,0.44167172748910133,6.140148898610143,91397.0,90121.0,91328.0,90100.0
1731772800,91156.0,91183.0,2.9619553293258605,4.971057399143497,91491.0,90254.0,91420.0,90254.0
1731787200,90608.0,90616.0,0.8829242451002806,3.1814292296550306,91256.0,90390.0,91230.0,90368.0
1731801600,90286.0,90334.0,5.316438872029483,1.5445208124176268,90962.0,89406.0,90917.0,89424.0
1731816000,90533.0,90622.0,9.830669479637955,5.316438872029483,90945.0,90239.0,90894.0,90197.0
1731830400,90688.0,90760.0,7.939308398023925,7.840885246988005,91528.0,90549.0,91429.0,90471.0
1731844800,90263.0,90333.0,7.755115606615792,7.167747342420316,91259.0,89992.0,91166.0,89910.0
1731859200,90044.0,90135.0,10.106170316734886,7.976778710863108,90717.0,89769.0,90617.0,89706.0
1731873600,89861.0,89945.0,9.347770445464754,9.772131657264094,90288.0,88800.0,90207.0,88709.0
1731888000,90675.0,90770.0,10.476978218914024,8.790964224114628,91000.0,89700.0,90928.0,89652.0
1731902400,91713.0,91810.0,10.576472255841018,10.587378961994798,92372.0,90540.0,92234.0,90461.0
1731916800,90272.0,90341.0,7.643566111308342,10.467322328107098,92312.0,90100.0,92208.0,90075.0
1731931200,92320.0,92430.0,11.915077989601564,8.307027745473317,92678.0,89428.0,92624.0,89392.0
1731945600,90689.0,90711.0,2.425873038627291,7.6873105240360395,92670.0,89735.0,92595.0,89750.0
1731960000,90512.0,90550.0,4.19833834187644,2.095025967294717,92088.0,90330.0,92088.0,90304.0
1731974400,91472.0,91515.0,4.700892076263674,3.8668051351176125,91648.0,90437.0,91576.0,90407.0
1731988800,91669.0,91721.0,5.672582879707733,6.012571740912076,92154.0,91314.0,92159.0,91190.0
1732003200,91720.0,91753.0,3.597906672481166,3.7081470171229647,92043.0,91281.0,92247.0,91232.0
1732017600,92466.0,92490.0,2.5955486340922818,3.8161696559990688,92948.0,91061.0,92836.0,91049.0
1732032000,93295.0,93305.0,1.0718688032573809,-0.7568549433445426,94000.0,92238.0,94057.0,92161.0
1732046400,92424.0,92366.0,-6.2754262962005924,-4.8203095709919985,93667.0,91351.0,93679.0,91400.0
1732060800,92157.0,92107.0,-5.425523834325929,-7.032044485795197,92504.0,91569.0,92545.0,91407.0
1732075200,92935.0,92920.0,-1.6140313122070538,-3.9064619391238065,92927.0,91948.0,92952.0,91919.0
1732089600,93568.0,93552.0,-1.7099863201097687,-0.8608815427002536,93789.0,92830.0,93742.0,92820.0
1732104000,94852.0,94789.0,-6.641926369501672,-3.6324786324781755,94871.0,93380.0,94942.0,93428.0
1732118400,94133.0,93985.0,-15.722435277745195,-6.641926369501672,94878.0,93150.0,94942.0,93266.0
1732132800,94373.0,94340.0,-3.4967628453053123,-17.207133525232177,94603.0,93753.0,94717.0,93854.0
1732147200,95899.0,95882.0,-1.77269835973215,-3.7086485684612036,96015.0,94071.0,96000.0,94106.0
1732161600,96969.0,96987.0,1.8562633418928165,-1.8770726009964545,97912.0,95869.0,97903.0,95894.0
1732176000,97989.0,98040.0,5.204665829838806,1.0310447576533655,98493.0,96780.0,98367.0,96770.0
1732190400,96698.0,96751.0,5.480982026515591,3.8774323235002406,98328.0,95650.0,98250.0,95639.0
1732204800,97947.0,97876.0,-7.248818238435595,6.4116485175658156,99142.0,96358.0,99121.0,96313.0
1732219200,98451.0,98429.0,-2.2346141735485325,-6.331182092966792,98839.0,97617.0,98842.0,97671.0
1732233600,98963.0,98929.0,-3.435627456725987,-3.2503478887979664,99413.0,97886.0,99388.0,97956.0
1732248000,99322.0,99277.0,-4.530718269869505,-0.606336213430092,99500.0,98588.0,99500.0,98528.0
1732262400,98951.0,98973.0,2.22332265464642,-2.114867518656638,99347.0,98322.0,99378.0,98318.0
1732276800,98821.0,98771.0,-5.059653312554646,2.22332265464642,99059.0,97222.0,99025.0,97236.0
1732291200,99391.0,99180.0,-21.229286353895425,-1.113619567307822,99654.0,98327.0,99800.0,98373.0
1732305600,99013.0,98982.0,-3.130902002767,-21.329899085430483,99549.0,98636.0,99616.0,98712.0
1732320000,98801.0,98739.0,-6.275240129148818,-2.2219977780024713,98996.0,98349.0,99015.0,98434.0
1732334400,98692.0,98646.0,-4.6609654277951496,-6.17408906882555,98884.0,98329.0,98931.0,98410.0
1732348800,98554.0,98500.0,-5.479229660896312,-4.964941433955872,98702.0,98389.0,98744.0,98372.0
1732363200,98600.0,98488.0,-11.359026369168745,-5.68204878444778,98919.0,98469.0,98966.0,98542.0
1732377600,97616.0,97586.0,-3.0732666775934447,-11.561748866644184,98526.0,97383.0,98649.0,97500.0
1732392000,97775.0,97757.0,-1.8409613909486922,-2.8684116170674123,98126.0,97211.0,98127.0,97226.0
1732406400,98291.0,98290.0,-0.10173871463292627,-0.9205748478491316,98656.0,97698.0,98660.0,97759.0
1732420800,98504.0,98489.0,-1.5227808007800547,-0.7121710024315941,98513.0,98010.0,98504.0,98033.0
1732435200,97403.0,97341.0,-6.365307023397104,-2.74067156604052,98520.0,97315.0,98540.0,97388.0
1732449600,95972.0,96000.0,2.917517609302145,-6.365307023397104,97683.0,96000.0,97692.0,95972.0
1732464000,96367.0,96420.0,5.499808025568598,2.917517609302145,96870.0,95847.0,96794.0,95796.0
1732478400,98007.0,98038.0,3.1630393747383856,12.25299315701589,98502.0,96294.0,98445.0,96231.0
1732492800,97978.0,97997.0,1.9392108432514377,2.2444170126800778,98176.0,96967.0,98150.0,97017.0
1732507200,98156.0,98155.0,-0.10187864216137932,-2.0404623687730883,98479.0,97700.0,98483.0,97680.0
1732521600,98290.0,98294.0,0.4069589988797695,-0.10187864216137932,99022.0,97959.0,98966.0,97983.0
1732536000,96015.0,96038.0,2.3954590428587608,0.10173974972049749,98411.0,94568.0,98402.0,94600.0
1732550400,94670.0,94700.0,3.1689025034320473,1.3538141109092905,96551.0,94433.0,96492.0,94396.0
1732564800,93035.0,93100.0,6.986617939486184,3.9089324388563718,95381.0,92620.0,95339.0,92584.0
1732579200,94508.0,94521.0,1.3755449274133191,10.21439477022934,94964.0,92780.0,94920.0,92768.0
1732593600,93778.0,93821.0,4.585297191239679,2.645502645501896,95046.0,93570.0,94999.0,93550.0
1732608000,92346.0,92439.0,10.070820609446862,13.127281265341573,93822.0,91520.0,93765.0,91412.0
1732622400,92857.0,92846.0,-1.184617207103944,12.783013757988737,93600.0,91830.0,93558.0,91690.0
1732636800,91687.0,91749.0,6.762136398834606,-0.3231191771235764,94745.0,91650.0,94726.0,91591.0
1732651200,91928.0,92028.0,10.878078496214805,14.517273372265382,92451.0,90878.0,92324.0,90742.0
1732665600,92576.0,92636.0,6.4811614241278015,10.660400961610694,93100.0,91858.0,93006.0,91760.0
1732680000,93581.0,93681.0,10.685929836184993,6.912716157394527,93737.0,92439.0,93613.0,92346.0
1732694400,93377.0,93411.0,3.6411536031355496,9.402312114024092,93922.0,93200.0,93896.0,93125.0
1732708800,95686.0,95665.0,-2.1946784273563225,4.7122829940127176,95960.0,92896.0,95938.0,92857.0
1732723200,96779.0,96690.0,-9.196209921573661,0.7317736101519756,96690.0,95250.0,96779.0,95277.0
1732737600,95978.0,95931.0,-4.896955552313731,-8.78335090003568,97290.0,95806.0,97353.0,95857.0
1732752000,95582.0,95556.0,-2.720177439267113,-2.5014331127204414,96643.0,94840.0,96658.0,94939.0
1732766400,95348.0,95332.0,-1.678063514704009,-9.099466582993543,95966.0,95104.0,95988.0,95170.0
1732780800,95501.0,95492.0,-0.9423985089163089,-1.8877422602570082,95800.0,94640.0,95788.0,94670.0
1732795200,95019.0,95027.0,0.8419368757817125,-0.31415257343292424,96264.0,94916.0,96226.0,94921.0
1732809600,95131.0,95178.0,4.940555654833201,0.8418837148127523,95491.0,94844.0,95443.0,94862.0
1732824000,95661.0,95722.0,6.37668433321803,4.730219797546287,96086.0,94760.0,96022.0,94725.0
1732838400,96589.0,96669.0,8.282516642681426,5.4353506846460675,96960.0,95436.0,96869.0,95410.0
1732852800,95630.0,95693.0,6.587890829237164,3.3113953392116535,96697.0,95660.0,96637.0,95630.0
1732867200,97293.0,97339.0,4.727986597186096,4.705193488012682,97448.0,95680.0,97398.0,95639.0
1732881600,98141.0,98072.0,-7.030700726505801,4.5223289994344995,98733.0,96817.0,98745.0,96817.0
1732896000,97448.0,97388.0,-6.157129956489982,-8.252422238749224,98524.0,96911.0,98566.0,96945.0
1732910400,97512.0,97533.0,2.1535810977102443,-5.131520880158336,97705.0,97044.0,97706.0,97090.0
1732924800,96677.0,96715.0,3.930614313643055,2.256178853450308,97533.0,96392.0,97510.0,96375.0
1732939200,96823.0,96839.0,1.6524999225397963,5.4831934946575345,97295.0,96613.0,97259.0,96584.0
1732953600,96290.0,96339.0,5.088794267318342,1.5492186773813366,97047.0,96138.0,97003.0,96112.0
1732968000,96691.0,96725.0,3.5163562275708493,3.634324638643882,96812.0,96312.0,96770.0,96304.0
1732982400,97065.0,97075.0,1.03023746973685,5.068528575122855,97110.0,96587.0,97094.0,96564.0
1732996800,96441.0,96484.0,4.458684584356387,1.1332845677558545,97094.0,96388.0,97096.0,96388.0
1733011200,96362.0,96389.0,2.80193437246945,1.3475552238495503,96744.0,95740.0,96700.0,95758.0
1733025600,96530.0,96529.0,-0.10359473738730252,2.075377718744331,96570.0,96247.0,96561.0,96240.0
1733040000,97176.0,97194.0,1.852309212151404,-0.10359473738730252,97223.0,96482.0,97201.0,96483.0
1733054400,97104.0,97087.0,-1.7507002801120386,2.4698726986449593,97476.0,96717.0,97458.0,96747.0
1733068800,97250.0,97257.0,0.7197943444725574,-1.9566448689567473,97595.0,97054.0,97575.0,97026.0
1733083200,97291.0,97274.0,-1.7473353136465697,0.9254593877572326,97933.0,96853.0,97880.0,96863.0
1733097600,96541.0,96537.0,-0.4143317347038433,1.439440674479986,98267.0,96392.0,98200.0,96457.0
1733112000,96050.0,96044.0,-0.6246746486204824,-0.5179093037221971,96992.0,95776.0,96957.0,95824.0
1733126400,95143.0,95166.0,2.417413787667577,0.6247527020564192,96150.0,94828.0,96160.0,94712.0
1733140800,97186.0,97078.0,-11.11271170744721,5.993186693022956,97277.0,94753.0,97271.0,94807.0
1733155200,95844.0,95896.0,5.42548307666646,-0.20594777164539835,97396.0,94408.0,97423.0,94403.0
1733169600,95859.0,95921.0,6.467832962997466,7.304830580108224,96423.0,95174.0,96352.0,95119.0
1733184000,96099.0,96172.0,7.596332948314188,6.467900436062379,96385.0,95460.0,96301.0,95421.0
1733198400,95592.0,95644.0,5.439785756129467,6.764069264069139,96353.0,95361.0,96248.0,95295.0
1733212800,95005.0,95085.0,8.420609441608384,8.267403407427043,95740.0,94705.0,95683.0,94649.0
1733227200,95729.0,95735.0,0.626769317553233,9.36881552907387,96362.0,93606.0,96281.0,93590.0
1733241600,95446.0,95546.0,10.477128428640903,1.2535517299006038,96264.0,94919.0,96201.0,94914.0
1733256000,95926.0,95928.0,0.20849404749556655,9.952854897852248,96206.0,95378.0,96180.0,95302.0
1733270400,95836.0,95873.0,3.8607621353148325,0.3127410712422396,96720.0,95310.0,96680.0,95322.0
1733284800,96657.0,96675.0,1.8622551910363327,4.382761139518632,96793.0,95806.0,96768.0,95774.0
1733299200,96253.0,96288.0,3.636250298693078,1.8622551910363327,97056.0,96268.0,97003.0,96250.0
1733313600,95862.0,95839.0,-2.3992823016416587,3.636250298693078,96651.0,95467.0,96620.0,95401.0
1733328000,97422.0,97279.0,-14.67840939418208,-1.7732900789635409,97338.0,94643.0,97422.0,94661.0
1733342400,98773.0,98683.0,-9.111801808185938,-10.371633070106467,99150.0,97240.0,99250.0,97296.0
1733356800,103028.0,103100.0,6.98839150522268,-8.607507772072642,104940.0,97939.0,103521.0,98070.0
1733371200,102300.0,102400.0,9.775171065493637,5.434624380113995,103740.0,101474.0,103620.0,101222.0
1733385600,102644.0,102710.0,6.429991036982496,11.046267241463514,103395.0,102388.0,103235.0,102297.0
1733400000,101397.0,101364.0,-3.254534157814959,6.332566930360439,103772.0,100901.0,103647.0,101054.0
1733414400,99057.0,99146.0,8.984725965857088,-0.29591343545631865,102230.0,98624.0,102103.0,98641.0
1733428800,97057.0,97107.0,5.151611939375744,8.985270214334484,99522.0,90900.0,99577.0,92092.0
1733443200,97682.0,97841.0,16.27730799942606,14.3346258559518,98944.0,96477.0,98836.0,96463.0
1733457600,98211.0,98288.0,7.840262292411193,6.852116997340119,98401.0,97463.0,98330.0,97452.0
1733472000,98153.0,98163.0,1.018817560338725,7.127003196969461,98816.0,97730.0,98771.0,97614.0
1733486400,99406.0,99383.0,-2.3137436372044906,0.1018724149881578,99610.0,97525.0,99597.0,97602.0
1733500800,101599.0,101564.0,-3.444915796415593,-4.626416840157743,101920.0,98840.0,101959.0,98892.0
1733515200,99898.0,99832.0,-6.606738873651263,-7.673993034376103,102010.0,99150.0,102098.0,99304.0
1733529600,100324.0,99393.0,-92.79933017024788,-6.606738873651263,100566.0,99347.0,100575.0,99713.0
1733544000,99560.0,99509.0,-5.122539172358609,-33.991436965437046,99766.0,98902.0,99814.0,99121.0
1733558400,99730.0,99703.0,-2.70730973628841,-3.1142946122708626,99926.0,99355.0,99945.0,99438.0
1733572800,99864.0,99841.0,-2.3031322598732196,-4.812126558928487,99913.0,99115.0,99885.0,99168.0
1733587200,100161.0,100204.0,4.293088128113354,-1.4020329477737459,100400.0,99546.0,100352.0,99561.0
1733601600,99929.0,99922.0,-0.7004973531210545,0.29940119760540895,100555.0,99671.0,100505.0,99707.0
1733616000,100017.0,100000.0,-1.6997110491212553,-4.601426442196743,100470.0,99709.0,100402.0,99741.0
1733630400,99782.0,99772.0,-1.0021847627827984,-7.594152502573559,100160.0,99409.0,100085.0,99440.0
1733644800,99762.0,99805.0,4.310258415027857,2.2055137844612105,99961.0,98710.0,99873.0,98752.0
1733659200,99971.0,100051.0,8.002320672995111,4.210019847237234,100628.0,99459.0,100543.0,99440.0
1733673600,100130.0,100227.0,9.687406371716722,7.802184611691576,100300.0,99577.0,100209.0,99539.0
1733688000,101204.0,101220.0,1.5809651792419999,5.290635575032621,101510.0,99848.0,101407.0,99789.0
1733702400,99162.0,99200.0,3.8321131078444814,3.162430327707799,101350.0,98356.0,101271.0,98528.0
1733716800,99622.0,99655.0,3.3125213306295365,3.8320744632569514,99820.0,98362.0,99748.0,98386.0
1733731200,98066.0,98105.0,3.97691350722873,3.6139498464060615,99743.0,98036.0,99708.0,98033.0
1733745600,97822.0,97868.0,4.702418678825815,6.221759840070451,100543.0,97596.0,100438.0,97493.0
1733760000,96986.0,97029.0,4.433629596023447,15.760280000818305,98500.0,96905.0,98340.0,96933.0
1733774400,97468.0,97431.0,-3.796117700167745,1.8554405640536231,97652.0,94138.0,97551.0,94249.0
1733788800,96796.0,96955.0,16.42629860738154,11.508662323516106,98208.0,95560.0,98159.0,95638.0
1733803200,97210.0,97243.0,3.3947124781397164,11.771630370807085,97607.0,95931.0,97528.0,95957.0
1733817600,97815.0,97790.0,-2.555845218014108,3.1889067193358045,97985.0,97007.0,97962.0,97014.0
1733832000,95703.0,95642.0,-6.373885876095331,-0.5112788105610111,98395.0,95616.0,98300.0,95685.0
1733846400,95933.0,95970.0,3.8568584324472077,-7.521781826539398,96620.0,94292.0,96516.0,94306.0
1733860800,96648.0,96671.0,2.3797698865979378,5.943443443443552,97310.0,95694.0,97245.0,95661.0
1733875200,97445.0,97450.0,0.5131099594635202,1.3449481677674235,97690.0,95701.0,97666.0,95725.0
1733889600,97446.0,97382.0,-6.5677400816865905,1.7447708192208644,97851.0,97215.0,97804.0,97261.0
1733904000,98321.0,98351.0,3.0512301542895415,0.3080746362149611,98541.0,97369.0,98491.0,97352.0
1733918400,100484.0,100471.0,-1.2937383065958485,0.3050361467837881,100920.0,98105.0,100841.0,98147.0
1733932800,101248.0,101171.0,-7.60508849557473,-2.5871419047329702,101176.0,99664.0,101253.0,99713.0
1733947200,101201.0,101164.0,-3.6560903548388257,-7.999762969985724,101944.0,100927.0,101961.0,100970.0
1733961600,101045.0,101090.0,4.4534613291102865,-7.309508287401956,101933.0,100333.0,101921.0,100438.0
1733976000,100525.0,100570.0,4.476498383487737,-3.1646508500049464,101247.0,100450.0,101241.0,100462.0
1733990400,100366.0,100421.0,5.479943407129539,3.7798909799868774,101164.0,100240.0,101130.0,100215.0
1734004800,101863.0,101901.0,3.7305007706422977,-0.09957977335606216,102000.0,100414.0,101900.0,100409.0
1734019200,99482.0,99569.0,8.745300657404531,1.275923326822248,102603.0,99356.0,102582.0,99309.0
1734033600,100068.0,100082.0,1.3990486469195318,9.650957053242148,100571.0,99542.0,100498.0,99472.0
1734048000,99747.0,99818.0,7.118008561661782,8.400168003359632,100410.0,99238.0,100364.0,99250.0
1734062400,100149.0,100148.0,-0.09985122167988081,5.613359796314832,100200.0,99564.0,100245.0,99534.0
1734076800,100378.0,100442.0,6.375899101396243,-0.9984324610357032,100834.0,99920.0,100767.0,99926.0
1734091200,99937.0,99861.0,-7.604791018341883,5.777813197322956,101480.0,99610.0,101393.0,99750.0
1734105600,101493.0,101481.0,-1.1823475510630566,-1.9023017851604873,101940.0,99800.0,101918.0,99822.0
1734120000,101435.0,101486.0,5.0278503475142955,-0.09853381680580142,101850.0,101040.0,101884.0,101048.0
1734134400,102099.0,102146.0,4.603375155485256,5.126536728679021,102790.0,101233.0,102643.0,101172.0
1734148800,101836.0,101919.0,8.150359401390972,4.603420243296519,102225.0,101673.0,102155.0,101626.0
1734163200,101586.0,101669.0,8.170417183470668,8.052162300169474,101952.0,101410.0,101872.0,101346.0
1734177600,101622.0,101681.0,5.805829446379196,9.255065671582852,101819.0,100848.0,101736.0,100846.0
1734192000,101323.0,101409.0,8.487707628079821,5.805886578562625,101817.0,100886.0,101711.0,100845.0
1734206400,101382.0,101498.0,11.441873310844564,8.29015544041356,101555.0,100621.0,101455.0,100643.0
1734220800,101730.0,101771.0,4.030276221369533,8.875039444620203,102313.0,101280.0,102151.0,101243.0
1734235200,101745.0,101829.0,8.255933952527883,4.226958162945049,102940.0,101631.0,102800.0,101544.0
1734249600,102651.0,102787.0,13.248774975402888,10.420557991388524,102810.0,101667.0,102651.0,101618.0
1734264000,102688.0,102791.0,10.030383296977252,15.004481858218455,103468.0,102551.0,103290.0,102447.0
1734278400,103241.0,103397.0,15.110275956258246,13.150716957606168,103643.0,102680.0,103414.0,102570.0
1734292800,104427.0,104644.0,20.78006645790831,15.110275956258246,105885.0,102700.0,105149.0,102618.0
1734307200,104556.0,104649.0,8.894754963846285,16.08024809525599,107000.0,104334.0,106533.0,104269.0
1734321600,104956.0,105071.0,10.956972445597124,7.5547480156834546,105535.0,104540.0,105362.0,104449.0
1734336000,103716.0,103810.0,9.063211076401068,11.052461078187026,105100.0,103674.0,104985.0,103621.0
1734350400,106371.0,106472.0,9.495069144784818,9.063211076401068,106690.0,103396.0,106495.0,103322.0
1734364800,106639.0,106733.0,8.81478633520505,13.166556945358732,107900.0,105870.0,107821.0,105820.0
1734379200,106073.0,106168.0,8.95609627332039,8.721012012491425,106744.0,105501.0,106650.0,105526.0
1734393600,106895.0,106980.0,7.951728331541119,5.654562760935011,107098.0,105760.0,106983.0,105736.0
1734408000,106841.0,106891.0,4.679851367921373,8.51358431255056,107225.0,106420.0,107123.0,106395.0
1734422400,106844.0,106901.0,5.334880760734517,4.398936767624484,107609.0,106816.0,107509.0,106746.0
1734436800,106483.0,106608.0,11.738963026961535,9.36329588014928,108603.0,105760.0,108364.0,105731.0
1734451200,106479.0,106567.0,8.264540425810818,11.457012724795934,107736.0,106190.0,107664.0,106161.0
1734465600,106187.0,106153.0,-3.201898537485981,9.674631800420386,106990.0,105267.0,106879.0,105363.0
1734480000,104852.0,104758.0,-8.96501735779931,-5.743122375581056,106500.0,104568.0,106523.0,104588.0
1734494400,104242.0,104327.0,8.154102952744324,4.775184322114434,104758.0,103100.0,104708.0,103173.0
1734508800,105010.0,105187.0,16.8555375678503,8.154102952744324,105200.0,103803.0,105010.0,103733.0
1734523200,104411.0,104497.0,8.236680043289812,17.33465406888124,105529.0,103660.0,105330.0,103635.0
1734537600,102829.0,102892.0,6.126676326716485,6.320325592530374,105084.0,102794.0,104972.0,102759.0
1734552000,100153.0,100270.0,11.682126346690413,10.60641444807775,102910.0,100090.0,102918.0,99997.0
1734566400,101118.0,101300.0,17.998773709924087,13.681803201741616,101416.0,98785.0,101221.0,98695.0
1734580800,101611.0,101713.0,10.038283256734726,18.990534405507464,101770.0,100632.0,101675.0,100590.0
1734595200,102385.0,102510.0,12.208819651315928,11.319120455126619,102671.0,101421.0,102557.0,101333.0
1734609600,100609.0,100691.0,8.150364281525047,12.208819651315928,102746.0,99501.0,102747.0,99433.0
1734624000,97080.0,97247.0,17.202307375361325,11.931869027850261,101240.0,96204.0,101114.0,96160.0
1734638400,97375.0,97433.0,5.956354300384881,16.583064673951764,98435.0,95608.0,98315.0,95537.0
1734652800,97002.0,97070.0,7.01016473887206,1.7450932085072424,97800.0,95972.0,97701.0,95895.0
1734667200,97655.0,97820.0,16.89621627156912,6.80314181458419,98248.0,96377.0,98123.0,96330.0
1734681600,92600.0,92720.0,12.958963282936331,13.307400962228044,97852.0,92638.0,97755.0,92502.0
1734696000,96926.0,97052.0,12.999607948331882,7.123275843461396,97708.0,92263.0,97493.0,92118.0
1734710400,97065.0,97090.0,2.5755936743410146,11.967522619649174,97765.0,96303.0,97726.0,96292.0
1734724800,97760.0,97870.0,11.252045826513069,-1.0298342996606369,97870.0,95512.0,97760.0,95395.0
1734739200,97440.0,97489.0,5.028735632184311,12.788377922143823,97871.0,97165.0,97787.0,97175.0
1734753600,98995.0,99100.0,10.606596292741521,-0.7179781734634183,99580.0,97379.0,99514.0,97353.0
1734768000,98240.0,98353.0,11.502442996742523,4.8458905838288935,99268.0,97825.0,99146.0,97787.0
1734782400,97473.0,97590.0,12.003323997413773,12.011889734924175,98380.0,96450.0,98236.0,96399.0
1734796800,97228.0,97331.0,10.593656148434327,10.462611549901801,97795.0,96868.0,97684.0,96782.0
1734811200,97211.0,97319.0,11.109853823128013,11.520381818368453,98145.0,96577.0,97988.0,96527.0
1734825600,96921.0,97007.0,8.873206013144674,7.609645740140891,97485.0,96600.0,97376.0,96521.0
1734840000,96070.0,96210.0,14.572707400852813,10.319171989638942,97064.0,95896.0,96987.0,95839.0
1734854400,97045.0,97070.0,2.5761244783351067,-6.128660316404577,97310.0,96210.0,97259.0,96216.0
1734868800,95304.0,95384.0,8.394191219676106,5.359830134614718,97280.0,95106.0,97211.0,95081.0
1734883200,94692.0,94791.0,10.454948675706621,8.49929697173124,96460.0,94659.0,96342.0,94623.0
1734897600,95098.0,95191.0,9.779385476034186,4.221591328852359,95811.0,94204.0,95725.0,94200.0
1734912000,95914.0,96032.0,12.302687824510272,9.568874868559618,96033.0,93653.0,95915.0,93639.0
1734926400,95287.0,95366.0,8.290742703622733,15.01752044051452,96500.0,94614.0,96376.0,94650.0
1734940800,95811.0,95939.0,13.35963511496674,11.232652375654517,96500.0,95000.0,96420.0,94945.0
1734955200,93104.0,93237.0,14.285100532738237,11.478779910047976,96437.0,93099.0,96295.0,92995.0
1734969600,92924.0,93065.0,15.173690327578981,11.489316009878348,94240.0,92715.0,94113.0,92558.0
1734984000,94750.0,94909.0,16.78100263852178,18.731833351275373,95574.0,92567.0,95358.0,92389.0
1734998400,94211.0,94390.0,18.999904469754192,16.78100263852178,94910.0,93521.0,94750.0,93461.0
1735012800,94088.0,94265.0,18.812175835387634,15.810360561108183,94677.0,93830.0,94510.0,93697.0
1735027200,94281.0,94440.0,16.864479587614944,17.42826780021245,94666.0,93853.0,94500.0,93730.0
1735041600,98200.0,98318.0,12.016293279022427,18.139771714684727,98333.0,94077.0,98200.0,93933.0
1735056000,97562.0,97562.0,0.0,12.118126272913088,99400.0,97471.0,99419.0,97519.0
1735070400,98596.0,98613.0,1.7242078786150472,-1.7422138413769606,99076.0,97198.0,98995.0,97224.0
1735084800,97962.0,97991.0,2.9603315571335997,-2.5345458600722903,98847.0,97652.0,98768.0,97676.0
1735099200,98018.0,98048.0,3.0606623273277123,4.90085969247156,98628.0,97814.0,98482.0,97811.0
1735113600,97837.0,97880.0,4.3950652616087105,3.468892199074425,99373.0,97743.0,99258.0,97750.0
1735128000,98413.0,98550.0,13.920925081036817,-1.8386296080652453,98863.0,97595.0,98741.0,97576.0
1735142400,98929.0,99076.0,14.859141404441889,11.681649652091064,99358.0,98123.0,99180.0,98068.0
1735156800,99374.0,99441.0,6.742206210879065,12.430394841891346,99571.0,98330.0,99478.0,98305.0
1735171200,98935.0,98989.0,5.458129074644713,8.454361544731892,100000.0,98471.0,99881.0,98422.0
1735185600,97674.0,97661.0,-1.3309580850584535,7.785405902753784,98980.0,97642.0,98903.0,97650.0
1735200000,95584.0,95755.0,17.89002343488555,-1.3309717117315767,97700.0,95230.0,97699.0,95111.0
1735214400,95982.0,96096.0,11.87722698005933,23.552317548045654,96364.0,95255.0,96157.0,95135.0
1735228800,96033.0,96169.0,14.161798548415483,13.235646618656727,96738.0,95465.0,96566.0,95354.0
1735243200,95687.0,95881.0,20.27443644382121,16.143647214439394,96176.0,95360.0,96039.0,95215.0
1735257600,96305.0,96508.0,21.078864025751987,22.3694938640695,96550.0,95460.0,96305.0,95295.0
1735272000,94988.0,95143.0,16.317850675875434,20.45563100949055,96676.0,94682.0,96739.0,94570.0
1735286400,96841.0,97019.0,18.380644561704074,14.73637674599848,97602.0,95143.0,97337.0,94986.0
1735300800,94437.0,94581.0,15.248260745259756,19.51894577037816,97106.0,94016.0,96923.0,93833.0
1735315200,94593.0,94781.0,19.874620743607352,16.202821197102146,95000.0,93440.0,94839.0,93282.0
1735329600,94168.0,94341.0,18.371421289609113,19.02647851593553,94888.0,94165.0,94680.0,93922.0
1735344000,94440.0,94637.0,20.85980516730146,19.222803980500913,94770.0,94157.0,94555.0,94026.0
1735358400,94231.0,94422.0,20.26933811590581,18.207801831366943,94840.0,94333.0,94623.0,94181.0
1735372800,94611.0,94807.0,20.716407183096752,19.843796425993432,94929.0,94336.0,94709.0,94170.0
1735387200,94293.0,94495.0,21.42258704251665,17.010935601458055,95408.0,94419.0,95146.0,94127.0
1735401600,94863.0,95084.0,23.296754266679542,19.19100885330982,95303.0,94471.0,95067.0,94236.0
1735416000,95139.0,95371.0,24.385372980586517,22.556945747382873,95824.0,94901.0,95529.0,94700.0
1735430400,95006.0,95217.0,22.209123634295835,26.59826112553665,95390.0,94829.0,95119.0,94681.0
1735444800,95101.0,95288.0,19.663305328019298,23.158869847150765,95326.0,94985.0,95101.0,94829.0
1735459200,94886.0,95035.0,15.70305419134499,19.558153962628833,95328.0,95029.0,95124.0,94885.0
1735473600,94351.0,94523.0,18.229801485940555,15.914001159298419,95245.0,94000.0,95056.0,93899.0
1735488000,93431.0,93610.0,19.15852340229618,18.123622180770127,94600.0,93400.0,94408.0,93237.0
1735502400,93557.0,93744.0,19.98781491497237,17.76484059801131,93964.0,93033.0,93757.0,92868.0
1735516800,93522.0,93789.0,28.549432219155957,19.3450472403911,94407.0,93414.0,94046.0,93200.0
1735531200,93579.0,93806.0,24.25757915771598,30.58725388490169,94122.0,93300.0,93820.0,93045.0
1735545600,93750.0,93983.0,24.853333333332284,26.187803965582734,94109.0,93516.0,93876.0,93313.0
1735560000,91929.0,92169.0,26.107104395782788,24.425624506687615,94300.0,91510.0,94091.0,91315.0
1735574400,94254.0,94423.0,17.930273516242323,25.779643871080005,94811.0,91851.0,94580.0,91635.0
1735588800,92628.0,92826.0,21.375825884182298,12.724939821637804,95071.0,91956.0,94891.0,91778.0
1735603200,92342.0,92545.0,21.98349613393713,20.510163325668795,92945.0,92074.0,92711.0,91900.0
1735617600,92713.0,92913.0,21.571947839029715,18.29479518489663,93073.0,92368.0,92885.0,92233.0
1735632000,94088.0,94287.0,21.150412379900008,20.491140278031672,94907.0,92898.0,94532.0,92711.0
1735646400,95285.0,95440.0,16.266988508160107,21.150412379900008,96340.0,94286.0,96117.0,94088.0
1735660800,94008.0,94224.0,22.97676793464376,12.903631900296197,95636.0,93092.0,95453.0,93081.0
1735675200,93381.0,93620.0,25.594071599146506,20.526455729859006,94286.0,93397.0,94059.0,93227.0
1735689600,93629.0,93915.0,30.546091488747873,29.13859042068756,94565.0,93527.0,94272.0,93318.0
1735704000,93475.0,93774.0,31.987162342872466,30.546091488747873,94035.0,93600.0,93668.0,93338.0
1735718400,93278.0,93527.0,26.694397392739155,29.734210385581328,93845.0,92782.0,93541.0,92768.0
1735732800,94240.0,94551.0,33.00084889643395,28.522104631090173,94654.0,93479.0,94281.0,93204.0
1735747200,94419.0,94725.0,32.40873129348954,35.77001050810491,94937.0,93808.0,94600.0,93562.0
1735761600,94388.0,94640.0,26.69830910708937,31.877826377046947,95270.0,94600.0,94951.0,94357.0
1735776000,94833.0,95049.0,22.77688146531176,27.548209366390353,95586.0,94415.0,95300.0,94205.0
1735790400,95700.0,95901.0,21.003134796238054,23.830612847441923,96074.0,95043.0,95811.0,94819.0
1735804800,96618.0,96787.0,17.491564718790098,21.2123428666966,96946.0,95690.0,96747.0,95489.0
1735819200,96363.0,96521.0,16.39633469277646,14.692796390951557,97471.0,95970.0,97284.0,95869.0
1735833600,97212.0,97334.0,12.549890959963061,12.86293710646147,97786.0,96133.0,97700.0,95964.0
1735848000,96907.0,96990.0,8.564912751400922,3.0831526263330744,97867.0,96676.0,97745.0,96616.0
1735862400,96998.0,97048.0,5.154745458668675,9.907631972754238,97374.0,96608.0,97234.0,96585.0
1735876800,96247.0,96285.0,3.948175008052779,7.630911378306848,97048.0,96235.0,96974.0,96216.0
1735891200,96690.0,96753.0,6.51566863171027,6.2353210151111504,96815.0,96071.0,96747.0,96042.0
1735905600,97461.0,97530.0,7.079754978913666,6.51566863171027,97672.0,96460.0,97588.0,96423.0
1735920000,98573.0,98577.0,0.4057906323229332,7.798471089219827,98998.0,97420.0,98951.0,97364.0
1735934400,98133.0,98141.0,0.815220160395036,1.9278184197979442,98732.0,98020.0,98731.0,98024.0
1735948800,98200.0,98203.0,0.30549898166976064,0.7133176403462116,98293.0,97784.0,98269.0,97787.0
1735963200,98215.0,98299.0,8.552665071526189,4.3806030969850696,98364.0,97852.0,98289.0,97866.0
1735977600,97882.0,97954.0,7.355795754071526,6.311267648646535,98331.0,97510.0,98254.0,97540.0
1735992000,97683.0,97730.0,4.811482038840076,9.094996729888116,98235.0,97594.0,98127.0,97540.0
1736006400,98151.0,98189.0,3.8715856180782104,7.167724759369332,98384.0,97610.0,98324.0,97577.0
1736020800,98209.0,98265.0,5.702125059821039,2.750555204662497,98843.0,98163.0,98753.0,98148.0
1736035200,98165.0,98213.0,4.88972648092556,4.785273575107496,98446.0,98067.0,98372.0,98039.0
1736049600,98257.0,98267.0,1.0177391941534886,0.509123492995478,98550.0,98212.0,98481.0,98204.0
1736064000,97620.0,97655.0,3.5853308748201584,1.119524507409153,98268.0,97590.0,98256.0,97582.0
1736078400,98005.0,98049.0,4.48956685883406,3.687768899816035,98294.0,97302.0,98210.0,97277.0
1736092800,98063.0,98082.0,1.9375299552337744,4.285364460043795,98360.0,97605.0,98302.0,97588.0
1736107200,98327.0,98382.0,5.593580603495685,1.5294417537603522,98893.0,98061.0,98799.0,97999.0
1736121600,99019.0,99111.0,9.291146143668438,-0.6098242689733802,99350.0,97931.0,99252.0,97919.0
1736136000,99279.0,99315.0,3.626144501858164,8.179257000333617,99950.0,99112.0,99857.0,99031.0
1736150400,99221.0,99269.0,4.837685570595607,3.8276740836251655,99639.0,98721.0,99586.0,98683.0
1736164800,102138.0,102120.0,-1.7623215649420487,3.8293326883920287,102495.0,98738.0,102496.0,98705.0
1736179200,101853.0,101791.0,-6.087204107880773,-5.676090934891853,102459.0,101262.0,102514.0,101306.0
1736193600,102280.0,102247.0,-3.2264372311296974,-9.91245632630644,102302.0,101560.0,102407.0,101633.0
1736208000,101742.0,101671.0,-6.978435650960568,-3.0309548485496496,102860.0,101508.0,102760.0,101557.0
1736222400,101664.0,101653.0,-1.081995593327223,-5.210227775429566,102018.0,101536.0,102017.0,101629.0
1736236800,100855.0,100860.0,0.4957612413858392,-10.22022622077623,102000.0,100500.0,101989.0,100498.0
1736251200,97915.0,98073.0,16.136444875658462,0.4957366646829442,101000.0,96830.0,100945.0,97124.0
1736265600,96394.0,96510.0,12.033944021412335,16.340870559878873,98720.0,96333.0,98302.0,96296.0
1736280000,96946.0,97011.0,6.704763476574893,10.26864433150143,97345.0,96251.0,97200.0,96130.0
1736294400,96506.0,96549.0,4.455681512030019,9.285817461464063,97357.0,96234.0,97248.0,96216.0
1736308800,95630.0,95674.0,4.6010666108964315,3.211802857467916,96678.0,95251.0,96620.0,95239.0
1736323200,95104.0,95151.0,4.941958277253633,6.693860474846769,96156.0,94540.0,96095.0,94511.0
1736337600,95458.0,95551.0,9.742504556977671,4.941958277253633,96185.0,94689.0,96030.0,94614.0
1736352000,94226.0,94395.0,17.935601638614518,10.685215642318724,95561.0,92612.0,95484.0,92502.0
1736366400,95065.0,95140.0,7.889338873401375,18.360892360596015,95408.0,93714.0,95274.0,93600.0
1736380800,93989.0,93980.0,-0.9575588632715348,11.048677315486088,95464.0,93348.0,95333.0,93439.0
1736395200,93179.0,93172.0,-0.751242232691629,0.6384405026649276,94609.0,93163.0,94570.0,93179.0
1736409600,93414.0,93464.0,5.352516753376335,-1.073180154752551,93881.0,92709.0,93887.0,92679.0
1736424000,94223.0,94224.0,0.10613119938884807,5.995139654637605,94556.0,91723.0,94532.0,91761.0
1736438400,91916.0,91869.0,-5.1133643761691605,0.21226690440467877,94675.0,91869.0,94661.0,91916.0
1736452800,92542.0,92539.0,-0.324177130384129,-4.89582766686647,92739.0,91138.0,92703.0,91215.0
1736467200,93699.0,93717.0,1.9210450485074304,-0.5402777027396777,93732.0,92436.0,93708.0,92465.0
1736481600,94517.0,94485.0,-3.385634330331788,2.1344944983403558,94976.0,93487.0,94976.0,93503.0
1736496000,95092.0,95077.0,-1.5774197619145003,-3.2800414766531727,95254.0,94368.0,95238.0,94430.0
1736510400,93739.0,93707.0,-3.4137338781081716,-1.577436350442829,95098.0,92203.0,95174.0,92227.0
1736524800,95313.0,95354.0,4.301616778403794,-1.813797665535244,96000.0,93194.0,95797.0,93200.0
1736539200,94702.0,94768.0,6.969229794513421,5.561385099686067,95477.0,94616.0,95430.0,94580.0
1736553600,94195.0,94230.0,3.715696162216453,6.863635403686619,94804.0,94158.0,94702.0,94102.0
1736568000,94216.0,94276.0,6.368345079392768,4.884108597091874,94467.0,93861.0,94396.0,93843.0
1736582400,94574.0,94625.0,5.392602618055076,2.546365063871292,94790.0,94044.0,94723.0,94032.0
1736596800,94379.0,94433.0,5.72161179923425,3.700218841513614,94676.0,94326.0,94606.0,94306.0
1736611200,94188.0,94272.0,8.918333545675505,0.9531374106441781,94735.0,94020.0,94657.0,93944.0
1736625600,94568.0,94623.0,5.8159208188812705,8.493290300661815,95042.0,94220.0,94975.0,94138.0
1736640000,94571.0,94676.0,11.102769347897112,5.392659638585595,94760.0,94370.0,94634.0,94283.0
1736654400,94277.0,94355.0,8.273491943953104,10.04440685134167,94683.0,94276.0,94604.0,94251.0
1736668800,94201.0,94321.0,12.738718272629068,7.636664474661714,94414.0,93722.0,94347.0,93685.0
1736683200,95029.0,95142.0,11.891106925254746,13.164040935920163,95525.0,94212.0,95363.0,94113.0
1736697600,94613.0,94735.0,12.894633929798616,12.101823692214353,95381.0,94617.0,95238.0,94550.0
1736712000,94497.0,94572.0,7.936759897140266,13.106436951695333,94871.0,93831.0,94768.0,93775.0
1736726400,94225.0,94303.0,8.278057840276354,7.725031217591383,96000.0,93952.0,95846.0,93871.0
1736740800,93479.0,93605.0,13.47896318959263,8.384275768382743,94993.0,93206.0,94828.0,93239.0
1736755200,90775.0,90881.0,11.677223905259826,8.981939885159829,93675.0,90881.0,93584.0,90754.0
1736769600,92102.0,92130.0,3.0401077066732896,12.890573355075485,93095.0,88979.0,93062.0,89164.0
1736784000,92277.0,92313.0,3.90129718131238,-0.3256162287124109,92500.0,91222.0,92460.0,91197.0
1736798400,94505.0,94511.0,0.6348870430139542,6.0699343146386475,94708.0,91872.0,94669.0,91851.0
1736812800,94835.0,94836.0,0.10544630147046874,-2.750245935453366,95284.0,94317.0,95229.0,94345.0
1736827200,94832.0,94837.0,0.5272481862661493,-3.1623886575660176,95466.0,94721.0,95421.0,94737.0
1736841600,96500.0,96513.0,1.347150259067842,1.1600071709527704,97300.0,94838.0,97339.0,94827.0
1736856000,96437.0,96457.0,2.073892800480426,-11.177694290060991,97300.0,95726.0,97188.0,95742.0
1736870400,96487.0,96532.0,4.663840724656865,3.8373781373168825,97084.0,95320.0,97051.0,95332.0
1736884800,96523.0,96524.0,0.10360225024097502,-2.2786829212717574,96905.0,96160.0,96863.0,96101.0
1736899200,97269.0,97313.0,4.523537817804346,-3.728251864125731,97505.0,96467.0,97493.0,96474.0
1736913600,97269.0,97249.0,-2.0561535535468245,5.654306011040333,97701.0,96705.0,97657.0,96736.0
1736928000,96728.0,96728.0,0.0,-2.981116171013598,97487.0,96484.0,97481.0,96515.0
1736942400,98985.0,98970.0,-1.5153811183510335,0.5169347835076721,99778.0,96497.0,99769.0,96516.0
1736956800,99870.0,99824.0,-4.605987784119803,-1.6163901965937644,100046.0,98600.0,99985.0,98623.0
1736971200,100512.0,100491.0,-2.0893027698187794,-4.5058576148993,100683.0,99438.0,100715.0,99484.0
1736985600,99455.0,99453.0,-0.20109597305362215,-2.1887933779052293,100879.0,99174.0,100860.0,99168.0
1737000000,99772.0,99810.0,3.8086837990625177,-0.20109597305362215,99920.0,99313.0,99869.0,99295.0
1737014400,99135.0,99158.0,2.3200685933333354,2.8061454585537327,99830.0,98658.0,99802.0,98622.0
1737028800,99251.0,99373.0,12.292067586221478,2.6227656054556014,99524.0,97410.0,99466.0,97319.0
1737043200,100394.0,100509.0,11.454867820785974,12.292067586221478,100530.0,99086.0,100414.0,99075.0
1737057600,99975.0,100047.0,7.201800450111762,11.255316393916637,100700.0,99417.0,100640.0,99383.0
1737072000,100999.0,101106.0,10.594164298656228,7.201800450111762,102217.0,100010.0,102088.0,99944.0
1737086400,101461.0,101518.0,5.61792215728163,10.99020782383997,101939.0,101020.0,101848.0,100920.0
1737100800,102244.0,102312.0,6.650757012636177,8.675848606440884,102654.0,101518.0,102528.0,101429.0
1737115200,104053.0,104040.0,-1.2493633052390596,9.293953060645066,104340.0,102267.0,104360.0,102177.0
1737129600,105912.0,105871.0,-3.871138303497279,-0.672772881485928,105871.0,103856.0,105932.0,103885.0
1737144000,104119.0,104090.0,-2.785274541630134,-4.059935985195606,105877.0,104075.0,105928.0,104119.0
1737158400,103558.0,103582.0,2.3175418605991815,-2.8813184913412115,104697.0,102984.0,104701.0,103053.0
1737172800,102771.0,102851.0,7.784297126620654,2.4141294166502014,103820.0,102600.0,103718.0,102569.0
1737187200,103521.0,103618.0,9.370079500776729,7.881754225496085,103930.0,102288.0,103799.0,102238.0
1737201600,104500.0,104639.0,13.30143540669848,8.01661273965415,105064.0,103142.0,104909.0,103087.0
1737216000,104268.0,104447.0,17.167299650899803,13.205615257270154,104767.0,103158.0,104611.0,103088.0
1737230400,104436.0,104612.0,16.852426366387174,17.26320635285994,104799.0,103840.0,104604.0,103679.0
1737244800,104856.0,105070.0,20.40894178683139,17.23609621572031,105545.0,104070.0,105313.0,103920.0
1737259200,105002.0,105259.0,24.475724271919574,20.40894178683139,105725.0,104331.0,105490.0,104122.0
1737273600,104171.0,104437.0,25.53493774658966,24.95356921758285,105520.0,103522.0,105283.0,103310.0
1737288000,104801.0,105051.0,23.854734210551065,25.246465014927555,105827.0,104380.0,105524.0,104134.0
1737302400,106077.0,106444.0,34.59750935641104,25.959648017712667,106488.0,104597.0,106077.0,104394.0
1737316800,101237.0,101365.0,12.643598684276558,36.6787357622389,106620.0,99674.0,106294.0,99528.0
1737331200,101804.0,102005.0,19.743821460846966,17.491674160745596,102480.0,99600.0,102154.0,99462.0
1737345600,106945.0,107321.0,35.1582589181354,19.940865020973142,112044.0,101623.0,109356.0,101430.0
1737360000,108099.0,108360.0,24.14453417700413,34.22031901565204,109380.0,107320.0,109030.0,106927.0
1737374400,104791.0,105062.0,25.86099951331633,24.237041970787132,108849.0,104597.0,108563.0,104361.0
1737388800,103583.0,103794.0,20.370137956999823,19.932667639457335,107188.0,100555.0,106902.0,100482.0
1737403200,102141.0,102300.0,15.566716597643637,22.69084448564218,104499.0,101710.0,104191.0,101630.0
1737417600,102809.0,103030.0,21.496172514079426,14.292007243894567,103378.0,100089.0,103116.0,100087.0
1737432000,101887.0,102099.0,20.807365022035285,21.30163701621557,103062.0,101161.0,102834.0,101023.0
1737446400,103673.0,103843.0,16.397712036884116,24.152692141539145,104081.0,101849.0,103857.0,101619.0
1737460800,103846.0,104016.0,16.37039462280665,18.137439340877304,105400.0,102858.0,105206.0,102726.0
1737475200,107061.0,107114.0,4.950448809557528,17.720933816165463,107386.0,103887.0,107265.0,103745.0
1737489600,106149.0,106257.0,10.174377525931089,4.950448809557528,107301.0,105438.0,107227.0,105459.0
1737504000,105598.0,105688.0,8.52288869107376,10.174377525931089,106476.0,105509.0,106370.0,105466.0
1737518400,105064.0,105126.0,5.901165004187359,7.764636813847314,106060.0,105075.0,105921.0,105052.0
1737532800,105049.0,105154.0,9.995335510095682,5.805984923474838,105560.0,104670.0,105431.0,104650.0
1737547200,104200.0,104235.0,3.3589251439547496,6.6612742065941255,105665.0,103669.0,105541.0,103659.0
1737561600,104622.0,104698.0,7.2642465255867705,5.183237027508447,104842.0,103240.0,104708.0,103322.0
1737576000,103632.0,103718.0,8.298595028561895,7.2642465255867705,104922.0,103654.0,104796.0,103613.0
1737590400,102390.0,102460.0,6.8366051372215075,5.6917392604605155,103843.0,102073.0,103766.0,102046.0
1737604800,102634.0,102719.0,8.281855915193148,7.129811401838104,102993.0,101600.0,102890.0,101540.0
1737619200,101904.0,101947.0,4.2196577170661165,7.696804364769605,102720.0,101180.0,102640.0,101233.0
1737633600,105247.0,105279.0,3.0404667116412654,4.121485697463623,106133.0,101299.0,106010.0,101273.0
1737648000,103835.0,103760.0,-7.222998025714356,-1.1396552542852767,107049.0,103230.0,106848.0,103452.0
1737662400,103933.0,103910.0,-2.2129641211166007,-5.394886418373934,106710.0,102140.0,106445.0,102275.0
1737676800,103885.0,103859.0,-2.502767483274493,-1.15471218798735,104290.0,102668.0,104279.0,102754.0
1737691200,105042.0,105032.0,-0.9520001523199983,-2.502791575218488,105370.0,103772.0,105305.0,103802.0
1737705600,105421.0,105384.0,-3.5097371491443763,-1.427945852293666,105740.0,104896.0,105753.0,104916.0
1737720000,105864.0,105894.0,2.833824529584472,-4.457849609227349,106327.0,104591.0,106303.0,104690.0
1737734400,105830.0,105764.0,-6.2364168950201915,2.9282853472389903,107155.0,105600.0,107149.0,105616.0
1737748800,104855.0,104840.0,-1.4305469457820408,-2.7412280701755165,105768.0,104393.0,105794.0,104478.0
1737763200,105145.0,105182.0,3.5189500213994584,-1.5259167421677322,105270.0,104293.0,105223.0,104377.0
1737777600,104342.0,104367.0,2.395967108164143,8.08768958495909,105200.0,104190.0,105122.0,104211.0
1737792000,104656.0,104643.0,-1.2421648066041069,2.395967108164143,104660.0,104066.0,104658.0,104126.0
1737806400,104904.0,104887.0,-1.62052924578715,-1.1466246237634703,105170.0,104413.0,105072.0,104452.0
1737820800,105037.0,105061.0,2.284909127259205,-1.3345789403440556,105300.0,104401.0,105237.0,104470.0
1737835200,104738.0,104766.0,2.673337279688326,2.6658034541204856,105267.0,104720.0,105237.0,104679.0
1737849600,105037.0,105052.0,1.428068204536448,2.386839919419348,105244.0,104531.0,105186.0,104520.0
1737864000,104975.0,105011.0,3.429387949511753,1.5232872538928355,105500.0,104950.0,105424.0,104935.0
1737878400,104809.0,104830.0,2.0036447251658984,3.5247158793216826,105229.0,104407.0,105187.0,104445.0
1737892800,104953.0,104973.0,1.9056148942864226,2.1944889703084947,105100.0,104678.0,105048.0,104698.0
1737907200,105076.0,105066.0,-0.9516921085694907,1.8103341495723235,105250.0,104865.0,105224.0,104909.0
1737921600,102573.0,102590.0,1.6573562243471507,-0.9516921085694907,105200.0,102410.0,105161.0,102450.0
1737936000,101354.0,101331.0,-2.2692740296381686,1.462373139129447,103247.0,100580.0,103186.0,100682.0
1737950400,99025.0,99049.0,2.4236303963642847,-2.269184474831265,101335.0,97700.0,101361.0,97750.0
1737964800,98750.0,98784.0,3.443037974684149,2.5247169792264046,99540.0,98267.0,99491.0,98223.0
1737979200,101105.0,101161.0,5.5387963008746155,0.3036836830760947,102380.0,98750.0,102311.0,98679.0
1737993600,99644.0,99675.0,3.1110754285257336,2.96680149131312,101280.0,98835.0,101230.0,98823.0
1738008000,102090.0,102129.0,3.820158683514041,3.311823208855813,102444.0,99588.0,102366.0,99573.0
1738022400,102629.0,102624.0,-0.48719172943356703,6.368490667711946,102939.0,101290.0,102865.0,101335.0
1738036800,102808.0,102785.0,-2.237179985993265,-0.6820617753089397,103410.0,102490.0,103347.0,102545.0
1738051200,102779.0,102743.0,-3.5026610494359733,-2.237179985993265,103198.0,102360.0,103173.0,102410.0
1738065600,102765.0,102728.0,-3.6004476232176508,-1.3624375954923718,103770.0,101740.0,103745.0,101820.0
1738080000,102401.0,102391.0,-0.9765529633498637,-6.8098022238871625,103120.0,101769.0,103075.0,101803.0
1738094400,101292.0,101312.0,1.974489594440687,-0.7812500000003997,102442.0,100170.0,102515.0,100225.0
1738108800,102011.0,102017.0,0.5881718638178768,1.9745090876788218,102313.0,101301.0,102248.0,101288.0
1738123200,102687.0,102750.0,6.135148558239489,0.5882122269706969,102849.0,101920.0,102791.0,101937.0
1738137600,102585.0,102611.0,2.5344835989660197,3.8944980478827773,102969.0,102179.0,102953.0,102164.0
1738152000,101969.0,101932.0,-3.6285537761471254,1.8520143092470853,102799.0,101540.0,102761.0,101565.0
1738166400,103586.0,103500.0,-8.302280230919612,-3.7266593441076523,103990.0,101320.0,103971.0,101360.0
1738180800,103747.0,103692.0,-5.301358111560184,-8.012897869341673,104722.0,102780.0,104769.0,102866.0
1738195200,105232.0,105188.0,-4.181237646343483,-7.227661706884492,105283.0,103193.0,105279.0,103313.0
1738209600,105131.0,105103.0,-2.6633438281764565,-4.181714502946576,105610.0,104766.0,105563.0,104846.0
1738224000,105295.0,105252.0,-4.083764661190203,-4.279681972076954,105486.0,104901.0,105515.0,104948.0
1738238400,105584.0,105548.0,-3.4096075162903805,-4.368554008623571,106467.0,104594.0,106447.0,104651.0
1738252800,105713.0,105679.0,-3.216255332835205,-6.1544870945140495,105987.0,104680.0,106010.0,104782.0
1738267200,104738.0,104652.0,-8.210964501900175,-4.918094805734796,105770.0,104633.0,105844.0,104709.0
1738281600,104337.0,104290.0,-4.504634022446385,-8.020088411927473,105030.0,103840.0,105023.0,103944.0
1738296000,104188.0,104213.0,2.3995085806416405,-4.504634022446385,104834.0,103937.0,104783.0,103983.0
1738310400,104752.0,104731.0,-2.004734993126256,2.3035061282850045,104870.0,103930.0,104834.0,103925.0
1738324800,105473.0,105457.0,-1.5169759085265078,-0.19096360233783471,106101.0,104135.0,106046.0,104119.0
1738339200,102271.0,102411.0,13.689120082915895,-0.2844680447566805,105584.0,102077.0,105597.0,102066.0
1738353600,102412.0,102500.0,8.592743037925121,15.256425302194732,102620.0,101600.0,102452.0,101303.0
1738368000,102225.0,102246.0,2.0542920029353873,8.88602452933318,102830.0,102196.0,102754.0,102189.0
1738382400,102148.0,102188.0,3.9158867525546093,1.9564494355650552,102620.0,102088.0,102557.0,102124.0
1738396800,102005.0,102076.0,6.9604431155334545,3.8179895837409106,102299.0,101400.0,102259.0,101418.0
1738411200,102052.0,102081.0,2.8416885509341405,6.9604431155334545,102350.0,101737.0,102285.0,101723.0
1738425600,101663.0,101670.0,0.6885494230934874,2.8416885509341405,102330.0,101425.0,102257.0,101456.0
1738440000,100638.0,100613.0,-2.4841511158801843,0.6885494230934874,101671.0,100237.0,101663.0,100270.0
1738454400,99174.0,99135.0,-3.9324823038300316,-2.4841511158801843,101466.0,99111.0,101430.0,99150.0
1738468800,99605.0,99627.0,2.208724461623124,-4.537205081669438,100560.0,99021.0,100473.0,99038.0
1738483200,98796.0,98835.0,3.9475282400092127,2.5100149596890553,100121.0,98585.0,100063.0,98646.0
1738497600,99337.0,99362.0,2.5166856256975123,-0.7082009671999234,99432.0,98175.0,99395.0,98141.0
1738512000,98214.0,98275.0,6.210927159060464,1.9125655557017396,99370.0,96785.0,99343.0,96800.0
1738526400,97675.0,97756.0,8.292807780905243,6.109046479660929,98640.0,96106.0,98579.0,96168.0
1738540800,94071.0,94098.0,2.8701725292590297,9.214702569877442,97821.0,91225.0,97718.0,91530.0
1738555200,95440.0,95379.0,-6.391450125733389,1.7006079673476115,95469.0,92627.0,95520.0,92746.0
1738569600,95176.0,95149.0,-2.836849625955651,-2.829981028645845,96000.0,94765.0,96037.0,94888.0
1738584000,99031.0,98880.0,-15.247750704324714,-8.923509773868243,99569.0,94147.0,99621.0,94238.0
1738598400,102065.0,101904.0,-15.774261500024478,-13.129986870012988,101904.0,98004.0,102065.0,98161.0
1738612800,101457.0,101367.0,-8.870753126940523,-16.26334868227719,102580.0,100810.0,102569.0,101045.0
1738627200,100710.0,100631.0,-7.844305431436993,-8.87084056142573,101756.0,100555.0,101785.0,100651.0
1738641600,98550.0,98506.0,-4.46473871131392,-7.844227542175286,100793.0,98259.0,100853.0,98374.0
1738656000,99056.0,99010.0,-4.643837829106934,-6.798579401319227,99490.0,97865.0,99514.0,97962.0
1738670400,99446.0,99438.0,-0.8044566900633487,-10.190594384074103,100490.0,98400.0,100474.0,98379.0
1738684800,98955.0,98909.0,-4.648577636299223,-0.3016894609819687,100850.0,98846.0,100846.0,98840.0
1738699200,97786.0,97804.0,1.8407543002063598,-4.648718570620103,99559.0,96222.0,99481.0,96147.0
1738713600,98091.0,98112.0,2.1408691928925805,-0.511200400781231,98985.0,97133.0,98937.0,97187.0
1738728000,97909.0,97948.0,3.983290606583978,2.4470070045579106,98404.0,97412.0,98372.0,97398.0
1738742400,98271.0,98261.0,-1.0175942037837782,3.8811549500050724,98286.0,97271.0,98291.0,97318.0
1738756800,98156.0,98161.0,0.5093932108080068,-3.0521303870101324,99235.0,97781.0,99168.0,97798.0
1738771200,97383.0,97431.0,4.928991713133435,1.324516806080478,98387.0,96500.0,98299.0,96512.0
1738785600,96614.0,96643.0,3.001635373756084,1.129015703582592,97810.0,96200.0,97748.0,96181.0
1738800000,97373.0,97390.0,1.7458638431588902,3.622663382119029,97545.0,96501.0,97481.0,96471.0
1738814400,98210.0,98222.0,1.2218714998479818,1.437770223777779,98500.0,97300.0,98444.0,97286.0
1738828800,98931.0,98884.0,-4.750785901285193,1.323599784150975,99136.0,97971.0,99174.0,97968.0
1738843200,97354.0,97359.0,0.5135895802954593,-4.750785901285193,99062.0,96944.0,99098.0,96974.0
1738857600,95995.0,96009.0,1.4584092921499092,0.6163454821872527,97591.0,95692.0,97587.0,95678.0
1738872000,96573.0,96582.0,0.9319374980587547,1.5626139405999773,97139.0,95815.0,97076.0,95819.0
1738886400,97450.0,97475.0,2.565418163160693,1.5533417558977192,97861.0,96441.0,97784.0,96421.0
1738900800,96772.0,96751.0,-2.170049187781853,2.462801436633466,97925.0,96564.0,97880.0,96631.0
1738915200,97766.0,97756.0,-1.0228504797171745,-2.2733848633904596,97777.0,96601.0,97766.0,96666.0
1738929600,98308.0,98306.0,-0.20344224274770895,-1.1251355276886699,100160.0,97234.0,100185.0,97250.0
1738944000,96914.0,96860.0,-5.571950389005043,-2.03409137138455,98588.0,96852.0,98603.0,96914.0
1738958400,96535.0,96504.0,-3.2112705236442274,-8.355770123479322,96894.0,95518.0,96940.0,95662.0
1738972800,96724.0,96720.0,-0.4135478268063597,-3.1077133445212013,96905.0,96335.0,96896.0,96382.0
1738987200,96213.0,96193.0,-2.078721170736264,0.4135863102927573,96720.0,95777.0,96715.0,95800.0
1739001600,96111.0,96098.0,-1.3526027197718893,-2.078721170736264,96276.0,95840.0,96295.0,95869.0
1739016000,95840.0,95817.0,-2.399833055092282,-1.248569347622741,96498.0,95612.0,96479.0,95700.0
1739030400,96606.0,96545.0,-6.314307599941671,-1.9825742161005966,96745.0,95707.0,96747.0,95747.0
1739044800,96472.0,96416.0,-5.804793100588901,-6.417754407030962,96703.0,96314.0,96712.0,96377.0
1739059200,97318.0,97252.0,-6.781890297786752,-5.804793100588901,97281.0,96322.0,97318.0,96400.0
1739073600,97088.0,97005.0,-8.548945286750431,-4.829527939332889,97283.0,96727.0,97337.0,96817.0
1739088000,96607.0,96508.0,-10.247704617677433,-7.107979479572535,97230.0,96504.0,97293.0,96593.0
1739102400,96528.0,96477.0,-5.283441074092066,-9.21363203445269,96697.0,95700.0,96729.0,95765.0
1739116800,96084.0,96025.0,-6.140460430457129,-2.901434137445591,96544.0,95849.0,96601.0,95927.0
1739131200,96477.0,96479.0,0.20730329508555911,-6.7649844405359705,96801.0,94662.0,96745.0,94726.0
1739145600,96781.0,96797.0,1.6532170570671134,-5.593941968031757,97165.0,95166.0,97131.0,95307.0
1739160000,97435.0,97448.0,1.3342228152102287,-2.6852569067903342,97671.0,96634.0,97642.0,96665.0
1739174400,97691.0,97672.0,-1.9449079239641787,1.4368848336809847,98000.0,97372.0,97962.0,97386.0
1739188800,97262.0,97254.0,-0.8225206144230057,-9.512509461366836,98333.0,96857.0,98349.0,96913.0
1739203200,97401.0,97402.0,0.10266835042793687,-0.6169031462055496,97703.0,96868.0,97657.0,96903.0
1739217600,97469.0,97432.0,-3.796078753244281,0.2053388090339503,97529.0,97137.0,97521.0,97143.0
1739232000,97653.0,97629.0,-2.457681791649957,-4.514441081413523,98146.0,97416.0,98129.0,97447.0
1739246400,98290.0,98274.0,-1.6278359955235189,-1.5361769675870107,98521.0,97559.0,98490.0,97571.0
1739260800,98172.0,98125.0,-4.787515788615693,-1.2209266833529409,98334.0,97837.0,98344.0,97916.0
1739275200,97003.0,97022.0,1.9587023081757415,-3.6674443006901036,98137.0,96552.0,98161.0,96631.0
1739289600,95022.0,95104.0,8.629580518195734,-1.9579353056953241,97081.0,94881.0,97049.0,94853.0
1739304000,95754.0,95784.0,3.1330283852382124,8.840244159125099,96531.0,94982.0,96480.0,94923.0
1739318400,95261.0,95274.0,1.3646717964332922,2.8196666527424696,96267.0,95096.0,96214.0,95079.0
1739332800,96059.0,96124.0,6.766674647873394,1.3646717964332922,96224.0,95246.0,96157.0,95242.0
1739347200,96083.0,96138.0,5.724217603531034,6.766745091506543,96492.0,95888.0,96434.0,95917.0
1739361600,95784.0,95855.0,7.412511484172768,1.872659176029856,96664.0,94090.0,96596.0,94091.0
1739376000,97177.0,97245.0,6.997540570299332,4.175016700067591,97765.0,95110.0,97694.0,95106.0
1739390400,97882.0,97940.0,5.92550213522447,3.394502962474899,98221.0,96872.0,98144.0,96876.0
1739404800,97516.0,97552.0,3.691701874564135,5.92550213522447,98160.0,97413.0,98091.0,97389.0
1739419200,96050.0,96116.0,6.8714211348264165,3.4865715721354995,97608.0,95823.0,97580.0,95834.0
1739433600,95926.0,95957.0,3.2316577361712895,1.3530250517801434,96387.0,95500.0,96342.0,95605.0
1739448000,95989.0,96010.0,2.187750679765177,3.2316577361712895,96536.0,95391.0,96453.0,95364.0
1739462400,95607.0,95648.0,4.288388925497433,1.0416666666657193,96428.0,95176.0,96387.0,95249.0
1739476800,96627.0,96674.0,4.864064909393395,2.509856415298106,96853.0,95618.0,96747.0,95614.0
1739491200,97132.0,97143.0,1.132479512415685,4.449917728264197,97213.0,96403.0,97197.0,96387.0
1739505600,96956.0,96962.0,0.6188374107840566,0.5147316189346718,97262.0,96600.0,97243.0,96596.0
1739520000,96904.0,96927.0,2.373483034756596,0.6188374107840566,97240.0,96830.0,97189.0,96817.0
1739534400,96927.0,96992.0,6.70607776986909,2.373483034756596,97649.0,96344.0,97574.0,96300.0
1739548800,97990.0,97948.0,-4.286151648127401,7.221855397820942,98872.0,96564.0,98871.0,96524.0
1739563200,97520.0,97500.0,-2.050861361772016,-4.0821325060214075,98279.0,96663.0,98307.0,96750.0
1739577600,97680.0,97656.0,-2.457002457002533,-1.5382248884787675,97969.0,97165.0,97974.0,97237.0
1739592000,97379.0,97343.0,-3.696895634582864,-2.354651460395596,97786.0,97326.0,97804.0,97379.0
1739606400,97632.0,97599.0,-3.3800393313665467,-3.4915842550087284,97747.0,97300.0,97739.0,97330.0
1739620800,97649.0,97630.0,-1.9457444520676326,-3.380004711521778,97921.0,97430.0,97936.0,97447.0
1739635200,97540.0,97523.0,-1.7428747180647797,-1.638521643846369,97720.0,97290.0,97715.0,97331.0
1739649600,97591.0,97558.0,-3.3814593558834094,-3.2801000430515703,97783.0,97394.0,97739.0,97434.0
1739664000,97553.0,97551.0,-0.20501676011974723,-3.2789908905539455,97726.0,97425.0,97727.0,97447.0
1739678400,97240.0,97211.0,-2.982311805841409,-0.2050188617352955,97679.0,97182.0,97668.0,97225.0
1739692800,97347.0,97324.0,-2.362681952191581,-5.346383993748427,97370.0,97008.0,97388.0,97077.0
1739707200,96921.0,96910.0,-1.1349449551700808,-2.362681952191581,97326.0,96633.0,97347.0,96689.0
1739721600,97074.0,97074.0,0.0,-1.0317787866276351,97184.0,96657.0,97166.0,96686.0
1739736000,96132.0,96097.0,-3.640827195938723,0.0,97285.0,95993.0,97271.0,96066.0
1739750400,96234.0,96239.0,0.5195668890412009,3.226948139820607,96616.0,96009.0,96631.0,96054.0
1739764800,96078.0,96032.0,-4.7877765981807485,0.6234802668503292,96447.0,95741.0,96457.0,95836.0
1739779200,96066.0,96049.0,-1.769616721837286,-4.683743247603234,96400.0,95886.0,96388.0,95962.0
1739793600,95670.0,95658.0,-1.2543116964569556,-1.769616721837286,97027.0,95557.0,97014.0,95583.0
1739808000,95555.0,95557.0,0.2093035424621803,-0.9407534389760386,95948.0,95201.0,95938.0,95227.0
1739822400,95772.0,95773.0,0.10441465146282525,-0.3140046054006529,96438.0,95500.0,96411.0,95493.0
1739836800,96202.0,96217.0,1.5592191430524593,-0.7308491422963748,96348.0,95560.0,96313.0,95571.0
1739851200,95458.0,95464.0,0.628548681096408,2.079066914768557,96324.0,95204.0,96284.0,95261.0
1739865600,95604.0,95620.0,1.6735701435077743,2.6194742191343323,95875.0,95066.0,95845.0,95101.0
1739880000,95513.0,95551.0,3.9785160135275,0.8367675668896624,96791.0,95195.0,96714.0,95178.0
1739894400,94025.0,94102.0,8.18931135336376,8.169934640522847,95618.0,93279.0,95592.0,93340.0
1739908800,95612.0,95704.0,9.622223151906084,6.273525721456341,95738.0,93703.0,95616.0,93696.0
1739923200,95666.0,95728.0,6.480881399870686,9.622223151906084,95996.0,95071.0,95880.0,95011.0
1739937600,95665.0,95698.0,3.4495374483878294,6.69008195350429,95850.0,95097.0,95798.0,95033.0
1739952000,96406.0,96436.0,3.111839512064396,3.4495374483878294,96495.0,95627.0,96430.0,95599.0
1739966400,95915.0,95936.0,2.18943856539644,1.3482260456521011,96785.0,95511.0,96677.0,95539.0
1739980800,96203.0,96230.0,2.806565283826057,2.0851578464498033,96500.0,95432.0,96471.0,95410.0
1739995200,96642.0,96666.0,2.483392313901156,5.614589615088317,96965.0,96094.0,96866.0,96047.0
1740009600,97084.0,97130.0,4.738164888138385,2.690425190658985,97474.0,96412.0,97353.0,96439.0
1740024000,96889.0,96838.0,-5.2637554314727275,5.150391429749046,97418.0,96801.0,97333.0,96806.0
1740038400,97211.0,97250.0,4.011891658350919,-3.096390640643376,97455.0,96762.0,97376.0,96818.0
1740052800,96871.0,96908.0,3.819512547615922,4.011891658350919,98062.0,96833.0,98058.0,96840.0
1740067200,98459.0,98372.0,-8.836165307386512,-2.682099051981579,98481.0,96895.0,98561.0,96919.0
1740081600,98337.0,98271.0,-6.7116141432010945,-8.53172990980755,98675.0,97899.0,98758.0,98056.0
1740096000,98162.0,98135.0,-2.750555204661387,-6.508364265012112,98484.0,98050.0,98536.0,98127.0
1740110400,98211.0,98113.0,-9.978515644887276,-3.056047918831295,98538.0,98113.0,98622.0,98156.0
1740124800,98656.0,98535.0,-12.264839442102105,-9.978515644887276,98911.0,98071.0,98952.0,98139.0
1740139200,98128.0,98021.0,-10.904125224197037,-12.264839442102105,99444.0,97111.0,99508.0,97172.0
1740153600,95222.0,95285.0,6.616118123963233,-11.413082245523842,98728.0,95173.0,98760.0,95178.0
1740168000,96131.0,96300.0,17.580177050067203,4.515099332185191,96300.0,94938.0,96145.0,94805.0
1740182400,96284.0,96367.0,8.620331519255675,16.954970510834055,96562.0,95875.0,96469.0,95750.0
1740196800,96296.0,96339.0,4.465398355071315,8.724190935149867,96635.0,96325.0,96563.0,96280.0
1740211200,96572.0,96600.0,2.8993911278640816,4.361506588990149,96622.0,96181.0,96580.0,96137.0
1740225600,96598.0,96626.0,2.898610737283036,3.1065226620818898,97000.0,96495.0,96967.0,96506.0
1740240000,96630.0,96612.0,-1.8627755355482556,3.0021636282695496,96837.0,96340.0,96805.0,96379.0
1740254400,96572.0,96524.0,-4.970384790622395,-1.862794813151103,96660.0,96465.0,96712.0,96521.0
1740268800,96448.0,96393.0,-5.702554744525523,-4.9704362593328,96615.0,96281.0,96666.0,96403.0
1740283200,96529.0,96486.0,-4.4546198551731475,-5.598929982270073,96545.0,96065.0,96572.0,96170.0
1740297600,96124.0,96055.0,-7.178228122008967,-4.351114196028405,96485.0,96012.0,96527.0,96111.0
1740312000,95457.0,95377.0,-8.38073687629004,-7.5941202783813555,96098.0,95297.0,96163.0,95448.0
1740326400,95768.0,95756.0,-1.2530281513656316,-7.229218615761868,95904.0,95199.0,95879.0,95260.0
1740340800,96262.0,96283.0,2.181546196837747,-1.2530412354982978,96350.0,95549.0,96319.0,95559.0
1740355200,95476.0,95374.0,-10.68331308391679,1.869857890799409,96535.0,95277.0,96492.0,95342.0
1740369600,95896.0,95845.0,-5.318261449903661,-5.449305737490473,95938.0,95026.0,95949.0,95091.0
1740384000,95846.0,95837.0,-0.9390063226422107,-5.214036185411386,96147.0,95325.0,96158.0,95395.0
1740398400,94304.0,94305.0,0.10604004071934625,-0.8346809953574397,96175.0,93750.0,96076.0,93833.0
1740412800,93942.0,93984.0,4.470843712076622,-1.166292039527228,95255.0,93692.0,95175.0,93685.0
1740427200,91554.0,91569.0,1.6383773510719735,5.003300048969095,94624.0,91333.0,94540.0,91330.0
1740441600,92137.0,92181.0,4.775497357196734,7.758206215306984,92575.0,90915.0,92512.0,90928.0
1740456000,89342.0,89286.0,-6.268048622148914,4.775497357196734,92361.0,88200.0,92310.0,87629.0
1740470400,89211.0,89288.0,8.631222607078382,17.15304326378675,90004.0,86911.0,89973.0,86314.0
1740484800,87070.0,87246.0,20.213621224303147,8.7433164071693,89589.0,86095.0,89507.0,85953.0
1740499200,87824.0,87996.0,19.584623793040823,14.232751397449395,88160.0,86204.0,87964.0,86055.0
1740513600,88576.0,88687.0,12.531611271675569,19.470094617828337,89495.0,87642.0,89386.0,87510.0
1740528000,88804.0,88914.0,12.386829422097456,13.209443058268544,89448.0,88156.0,89279.0,88046.0
1740542400,88636.0,88734.0,11.056455616227367,12.724795333491912,89319.0,88435.0,89128.0,88313.0
1740556800,88585.0,88640.0,6.208726082292948,11.508258868129229,89342.0,88169.0,89241.0,88107.0
1740571200,87457.0,87564.0,12.234583852637204,9.372494551531663,88689.0,85400.0,88615.0,85341.0
1740585600,83764.0,83851.0,10.3863234802537,10.975442447522799,87802.0,83364.0,87689.0,83365.0
1740600000,84071.0,84281.0,24.97888689322103,10.50583193056509,85420.0,82250.0,85247.0,82133.0
1740614400,85151.0,85221.0,8.220690303109013,15.567439096850766,85420.0,84062.0,85317.0,83937.0
1740628800,86204.0,86263.0,6.844229966127546,11.042324996770603,86748.0,84690.0,86625.0,84622.0
1740643200,86620.0,86668.0,5.541445393673072,6.960314606219153,87109.0,85863.0,86988.0,85797.0
1740657600,85439.0,85498.0,6.905511534545106,5.541445393673072,86766.0,84609.0,86715.0,84590.0
1740672000,83983.0,84079.0,11.430884821928,6.905511534545106,85694.0,83551.0,85606.0,83501.0
1740686400,84639.0,84732.0,10.987842483960453,8.689958931016317,84963.0,82675.0,84802.0,82615.0
1740700800,80348.0,80419.0,8.836560959823991,13.235485281430925,84915.0,79500.0,84798.0,79500.0
1740715200,79104.0,79189.0,10.745347896439217,9.085704328777311,80986.0,78800.0,80857.0,78764.0
1740729600,80470.0,80550.0,9.941593140301297,11.251580278128781,80889.0,78271.0,80776.0,78197.0
1740744000,84036.0,83993.0,-5.116854681327387,10.43919170830021,84400.0,80085.0,84439.0,80025.0
1740758400,84460.0,84394.0,-7.8143499881599965,-0.952369614647397,85084.0,83106.0,85082.0,83180.0
1740772800,84321.0,84301.0,-2.3718883789325407,-2.013931668483071,84737.0,83542.0,84768.0,83592.0
1740787200,85292.0,85295.0,0.35173287060930036,-1.779021775226708,85673.0,83777.0,85600.0,83803.0
1740801600,84713.0,84670.0,-5.075962367051545,-2.461408628995354,86500.0,84649.0,86517.0,84713.0
1740816000,84600.0,84562.0,-4.491725768321908,-4.721881197469191,85451.0,84313.0,85483.0,84358.0
1740830400,84761.0,84755.0,-0.7078727244846927,-5.082441936056226,84900.0,84256.0,84907.0,84317.0
1740844800,85436.0,85432.0,-0.468186712860863,-0.8258320257659157,85515.0,84642.0,85504.0,84656.0
1740859200,86033.0,86039.0,0.6974068090159768,-0.9363405470574904,86272.0,85250.0,86227.0,85274.0
1740873600,85841.0,85822.0,-2.213394531750401,1.0461345329004779,86491.0,85623.0,86448.0,85612.0
1740888000,86210.0,86202.0,-0.9279665932027115,-2.0969245107171908,86521.0,85500.0,86508.0,85510.0
1740902400,86079.0,86067.0,-1.3940682396407222,-1.0439624173530504,86226.0,85650.0,86217.0,85653.0
1740916800,87420.0,87370.0,-5.719514985129681,-1.161737029206078,88765.0,84998.0,88632.0,85029.0
1740931200,93533.0,93473.0,-6.414848235382076,-5.033518658338343,95000.0,87265.0,95152.0,87303.0
1740945600,94273.0,94200.0,-7.743468437410028,-5.880654784179429,94812.0,93470.0,94848.0,93519.0
1740960000,92697.0,92674.0,-2.481202196403798,-7.6374745417517875,94341.0,92365.0,94422.0,92431.0
1740974400,92362.0,92338.0,-2.598471232757582,0.0,93313.0,91156.0,93315.0,91169.0
1740988800,92713.0,92721.0,0.8628779135610998,3.3578856152516323,92925.0,91151.0,92871.0,91135.0
1741003200,89989.0,90037.0,5.333985264865948,3.668220265837796,93695.0,89144.0,93695.0,89111.0
1741017600,85536.0,85581.0,5.2609427609429105,4.7781494116216905,91000.0,85564.0,90929.0,85500.0
1741032000,86160.0,86175.0,1.7409470752083323,4.910155838993013,87004.0,85017.0,86968.0,85069.0
1741046400,83920.0,83931.0,1.3107721639649128,1.8569886607622266,86811.0,82419.0,86727.0,82450.0
1741060800,83142.0,83146.0,0.4811046161989907,0.2382966555058985,84498.0,83096.0,84496.0,83112.0
1741075200,83911.0,83893.0,-2.145129959123526,0.8419432049167064,84345.0,82981.0,84310.0,83002.0
1741089600,82922.0,82939.0,2.050119389305216,-3.098631834866916,84937.0,81436.0,84872.0,81463.0
1741104000,88221.0,88158.0,-7.141156867412901,3.0151359826335877,88463.0,82000.0,88482.0,81989.0
1741118400,87240.0,87246.0,0.687757909216824,-5.895023239995689,88967.0,86513.0,88922.0,86583.0
1741132800,86765.0,86778.0,1.498300005762232,-1.83355870825741,87876.0,86295.0,87850.0,86397.0
1741147200,87597.0,87588.0,-1.027432446316645,-5.2980742651798085,87704.0,86715.0,87681.0,86720.0
1741161600,89829.0,89793.0,-4.0076144674883185,-1.2557077625574564,90575.0,87557.0,90623.0,87588.0
1741176000,88323.0,88317.0,-0.6793247511971412,-1.0022048506719283,90889.0,87862.0,90917.0,87916.0
1741190400,89734.0,89740.0,0.6686428778390763,-1.471770313260512,90434.0,87555.0,90445.0,87564.0
1741204800,90611.0,90575.0,-3.973027557360176,-0.11143178703210133,90976.0,89664.0,90993.0,89670.0
1741219200,91563.0,91576.0,1.4197874687371659,-1.6558118997678228,91997.0,89929.0,92010.0,89995.0
1741233600,91343.0,91309.0,-3.722233778177264,-3.493106572498572,92763.0,91224.0,92790.0,91254.0
1741248000,91339.0,91318.0,-2.2991274264005934,-3.722274528694669,91651.0,90589.0,91649.0,90638.0
1741262400,90847.0,90777.0,-7.705262694420734,-3.5030103995625783,91400.0,89064.0,91442.0,89134.0
1741276800,88512.0,88473.0,-4.406182212581822,-10.564193985012071,91017.0,87769.0,91056.0,87835.0
1741291200,89918.0,89898.0,-2.2242487599810623,-7.115106613660993,90781.0,88433.0,90777.0,88476.0
1741305600,86968.0,86933.0,-4.024468770121858,-2.7801872734145583,91348.0,84558.0,91277.0,84713.0
1741320000,88353.0,88341.0,-1.358188176971975,-5.5184465572943875,88583.0,86798.0,88598.0,86848.0
1741334400,88957.0,88936.0,-2.360691120428804,-2.829174446896676,89698.0,87969.0,89679.0,87992.0
1741348800,88454.0,88452.0,-0.22610622470442543,-4.495442744917311,91086.0,87977.0,91081.0,88054.0
1741363200,87772.0,87802.0,3.417946497743518,0.791541810369889,89048.0,86564.0,89000.0,86563.0
1741377600,86759.0,86750.0,-1.0373563549603837,1.5947509910230195,88554.0,85542.0,88442.0,85593.0
1741392000,85897.0,85896.0,-0.11641850122812158,-0.4610738409760451,86881.0,85156.0,86861.0,85190.0
1741406400,86179.0,86173.0,-0.6962252985065476,-0.23283700245624317,86652.0,85618.0,86622.0,85638.0
1741420800,85922.0,85945.0,2.6768464421222937,-0.9282896263629326,86440.0,85745.0,86436.0,85756.0
1741435200,86367.0,86386.0,2.1999143191275827,3.9571234040569614,86633.0,85796.0,86582.0,85809.0
1741449600,86199.0,86227.0,3.2482975440539796,2.1999143191275827,86480.0,85667.0,86449.0,85653.0
1741464000,86192.0,86217.0,2.9005012066085634,1.6239038648913073,86496.0,85826.0,86469.0,85852.0
1741478400,86145.0,86107.0,-4.411167218062451,1.5080506705023033,86498.0,85935.0,86469.0,85952.0
1741492800,85959.0,86006.0,5.467722984213719,2.0908837468636143,86156.0,85820.0,86117.0,85811.0
1741507200,85003.0,85017.0,1.6470006940938475,7.912773310680965,86090.0,84664.0,86036.0,84662.0
1741521600,83059.0,83073.0,1.6855488267375485,1.882352941176002,85040.0,82691.0,85000.0,82763.0
1741536000,82628.0,82645.0,2.0574139516860157,4.2149377393485565,83750.0,82191.0,83703.0,82201.0
1741550400,80708.0,80713.0,0.6195172721423781,3.7523452157595116,83519.0,79973.0,83509.0,80000.0
1741564800,82028.0,82045.0,2.0724630613933037,-1.8580913685461997,82740.0,79986.0,82730.0,80077.0
1741579200,82317.0,82309.0,-0.9718527157209778,1.828577001377063,82790.0,81936.0,82764.0,81983.0
1741593600,83483.0,83533.0,5.9892433190000816,-1.9434929426909164,84015.0,81135.0,84007.0,81180.0
1741608000,80004.0,80004.0,0.0,-1.6751420879446144,83791.0,79167.0,83752.0,79170.0
1741622400,78938.0,79035.0,12.28812485748243,-1.4997750337453208,80228.0,77411.0,80192.0,77393.0
1741636800,78561.0,78557.0,-0.5091584883087918,17.6176835914732,79874.0,78403.0,79835.0,78366.0
1741651200,79492.0,79488.0,-0.5031952900924619,-5.343579434853307,79880.0,76526.0,79861.0,76600.0
1741665600,80431.0,80408.0,-2.859593937660776,0.12580831844521967,80588.0,79417.0,80589.0,79443.0
1741680000,81710.0,81689.0,-2.570064863541832,0.3731157653841244,82021.0,80312.0,82050.0,80324.0
1741694400,81173.0,81149.0,-2.9566481465514993,-2.570064863541832,82200.0,79020.0,82154.0,79031.0
1741708800,83107.0,83079.0,-3.369150613065086,-5.172987153748698,83589.0,80590.0,83568.0,80619.0
1741723200,82869.0,82901.0,3.8615163692101717,-5.533834586466391,83222.0,82513.0,83285.0,82547.0
1741737600,82091.0,82072.0,-2.3145046351003007,-4.822705296536611,83744.0,82068.0,83733.0,82089.0
1741752000,82409.0,82422.0,1.5774976034177435,-1.8272850199174684,82500.0,81230.0,82486.0,81268.0
1741766400,82983.0,82985.0,0.24101321957514799,3.155531282237334,83058.0,81932.0,83035.0,82016.0
1741780800,81713.0,81691.0,-2.6923500544584478,0.12050660978646377,84455.0,80558.0,84437.0,80607.0
1741795200,82930.0,82891.0,-4.702761365006358,-1.9582165542730845,83128.0,81576.0,83122.0,81599.0
1741809600,83620.0,83639.0,2.272183688112328,-2.0504655763009527,83842.0,82666.0,83867.0,82696.0
1741824000,83543.0,83535.0,-0.957590701794464,-4.5412717951165416,84300.0,83295.0,84287.0,83310.0
1741838400,83133.0,83120.0,-1.5637592773021236,-1.795310648585735,83673.0,82828.0,83691.0,82854.0
1741852800,82957.0,82934.0,-2.7725207034967614,-3.2472608753175702,83489.0,82350.0,83492.0,82417.0
1741867200,81044.0,81017.0,-3.33152361680078,2.1708455443403274,83862.0,80930.0,83849.0,80948.0
1741881600,80128.0,80172.0,5.491214057506966,-2.2212898289608596,81206.0,79902.0,81231.0,79910.0
1741896000,81079.0,81094.0,1.8500474845528636,1.7465505626379496,81482.0,80172.0,81434.0,80158.0
1741910400,81877.0,81870.0,-0.854940948007421,1.2332889349320197,82230.0,80797.0,82229.0,80801.0
1741924800,82180.0,82168.0,-1.460209296665349,-0.3664032634320691,82442.0,81751.0,82417.0,81777.0
1741939200,83248.0,83228.0,-2.4024601191618977,-1.7035775127771657,83333.0,82159.0,83322.0,82180.0
1741953600,84724.0,84706.0,-2.1245455833063254,-0.9611110443674686,85289.0,82599.0,85294.0,82638.0
1741968000,84559.0,84478.0,-9.57911044359605,-2.0065152731219005,84929.0,83939.0,84955.0,83964.0
1741982400,83975.0,83905.0,-8.335814230425731,-10.288065843621075,84478.0,83626.0,84564.0,83722.0
1741996800,84496.0,84419.0,-9.112857413369202,-9.287483330158164,84637.0,83906.0,84672.0,83984.0
1742011200,83844.0,83785.0,-7.036878011544845,-8.994615065980316,84504.0,83750.0,84571.0,83833.0
1742025600,84111.0,84030.0,-9.630131611798598,-8.466895630604432,84114.0,83489.0,84166.0,83633.0
1742040000,84344.0,84294.0,-5.928103955230579,-7.8480801931102295,84419.0,83940.0,84478.0,84024.0
1742054400,84302.0,84252.0,-5.9310573889115314,-11.020524245153318,84448.0,84043.0,84479.0,84116.0
1742068800,84347.0,84302.0,-5.335103797408092,-6.523776198892328,84416.0,84179.0,84449.0,84243.0
1742083200,84323.0,84287.0,-4.26929781910057,-7.112206917806452,84340.0,83700.0,84378.0,83753.0
1742097600,84261.0,84216.0,-5.340549008437945,-3.2023531365266145,84373.0,83903.0,84409.0,83960.0
1742112000,82405.0,82344.0,-7.402463442752749,-5.933591246766179,84287.0,82314.0,84340.0,82397.0
1742126400,83323.0,83273.0,-6.000744092267141,-7.4025532741128774,83442.0,82336.0,83442.0,82404.0
1742140800,83093.0,83029.0,-7.702213182819717,-8.399025713017316,85053.0,82418.0,85059.0,82593.0
1742155200,82555.0,82546.0,-1.0901823027076318,-9.145057457433658,83363.0,81916.0,83404.0,81983.0
1742169600,83709.0,83635.0,-8.840148610065324,-2.906659884460705,83677.0,82486.0,83709.0,82521.0
1742184000,83564.0,83515.0,-5.86376908716657,-9.317549245636547,83837.0,82642.0,83853.0,82691.0
1742198400,83502.0,83466.0,-4.311273981461028,-2.872875269331887,83747.0,83163.0,83743.0,83188.0
1742212800,83522.0,83479.0,-5.148344148846462,-2.5153918022180477,83937.0,82388.0,83952.0,82466.0
1742227200,84452.0,84426.0,-3.078671908303132,-5.147974331960459,84699.0,83064.0,84741.0,83116.0
1742241600,84058.0,83951.0,-12.729305955411219,4.265908282972131,84454.0,83647.0,84390.0,83763.0
1742256000,83136.0,83110.0,-3.127405696690122,2.621231979029748,83960.0,82907.0,83989.0,82954.0
1742270400,83160.0,83186.0,3.1265031265026444,3.7313881967770968,83505.0,82216.0,83265.0,82259.0
1742284800,82587.0,82594.0,0.8475910252214724,4.810814711471156,83503.0,82513.0,83440.0,82512.0
1742299200,81606.0,81618.0,1.4704801117559896,6.420973564973398,82867.0,81157.0,82803.0,81138.0
1742313600,82302.0,82320.0,2.1870671429602417,3.799624940248325,82463.0,81231.0,82473.0,81259.0
1742328000,82715.0,82703.0,-1.4507646738803892,1.5794717274553172,82812.0,81860.0,82784.0,81867.0
1742342400,83039.0,83056.0,2.0472308192531763,1.0883498198177577,83232.0,82541.0,83222.0,82567.0
1742356800,83181.0,83170.0,-1.3224173789683213,0.1204035928425995,83373.0,82782.0,83352.0,82789.0
1742371200,83863.0,83871.0,0.9539367778410579,-6.248047485161168,84099.0,83173.0,84075.0,83207.0
1742385600,84753.0,84724.0,-3.421707786155359,-5.362505362505043,84910.0,83514.0,84871.0,83552.0
1742400000,85467.0,85390.0,-9.009325236640775,-9.197787814110292,85900.0,83528.0,85950.0,83596.0
1742414400,86868.0,86803.0,-7.482617304416239,-8.775419465050227,86979.0,85169.0,87010.0,85231.0
1742428800,85906.0,85847.0,-6.867971969362063,-6.906872337976155,87429.0,85589.0,87470.0,85649.0
1742443200,85811.0,85786.0,-2.9133794035729466,-5.588218173351311,85976.0,85389.0,86003.0,85443.0
1742457600,85463.0,85461.0,-0.23401940020817413,-5.009961667967744,86278.0,84777.0,86293.0,84784.0
1742472000,84649.0,84650.0,0.11813488641321257,-1.988815835654023,86480.0,84520.0,86479.0,84561.0
1742486400,84149.0,84129.0,-2.37673650310799,-17.571169131347375,84846.0,83611.0,84877.0,83631.0
1742500800,84158.0,84179.0,2.4953064473964837,-0.7131565497486836,84583.0,83879.0,84570.0,83880.0
1742515200,84421.0,84417.0,-0.47381575674299015,0.0,84815.0,84143.0,84801.0,84153.0
1742529600,83898.0,83902.0,0.476769410475697,-0.5922696959292928,84758.0,83692.0,84773.0,83713.0
1742544000,84012.0,84000.0,-1.4283673760895343,0.11918809072586356,84295.0,83688.0,84277.0,83713.0
1742558400,83513.0,83510.0,-0.3592255098006092,-1.3093679323894492,84314.0,83100.0,84297.0,83142.0
1742572800,83927.0,83937.0,1.1915116708571816,-1.0775991091849235,84408.0,83313.0,84398.0,83335.0
1742587200,84061.0,84052.0,-1.0706510748148546,1.0723605037710193,84565.0,83776.0,84530.0,83787.0
1742601600,84223.0,84226.0,0.35619723828483885,0.23795359904710267,84300.0,83948.0,84287.0,83965.0
1742616000,84250.0,84246.0,-0.47477744807067346,1.0686678461602206,84414.0,84127.0,84378.0,84143.0
1742630400,84206.0,84208.0,0.23751276631012175,-0.47477744807067346,84500.0,84088.0,84490.0,84116.0
1742644800,84107.0,84086.0,-2.4968195275065774,0.23750994572857564,84275.0,83932.0,84276.0,83964.0
1742659200,84169.0,84136.0,-3.9206833869953606,-2.377923359530021,84321.0,84030.0,84304.0,84051.0
1742673600,83823.0,83804.0,-2.266680982546676,-3.683153730084099,84172.0,83614.0,84202.0,83682.0
1742688000,84201.0,84185.0,-1.9002149618174702,-0.23864639763226947,84248.0,83767.0,84247.0,83806.0
1742702400,84272.0,84235.0,-4.3905449022219045,5.9427593420169345,84277.0,84008.0,84306.0,84075.0
1742716800,84651.0,84643.0,-0.9450567624713635,-6.999311932047725,84980.0,84213.0,84988.0,84253.0
1742731200,85170.0,85148.0,-2.5830691558059726,-1.06317629825603,85220.0,84523.0,85233.0,84581.0
1742745600,84996.0,84961.0,-4.117840839569231,-3.404714943175957,85360.0,84747.0,85387.0,84816.0
1742760000,86084.0,86036.0,-5.575949072998965,-4.117840839569231,86070.0,84889.0,86116.0,84929.0
1742774400,86551.0,86514.0,-4.274936164804233,-5.575949072998965,86629.0,85464.0,86629.0,85541.0
1742788800,86882.0,86821.0,-7.0210170115792,-4.159445407279083,87256.0,86514.0,87280.0,86550.0
1742803200,87699.0,87652.0,-5.359240128165466,-6.790976058931308,87848.0,86813.0,87839.0,86861.0
1742817600,88346.0,88308.0,-4.301270006564772,-5.245213742459676,88737.0,87149.0,88772.0,87146.0
1742832000,88274.0,88200.0,-8.382989328681312,-4.753820033955858,88500.0,87654.0,88546.0,87706.0
1742846400,87512.0,87472.0,-4.570801718621897,-8.15651444949217,88425.0,87004.0,88506.0,87103.0
1742860800,86529.0,86478.0,-5.893977741566747,-1.8288222384788,87642.0,86293.0,87681.0,86366.0
1742875200,86441.0,86404.0,-4.280376210362702,-6.471818696621723,86834.0,86280.0,86875.0,86321.0
1742889600,87378.0,87348.0,-3.433358511295559,-4.280376210362702,87472.0,86366.0,87496.0,86415.0
1742904000,87817.0,87720.0,-11.045697302344282,-3.4333192185764805,88216.0,86892.0,88272.0,86959.0
1742918400,88139.0,88045.0,-10.664972373183312,-9.452979966515507,88284.0,87500.0,88336.0,87618.0
1742932800,87436.0,87367.0,-7.891486344298038,-10.891886678995322,88561.0,87078.0,88539.0,87189.0
1742947200,87169.0,87103.0,-7.571499042090535,-9.262647516238287,87850.0,86984.0,87896.0,87074.0
1742961600,88157.0,88109.0,-5.444831380377879,-8.373864366338912,88247.0,87031.0,88296.0,87106.0
1742976000,87992.0,87911.0,-9.205382307482246,-5.785133341651427,88226.0,87781.0,88283.0,87862.0
1742990400,86771.0,86711.0,-6.914752624724851,-9.205382307482246,87971.0,86396.0,88040.0,86469.0
1743004800,86587.0,86544.0,-4.9661034566395035,-6.684414940819616,87017.0,85804.0,87060.0,85869.0
1743019200,86913.0,86872.0,-4.717361039200396,-5.081594234700448,87366.0,86500.0,87421.0,86526.0
1743033600,87687.0,87628.0,-6.728477425388402,-10.693834372053068,87722.0,86760.0,87755.0,86809.0
1743048000,87425.0,87360.0,-7.434944237918462,-7.754059478197739,87660.0,87214.0,87714.0,87283.0
1743062400,86958.0,86903.0,-6.32489247682777,-7.435029282576444,87577.0,86750.0,87597.0,86813.0
1743076800,86958.0,86927.0,-3.564939396030198,-5.635293035237687,87544.0,85708.0,87575.0,85828.0
1743091200,87027.0,87004.0,-2.642857963620626,-4.024931576163127,87379.0,86754.0,87417.0,86794.0
1743105600,87219.0,87188.0,-3.554271431683853,-6.202761377472887,87688.0,86883.0,87702.0,86927.0
1743120000,86788.0,86753.0,-4.032815596626271,-4.241951756397411,87460.0,86710.0,87481.0,86746.0
1743134400,85167.0,85180.0,1.5264128124736764,-3.4569380747162537,86780.0,85117.0,86812.0,85140.0
1743148800,85212.0,85210.0,-0.23470872647091134,1.40899644228476,85400.0,84771.0,85405.0,84784.0
1743163200,83993.0,84022.0,3.452668674770454,-0.23470872647091134,85537.0,83916.0,85540.0,83920.0
1743177600,83714.0,83752.0,4.53926463912957,2.9762967725033285,84177.0,83537.0,84142.0,83544.0
1743192000,84379.0,84379.0,0.0,4.06120474444327,84500.0,83671.0,84478.0,83648.0
1743206400,84138.0,84123.0,-1.7827854239460539,-0.47402351156633493,84587.0,83651.0,84561.0,83692.0
1743220800,83707.0,83686.0,-2.508750761585077,-1.9016377855429756,84221.0,83611.0,84226.0,83632.0
1743235200,82256.0,82251.0,-0.6078583933089021,-2.3892864396046765,83907.0,81967.0,83904.0,81983.0
1743249600,82388.0,82367.0,-2.548914890517784,-0.9725261366400062,82839.0,82100.0,82833.0,82108.0
1743264000,82700.0,82729.0,3.506650544136125,-2.6702593792859997,82755.0,81605.0,82700.0,81629.0
1743278400,82608.0,82619.0,1.331590160760232,0.8462077802762202,82751.0,82218.0,82731.0,82242.0
1743292800,83080.0,83051.0,-3.4906114588351134,1.331590160760232,83450.0,82451.0,83462.0,82479.0
1743307200,83054.0,83029.0,-3.0100898210805305,-3.249957870916642,83285.0,82821.0,83282.0,82853.0
1743321600,83097.0,83074.0,-2.7678496215266524,-2.8896862282368208,83509.0,82927.0,83500.0,82978.0
1743336000,82706.0,82692.0,-1.6927429690716256,-3.489687372144612,83238.0,82514.0,83222.0,82565.0
1743350400,82538.0,82514.0,-2.9077515810904675,-2.0553990496796626,82877.0,82010.0,82851.0,82051.0
1743364800,82359.0,82331.0,-3.3997498755444777,-2.9077515810904675,82734.0,81483.0,82723.0,81551.0
1743379200,81502.0,81478.0,-2.944713013177669,-4.4920902788736505,82410.0,81240.0,82417.0,81287.0
1743393600,81925.0,81901.0,-2.929508696979388,-3.435245620061478,82277.0,81365.0,82279.0,81405.0
1743408000,82197.0,82166.0,-3.771427181040732,-3.784041111776215,82223.0,81262.0,82246.0,81305.0
1743422400,83404.0,83369.0,-4.19644141767761,-2.433474880455533,83904.0,81573.0,83914.0,81646.0
1743436800,82422.0,82392.0,-3.6398049064567672,-4.19644141767761,83677.0,82351.0,83695.0,82380.0
1743451200,82538.0,82520.0,-2.180813685817018,-2.062881481391665,82819.0,82227.0,82829.0,82251.0
1743465600,82932.0,82939.0,0.8440650171226416,-2.059682324291323,83216.0,82386.0,83212.0,82417.0
1743480000,83457.0,83431.0,-3.1153767808567157,0.7234755766694079,83582.0,82863.0,83582.0,82879.0
1743494400,83929.0,83888.0,-4.885081437882022,-2.8758357897762377,84452.0,83429.0,84490.0,83433.0
1743508800,85271.0,85230.0,-4.808199739653185,-4.765989896101663,85464.0,82515.0,85496.0,82536.0
1743523200,84979.0,84905.0,-8.708033749514899,-9.845980730008863,85448.0,84653.0,85493.0,84731.0
1743537600,85170.0,85124.0,-5.400962780321983,-6.473634651600335,85547.0,84701.0,85530.0,84769.0
1743552000,84590.0,84507.0,-9.812034519446344,-5.635721078770528,85208.0,84475.0,85262.0,84540.0
1743566400,84441.0,84384.0,-6.750275340178247,-8.985150855953528,84675.0,83860.0,84732.0,81188.0
1743580800,84569.0,84529.0,-4.729865553572132,-6.631927996210152,85416.0,84222.0,85397.0,84268.0
1743595200,86768.0,86708.0,-6.9149917020094875,-4.729809625162451,87272.0,84425.0,87355.0,84495.0
1743609600,86943.0,86834.0,-12.53694949564621,-14.403244762980494,87250.0,86135.0,87258.0,86191.0
1743624000,82502.0,82484.0,-2.1817652905387064,-10.813546843364552,88566.0,82272.0,88563.0,82321.0
1743638400,83526.0,83451.0,-8.979239997126687,0.8487214617414196,83880.0,82110.0,83896.0,82157.0
1743652800,83473.0,83420.0,-6.349358475195022,-1.557557749448657,83720.0,82951.0,83733.0,83001.0
1743667200,83095.0,83043.0,-6.257897587098604,-6.2295592586825155,83728.0,83001.0,83753.0,83032.0
1743681600,82032.0,82017.0,-1.8285547103569222,1.3247904422386547,83093.0,81210.0,83132.0,81200.0
1743696000,81934.0,81982.0,5.858373813067974,-1.3410055103135754,82400.0,81493.0,82394.0,81501.0
1743710400,83132.0,83154.0,2.646393687149029,2.5625381330085517,83302.0,81752.0,83289.0,81760.0
1743724800,82781.0,82777.0,-0.4832026672785261,-3.486331177418034,83393.0,82569.0,83382.0,82584.0
1743739200,83984.0,83975.0,-1.0716326919413266,-0.24160133363926306,83984.0,82562.0,83993.0,82595.0
1743753600,82677.0,82649.0,-3.3866734400134213,-1.5478401676427556,84697.0,81622.0,84708.0,81659.0
1743768000,82839.0,82831.0,-0.9657287026643147,-0.7259176809348844,83686.0,81830.0,83662.0,81831.0
1743782400,83998.0,84030.0,3.8096145146315763,-3.499752603695061,84604.0,82702.0,84588.0,82705.0
1743796800,83851.0,83872.0,2.5044424037878876,6.668730797627642,84454.0,83475.0,84419.0,83448.0
1743811200,83611.0,83607.0,-0.4784059513696093,2.50441253637268,84265.0,83436.0,84226.0,83434.0
1743825600,83501.0,83498.0,-0.35927713440520037,-1.435063381965973,83859.0,83305.0,83843.0,83322.0
1743840000,83433.0,83434.0,0.11985665144598201,-0.7185284537269965,83886.0,83349.0,83863.0,83352.0
1743854400,82596.0,82599.0,0.36321371494896226,-0.4793921307777449,83535.0,82346.0,83532.0,82358.0
1743868800,82793.0,82826.0,3.9858442138829275,-0.8475089291115623,83119.0,82568.0,83102.0,82573.0
1743883200,83507.0,83503.0,-0.47900176033177644,-7.841623336670711,83670.0,82807.0,83612.0,82824.0
1743897600,83314.0,83330.0,1.9204455433663448,-1.3171444308734959,83747.0,83166.0,83741.0,83162.0
1743912000,82998.0,83012.0,1.6867876334369925,1.6803495126982426,83522.0,83000.0,83482.0,82997.0
1743926400,82804.0,82802.0,-0.241534225399187,1.6868079569132277,83148.0,82618.0,83116.0,82625.0
1743940800,82535.0,82515.0,-2.4232143938940354,-0.483062616991603,82933.0,82146.0,82933.0,82210.0
1743955200,79605.0,79618.0,1.6330632497951747,-1.9386419812916778,82534.0,78605.0,82542.0,78639.0
1743969600,78342.0,78376.0,4.339945367746179,2.7639579878391274,79864.0,77073.0,79850.0,77098.0
1743984000,77669.0,77684.0,1.9312724510411883,-0.6379096975028808,79323.0,77311.0,79292.0,77319.0
1743998400,75049.0,75094.0,5.9960825593941,2.4464044292793474,77951.0,74442.0,77925.0,74434.0
1744012800,76643.0,76659.0,2.087600955078539,5.596194587680348,77530.0,75069.0,77500.0,75032.0
1744027200,78461.0,78510.0,6.2451408980268575,-0.1304461257500833,81356.0,75770.0,81180.0,75768.0
1744041600,78065.0,78121.0,7.173509255107291,9.689922480620172,79392.0,77295.0,79315.0,77292.0
1744056000,79127.0,79180.0,6.698092939199096,5.6355346073067025,80189.0,78120.0,80154.0,78072.0
1744070400,79876.0,79911.0,4.38179177725484,5.939292845047461,80888.0,78799.0,80836.0,78777.0
1744084800,79461.0,79492.0,3.901284907061875,2.7537864563775827,80434.0,79209.0,80389.0,79230.0
1744099200,79964.0,79992.0,3.501575709068394,4.278936306774117,80079.0,78823.0,80029.0,78809.0
1744113600,78468.0,78481.0,1.6567263088140827,2.2507033447949354,80392.0,78163.0,80318.0,78159.0
1744128000,76737.0,76838.0,13.161838487301125,2.1665710826490603,78512.0,76338.0,78490.0,76282.0
1744142400,76244.0,76288.0,5.770945910497094,6.641576267434335,77289.0,76160.0,77215.0,76159.0
1744156800,74990.0,75042.0,6.934257901054508,4.852331742117855,76838.0,74600.0,76799.0,74588.0
1744171200,77669.0,77700.0,3.991296398819788,3.0659308432645638,77950.0,74960.0,77910.0,74990.0
1744185600,76215.0,76234.0,2.492947582497518,4.248854096924326,77866.0,75772.0,77842.0,75748.0
1744200000,77193.0,77278.0,11.011361133781428,5.381071751997535,78544.0,76025.0,78225.0,75998.0
1744214400,82294.0,82342.0,5.832746008214151,10.233293177372982,83072.0,77151.0,83000.0,77065.0
1744228800,82595.0,82629.0,4.116471941399968,-7.523906606475839,83606.0,82029.0,83565.0,82000.0
1744243200,81745.0,81773.0,3.4252859502115207,4.237595951279705,82756.0,81457.0,82722.0,81449.0
1744257600,81567.0,81587.0,2.4519719984805732,3.67008392258672,82346.0,81303.0,82308.0,81300.0
1744272000,81838.0,81887.0,5.987438598207273,-1.593137254901622,82131.0,81348.0,82081.0,81336.0
1744286400,78701.0,78786.0,10.800371024510813,5.743123526034122,82511.0,78604.0,82401.0,78566.0
1744300800,79584.0,79656.0,9.04704463208672,11.436413540713009,80033.0,78500.0,79966.0,78424.0
1744315200,79543.0,79607.0,8.04596256112955,10.808093502576721,80049.0,79378.0,79981.0,79345.0
1744329600,80771.0,80848.0,9.53312451251076,6.159028633199171,80900.0,78954.0,80855.0,78942.0
1744344000,81226.0,81270.0,5.416984709329942,7.179106325039264,81454.0,80507.0,81387.0,80471.0
1744358400,82077.0,82135.0,7.066535082909109,5.416984709329942,82983.0,80802.0,82923.0,80772.0
1744372800,82466.0,82514.0,5.820580602915459,3.653813363213576,83350.0,81332.0,83245.0,81312.0
1744387200,83798.0,83842.0,5.250721974272565,6.184366890598092,84226.0,81994.0,84166.0,81974.0
1744401600,83384.0,83397.0,1.5590520963248977,-3.8151557060417396,84300.0,83135.0,84257.0,83142.0
1744416000,82946.0,82954.0,0.9644829165966762,1.5590520963248977,83561.0,82777.0,83532.0,82784.0
1744430400,83695.0,83715.0,2.3896290100955397,1.2056327160503422,83812.0,82848.0,83782.0,82839.0
1744444800,83494.0,83512.0,2.1558435336666015,-1.074960584778184,84020.0,83291.0,83974.0,83282.0
1744459200,84969.0,85041.0,8.473678635738668,1.916259461531844,85466.0,83460.0,85377.0,83451.0
1744473600,84933.0,84973.0,4.709594621643554,4.4704304553966345,85305.0,84469.0,85241.0,84401.0
1744488000,85274.0,85327.0,6.215259047306354,4.474009536703516,86004.0,84916.0,85892.0,84868.0
1744502400,85428.0,85461.0,3.862902092990339,5.7459807451021305,86193.0,84800.0,86084.0,84732.0
1744516800,84430.0,84458.0,3.3163567452332288,5.853978363696832,85462.0,84444.0,85414.0,84400.0
1744531200,84508.0,84552.0,5.206607658445606,5.567994692634581,84986.0,84227.0,84916.0,84226.0
1744545600,83821.0,83823.0,0.2386036911983247,5.088215456341416,84698.0,83336.0,84651.0,83457.0
1744560000,83918.0,83960.0,5.004885721775487,-0.8350232613618669,85000.0,83004.0,84937.0,83065.0
1744574400,83712.0,83731.0,2.269686544342786,-1.3099448632303279,84413.0,82983.0,84387.0,83031.0
1744588800,84547.0,84523.0,-2.8386577879757624,-5.013488671903321,85524.0,83667.0,85496.0,83680.0
1744603200,84544.0,84553.0,1.0645344436044368,-6.50287308756381,85090.0,84168.0,85074.0,84237.0
1744617600,84923.0,84896.0,-3.179350705934114,-2.3647929623760167,84942.0,84226.0,84937.0,84250.0
1744632000,84098.0,84070.0,-3.3294489761948043,-4.591638508542051,85787.0,83664.0,85787.0,83727.0
1744646400,84917.0,84828.0,-10.480822450157357,-3.21054008418753,85170.0,83814.0,85199.0,83873.0
1744660800,84583.0,84546.0,-4.374401475474299,-10.833598285465706,84924.0,84352.0,84967.0,84439.0
1744675200,85377.0,85347.0,-3.5138269088863527,-4.374401475474299,85348.0,84291.0,85387.0,84353.0
1744689600,85733.0,85695.0,-4.432365600177679,-3.5138269088863527,85833.0,85101.0,85839.0,85146.0
1744704000,85583.0,85542.0,-4.7906710444833855,-4.4324173004250955,85969.0,85301.0,86000.0,85356.0
1744718400,84915.0,84880.0,-4.121768827650696,-4.907459338193698,86420.0,84576.0,86450.0,84642.0
1744732800,84013.0,83979.0,-4.046992727315679,-4.121768827650696,85104.0,83877.0,85148.0,83915.0
1744747200,83686.0,83614.0,-8.603589608775497,-3.92805704014898,84215.0,83567.0,84226.0,83612.0
1744761600,83681.0,83671.0,-1.195014399923977,-2.032714750335174,83934.0,83059.0,83934.0,83102.0
1744776000,83362.0,83350.0,-1.4395048103454933,-1.0755258126193823,83818.0,83194.0,83793.0,83232.0
1744790400,84025.0,84017.0,-0.9520975900034756,0.8399328053765309,84098.0,83118.0,84115.0,83145.0
1744804800,84841.0,84797.0,-5.186171780153792,-3.6883685513044995,85234.0,83451.0,85254.0,83524.0
1744819200,84347.0,84298.0,-5.809335246066416,-8.012820512820484,85443.0,83201.0,85528.0,83312.0
1744833600,84046.0,83965.0,-9.637579420793685,-4.150214032466737,84629.0,83954.0,84672.0,84045.0
1744848000,84006.0,83954.0,-6.190034045187032,-9.399726337081526,84451.0,83746.0,84483.0,83829.0
1744862400,84672.0,84625.0,-5.550831443688065,-6.071067198381019,85000.0,83861.0,85043.0,83902.0
1744876800,84542.0,84523.0,-2.2474036573538747,-6.966995335655479,84730.0,84149.0,84773.0,84188.0
1744891200,84535.0,84508.0,-3.1939433370797854,-3.784429438130621,84832.0,83684.0,84845.0,83751.0
1744905600,84873.0,84821.0,-6.126801220647238,-3.6669032410696634,85450.0,84365.0,85478.0,84407.0
1744920000,84954.0,84905.0,-5.767827294771433,-11.540952717423725,85106.0,84665.0,85141.0,84744.0
1744934400,84842.0,84792.0,-5.893307559935446,-5.6501165336531045,85078.0,84689.0,85121.0,84745.0
1744948800,84640.0,84615.0,-2.9536862003776143,-6.011173711133466,84800.0,84370.0,84852.0,84434.0
1744963200,84664.0,84617.0,-5.551355948218983,-5.551487089839879,84727.0,84427.0,84761.0,84470.0
1744977600,84361.0,84321.0,-4.741527483078656,-7.675775253300765,84717.0,84281.0,84743.0,84347.0
1744992000,84544.0,84514.0,-3.548448145344052,-6.044587723560424,84600.0,84265.0,84622.0,84310.0
1745006400,84468.0,84413.0,-6.511341573139928,-4.848914907457091,84652.0,84267.0,84672.0,84351.0
1745020800,84883.0,84853.0,-3.534276592486174,-6.274714086140776,84944.0,84304.0,84973.0,84367.0
1745035200,85218.0,85192.0,-3.050998615315992,-5.653577065322102,85256.0,84851.0,85250.0,84897.0
1745049600,85217.0,85201.0,-1.8775596418552087,-2.933686940399527,85426.0,85100.0,85432.0,85114.0
1745064000,85181.0,85161.0,-2.3479414423399625,-1.994883710014772,85617.0,85061.0,85611.0,85100.0
1745078400,85087.0,85056.0,-3.643329768354686,-2.46533851445796,85295.0,84651.0,85305.0,84723.0
1745092800,85069.0,85055.0,-1.6457228837762905,-3.7608565350755185,85337.0,85006.0,85346.0,85010.0
1745107200,85159.0,85136.0,-2.7008302117215166,-2.3508945153627447,85306.0,85025.0,85305.0,85050.0
1745121600,84791.0,84723.0,-8.019719073958376,-2.9356160683879917,85227.0,84624.0,85240.0,84682.0
1745136000,84125.0,84084.0,-4.873699851412061,-81.61243528204687,84198.0,83894.0,84791.0,83974.0
1745150400,84359.0,84305.0,-6.401213859813515,-4.754885644999707,84659.0,84060.0,84661.0,84124.0
1745164800,84647.0,84597.0,-5.906883882477176,-6.519677572308646,84603.0,84250.0,84652.0,84288.0
1745179200,85198.0,85173.0,-2.934341181718425,-5.906883882477176,85293.0,84570.0,85274.0,84615.0
1745193600,87180.0,87151.0,-3.3264510208763642,-2.8170005986127844,87626.0,85125.0,87641.0,85134.0
1745208000,87428.0,87392.0,-4.117673971725244,-4.358247984310726,87681.0,86996.0,87705.0,87074.0
1745222400,86989.0,86935.0,-6.207681430985268,-4.117673971725244,87752.0,86614.0,87765.0,86656.0
1745236800,88103.0,87964.0,-15.77698829778762,-5.977836023359773,88429.0,86750.0,88527.0,86804.0
1745251200,87421.0,87394.0,-3.088502762493839,-13.84915769876982,88200.0,86320.0,88300.0,86404.0
1745265600,87505.0,87492.0,-1.4856293926057695,-1.2585092386019348,87615.0,86882.0,87624.0,86903.0
1745280000,88160.0,88127.0,-3.7431941923771195,-1.4856293926057695,88865.0,87032.0,88874.0,87094.0
1745294400,88488.0,88440.0,-5.424464334147228,-5.217016547015563,88449.0,87918.0,88489.0,87976.0
1745308800,88624.0,88581.0,-4.851958837335246,-6.215040397762328,88679.0,88202.0,88697.0,88272.0
1745323200,90977.0,90906.0,-7.804170284797518,-4.739176060390982,91403.0,88447.0,91496.0,88495.0
1745337600,91556.0,91347.0,-22.827559089518836,-11.756433076229866,91661.0,90579.0,91761.0,90705.0
1745352000,93481.0,93422.0,-6.311442967019687,-21.737705634325977,94024.0,91000.0,93928.0,91126.0
1745366400,93188.0,93136.0,-5.580117611709845,-6.632292847821297,93894.0,92547.0,93921.0,92657.0
1745380800,94154.0,94132.0,-2.3365974892197716,-6.974248927038573,94264.0,92973.0,94257.0,93061.0
1745395200,93486.0,93456.0,-3.2090366471981824,-2.5490154427854073,94487.0,93328.0,94510.0,93360.0
1745409600,93209.0,93178.0,-3.3258590908602503,-3.316004535438566,94764.0,91900.0,94700.0,91970.0
1745424000,93563.0,93453.0,-11.756784198881931,-3.1113542974237074,94211.0,92828.0,94227.0,92934.0
1745438400,93730.0,93632.0,-10.455563853621896,-12.718702906063806,93861.0,93150.0,93936.0,93293.0
1745452800,92694.0,92610.0,-9.06207521522484,-10.562253280700373,93734.0,92576.0,93827.0,92692.0
1745467200,92230.0,92153.0,-8.348693483681835,-9.062172979621419,92848.0,92050.0,92920.0,92146.0
1745481600,92613.0,92578.0,-3.7791670715769943,-8.890430860637455,92635.0,91616.0,92668.0,91700.0
1745496000,93240.0,93191.0,-5.255255255255387,-3.8871013021790635,93444.0,92400.0,93483.0,92457.0
1745510400,93618.0,93545.0,-7.797645751885796,-5.469696807198776,93639.0,92645.0,93739.0,92736.0
1745524800,94010.0,93965.0,-4.7867248165089915,-6.196382594575445,93996.0,93000.0,94035.0,93089.0
1745539200,93333.0,93278.0,-5.892878188851203,-4.7867248165089915,94439.0,92816.0,94493.0,92891.0
1745553600,93810.0,93756.0,-5.756315957786695,-5.892878188851203,93840.0,92970.0,93887.0,93048.0
1745568000,94631.0,94597.0,-3.5929029599179874,-5.862914401449926,94671.0,93526.0,94680.0,93600.0
1745582400,95158.0,95007.0,-15.868345278379214,-8.66075200675942,95864.0,93888.0,95857.0,94023.0
1745596800,95407.0,95213.0,-20.333937761379815,-15.76325689905178,95510.0,94272.0,95626.0,94444.0
1745611200,94726.0,94567.0,-16.78525431243805,-19.49705971760696,95289.0,94388.0,95437.0,94586.0
1745625600,94784.0,94665.0,-12.554861580013066,-16.152871621621934,95156.0,94506.0,95249.0,94632.0
1745640000,94615.0,94487.0,-13.528510278496553,-12.554994039015721,94773.0,94333.0,94883.0,94453.0
1745654400,94175.0,94082.0,-9.875232280329715,-13.528510278496553,94659.0,93920.0,94753.0,94051.0
1745668800,94409.0,94332.0,-8.156002076072921,-9.875232280329715,94336.0,93818.0,94419.0,93934.0
1745683200,94352.0,94271.0,-8.584873664575499,-7.626795474767745,94332.0,93968.0,94408.0,94091.0
1745697600,94662.0,94568.0,-9.930066975132323,-7.843636055286929,94847.0,94029.0,94918.0,94137.0
1745712000,94194.0,94112.0,-8.705437713655284,-9.824427964758575,95270.0,93998.0,95353.0,94128.0
1745726400,94090.0,94026.0,-6.801998086938266,-8.599365133290515,94242.0,93575.0,94330.0,93685.0
1745740800,93965.0,93874.0,-9.684456978662492,-6.695716866829127,94281.0,93825.0,94351.0,93944.0
1745755200,93938.0,93864.0,-7.877536247311578,-8.302818700502979,94115.0,93566.0,94204.0,93685.0
1745769600,94475.0,94398.0,-8.150304313310208,-7.87762010709292,94399.0,93664.0,94475.0,93764.0
1745784000,93769.0,93690.0,-8.424959208267468,-7.621467132422621,94516.0,93611.0,94566.0,93698.0
1745798400,93875.0,93780.0,-10.119840213049791,-9.596928982725794,93944.0,92753.0,94032.0,92846.0
1745812800,94734.0,94652.0,-8.65581523001202,-10.119840213049791,94781.0,93779.0,94829.0,93875.0
1745827200,95294.0,95288.0,-0.629630406950854,-9.394032150811249,95517.0,94298.0,95559.0,94408.0
1745841600,93895.0,93804.0,-9.691676873102573,-8.38847004791865,95583.0,93565.0,95633.0,93631.0
1745856000,94819.0,94744.0,-7.909807106171174,-6.711123420755083,94898.0,93409.0,94942.0,93483.0
1745870400,95041.0,94970.0,-7.470460117212641,-6.328846884097183,95145.0,94253.0,95192.0,94341.0
1745884800,94685.0,94622.0,-6.653641020224477,-7.365319865320075,95433.0,94387.0,95479.0,94488.0
1745899200,94955.0,94907.0,-5.0550260649784295,-6.548027670697509,94936.0,94173.0,94987.0,94249.0
1745913600,95163.0,95105.0,-6.094805754337518,-6.108156495181483,95267.0,94715.0,95318.0,94805.0
1745928000,94879.0,94825.0,-5.691459648604624,-5.989722896503347,95283.0,94501.0,95307.0,94600.0
1745942400,95327.0,95304.0,-2.412747700022422,-5.480722612196676,95450.0,94612.0,95479.0,94710.0
1745956800,94285.0,94244.0,-4.348517791801232,-2.307845626108307,95390.0,93725.0,95428.0,93775.0
1745971200,95038.0,95020.0,-1.893979250404687,-4.348563913283421,95146.0,94121.0,95135.0,94161.0
1745985600,94654.0,94629.0,-2.6411984702179314,-4.102628838325018,95190.0,94505.0,95193.0,94544.0
1746000000,95203.0,95174.0,-3.0461224961397804,-2.5355773192603515,95222.0,94517.0,95269.0,94556.0
1746014400,94024.0,94020.0,-0.42542329617978325,-3.0461224961397804,95207.0,92900.0,95240.0,92946.0
1746028800,94148.0,94166.0,1.9118834175979593,-0.5317904320267797,94555.0,93534.0,94500.0,93530.0
1746043200,94181.0,94210.0,3.07917732875973,4.567907792001336,94870.0,94030.0,94781.0,94035.0
1746057600,94799.0,94781.0,-1.8987542062676166,3.07917732875973,95030.0,94151.0,95021.0,94141.0
1746072000,95042.0,95036.0,-0.6312998463842145,-2.4260579722379383,95190.0,94725.0,95193.0,94745.0
1746086400,96204.0,96204.0,0.0,-1.5781167806416807,96403.0,94924.0,96399.0,94934.0
1746100800,96918.0,96880.0,-3.9208402979840073,-3.3251589841643003,97443.0,95827.0,97470.0,95862.0
1746115200,96591.0,96494.0,-10.042343489559125,-4.952231599364421,97386.0,96398.0,97450.0,96470.0
1746129600,96535.0,96486.0,-5.075879214792023,-8.697542944118286,96868.0,96181.0,96945.0,96232.0
1746144000,97136.0,97116.0,-2.0589688683902985,-8.078130016466734,97254.0,96468.0,97248.0,96510.0
1746158400,96400.0,96358.0,-4.356846473029252,-2.0589688683902985,97314.0,96356.0,97306.0,96400.0
1746172800,96977.0,96950.0,-2.7841653175497694,-4.253156153072313,97126.0,96358.0,97119.0,96399.0
1746187200,97364.0,97335.0,-2.97851361899637,-2.6810757300776977,97900.0,96662.0,97938.0,96702.0
1746201600,96988.0,96922.0,-6.804965562750009,-10.775862068965747,97800.0,96760.0,97839.0,96824.0
1746216000,96925.0,96879.0,-4.745937580603599,-6.701860023921036,97144.0,96553.0,97176.0,96603.0
1746230400,96371.0,96337.0,-3.5280322918718188,-4.745888616057847,96911.0,96312.0,96956.0,96351.0
1746244800,96352.0,96355.0,0.31135835270701406,-2.90561926010513,96645.0,96150.0,96620.0,96191.0
1746259200,95987.0,95948.0,-4.063050204715646,-0.7264198914525011,96455.0,95811.0,96446.0,95903.0
1746273600,96444.0,96422.0,-2.2811165028413516,-4.063050204715646,96539.0,95897.0,96527.0,95913.0
1746288000,96376.0,96360.0,-1.6601643562708102,-2.695725201919963,96431.0,95879.0,96453.0,95938.0
1746302400,95916.0,95854.0,-6.463989323991504,-1.6601643562708102,96429.0,95722.0,96446.0,95800.0
1746316800,95747.0,95701.0,-4.804328072942621,0.5216484089731743,96285.0,95539.0,96295.0,95639.0
1746331200,95887.0,95837.0,-5.214471200475357,-6.578741267504462,96120.0,95684.0,96145.0,95726.0
1746345600,95437.0,95400.0,-3.876903087900452,-6.777822963264235,95900.0,95295.0,95941.0,95330.0
1746360000,95476.0,95423.0,-5.551133269093844,-3.2484203246319066,95650.0,95222.0,95685.0,95254.0
1746374400,95589.0,95506.0,-8.683007459017178,-5.551191411363732,95579.0,95200.0,95639.0,95273.0
1746388800,94316.0,94257.0,-6.25556639382463,-9.205598677741733,96573.0,94139.0,95764.0,94162.0
1746403200,94057.0,94050.0,-0.7442295629245255,-4.771953637818793,94774.0,93475.0,94804.0,93550.0
1746417600,94751.0,94751.0,0.0,-2.6574824074665493,94798.0,94030.0,94794.0,94036.0
1746432000,94045.0,94023.0,-2.339305651549717,-0.8442469844549549,94781.0,93848.0,94793.0,93899.0
1746446400,93766.0,93775.0,0.9598361879570305,-2.339305651549717,94517.0,93599.0,94515.0,93618.0
1746460800,94342.0,94288.0,-5.723855758834606,0.4265756638588414,94889.0,93764.0,94885.0,93744.0
1746475200,94725.0,94686.0,-4.117181314331475,-5.829729500551606,95172.0,93820.0,95198.0,93882.0
1746489600,94457.0,94412.0,-4.764072540944797,-4.011612562681011,94893.0,93959.0,94916.0,94035.0
1746504000,94412.0,94376.0,-3.8130746091602497,-4.5524323752055285,94628.0,94276.0,94603.0,94296.0
1746518400,93799.0,93753.0,-4.904103455261044,-1.3772791321020605,94376.0,93658.0,94389.0,93719.0
1746532800,94537.0,94536.0,-0.10577868982508676,-4.797543657647507,94756.0,93298.0,94714.0,93376.0
1746547200,94961.0,94955.0,-0.6318383336312294,-0.10577868982508676,95156.0,94211.0,95151.0,94224.0
1746561600,96814.0,96811.0,-0.3098725390959789,-0.5265319446934313,96897.0,94427.0,96895.0,94476.0
1746576000,96501.0,96460.0,-4.248660635640666,-0.3098693384284701,97687.0,96168.0,97717.0,96226.0
1746590400,97001.0,96952.0,-5.051494314491922,-4.455866199664094,96964.0,96261.0,97002.0,96318.0
1746604800,97022.0,97005.0,-1.752179917956509,-4.9485046237585095,97099.0,96800.0,97096.0,96837.0
1746619200,96938.0,96890.0,-4.951618560317117,-4.945649374066274,97465.0,96676.0,97481.0,96733.0
1746633600,96210.0,96128.0,-8.523022554828286,-4.848509856917316,96937.0,95750.0,96956.0,95823.0
1746648000,97054.0,97033.0,-2.1637438951516152,-6.445643472746676,97417.0,96048.0,97376.0,96090.0
1746662400,99160.0,99156.0,-0.4033884630894047,-2.7818131239765176,99241.0,96891.0,99199.0,96907.0
1746676800,99282.0,99282.0,0.0,-1.4117314886707977,99400.0,98735.0,99412.0,98736.0
1746691200,99442.0,99445.0,0.30168339333558336,-0.10072217801693206,99935.0,99237.0,99897.0,99260.0
1746705600,100792.0,100817.0,2.480355583776017,0.40224452444670433,101650.0,99132.0,101527.0,99126.0
1746720000,101304.0,101359.0,5.4292031903968585,2.877298117849314,101838.0,100671.0,101711.0,100643.0
1746734400,103261.0,103368.0,10.3620921741987,2.2696547164402503,104398.0,101360.0,104159.0,101312.0
1746748800,102453.0,102523.0,6.832401198597626,12.689617761589833,103366.0,102429.0,103249.0,102360.0
1746763200,103670.0,103714.0,4.244236519725941,8.688606210889294,104459.0,102442.0,104332.0,102371.0
1746777600,102942.0,103012.0,6.7999456004352865,4.8229960451440235,104049.0,102472.0,103932.0,102435.0
1746792000,102907.0,102943.0,3.4983042941694187,9.327814376494103,103911.0,102500.0,103794.0,102433.0
1746806400,103230.0,103240.0,0.9687106461298001,0.38857586943885636,103454.0,102263.0,103396.0,102350.0
1746820800,102991.0,103016.0,2.427396568631668,0.5812038669428254,103470.0,102780.0,103445.0,102758.0
1746835200,103233.0,103276.0,4.165334728236658,2.4273729998447457,103320.0,102860.0,103285.0,102845.0
1746849600,103740.0,103827.0,8.386350491613737,4.359155679980464,104182.0,103089.0,104093.0,103051.0
1746864000,103415.0,103469.0,5.2216796402837495,3.9503984121336266,104149.0,103403.0,104075.0,103397.0
1746878400,103156.0,103181.0,2.423513901275154,0.6765703681499424,103872.0,103080.0,103807.0,103149.0
1746892800,103209.0,103247.0,3.6818494511137168,1.9387359441647156,103656.0,103012.0,103598.0,103063.0
1746907200,104809.0,104918.0,10.399870240151987,3.58492394147758,105115.0,103147.0,104985.0,103086.0
1746921600,104045.0,104148.0,9.899562689221764,10.399870240151987,105081.0,103600.0,104958.0,103489.0
1746936000,103403.0,103468.0,6.28608454300128,13.17181040284554,104520.0,103407.0,104400.0,103369.0
1746950400,104664.0,104761.0,9.267752044637145,6.189375550031961,104888.0,103459.0,104752.0,103403.0
1746964800,104154.0,104244.0,8.641050751772017,7.642265549621108,105000.0,103897.0,104884.0,103832.0
1746979200,104459.0,104492.0,3.1591342057657457,7.77627372483547,104933.0,103850.0,104834.0,103795.0
1746993600,104129.0,104199.0,6.722430830987669,2.584597712151915,104691.0,103661.0,104582.0,103621.0
1747008000,104104.0,104210.0,10.18212556674003,5.95363844129837,105241.0,103765.0,105079.0,103745.0
1747022400,104469.0,104557.0,8.423551484171288,10.18212556674003,105910.0,103824.0,105706.0,103782.0
1747036800,103776.0,103838.0,5.974406413813416,7.657187706384683,104863.0,103705.0,104741.0,103645.0
1747051200,102537.0,102657.0,11.703092542203475,8.096151436585153,104722.0,102345.0,104618.0,102414.0
1747065600,101838.0,101934.0,9.42673658163029,12.191434785577826,103210.0,100772.0,103095.0,100764.0
1747080000,102796.0,102855.0,5.739522938634778,9.918199404908012,103192.0,101854.0,103133.0,101763.0
1747094400,101726.0,101771.0,4.42364783830973,5.642242888828086,102855.0,101443.0,102796.0,101471.0
1747108800,102658.0,102700.0,4.0912544565441245,7.768479639700399,102986.0,101680.0,102942.0,101678.0
1747123200,103714.0,103776.0,5.977977900766263,1.5581633149919227,103877.0,102597.0,103838.0,102557.0
1747137600,103719.0,103717.0,-0.19282870062364843,2.2168033695413314,104037.0,102871.0,103967.0,102870.0
1747152000,104850.0,104848.0,-0.19074868860324834,-0.38565740124729686,105044.0,103554.0,104997.0,103558.0
1747166400,104135.0,104171.0,3.45705094348725,1.7170329670324058,104975.0,103866.0,104973.0,103944.0
1747180800,103579.0,103605.0,2.510161326136906,4.2256496936410315,104171.0,103462.0,104126.0,103476.0
1747195200,103707.0,103735.0,2.6999141812988903,2.606731159127129,104042.0,103406.0,103969.0,103432.0
1747209600,103943.0,103973.0,2.886197242719657,2.4105446866773406,104175.0,102875.0,104132.0,102890.0
1747224000,103534.0,103549.0,1.4487994282075256,2.8861694758708367,104385.0,102866.0,104357.0,102878.0
1747238400,103314.0,103325.0,1.0647153338361193,0.8692208883442909,103750.0,102627.0,103739.0,102622.0
1747252800,103531.0,103502.0,-2.8010933923172665,0.0,103678.0,103308.0,103694.0,103314.0
1747267200,102774.0,102731.0,-4.183937571758944,-1.255868771373736,103879.0,102715.0,103895.0,102766.0
1747281600,101807.0,101740.0,-6.581079886451846,-4.086716226209264,102956.0,101670.0,102946.0,101767.0
1747296000,102410.0,102348.0,-6.054096279660692,-5.501198475381663,102400.0,101459.0,102446.0,101550.0
1747310400,103300.0,103270.0,-2.9041626331072212,-4.59011270191656,103288.0,101370.0,103304.0,101442.0
1747324800,103169.0,103162.0,-0.6784983861429783,-3.0009680542109063,104196.0,102581.0,104184.0,102612.0
1747339200,103793.0,103772.0,-2.023257830489067,-3.4884396984435906,103973.0,102695.0,103969.0,102734.0
1747353600,104045.0,103995.0,-4.8056129559326255,-2.697495183043852,104467.0,103422.0,104457.0,103487.0
1747368000,103735.0,103665.0,-6.747963560996828,-5.670241802175902,104146.0,103650.0,104214.0,103733.0
1747382400,103705.0,103619.0,-8.29275348343872,-9.540973179263945,103865.0,103071.0,103932.0,103137.0
1747396800,104223.0,104200.0,-2.2068065590130637,-7.5219873476317645,104257.0,103300.0,104294.0,103397.0
1747411200,104080.0,104100.0,1.9215987701759474,-3.357797284980757,104640.0,103636.0,104570.0,103622.0
1747425600,103506.0,103499.0,-0.6762892972389523,2.9788215397630324,104100.0,103442.0,104068.0,103451.0
1747440000,103554.0,103507.0,-4.538694787260544,-0.3864622281479768,103585.0,102539.0,103575.0,102668.0
1747454400,103477.0,103417.0,-5.798389980382623,-2.994069810118294,103701.0,103202.0,103720.0,103335.0
1747468800,103021.0,102970.0,-4.950446996243585,-5.701750147375506,103540.0,102723.0,103571.0,102803.0
1747483200,102989.0,102960.0,-2.815834700793385,-5.047465589873568,103215.0,102623.0,103199.0,102681.0
1747497600,103192.0,103174.0,-1.7443212652146212,-1.845018450185032,103380.0,102775.0,103372.0,102808.0
1747512000,103153.0,103164.0,1.0663771291197222,-1.3567469085551398,103501.0,102940.0,103496.0,102954.0
1747526400,103324.0,103336.0,1.1613952227951252,-0.7754041794283406,103482.0,103151.0,103434.0,103149.0
1747540800,103947.0,103988.0,3.944317777329065,0.6774412077814596,104044.0,103336.0,103982.0,103326.0
1747555200,103830.0,103858.0,2.696715785417414,0.6731934373260806,104162.0,103850.0,104094.0,103830.0
1747569600,105531.0,105581.0,4.7379443007278255,3.0820796332320377,105760.0,103762.0,105680.0,103757.0
1747584000,103944.0,103921.0,-2.212729931501123,2.9369966840353534,106069.0,103811.0,105972.0,103918.0
1747598400,106520.0,106556.0,3.379647014645215,0.9623527600277626,106723.0,103279.0,106635.0,103347.0
1747612800,103655.0,103570.0,-8.200279774250863,-2.065339842283187,107216.0,103436.0,107115.0,103592.0
1747627200,103248.0,103327.0,7.65147993181392,-6.657725373653278,103963.0,102132.0,103761.0,102126.0
1747641600,103005.0,103055.0,4.854133294500684,7.263711466010125,103515.0,102865.0,103447.0,102822.0
1747656000,104859.0,104888.0,2.765618592586172,9.518444414227112,105061.0,102243.0,104997.0,102182.0
1747670400,105585.0,105597.0,1.1365250745853928,4.673833210924183,105667.0,104565.0,105632.0,104557.0
1747684800,105622.0,105643.0,1.9882221506883901,3.78938593001088,105890.0,105078.0,105845.0,105060.0
1747699200,105779.0,105804.0,2.363418069748491,1.325381047050378,106921.0,105565.0,106851.0,105561.0
1747713600,105056.0,104940.0,-11.041730124885518,2.7415649609086046,106474.0,104690.0,106418.0,104972.0
1747728000,105250.0,105181.0,-6.55581947743511,-12.087525103029462,105341.0,104775.0,105414.0,104910.0
1747742400,105360.0,105340.0,-1.8982536066813882,-6.365856207659615,105431.0,104172.0,105414.0,104232.0
1747756800,107015.0,107074.0,5.513245806663125,-1.4236902050113187,107428.0,105100.0,107290.0,105137.0
1747771200,106855.0,106878.0,2.1524495812075273,0.8406186953591188,107398.0,105939.0,107340.0,105992.0
1747785600,106891.0,106888.0,-0.2806597374893638,-1.3097454416177712,107262.0,106266.0,107238.0,106252.0
1747800000,106544.0,106416.0,-12.013815888270996,-1.2160784277037706,108074.0,106280.0,108035.0,106517.0
1747814400,106589.0,106510.0,-7.411646605184341,-13.794656681962447,106721.0,106002.0,106834.0,106141.0
1747828800,109024.0,109126.0,9.355738186087592,-6.567836367048496,109803.0,106273.0,109500.0,106406.0
1747843200,108691.0,108784.0,8.556366212473243,9.172124080494282,109995.0,106148.0,109874.0,106214.0
1747857600,109682.0,109897.0,19.602122499589036,12.789959421783959,111300.0,107692.0,110730.0,107806.0
1747872000,111754.0,111911.0,14.048714139986984,18.414527421237725,112070.0,109371.0,111888.0,109252.0
1747886400,111051.0,111121.0,6.303410144887778,14.765497060322819,111949.0,110420.0,111791.0,110487.0
1747900800,110979.0,111034.0,4.955892556248731,6.213361428533126,111503.0,110139.0,111322.0,110292.0
1747915200,111320.0,111350.0,2.6949335249737416,3.603798403517544,111712.0,110620.0,111624.0,110573.0
1747929600,111189.0,111300.0,9.983001915656597,2.694739867779017,112124.0,111011.0,112000.0,110971.0
1747944000,111743.0,111899.0,13.960606033487366,5.933437617995363,111946.0,110856.0,111755.0,110800.0
1747958400,111111.0,111209.0,8.820008820009662,14.050222834744996,111936.0,111135.0,111816.0,111041.0
1747972800,110710.0,110826.0,10.477824948063041,7.289613650476312,111284.0,110474.0,111186.0,110408.0
1747987200,109089.0,109085.0,-0.36667308344617844,8.217817311599873,111536.0,108926.0,111356.0,108911.0
1748001600,108957.0,109010.0,4.864304266820607,-1.2832381598359976,110093.0,107360.0,110028.0,107367.0
1748016000,108764.0,108786.0,2.022728108566074,4.864304266820607,110467.0,108100.0,109837.0,108050.0
1748030400,107329.0,107372.0,4.006372928100355,5.518408490992055,108823.0,106800.0,108748.0,106827.0
1748044800,108391.0,108436.0,4.1516362059579315,4.938547694257611,108566.0,106935.0,108453.0,106908.0
1748059200,107653.0,107524.0,-11.982945203570239,3.690275202272719,108644.0,107308.0,108586.0,107601.0
1748073600,109228.0,109220.0,-0.7324129344121744,-19.12258879007811,109558.0,107520.0,109501.0,107649.0
1748088000,108964.0,108967.0,0.275320289269132,-0.5493247882815133,109360.0,108569.0,109293.0,108572.0
1748102400,108999.0,108994.0,-0.45871980476897,-0.4588334618071954,109299.0,108740.0,109216.0,108742.0
1748116800,107799.0,107740.0,-5.4731491015691525,-1.1008669327094989,109188.0,107111.0,109164.0,107540.0
1748131200,108134.0,108052.0,-7.583183827473139,-5.194901575168442,108221.0,107141.0,108286.0,107275.0
1748145600,107710.0,107632.0,-7.241667440348598,-7.121123842817045,108261.0,107405.0,108312.0,107483.0
1748160000,107298.0,107131.0,-15.564129806706628,-6.870427452000394,107645.0,106400.0,107722.0,106765.0
1748174400,107000.0,106907.0,-8.691588785046944,-14.447364987043576,107703.0,106532.0,107754.0,106666.0
1748188800,107748.0,107662.0,-7.981586665182228,-8.691588785046944,107920.0,106582.0,107987.0,106689.0
1748203200,109068.0,109000.0,-6.234642608281549,-9.001568314479513,109385.0,107100.0,109383.0,107227.0
1748217600,109678.0,109617.0,-5.561735261401246,-10.447788551423143,109800.0,108648.0,109865.0,108759.0
1748232000,110146.0,110141.0,-0.45394294845069183,-5.561735261401246,110294.0,109368.0,110266.0,109414.0
1748246400,109805.0,109750.0,-5.008879377077502,-0.45393882720401457,110223.0,109530.0,110200.0,109632.0
1748260800,110096.0,110059.0,-3.3607033861360325,-11.921988332832534,110660.0,109548.0,110425.0,109514.0
1748275200,109175.0,109203.0,2.564689718342894,-1.9985465116278966,110635.0,108898.0,110461.0,108868.0
1748289600,109468.0,109483.0,1.3702634559864535,3.9391718578229984,109935.0,109000.0,109886.0,108991.0
1748304000,108923.0,108877.0,-4.2231668242698195,0.7307671227874124,109721.0,107436.0,109693.0,107562.0
1748318400,109534.0,109568.0,3.10405901363886,-4.681948792332191,109708.0,108508.0,109640.0,108598.0
1748332800,109609.0,109637.0,2.55453475535683,-6.566946369938043,109922.0,109416.0,109915.0,109463.0
1748347200,110188.0,110206.0,1.6335717137971884,2.55453475535683,111104.0,108275.0,110789.0,108766.0
1748361600,109936.0,109940.0,0.36384805705225176,1.7243256978982657,110609.0,109654.0,110545.0,109632.0
1748376000,108980.0,108942.0,-3.4868783262986813,-0.18191410016243914,109983.0,108607.0,109950.0,108650.0
1748390400,108914.0,108940.0,2.3872045834338884,-3.4868783262986813,109331.0,108417.0,109307.0,108467.0
1748404800,108872.0,108840.0,-2.9392313909915035,3.8568201436195437,109242.0,108648.0,109134.0,108688.0
1748419200,108916.0,108863.0,-4.866135370377167,-4.316401406962989,109212.0,108300.0,109182.0,108338.0
1748433600,107169.0,107121.0,-4.478907146656663,-5.96718963728704,109046.0,107040.0,109088.0,107086.0
1748448000,106977.0,106924.0,-4.954335978761826,-1.7733806234832006,107909.0,106849.0,107871.0,106912.0
1748462400,107811.0,107818.0,0.649284395841665,-5.421523448089216,108138.0,106755.0,108088.0,106804.0
1748476800,108087.0,108131.0,4.0707948226881285,-0.2782389330469037,108618.0,107481.0,108507.0,107496.0
1748491200,107915.0,107942.0,2.5019691423810997,1.2948934950096636,108181.0,106833.0,108153.0,107001.0
1748505600,108820.0,108845.0,2.2973718066521265,1.8531902670448908,109072.0,107757.0,108924.0,107752.0
1748520000,107031.0,107038.0,0.6540161261692212,4.227980036581869,108908.0,106500.0,108844.0,106500.0
1748534400,105739.0,105753.0,1.3240147911375288,0.2802821506975306,107193.0,105653.0,107149.0,105663.0
1748548800,105578.0,105577.0,-0.09471670234351137,-1.5127305732298701,106490.0,105347.0,106456.0,105374.0
1748563200,106036.0,105993.0,-4.055226526840094,0.0,106238.0,104044.0,106208.0,104688.0
1748577600,105049.0,104975.0,-7.044331692829253,-4.149534120487797,106284.0,104603.0,106329.0,104783.0
1748592000,105908.0,105833.0,-7.08161800808238,-8.566125731689356,105957.0,104388.0,105997.0,104683.0
1748606400,105553.0,105505.0,-4.54747851790116,-6.704184922193823,105960.0,105004.0,106015.0,105060.0
1748620800,104632.0,104591.0,-3.9184952978055243,-4.8316043768648065,105521.0,103612.0,105565.0,103703.0
1748635200,104034.0,104005.0,-2.7875502239649297,-2.5807931637655823,104890.0,103632.0,104909.0,103675.0
1748649600,103707.0,103703.0,-0.3857020259001587,1.634804015848701,104310.0,103050.0,104304.0,103127.0
1748664000,103793.0,103763.0,-2.890368329270254,0.675050146581313,103919.0,103476.0,103944.0,103529.0
1748678400,103534.0,103541.0,0.6761063998306227,-3.179343899031295,103819.0,103316.0,103854.0,103347.0
1748692800,104610.0,104568.0,-4.014912532263049,0.7726930283769029,104899.0,103540.0,104897.0,103530.0
1748707200,104761.0,104694.0,-6.395509779402175,-4.014950912445414,104804.0,104254.0,104834.0,104333.0
1748721600,104646.0,104585.0,-5.829176461594754,-7.444737143511571,104915.0,104466.0,104947.0,104550.0
1748736000,104429.0,104388.0,-3.926112478334076,-5.829176461594754,104634.0,103917.0,104710.0,103995.0
1748750400,104336.0,104269.0,-6.421561110259155,-4.787529443306404,104748.0,104193.0,104771.0,104269.0
1748764800,104126.0,104110.0,-1.536599888596335,-6.517405305934698,104459.0,103758.0,104507.0,103832.0
1748779200,104758.0,104726.0,-3.0546593100289066,-1.536599888596335,104837.0,103807.0,104844.0,103846.0
1748793600,105174.0,105144.0,-2.8524159963494444,-3.0546593100289066,105315.0,104388.0,105338.0,104419.0
1748808000,105705.0,105689.0,-1.5136464689469165,-2.947468504872486,105917.0,104891.0,105908.0,104968.0
1748822400,104900.0,104863.0,-3.527168732125885,1.1355356416253848,105786.0,104572.0,105788.0,104645.0
1748836800,105414.0,105439.0,2.3716014950569964,-3.6224976167775758,105524.0,104609.0,105465.0,104684.0
1748851200,104076.0,104100.0,2.306007148622502,-0.1896813353563509,106109.0,103965.0,105972.0,104000.0
1748865600,104481.0,104475.0,-0.5742670916242254,3.074912557174958,104735.0,103700.0,104708.0,103708.0
1748880000,104466.0,104444.0,-2.105948346831088,-2.4880382775116505,104786.0,104060.0,104777.0,104088.0
1748894400,105905.0,105897.0,-0.7553939851756564,-4.689309331725733,105941.0,104444.0,106001.0,104493.0
1748908800,105540.0,105517.0,-2.1792685237820297,0.661063367646264,106520.0,105341.0,106564.0,105437.0
1748923200,105247.0,105205.0,-3.990612559028328,-2.1792685237820297,105542.0,105137.0,105585.0,105199.0
1748937600,105369.0,105350.0,-1.8031868955770136,-3.420752565564955,105413.0,104913.0,105412.0,104947.0
1748952000,106696.0,106605.0,-8.528904551248218,-1.8031868955770136,106828.0,105080.0,106854.0,105120.0
1748966400,106305.0,106186.0,-11.1942053525238,-8.622467150274371,106664.0,105525.0,106755.0,105653.0
1748980800,105454.0,105332.0,-11.569025357027751,-10.630591644167353,106200.0,105200.0,106325.0,105336.0
1748995200,105583.0,105461.0,-11.554890465320655,-8.726500104339063,105805.0,105052.0,105896.0,105213.0
1749009600,105389.0,105281.0,-10.247748816289981,-11.554999905286634,105570.0,105203.0,105683.0,105327.0
1749024000,105149.0,105055.0,-8.939695099334788,-11.006110288815929,105943.0,105052.0,106036.0,105136.0
1749038400,105353.0,105309.0,-4.176435412375223,-8.844676075626667,105617.0,104135.0,105581.0,104219.0
1749052800,104989.0,104918.0,-6.762613226147796,-6.9271134813020385,105492.0,104871.0,105537.0,104931.0
1749067200,104745.0,104669.0,-7.255716263305789,-5.715483244108643,105024.0,104396.0,105086.0,104482.0
1749081600,105095.0,105014.0,-7.707312431609603,-6.301678538011002,105236.0,104626.0,105286.0,104718.0
1749096000,104554.0,104526.0,-2.6780419687433277,-7.3269832811562186,105200.0,104358.0,105275.0,104426.0
1749110400,104884.0,104824.0,-5.7206056214487155,-4.01652513197126,104918.0,104424.0,104960.0,104492.0
1749124800,104567.0,104537.0,-2.8689739592802077,-5.053538907482391,105880.0,103899.0,105959.0,103934.0
1749139200,101923.0,101946.0,2.256605476682605,-2.8689739592802077,104595.0,101606.0,104629.0,101650.0
1749153600,101559.0,101510.0,-4.824781654013677,2.0603586986389644,102222.0,100350.0,102181.0,100426.0
1749168000,102548.0,102488.0,-5.850918594219046,-4.62789735914404,102525.0,101110.0,102575.0,101159.0
1749182400,103197.0,103103.0,-9.108791922245452,-6.045772347417211,103445.0,102376.0,103534.0,102446.0
1749196800,104000.0,103880.0,-11.53846153846172,-9.399315884843773,103951.0,103102.0,104057.0,103199.0
1749211200,105179.0,105026.0,-14.54663003070955,-11.634503514389438,105300.0,103484.0,105416.0,103633.0
1749225600,104288.0,104143.0,-13.903804848113266,-14.736641947138418,105211.0,104000.0,105386.0,104144.0
1749240000,104393.0,104245.0,-14.177195788990238,-17.062719874234578,104555.0,104104.0,104703.0,104256.0
1749254400,104952.0,104814.0,-13.148868053967089,-16.376800490346398,104876.0,103792.0,105000.0,103992.0
1749268800,104956.0,104827.0,-12.29086474332064,-13.434200998513335,105282.0,104604.0,105414.0,104738.0
1749283200,105223.0,105102.0,-11.499387016146168,-13.24238324790894,105244.0,104640.0,105325.0,104783.0
1749297600,105625.0,105516.0,-10.319526627219355,-14.915447463423881,105793.0,105102.0,105845.0,105255.0
1749312000,105784.0,105672.0,-10.587612493382359,-10.60314875649726,105834.0,105226.0,105935.0,105348.0
1749326400,105619.0,105476.0,-13.539230630852384,-10.587612493382359,105866.0,105455.0,105959.0,105606.0
1749340800,105535.0,105445.0,-8.527976500687373,-13.539230630852384,105733.0,105336.0,105827.0,105477.0
1749355200,105490.0,105387.0,-9.763958669067874,-8.717321887110607,105616.0,105370.0,105701.0,105477.0
1749369600,105726.0,105643.0,-7.850481433138157,-9.763958669067874,105744.0,105024.0,105756.0,105060.0
1749384000,106045.0,105941.0,-9.807157338865835,-8.039497578692378,106078.0,105451.0,106150.0,105571.0
1749398400,106357.0,106233.0,-11.658847090459945,-9.995662259774107,106300.0,105904.0,106409.0,106003.0
1749412800,105792.0,105659.0,-12.571839080459668,-11.658847090459945,106431.0,105500.0,106507.0,105631.0
1749427200,105720.0,105609.0,-10.499432463110248,-12.477431917649051,105902.0,105269.0,106016.0,105389.0
1749441600,105633.0,105537.0,-9.088069069325133,-8.231075621825124,105683.0,105289.0,105769.0,105390.0
1749456000,107760.0,107778.0,1.6703786191540893,-7.57453818987508,108081.0,105454.0,107847.0,105531.0
1749470400,107696.0,107665.0,-2.8784727380770647,-2.9679094787604665,108082.0,106904.0,108065.0,106944.0
1749484800,108643.0,108552.0,-8.376057362186051,-4.177923850374743,108780.0,107648.0,108846.0,107708.0
1749499200,110307.0,110340.0,2.9916505752125566,-9.111659242351244,111000.0,108421.0,110587.0,108525.0
1749513600,109605.0,109622.0,1.5510241321115004,2.7195837223858987,110400.0,109390.0,110352.0,109435.0
1749528000,109266.0,109292.0,2.3795142130222935,1.277279030726941,109790.0,109144.0,109774.0,109162.0
1749542400,109571.0,109638.0,6.114756641812935,0.8235423300750888,109988.0,109135.0,109869.0,109109.0
1749556800,109035.0,109068.0,3.0265511074434315,6.388726635513375,109998.0,108409.0,109915.0,108403.0
1749571200,109564.0,109610.0,4.198459347961592,-1.1917639940595137,110500.0,108581.0,110400.0,108544.0
1749585600,110292.0,110373.0,7.3441410075081315,6.57306140334768,110400.0,109351.0,110292.0,109281.0
1749600000,109741.0,109790.0,4.465058638065678,7.3441410075081315,110373.0,109610.0,110292.0,109560.0
1749614400,109458.0,109517.0,5.390195326060443,5.559099608130058,109813.0,109437.0,109765.0,109397.0
1749628800,109261.0,109299.0,3.4779106909144097,5.481554568875779,109743.0,109264.0,109664.0,109225.0
1749643200,109758.0,109810.0,4.737695657719421,3.752585623020277,110480.0,109090.0,110398.0,109043.0
1749657600,108775.0,108768.0,-0.6435302229368389,4.5553935860054295,109884.0,108455.0,109817.0,108456.0
1749672000,108678.0,108668.0,-0.9201494322674808,-0.827388394498696,109280.0,108069.0,109250.0,108113.0
1749686400,107895.0,107888.0,-0.6487789054177018,-0.27606515137557075,108817.0,107730.0,108833.0,107751.0
1749700800,107638.0,107640.0,0.18580798602618742,-1.2048862772717772,108011.0,107380.0,108000.0,107385.0
1749715200,106927.0,106925.0,-0.1870434969653001,1.6725204883760725,107864.0,106900.0,107852.0,106926.0
1749729600,107030.0,107088.0,5.41904139026439,-0.2805626215773849,107893.0,106626.0,107845.0,106623.0
1749744000,106852.0,106812.0,-3.7434956762627536,5.325559884519215,108497.0,106680.0,108455.0,106726.0
1749758400,105731.0,105627.0,-9.836282641798588,-4.585481803123237,106997.0,105600.0,106982.0,105731.0
1749772800,104383.0,104251.0,-12.64573733270713,-9.458500827619343,105627.0,102670.0,105757.0,102816.0
1749787200,104950.0,104839.0,-10.576464983325096,-9.487302347868098,104934.0,103725.0,105000.0,103863.0
1749801600,105091.0,104999.0,-8.754317686576751,-8.957670243381344,105381.0,104393.0,105515.0,104483.0
1749816000,105504.0,105385.0,-11.279193205945282,-9.990105038818475,105709.0,104070.0,105797.0,104182.0
1749830400,105158.0,105045.0,-10.745734989254796,-11.279086299227359,105888.0,104584.0,106030.0,104739.0
1749844800,106118.0,106031.0,-8.198420626095437,-11.50583849986675,106152.0,104962.0,106209.0,105073.0
1749859200,105297.0,105168.0,-12.251061283796716,-8.104262276543706,106159.0,105126.0,106250.0,105275.0
1749873600,105130.0,105026.0,-9.8925140302486,-12.156091816480918,105335.0,104700.0,105459.0,104834.0
1749888000,105147.0,105038.0,-10.366439365839808,-8.276728123751687,105077.0,104784.0,105162.0,104891.0
1749902400,104885.0,104778.0,-10.201649425560788,-7.420373682408554,105075.0,104581.0,105161.0,104707.0
1749916800,104695.0,104610.0,-8.118821338173321,-7.438773174639479,105018.0,104305.0,105083.0,104434.0
1749931200,105464.0,105386.0,-7.395888644465831,-8.882351817539602,105489.0,104225.0,105528.0,104376.0
1749945600,105529.0,105427.0,-9.665589553582432,-8.43801848779302,105680.0,105224.0,105718.0,105323.0
1749960000,105469.0,105423.0,-4.361471143179418,-11.180065374958303,106095.0,105158.0,106163.0,105275.0
1749974400,105006.0,104980.0,-2.476048987677393,-6.351312920656049,105470.0,104850.0,105515.0,104923.0
1749988800,105602.0,105599.0,-0.28408552868341985,-2.761668047500665,105848.0,104944.0,105845.0,104989.0
1750003200,105316.0,105325.0,0.8545710053553535,-0.5681549169078703,105812.0,105111.0,105794.0,105123.0
1750017600,105617.0,105620.0,0.2840451821195522,0.09494512172025793,105655.0,104517.0,105617.0,104532.0
1750032000,105935.0,105939.0,0.3775900316238534,0.5681172594029782,105999.0,105000.0,105972.0,105023.0
1750046400,107077.0,107113.0,3.3620665502387403,-0.3775615189305359,107316.0,105888.0,107251.0,105893.0
1750060800,106891.0,106975.0,7.8584726497088475,2.614769713495946,107319.0,106643.0,107238.0,106585.0
1750075200,107463.0,107478.0,1.3958292621651935,7.9520258955390055,107873.0,106554.0,107806.0,106523.0
1750089600,108689.0,108650.0,-3.588219599039988,-0.6512597223773398,108922.0,107328.0,108937.0,107356.0
1750104000,106829.0,106842.0,1.2168980333049362,-4.875670404680399,108987.0,106700.0,108990.0,106763.0
1750118400,107608.0,107623.0,1.3939484053238083,-2.994768513752133,107836.0,106129.0,107773.0,106200.0
1750132800,106807.0,106763.0,-4.119580177329718,1.3939484053238083,107730.0,106458.0,107719.0,106521.0
1750147200,105680.0,105645.0,-3.3118849356550406,-4.1196187480108115,106865.0,105485.0,106864.0,105541.0
1750161600,104265.0,104248.0,-1.6304608449624336,-3.1226639161985315,105803.0,104125.0,105884.0,104175.0
1750176000,104710.0,104651.0,-5.6346098748927265,-2.206108041743482,105360.0,103360.0,105362.0,103388.0
1750190400,104584.0,104498.0,-8.223055151839187,-5.539160912624297,104830.0,104143.0,104909.0,104249.0
1750204800,105199.0,105144.0,-5.228186579719907,-11.374824359329239,105195.0,104319.0,105250.0,104407.0
1750219200,104990.0,104912.0,-7.429278978949849,-5.323143316128265,105539.0,104661.0,105566.0,104765.0
1750233600,104851.0,104775.0,-7.248381035945828,-8.285714285714008,105285.0,104120.0,105313.0,104223.0
1750248000,104842.0,104762.0,-7.63052974952827,-7.438986008984072,105294.0,103728.0,105325.0,103857.0
1750262400,103815.0,103770.0,-4.334633723450665,-6.5820224933466065,104800.0,103388.0,104871.0,103521.0
1750276800,104922.0,104841.0,-7.720020586721166,-8.280616617079017,105110.0,103607.0,105187.0,103657.0
1750291200,105116.0,105061.0,-5.232314776056901,-7.815329482854239,105196.0,104406.0,105254.0,104506.0
1750305600,104666.0,104592.0,-7.070108726807689,-5.89785299125789,105181.0,104560.0,105237.0,104646.0
1750320000,104812.0,104735.0,-7.346487043468075,-6.974566716985153,105046.0,104578.0,105086.0,104666.0
1750334400,104129.0,104035.0,-9.027264258756329,-7.3465571361786,104862.0,104004.0,104922.0,104110.0
1750348800,104278.0,104211.0,-6.4251328180442435,-9.027264258756329,104765.0,103850.0,104834.0,103957.0
1750363200,104688.0,104643.0,-4.298486932600154,-7.095939013280761,104882.0,104087.0,104898.0,104168.0
1750377600,104615.0,104595.0,-1.9117717344552254,-3.725568865707851,104800.0,104366.0,104846.0,104433.0
1750392000,105820.0,105825.0,0.4725004725014692,-1.529475867738661,105841.0,104207.0,105820.0,104251.0
1750406400,105996.0,105996.0,0.0,0.5670005669999867,106558.0,105745.0,106521.0,105805.0
1750420800,104246.0,104221.0,-2.3981735510236746,-0.6603586690945296,106176.0,103886.0,106160.0,103907.0
1750435200,103377.0,103341.0,-3.482399373168077,-0.9594166746618171,104276.0,102253.0,104297.0,102309.0
1750449600,103316.0,103260.0,-5.420264044291301,0.7742110305719585,103838.0,102931.0,103894.0,103002.0
1750464000,103555.0,103445.0,-10.622374583554306,-6.677699387394043,103641.0,103079.0,103708.0,103152.0
1750478400,103496.0,103418.0,-7.536523150653007,-7.534630320125135,103559.0,103283.0,103639.0,103375.0
1750492800,103896.0,103828.0,-6.545006545006782,-7.729543280611262,103956.0,103418.0,104013.0,103494.0
1750507200,103607.0,103513.0,-9.07274604997732,-6.448818518697275,103909.0,103207.0,103973.0,103352.0
1750521600,102276.0,102192.0,-8.213070515077359,-8.011815013948542,103598.0,102129.0,103670.0,102262.0
1750536000,102139.0,102092.0,-4.601572367068929,-12.02169769828454,102850.0,100803.0,102911.0,100945.0
1750550400,102418.0,102358.0,-5.8583452127558555,-10.27417366288974,103391.0,101791.0,103387.0,101894.0
1750564800,102479.0,102423.0,-5.464534197250348,-5.760762373434591,102953.0,102252.0,102983.0,102290.0
1750579200,102771.0,102728.0,-4.184059705558685,-5.074457911274921,102809.0,102073.0,102820.0,102139.0
1750593600,98980.0,98873.0,-10.810264699939731,-3.4058951178927988,102800.0,98852.0,102840.0,98954.0
1750608000,98932.0,98849.0,-8.389600938017994,-8.185621601956017,100427.0,98606.0,100401.0,98723.0
1750622400,101015.0,100918.0,-9.602534277087793,-7.379476966934417,100970.0,98120.0,101062.0,98240.0
1750636800,101209.0,101099.0,-10.868598642412852,-7.228438459253583,101596.0,100436.0,101644.0,100539.0
1750651200,101983.0,101883.0,-9.805555827931967,-12.546183786774634,102065.0,100926.0,102201.0,101042.0
1750665600,101325.0,101245.0,-7.89538613372831,-9.70759545802169,102000.0,101050.0,102100.0,101164.0
1750680000,101484.0,101355.0,-12.711363367624573,-8.585554557745123,102608.0,100670.0,102647.0,100860.0
1750694400,103237.0,103127.0,-10.655094588181147,-13.596862868741066,103284.0,99533.0,103371.0,99705.0
1750708800,105464.0,105329.0,-12.800576500038297,-11.525870251631876,106098.0,102854.0,106125.0,102950.0
1750723200,105020.0,104887.0,-12.664254427727784,-8.727162344192019,105489.0,104662.0,105588.0,104803.0
1750737600,105005.0,104927.0,-7.42821770391866,-10.47648980447069,105820.0,104639.0,105883.0,104796.0
1750752000,105238.0,105138.0,-9.502271042779453,-7.047619047618747,105568.0,104530.0,105629.0,104695.0
1750766400,105306.0,105186.0,-11.39536208763059,-9.312314110055953,105673.0,104748.0,105794.0,104872.0
1750780800,105743.0,105615.0,-12.104820177222253,-11.30050804805105,106252.0,105131.0,106344.0,105255.0
1750795200,106131.0,106052.0,-7.443630984349525,-8.514825256863423,106070.0,105387.0,106163.0,105499.0
1750809600,106298.0,106183.0,-10.8186419311751,-7.537783137978593,106741.0,105749.0,106843.0,105872.0
1750824000,106673.0,106592.0,-7.5932991478633305,-10.724566783947287,106678.0,105971.0,106763.0,106004.0
1750838400,107242.0,107155.0,-8.112493239589291,-7.405949133316714,107177.0,106293.0,107277.0,106392.0
1750852800,107108.0,106988.0,-11.203644919146605,-8.391921377021161,108121.0,106650.0,108182.0,106853.0
1750867200,107824.0,107703.0,-11.22199139338198,-11.11028121148716,107878.0,106860.0,107995.0,106994.0
1750881600,107418.0,107281.0,-12.753914613937711,-11.129350880609845,107988.0,106992.0,108052.0,107164.0
1750896000,107926.0,107827.0,-9.172951837369547,-12.754033346676907,108257.0,107035.0,108358.0,107187.0
1750910400,107863.0,107812.0,-4.728220056924304,-9.26552206584108,108079.0,107497.0,108144.0,107599.0
1750924800,107386.0,107299.0,-8.101614735626095,-4.913594897277829,108100.0,107072.0,108223.0,107187.0
1750939200,107346.0,107260.0,-8.011476906452097,-8.101614735626095,107718.0,106511.0,107793.0,106640.0
1750953600,107554.0,107473.0,-7.531100656414935,-7.545833954389902,107620.0,106940.0,107702.0,107059.0
1750968000,107004.0,106878.0,-11.775260737916238,-8.645774261623052,107964.0,106747.0,108027.0,106917.0
1750982400,107520.0,107403.0,-10.881696428571841,-11.868604270828254,107446.0,106300.0,107561.0,106394.0
1750996800,106951.0,106821.0,-12.155099064057318,-10.97470238095255,107672.0,106803.0,107794.0,106919.0
1751011200,107021.0,106912.0,-10.18491697891033,-12.155212716222774,107121.0,106591.0,107218.0,106763.0
1751025600,107367.0,107296.0,-6.612832620823683,-10.558379428913245,107414.0,106335.0,107457.0,106351.0
1751040000,106880.0,106796.0,-7.859281437125887,-6.612832620823683,107641.0,106412.0,107734.0,106508.0
1751054400,107100.0,107020.0,-7.469654528478031,-7.952769902975776,107295.0,106778.0,107329.0,106863.0
1751068800,107353.0,107283.0,-6.520544372304871,-7.282913165266303,107329.0,106787.0,107373.0,106880.0
1751083200,107535.0,107449.0,-7.9973961965873475,-7.544358031015275,107464.0,107130.0,107535.0,107235.0
1751097600,107423.0,107328.0,-8.843543747614202,-8.090389175616775,107453.0,107206.0,107535.0,107317.0
1751112000,107498.0,107399.0,-9.209473664626433,-8.75053527210401,107502.0,107046.0,107584.0,107158.0
1751126400,107291.0,107191.0,-9.32044626296702,-11.625311558349782,107500.0,107190.0,107573.0,107290.0
1751140800,107348.0,107276.0,-6.707158028095295,-9.22732780315072,107366.0,107139.0,107419.0,107213.0
1751155200,107258.0,107208.0,-4.661656939342063,-7.172598809535025,107499.0,107161.0,107534.0,107239.0
1751169600,107432.0,107351.0,-7.53965298979864,-4.661613477656701,107376.0,107196.0,107432.0,107252.0
1751184000,108479.0,108494.0,1.3827561094781338,-7.4465708541215925,108495.0,107352.0,108494.0,107432.0
1751198400,107790.0,107704.0,-7.978476667593881,-0.46083374040328806,108541.0,107622.0,108546.0,107704.0
1751212800,107431.0,107353.0,-7.260474164813013,-7.885703683087053,107756.0,107257.0,107816.0,107375.0
1751227200,108384.0,108321.0,-5.8126660761737,-5.49286858079201,108400.0,107211.0,108468.0,107317.0
1751241600,108553.0,108488.0,-5.9878584654504685,-6.181439075920725,108742.0,108203.0,108800.0,108280.0
1751256000,107647.0,107574.0,-6.781424470724273,-6.448106559566735,108519.0,107405.0,108575.0,107535.0
1751270400,107686.0,107619.0,-6.221792990732666,-7.709598915083271,107929.0,107352.0,107981.0,107444.0
1751284800,107629.0,107563.0,-6.132176272194423,-6.314538295817407,107845.0,106700.0,107879.0,106751.0
1751299200,107779.0,107850.0,6.587554161756604,-5.853549759818888,107851.0,107100.0,107832.0,107174.0
1751313600,107179.0,107140.0,-3.638772520736522,6.680336614739435,107851.0,106924.0,107780.0,106972.0
1751328000,107237.0,107170.0,-6.247843561457689,-2.1462431413532546,107510.0,107012.0,107560.0,107084.0
1751342400,107197.0,107161.0,-3.3583029375816587,-6.154592165017458,107181.0,106569.0,107242.0,106674.0
1751356800,106623.0,106538.0,-7.972013543043888,-3.451524734372491,107170.0,106247.0,107199.0,106354.0
1751371200,105984.0,105908.0,-7.170893719806726,-9.19014216587244,107120.0,105594.0,107218.0,105660.0
1751385600,105415.0,105371.0,-4.173979035241304,-4.718761796904669,106241.0,105302.0,106321.0,105414.0
1751400000,105709.0,105620.0,-8.419339885913368,-6.070090577132703,106058.0,105197.0,106112.0,105280.0
1751414400,106200.0,106143.0,-5.367231638417902,-7.284906053094398,106172.0,105005.0,106227.0,105130.0
1751428800,107125.0,107085.0,-3.7339556592763667,-5.367181099990015,107182.0,106081.0,107213.0,106151.0
1751443200,107513.0,107468.0,-4.185540353259798,-3.7339556592763667,107788.0,107085.0,107880.0,107125.0
1751457600,108784.0,108735.0,-4.504338873363434,-4.92931547619091,108769.0,107158.0,108800.0,107238.0
1751472000,109746.0,109617.0,-11.754414739489905,-4.59626415649339,109721.0,108630.0,109802.0,108729.0
1751486400,108885.0,108808.0,-7.07168113146861,-12.300459217143844,109618.0,108676.0,109752.0,108794.0
1751500800,108682.0,108605.0,-7.08488986216671,-6.979841116774299,109080.0,108490.0,109160.0,108586.0
1751515200,109330.0,109271.0,-5.396505991036582,-6.625075912327638,109528.0,108535.0,109580.0,108626.0
1751529600,109637.0,109560.0,-7.023176482391369,-5.396505991036582,110244.0,109270.0,110292.0,109330.0
1751544000,109174.0,109088.0,-7.877333431036693,-6.749730922889219,110495.0,108707.0,110557.0,108800.0
1751558400,109866.0,109761.0,-9.557096827044198,-7.877333431036693,109867.0,108975.0,109968.0,109076.0
1751572800,109648.0,109551.0,-8.846490588063638,-9.738870837088243,109992.0,109505.0,110041.0,109586.0
1751587200,109283.0,109188.0,-8.693026362746048,-8.75536950395328,109723.0,109056.0,109799.0,109160.0
1751601600,108768.0,108661.0,-9.837452191820972,-8.875875005719402,109270.0,108648.0,109380.0,108768.0
1751616000,108920.0,108844.0,-6.977598237238869,-9.47021937809156,109065.0,108450.0,109147.0,108585.0
1751630400,107619.0,107563.0,-5.20354212546148,-7.803247987221429,108934.0,107450.0,109023.0,107564.0
1751644800,107500.0,107494.0,-0.55813953488415,-10.12324352437477,107938.0,107263.0,107962.0,107303.0
1751659200,108033.0,107993.0,-3.7025723621486595,-0.4651206057726398,108280.0,107458.0,108287.0,107460.0
1751673600,108193.0,108153.0,-3.697096854694548,-3.7025723621486595,108277.0,107744.0,108286.0,107811.0
1751688000,108079.0,108070.0,-0.832724210994007,-3.8818799389994663,108419.0,108014.0,108416.0,108055.0
1751702400,108166.0,108109.0,-5.269678087383989,-1.6653097476126977,108222.0,107882.0,108257.0,107928.0
1751716800,108095.0,108069.0,-2.40529164161174,-5.177275458789765,108259.0,107965.0,108260.0,108026.0
1751731200,108178.0,108133.0,-4.159810682393683,-2.497779751332585,108158.0,107850.0,108195.0,107924.0
1751745600,108240.0,108191.0,-4.526977087953021,-4.067370445007823,108230.0,107959.0,108260.0,108020.0
1751760000,108084.0,108039.0,-4.163428444543538,-4.526977087953021,108274.0,108001.0,108273.0,108065.0
1751774400,108091.0,108041.0,-4.625732022092155,-4.070907812442348,108212.0,107923.0,108247.0,108001.0
1751788800,108109.0,108075.0,-3.144974053963523,-4.810716796802561,108126.0,107777.0,108142.0,107858.0
1751803200,108918.0,108889.0,-2.6625534806001827,-3.2374433447412976,109186.0,108045.0,109140.0,108085.0
1751817600,108572.0,108542.0,-2.7631433518771065,-3.304996052365672,108964.0,108262.0,108990.0,108326.0
1751832000,109233.0,109203.0,-2.7464227843232436,-2.7631179022413743,109763.0,108542.0,109717.0,108572.0
1751846400,109408.0,109448.0,3.656039777713005,-2.471825763747937,109759.0,108702.0,109711.0,108696.0
1751860800,109067.0,109067.0,0.0,3.564606202415277,109510.0,108669.0,109462.0,108690.0
1751875200,108658.0,108675.0,1.5645419573351305,0.0,109099.0,108611.0,109094.0,108611.0
1751889600,108309.0,108331.0,2.0312254752608006,2.0247945293738745,108739.0,108002.0,108674.0,107987.0
1751904000,108053.0,108062.0,0.832924583307193,2.215882336646935,108531.0,107528.0,108515.0,107520.0
1751918400,108287.0,108284.0,-0.27704156546959346,0.9254717592299677,108340.0,107801.0,108319.0,107812.0
1751932800,107919.0,107919.0,0.0,-0.27704412389417676,108583.0,107445.0,108533.0,107471.0
1751947200,108491.0,108477.0,-1.290429620890432,0.0,108492.0,107758.0,108507.0,107765.0
1751961600,108769.0,108744.0,-2.298449006610248,-1.4747495230105212,109009.0,108218.0,109000.0,108247.0
1751976000,108283.0,108272.0,-1.0158565979889733,-2.7579866697313715,109248.0,108218.0,109225.0,108251.0
1751990400,108788.0,108799.0,1.0111409346613698,-0.7388252678242058,109200.0,108103.0,109173.0,108118.0
1752004800,108947.0,108930.0,-1.5603917501172404,1.1030729774708092,108994.0,108604.0,109012.0,108638.0
1752019200,108389.0,108391.0,0.1845205694306351,-1.6521795001234185,109161.0,108336.0,109147.0,108377.0
1752033600,108711.0,108724.0,1.195831148641524,0.2767859614150048,108955.0,108350.0,108924.0,108352.0
1752048000,109070.0,109069.0,-0.09168423947936155,1.2878300064400605,109140.0,108585.0,109125.0,108585.0
1752062400,109086.0,109084.0,-0.18334158370492126,-0.18336679777353204,109812.0,108476.0,109777.0,108524.0
1752076800,111758.0,111758.0,0.0,-0.18334158370492126,112068.0,109034.0,112040.0,109054.0
1752091200,111287.0,111225.0,-5.5711808207603575,-3.5781695873471353,111953.0,110529.0,111967.0,110612.0
1752105600,111114.0,111024.0,-8.099789405475732,-8.354444025224783,111587.0,110847.0,111606.0,110935.0
1752120000,111277.0,111208.0,-6.20074229175871,-8.099716509921695,111409.0,110902.0,111480.0,110996.0
1752134400,111068.0,111003.0,-5.852270681023786,-5.122904776884152,111423.0,110833.0,111449.0,110929.0
1752148800,111472.0,111380.0,-8.253193627099087,-5.042319466954659,111380.0,110526.0,111476.0,110610.0
1752163200,113417.0,113281.0,-11.991147711541972,-8.701424521869727,113771.0,111320.0,113879.0,111413.0
1752177600,116031.0,116058.0,2.3269643457357603,-11.991147711541972,117863.0,113238.0,117000.0,113376.0
1752192000,116911.0,116924.0,1.1119569587125788,1.7235733121911956,117020.0,115240.0,116964.0,115226.0
1752206400,117607.0,117660.0,4.506534474988388,1.026413028601958,118480.0,116547.0,118426.0,116474.0
1752220800,117837.0,117891.0,4.582601390055174,4.421467927351319,118970.0,117660.0,118839.0,117608.0
1752235200,116897.0,117033.0,11.634173674259785,4.582562501060927,118340.0,116836.0,118259.0,116738.0
1752249600,118184.0,118221.0,3.13071143301924,10.264042493135506,118304.0,116692.0,118266.0,116650.0
1752264000,117579.0,117603.0,2.0411808231068918,3.553930901429858,118221.0,117260.0,118179.0,117238.0
1752278400,117798.0,117841.0,3.6503166437462653,1.9561316221428093,117936.0,117188.0,117887.0,117210.0
1752292800,117790.0,117819.0,2.462008659478432,2.631333237133049,118169.0,117581.0,118100.0,117570.0
1752307200,117859.0,117833.0,-2.206025844441184,2.2921565797617838,118332.0,117620.0,118227.0,117704.0
1752321600,117149.0,117148.0,-0.08536137739101335,-2.206025844441184,117897.0,116964.0,117916.0,116971.0
1752336000,117595.0,117616.0,1.7857902121698466,0.0,117694.0,117098.0,117675.0,117095.0
1752350400,117464.0,117487.0,1.9580467206981034,1.78577502636168,117639.0,117041.0,117601.0,117056.0
1752364800,117795.0,117831.0,3.0561568827192076,2.0431791868147364,117904.0,117264.0,117859.0,117256.0
1752379200,118031.0,118091.0,5.083410290516177,2.0372303852922435,118150.0,117760.0,118092.0,117744.0
1752393600,118120.0,118175.0,4.65628174737498,3.981599925451107,118200.0,117757.0,118127.0,117738.0
1752408000,118735.0,118760.0,2.1055291194671533,6.435278876197881,119473.0,118086.0,119444.0,118044.0
1752422400,119004.0,119022.0,1.512554199858407,3.0322683894445923,119604.0,118473.0,119482.0,118444.0
1752436800,119135.0,119133.0,-0.1678767784440982,1.512554199858407,119473.0,118328.0,119421.0,118320.0
1752451200,120772.0,120874.0,8.445666214023095,-0.5875440658054121,121808.0,118959.0,121448.0,118972.0
1752465600,122732.0,122833.0,8.22931264869764,8.528466863180206,123358.0,120651.0,123236.0,120593.0
1752480000,121487.0,121585.0,8.066706725822215,8.473816721121796,122880.0,121441.0,122790.0,121357.0
1752494400,119876.0,120053.0,14.765257432680645,8.149087137612199,122248.0,119727.0,122106.0,119626.0
1752508800,119953.0,120065.0,9.33699032120927,14.765134262619828,120730.0,119392.0,120505.0,119203.0
1752523200,119879.0,119968.0,7.424152687292018,9.33706816059754,120619.0,119663.0,120468.0,119569.0
1752537600,117160.0,117357.0,16.81461249573246,8.760074085198966,120060.0,117000.0,119945.0,116849.0
1752552000,116779.0,116835.0,4.795382731483944,18.353949513834067,117913.0,116324.0,117775.0,116290.0
1752566400,117096.0,117200.0,8.881601421055763,5.737824251299539,117299.0,116365.0,117182.0,116327.0
1752580800,116364.0,116466.0,8.765597607507392,8.881601421055763,118587.0,115739.0,118437.0,115729.0
1752595200,116416.0,116473.0,4.896234194613491,8.679660376060827,117793.0,115969.0,117674.0,116016.0
1752609600,117769.0,117831.0,5.264543300869118,5.1540635496039044,118050.0,116226.0,117986.0,116237.0
1752624000,117503.0,117623.0,10.212505212632284,5.1795873312388,118344.0,117133.0,118210.0,117047.0
1752638400,118199.0,118349.0,12.690462694269211,10.212418300654669,118479.0,117394.0,118322.0,117280.0
1752652800,118795.0,118868.0,6.145039774401173,12.775065778898309,119457.0,118287.0,119310.0,118143.0
1752667200,119135.0,119171.0,3.0217820120026495,5.808178588864177,119900.0,118295.0,119850.0,118213.0
1752681600,119298.0,119335.0,3.10147697362817,3.105720401226364,120029.0,118590.0,119988.0,118532.0
1752696000,118718.0,118720.0,0.16846644990575754,3.3530323986763477,120182.0,118477.0,120086.0,118483.0
1752710400,118177.0,118189.0,1.0154260135220028,2.274795268426555,119274.0,117675.0,119210.0,117746.0
1752724800,118380.0,118398.0,1.5205271160678713,1.0154260135220028,118829.0,117900.0,118822.0,117912.0
1752739200,118044.0,118061.0,1.4401409643860497,1.6050008447376918,119295.0,118051.0,119244.0,118029.0
1752753600,118928.0,118963.0,2.9429570832761875,1.355426790010661,119187.0,117550.0,119124.0,117506.0
1752768000,119007.0,119011.0,0.33611468232885855,2.942981829190394,120000.0,118400.0,119938.0,118440.0
1752782400,119275.0,119278.0,0.2515195975694162,-2.35215053763449,121097.0,118462.0,121000.0,118497.0
1752796800,120314.0,120312.0,-0.16623169373453095,0.3353594634258883,120888.0,119091.0,120850.0,119140.0
1752811200,119448.0,119466.0,1.5069318866789416,0.7480426218053893,120931.0,119409.0,120900.0,119401.0
1752825600,119256.0,119270.0,1.1739451264514145,1.5906636416151976,119585.0,118472.0,119560.0,118475.0
1752840000,117941.0,117875.0,-5.596018348157372,1.2578088969017465,119601.0,117300.0,119567.0,117393.0
1752854400,117445.0,117378.0,-5.704797990548904,-3.7314382150155367,118073.0,117063.0,118121.0,117226.0
1752868800,118022.0,117947.0,-6.354747419972107,-5.789845632497848,118038.0,116802.0,118086.0,116915.0
1752883200,118412.0,118345.0,-5.6582103165214725,-6.524152072053813,118388.0,117606.0,118454.0,117710.0
1752897600,118260.0,118198.0,-5.242685607982356,-5.6582103165214725,118372.0,118066.0,118440.0,118157.0
1752912000,118393.0,118337.0,-4.730009375554234,-5.073609619563602,118494.0,117932.0,118553.0,118043.0
1752926400,118117.0,118069.0,-4.063767281593522,-4.81447382868927,118336.0,117629.0,118396.0,117719.0
1752940800,118074.0,118013.0,-5.166251672680255,-4.063767281593522,118165.0,117590.0,118213.0,117647.0
1752955200,117916.0,117880.0,-3.053020794463457,-5.081602059742174,118158.0,117280.0,118185.0,117352.0
1752969600,118044.0,117993.0,-4.320422893158149,-3.137800317172257,118199.0,117659.0,118211.0,117734.0
1752984000,118089.0,118084.0,-0.42340946235452925,-4.320422893158149,118330.0,117788.0,118256.0,117845.0
1752998400,117938.0,117946.0,0.6783225084361355,-0.3387275698840675,118344.0,117876.0,118327.0,117887.0
1753012800,118727.0,118751.0,2.0214441533950023,0.8479247042858518,118874.0,117779.0,118825.0,117788.0
1753027200,118248.0,118232.0,-1.3530884243284635,0.505280177858225,118948.0,118022.0,118896.0,118029.0
1753041600,117339.0,117313.0,-2.2158020777407472,1.2688423082773959,118362.0,116541.0,118316.0,116551.0
1753056000,118453.0,118467.0,1.181903370957027,8.87220610817252,118671.0,116572.0,118667.0,116594.0
1753070400,119388.0,119437.0,4.1042650852674,1.4352047277332858,119721.0,118241.0,119682.0,118225.0
1753084800,118114.0,118148.0,2.8785749360782376,4.1042650852674,119585.0,118148.0,119533.0,118114.0
1753099200,118385.0,118411.0,2.1962241838080487,2.7938873132127284,119283.0,117854.0,119282.0,117831.0
1753113600,116802.0,116812.0,0.8561497234627069,2.1962241838080487,118481.0,116697.0,118442.0,116719.0
1753128000,117437.0,117430.0,-0.5960642727587118,0.5992996755210811,117747.0,116688.0,117689.0,116710.0
1753142400,117250.0,117293.0,3.667377398721694,-0.5960642727587118,118039.0,116165.0,117973.0,116186.0
1753156800,118035.0,118058.0,1.9485745753389239,3.667377398721694,118719.0,116616.0,118625.0,116618.0
1753171200,119226.0,119249.0,1.9291094224405114,3.7283712101943145,119300.0,117538.0,119253.0,117548.0
1753185600,118963.0,119001.0,3.1942704874632355,2.096875655273056,119709.0,117615.0,119626.0,117626.0
1753200000,119344.0,119377.0,2.765115967287013,2.9420170468874574,120306.0,118476.0,120247.0,118483.0
1753214400,120011.0,120098.0,7.249335477581553,2.681122384857737,120386.0,119292.0,120297.0,119252.0
1753228800,118675.0,118705.0,2.5279123657040437,7.249335477581553,120244.0,118601.0,120165.0,118610.0
1753243200,118414.0,118434.0,1.6889894775951042,2.4436280292561285,119113.0,118311.0,119039.0,118360.0
1753257600,118592.0,118639.0,3.9631678359408617,3.1250527880533063,118740.0,117905.0,118682.0,117900.0
1753272000,118648.0,118668.0,1.6856584181779155,3.9631678359408617,118800.0,117365.0,118753.0,117376.0
1753286400,118415.0,118482.0,5.658066967866304,1.7699562567963234,118668.0,117414.0,118647.0,117401.0
1753300800,118813.0,118825.0,1.0099904892557632,2.2792888618750062,118835.0,117478.0,118815.0,117450.0
1753315200,118566.0,118600.0,2.867601167282352,2.609537438444942,119352.0,118588.0,119310.0,118555.0
1753329600,118480.0,118430.0,-4.22012153949991,0.7589172780164688,118688.0,117103.0,118648.0,117201.0
1753344000,118663.0,118643.0,-1.6854453367942668,-3.3763822064658555,118850.0,117974.0,118867.0,118043.0
1753358400,119153.0,119178.0,2.0981427240607253,0.8429286713762529,119571.0,117891.0,119525.0,117916.0
1753372800,119028.0,119027.0,-0.08401384548162305,2.1820684330231543,119494.0,118402.0,119454.0,118440.0
1753387200,118347.0,118378.0,2.6194157857828415,0.0840159630333126,119069.0,118220.0,119076.0,118241.0
1753401600,115400.0,115541.0,12.218370883883,-1.7736486486485958,118530.0,115400.0,118509.0,115369.0
1753416000,115329.0,115473.0,12.4860182608022,12.131715771230844,116267.0,114860.0,116146.0,114518.0
1753430400,116514.0,116599.0,7.295260655371116,12.746364684765865,116823.0,115086.0,116800.0,114965.0
1753444800,115745.0,115818.0,6.306967903582095,7.209310309312933,116710.0,115007.0,116644.0,114922.0
1753459200,116785.0,116773.0,-1.027529220362089,6.393419961294722,117075.0,115536.0,117070.0,115479.0
1753473600,117653.0,117726.0,6.204686663322523,-1.027529220362089,117750.0,116617.0,117655.0,116618.0
1753488000,117535.0,117571.0,3.0629174288510086,6.374732261245075,117851.0,117200.0,117774.0,117196.0
1753502400,117368.0,117407.0,3.3228818758090917,3.2331070158431174,117633.0,117407.0,117601.0,117367.0
1753516800,117846.0,117864.0,1.5274171376211676,2.8115015974439217,118328.0,117407.0,118236.0,117375.0
1753531200,118167.0,118210.0,3.6389178027707025,1.4425606299739435,118322.0,117847.0,118270.0,117831.0
1753545600,118276.0,118307.0,2.620988197097329,3.6389178027707025,118354.0,118000.0,118340.0,118001.0
1753560000,117962.0,117960.0,-0.16954612502284583,2.620988197097329,118345.0,117927.0,118312.0,117944.0
1753574400,118243.0,118243.0,0.0,-1.8646754193396564,118458.0,117862.0,118397.0,117888.0
1753588800,118164.0,118184.0,1.6925628787101132,-0.5074038681085469,118551.0,118142.0,118479.0,118142.0
1753603200,118136.0,118145.0,0.7618338186499152,1.6925628787101132,118342.0,117938.0,118327.0,117916.0
1753617600,118626.0,118669.0,3.6248377252889874,0.761840267491376,118673.0,117894.0,118636.0,117958.0
1753632000,119008.0,119036.0,2.352783006185355,3.6248377252889874,119621.0,118669.0,119579.0,118626.0
1753646400,119469.0,119507.0,3.1807414475726326,3.4455518765641457,119848.0,118795.0,119798.0,118783.0
1753660800,119300.0,119372.0,6.035205364627316,-0.585705440366846,119934.0,119036.0,119826.0,119010.0
1753675200,118902.0,118988.0,7.232847218718863,5.615858513892125,119787.0,118837.0,119698.0,118783.0
1753689600,118836.0,118905.0,5.8063213167725,7.31701163152465,119181.0,118550.0,119121.0,118498.0
1753704000,118167.0,118266.0,8.377973545914408,5.7221717324718036,119196.0,118000.0,119096.0,117900.0
1753718400,118065.0,118149.0,7.1147249396519285,8.80140145392394,118470.0,117503.0,118378.0,117400.0
1753732800,118051.0,118118.0,5.675513125682485,7.1147249396519285,118427.0,117550.0,118327.0,117503.0
1753747200,118735.0,118788.0,4.463721733272141,4.150150760577898,118802.0,117456.0,118782.0,117464.0
1753761600,118898.0,118945.0,3.952968090294995,4.379168631678532,119339.0,118444.0,119267.0,118426.0
1753776000,118581.0,118668.0,7.336757153337814,4.4578272718087675,119125.0,118223.0,119056.0,118186.0
1753790400,117397.0,117471.0,6.303397872178262,7.252365451755338,119200.0,117302.0,119053.0,117238.0
1753804800,117481.0,117607.0,10.725138533038692,6.3034515656412715,118162.0,117003.0,118026.0,116928.0
1753819200,117926.0,117992.0,5.596730152808149,10.299099467170336,118027.0,117109.0,117958.0,117051.0
1753833600,118144.0,118204.0,5.078548212351652,5.596730152808149,118277.0,117444.0,118241.0,117421.0
1753848000,118113.0,118162.0,4.148569590138873,3.4698126301169196,118468.0,117703.0,118383.0,117689.0
1753862400,117557.0,117571.0,1.1909116428632238,4.148569590138873,118533.0,117400.0,118454.0,117379.0
1753876800,117984.0,118033.0,4.153105505830812,0.935692412384892,118848.0,117352.0,118775.0,117365.0
1753891200,116932.0,116982.0,4.2759894639621265,4.068348250609866,118107.0,115828.0,118034.0,115784.0
1753905600,117834.0,117915.0,6.874077091501007,8.213060477213485,117997.0,116946.0,117900.0,116876.0
1753920000,118439.0,118548.0,9.203049671138164,6.959001298447731,118757.0,117858.0,118582.0,117777.0
1753934400,118674.0,118761.0,7.331007634359121,8.69528512937423,119027.0,118376.0,118904.0,118284.0
1753948800,118347.0,118410.0,5.323328854978104,7.162418369497381,118843.0,118351.0,118750.0,118286.0
1753963200,118290.0,118369.0,6.678501986643326,5.407871833438271,118770.0,117880.0,118654.0,117811.0
1753977600,116767.0,116788.0,1.7984533301351746,6.678501986643326,118955.0,116750.0,118867.0,116739.0
1753992000,115750.0,115724.0,-2.2462203023754235,2.398081534771279,116980.0,115294.0,116967.0,115512.0
1754006400,115643.0,115630.0,-1.1241493216196385,-2.073452038462431,116042.0,114211.0,116054.0,114322.0
1754020800,115063.0,115036.0,-2.346540590806301,-0.6918141095491048,115903.0,114574.0,115882.0,114621.0
1754035200,115255.0,115273.0,1.561754370742463,-1.825214028073896,115300.0,114084.0,115320.0,114116.0
1754049600,115320.0,115326.0,0.520291363164116,1.0411244143671006,116004.0,113909.0,115983.0,113900.0
1754064000,113261.0,113249.0,-1.059499739539671,0.43357613596972655,115672.0,113127.0,115667.0,113175.0
1754078400,113243.0,113219.0,-2.1193362945171046,-0.9712166696096425,114041.0,112564.0,114020.0,112680.0
1754092800,113856.0,113863.0,0.6148116919613145,-2.2076419734551322,113864.0,113139.0,113856.0,113150.0
1754107200,113949.0,113912.0,-3.2470666701767126,0.6148116919613145,114011.0,113412.0,114008.0,113447.0
1754121600,113764.0,113761.0,-0.26370380788343084,-3.334795963141346,113989.0,113379.0,114005.0,113419.0
1754136000,112800.0,112794.0,-0.5319148936167029,-0.17580408392836588,113761.0,112794.0,113763.0,112781.0
1754150400,112228.0,112165.0,-5.61357237053195,-0.44326241134706734,113363.0,111919.0,113456.0,111987.0
1754164800,112522.0,112502.0,-1.7774301914297297,-4.3666565669164825,113003.0,111980.0,113038.0,112066.0
1754179200,113574.0,113551.0,-2.0251113811264876,-1.5996871722867567,113687.0,111860.0,113705.0,111919.0
1754193600,113692.0,113661.0,-2.726665024803676,-1.496900535361556,113683.0,113292.0,113692.0,113326.0
1754208000,113883.0,113789.0,-8.254085333192496,-2.638708088520403,114195.0,113481.0,114227.0,113543.0
1754222400,113951.0,113885.0,-5.791963212258278,-8.166275914754939,114062.0,113512.0,114094.0,113597.0
1754236800,114315.0,114262.0,-4.636311945064309,-5.792014041245963,114788.0,113715.0,114774.0,113775.0
1754251200,114226.0,114162.0,-5.602927529634316,-1.6625831291561255,114584.0,114011.0,114609.0,114079.0
1754265600,114594.0,114539.0,-4.799553205229179,-7.177557004682811,114965.0,114062.0,114995.0,114143.0
1754280000,114687.0,114613.0,-6.452344206405725,-4.886732521205417,114735.0,114100.0,114782.0,114184.0
1754294400,114506.0,114429.0,-6.724538452133055,-6.278011265542505,114720.0,114142.0,114767.0,114225.0
1754308800,114839.0,114774.0,-5.6600980503140885,-6.637206783923766,115466.0,114071.0,115479.0,114129.0
1754323200,114754.0,114723.0,-2.701430886941081,-5.6600980503140885,115701.0,114672.0,115732.0,114720.0
1754337600,115051.0,115026.0,-2.1729493876632144,-2.7014544282066844,115350.0,114578.0,115382.0,114625.0
1754352000,114253.0,114248.0,-0.4376252702331662,-2.0860314121562418,115105.0,114248.0,115106.0,114252.0
1754366400,113965.0,113955.0,-0.8774623788010416,-0.2625774603504105,114520.0,113671.0,114486.0,113705.0
1754380800,114822.0,114784.0,-3.309470310567386,-0.8774623788010416,115077.0,113890.0,115078.0,113924.0
1754395200,112916.0,112873.0,-3.808140564667273,-3.309470310567386,114864.0,112563.0,114899.0,112660.0
1754409600,113603.0,113567.0,-3.168930397965397,-4.073788712062321,113715.0,112741.0,113746.0,112808.0
1754424000,114133.0,114068.0,-5.695110090858657,-5.632265842947515,114160.0,113185.0,114210.0,113298.0
1754438400,113514.0,113472.0,-3.6999841429252722,-5.344829096899373,114072.0,113354.0,114129.0,113407.0
1754452800,114231.0,114173.0,-5.077430820005224,-1.2336214720631844,114385.0,113296.0,114390.0,113365.0
1754467200,114232.0,114171.0,-5.340009804608581,-1.7514361776660436,114372.0,113694.0,114402.0,113733.0
1754481600,115472.0,115430.0,-3.637245392822397,-5.952433057011541,115567.0,113524.0,115507.0,113570.0
1754496000,115295.0,115229.0,-5.724445986382554,0.6064649160042457,115702.0,114930.0,115729.0,114933.0
1754510400,115030.0,114949.0,-7.041641310961966,-5.5510260724755955,115250.0,114756.0,115307.0,114831.0
1754524800,114571.0,114531.0,-3.491284880118295,-7.041641310961966,115174.0,114356.0,115216.0,114431.0
1754539200,114815.0,114805.0,-0.8709663371508913,-2.0950635066130374,114873.0,114241.0,114898.0,114280.0
1754553600,116541.0,116510.0,-2.660008065831221,-0.8709739230405855,116840.0,114803.0,116848.0,114814.0
1754568000,116730.0,116681.0,-4.19772123704254,-3.603510849141678,116791.0,116032.0,116838.0,116053.0
1754582400,117542.0,117467.0,-6.380697963280779,-5.653250190582604,117533.0,115605.0,117577.0,115684.0
1754596800,117515.0,117485.0,-2.5528655916262633,-6.551184317996617,117630.0,117014.0,117675.0,117070.0
1754611200,116774.0,116768.0,-0.5138130063198076,-2.5528655916262633,117641.0,116706.0,117661.0,116719.0
1754625600,116861.0,116853.0,-0.6845739810545926,-0.5138130063198076,116999.0,116410.0,116999.0,116397.0
1754640000,116923.0,116932.0,0.769737348511601,-0.08557687370513989,116963.0,116369.0,116962.0,116351.0
1754654400,116209.0,116252.0,3.7002297584520782,0.855263720567212,117300.0,115947.0,117309.0,115896.0
1754668800,116491.0,116458.0,-2.8328368715180297,3.7863141952354518,116956.0,116035.0,116911.0,115997.0
1754683200,116675.0,116699.0,2.0569959288629924,-1.4595406739648098,117037.0,116306.0,116999.0,116345.0
1754697600,116393.0,116417.0,2.061979672316472,2.1427040925647844,116796.0,116392.0,116765.0,116350.0
1754712000,116776.0,116809.0,2.8259231348903846,2.1478954919973425,117036.0,116392.0,116985.0,116369.0
1754726400,117115.0,117144.0,2.476198608205582,2.483301935263249,117986.0,116806.0,117929.0,116767.0
1754740800,116912.0,116932.0,1.7106883810047435,2.39079203524728,117301.0,116743.0,117251.0,116734.0
1754755200,116567.0,116611.0,3.774653203736378,1.7106883810047435,116988.0,116596.0,116957.0,116549.0
1754769600,116495.0,116545.0,4.292029700845301,3.774653203736378,117115.0,116449.0,117035.0,116412.0
1754784000,118500.0,118570.0,5.907172995780474,4.721435316337175,118639.0,116537.0,118500.0,116490.0
1754798400,117803.0,117846.0,3.6501617106532436,5.991611743558778,118800.0,117495.0,118760.0,117495.0
1754812800,118324.0,118392.0,5.746932152395079,2.546300225771958,118575.0,117664.0,118500.0,117620.0
1754827200,118818.0,118866.0,4.039791950714022,5.662370589478716,119198.0,118294.0,119154.0,118239.0
1754841600,118675.0,118735.0,5.055824731410308,4.208152032116885,118993.0,118477.0,118924.0,118440.0
1754856000,119310.0,119370.0,5.028916268543515,5.140088476933702,119412.0,118122.0,119310.0,118108.0
1754870400,121705.0,121785.0,6.573271435026395,4.945018103794663,122253.0,119064.0,122155.0,119000.0
1754884800,121525.0,121578.0,4.361242542687549,6.655437327964808,122384.0,121501.0,122312.0,121461.0
1754899200,120533.0,120624.0,7.5497996399320755,4.525892217934757,121851.0,120342.0,121800.0,120273.0
1754913600,120306.0,120397.0,7.56404501853547,7.549862277238528,120724.0,119465.0,120632.0,119350.0
1754928000,119077.0,119139.0,5.2067149827417225,8.479155409617523,120933.0,118696.0,120791.0,118654.0
1754942400,118712.0,118758.0,3.8749241862667816,5.122692688825925,119248.0,118167.0,119185.0,118043.0
1754956800,118862.0,118924.0,5.21613299456547,3.8749568279272673,119387.0,118666.0,119305.0,118619.0
1754971200,118992.0,119046.0,4.5381202097627416,6.057954430720436,119239.0,118482.0,119153.0,118440.0
1754985600,118548.0,118563.0,1.2653102540749472,4.454080946618699,119111.0,118250.0,119047.0,118214.0
1755000000,119943.0,120001.0,4.8356302577068355,6.245358179730598,120051.0,118327.0,119973.0,118270.0
1755014400,119657.0,119706.0,4.095038317859512,4.501988378200483,120270.0,119192.0,120207.0,119185.0
1755028800,120107.0,120217.0,9.15850033719856,3.844321686152785,120397.0,119521.0,120304.0,119495.0
1755043200,119468.0,119573.0,8.788964408878996,8.658513233372744,120274.0,119169.0,120169.0,119075.0
1755057600,119619.0,119678.0,4.932326804270026,8.788964408878996,119945.0,119020.0,119827.0,118940.0
1755072000,120564.0,120672.0,8.95789787996426,7.860649088917704,120851.0,119537.0,120714.0,119450.0
1755086400,120940.0,121011.0,5.870679675872292,9.206957473810728,122327.0,120206.0,122208.0,120129.0
1755100800,122774.0,122859.0,6.92328994738256,4.629821007813284,122974.0,121011.0,122884.0,120954.0
1755115200,123360.0,123436.0,6.160830090791158,3.908444683293766,123823.0,122376.0,123715.0,122376.0
1755129600,123415.0,123479.0,5.185755378196433,6.160830090791158,124598.0,123379.0,124517.0,123307.0
1755144000,121773.0,121829.0,4.598720570241355,6.320907617503035,123548.0,121400.0,123472.0,121365.0
1755158400,121019.0,121033.0,1.1568431403330415,3.6950666754242967,122127.0,120762.0,122076.0,120760.0
1755172800,118318.0,118360.0,3.54975574299754,1.1568431403330415,121247.0,117327.0,121186.0,117719.0
1755187200,118019.0,118014.0,-0.4236605970220353,5.325578839701084,118577.0,117200.0,118621.0,117201.0
1755201600,118394.0,118325.0,-5.827998040440763,-0.33893134945506276,118559.0,117330.0,118611.0,117396.0
1755216000,119091.0,119002.0,-7.4732767379570575,-5.743582813173553,119137.0,118065.0,119196.0,118137.0
1755230400,119041.0,119019.0,-1.8481027545136364,-7.305337934856437,119274.0,118673.0,119336.0,118754.0
1755244800,119097.0,119026.0,-5.961527158534485,-1.8481027545136364,119208.0,118647.0,119248.0,118669.0
1755259200,117332.0,117274.0,-4.943237991340554,-5.458056931731958,119132.0,116780.0,119196.0,116900.0
1755273600,116993.0,116938.0,-4.701135965399228,-4.943237991340554,117876.0,116782.0,117933.0,116856.0
1755288000,117446.0,117347.0,-8.429405854605276,-6.2387296920807245,117790.0,116859.0,117859.0,116909.0
1755302400,117533.0,117410.0,-10.465145959007716,-8.429477627825976,117888.0,117245.0,118057.0,117337.0
1755316800,117706.0,117584.0,-10.364807231576512,-10.550228446478682,117882.0,117281.0,117980.0,117394.0
1755331200,117443.0,117341.0,-8.685064243930674,-9.261383429770564,117685.0,117110.0,117799.0,117252.0
1755345600,117764.0,117648.0,-9.850208892361323,-10.045973097224659,117820.0,117307.0,117909.0,117412.0
1755360000,117756.0,117664.0,-7.812765379259234,-10.01995499511743,117800.0,117623.0,117905.0,117705.0
1755374400,117460.0,117357.0,-8.768942618764264,-7.048951999184538,117690.0,117195.0,117788.0,117309.0
1755388800,117759.0,117653.0,-9.00143513446916,-7.918195673088935,117729.0,117144.0,117825.0,117266.0
1755403200,118095.0,117967.0,-10.83873152970094,-8.91651593508791,118204.0,117653.0,118321.0,117758.0
1755417600,118365.0,118275.0,-7.60359903687724,-10.83873152970094,118446.0,117891.0,118554.0,118010.0
1755432000,118305.0,118217.0,-7.438400743839946,-7.60359903687724,118549.0,118030.0,118626.0,118132.0
1755446400,117648.0,117552.0,-8.1599347205219,-8.536317381970804,118289.0,117284.0,118375.0,117399.0
1755460800,117490.0,117380.0,-9.362498936079655,-6.80081269711752,117979.0,117348.0,118071.0,117447.0
1755475200,115387.0,115288.0,-8.579822683664196,-7.15106627506068,117529.0,114928.0,117622.0,115059.0
1755489600,115268.0,115145.0,-10.670784606309214,-8.666412451900918,115688.0,114765.0,115792.0,114955.0
1755504000,115005.0,114912.0,-8.086604930220842,-11.277380177835417,115340.0,114584.0,115451.0,114706.0
1755518400,116212.0,116099.0,-9.723608577427711,-8.608321377331363,116116.0,114742.0,116220.0,114899.0
1755532800,116345.0,116241.0,-8.938931625768198,-7.40198820846083,116750.0,115782.0,116864.0,115923.0
1755547200,116265.0,116164.0,-8.68705113318713,-10.656216699322929,116910.0,115900.0,117033.0,116057.0
1755561600,114872.0,114728.0,-12.535691900550372,-11.350444989036701,116673.0,114683.0,116765.0,114871.0
1755576000,115026.0,114936.0,-7.824317980282824,-13.578796187492248,115423.0,114257.0,115507.0,114442.0
1755590400,115539.0,115476.0,-5.452704281670995,-6.955554009876463,115617.0,114735.0,115701.0,114838.0
1755604800,113770.0,113710.0,-5.273798013536446,-5.539255143285349,115835.0,113509.0,115882.0,113588.0
1755619200,113098.0,113093.0,-0.4420944667460347,-5.8004130597177905,113852.0,112715.0,113902.0,112730.0
1755633600,112870.0,112828.0,-3.7210950651189734,-0.26526371634472135,113534.0,112688.0,113567.0,112702.0
1755648000,113523.0,113490.0,-2.9068999233639037,-3.8096925666697423,113616.0,112504.0,113624.0,112580.0
1755662400,113477.0,113457.0,-1.7624716902986393,-3.0830485183752643,113821.0,113411.0,113828.0,113447.0
1755676800,113656.0,113619.0,-3.255437460406574,-1.7624716902986393,113999.0,113022.0,114198.0,113067.0
1755691200,113318.0,113312.0,-0.529483400695252,-3.1674526641800593,114289.0,112316.0,114323.0,112353.0
1755705600,114269.0,114263.0,-0.5250767924813715,-2.646856416862464,114400.0,113206.0,114455.0,113263.0
1755720000,114263.0,114249.0,-1.2252435171489218,-0.6125895912278967,114603.0,113960.0,114618.0,113995.0
1755734400,113952.0,113922.0,-2.632687447345905,-1.2252435171489218,114801.0,113867.0,114801.0,113899.0
1755748800,113883.0,113854.0,-2.546473134708016,-2.632687447345905,114013.0,113550.0,114014.0,113569.0
1755763200,113146.0,113113.0,-2.916585650398762,-2.4586853058428115,113950.0,112956.0,113980.0,112998.0
1755777600,112765.0,112770.0,0.44339999113240935,-1.679454089028587,113950.0,112591.0,113951.0,112600.0
1755792000,112152.0,112151.0,-0.08916470504272134,0.9755405381439708,112959.0,111948.0,112935.0,111972.0
1755806400,112472.0,112447.0,-2.222775446333314,0.35667790202031924,112880.0,112001.0,112819.0,112021.0
1755820800,112874.0,112883.0,0.7973492566937246,-2.1338834010542485,113500.0,112280.0,113472.0,112297.0
1755835200,113050.0,113064.0,1.2383900928791824,0.7973492566937246,113374.0,112662.0,113336.0,112674.0
1755849600,112279.0,112307.0,2.4937877964714694,1.7692069529839927,113284.0,112159.0,113262.0,112148.0
1755864000,116378.0,116329.0,-4.210417776555619,2.4937877964714694,117240.0,111690.0,117317.0,111658.0
1755878400,116658.0,116664.0,0.5143239212057615,-5.326872352673373,117420.0,116075.0,117421.0,116113.0
1755892800,116891.0,116963.0,6.159584570240018,1.800380651908462,117190.0,116570.0,117170.0,116530.0
1755907200,115518.0,115577.0,5.107429145241316,4.7045540082790716,117062.0,115473.0,116985.0,115411.0
1755921600,115743.0,115835.0,7.948644842452612,5.453837164004494,116071.0,115561.0,115978.0,115496.0
1755936000,115240.0,115271.0,2.690038181187848,7.862246528946848,115908.0,115250.0,115829.0,115189.0
1755950400,114793.0,114930.0,11.93452562438413,1.127777151235243,115513.0,114629.0,115444.0,114536.0
1755964800,115104.0,115222.0,10.251598554351649,13.242955967172065,115279.0,114767.0,115147.0,114654.0
1755979200,115392.0,115495.0,8.926095396561973,9.729908173992108,115500.0,115071.0,115396.0,114981.0
1755993600,114988.0,115107.0,10.348905972796807,9.012834623149946,115723.0,115001.0,115626.0,114899.0
1756008000,114843.0,114938.0,8.27216286582555,10.348905972796807,115357.0,114917.0,115248.0,114809.0
1756022400,114711.0,114805.0,8.194506193826001,8.27216286582555,115137.0,114657.0,115010.0,114566.0
1756036800,114373.0,114502.0,11.278885751007106,8.194506193826001,114959.0,114436.0,114843.0,114323.0
1756051200,112563.0,112710.0,13.059353428745979,11.80400111919333,114997.0,110520.0,114857.0,110671.0
1756065600,113478.0,113575.0,8.547912370679978,13.415186702085968,113807.0,111761.0,113664.0,111677.0
1756080000,112897.0,112996.0,8.769054979318458,7.401467957812713,113765.0,112232.0,113645.0,112138.0
1756094400,111481.0,111551.0,6.279096886465663,8.857631292240598,113155.0,111320.0,113038.0,111289.0
1756108800,111165.0,111261.0,8.635811631358958,7.625643694040285,111878.0,110969.0,111811.0,110900.0
1756123200,112196.0,112238.0,3.74344896431289,8.455746759379323,112653.0,110626.0,112573.0,110584.0
1756137600,110666.0,110691.0,2.259049753312592,1.0692804633549713,112987.0,110672.0,112943.0,110658.0
1756152000,110136.0,110144.0,0.7263746640506774,-0.09034076536740265,111103.0,109278.0,111076.0,109283.0
1756166400,109889.0,109888.0,-0.09100091910907437,1.5436582885364203,110145.0,108690.0,110128.0,108717.0
1756180800,110314.0,110328.0,1.2691045560853098,-1.8196871957709693,110583.0,109788.0,110544.0,109790.0
1756195200,109878.0,109902.0,2.184240703324569,1.1784435480222122,110487.0,109596.0,110455.0,109582.0
1756209600,109673.0,109709.0,3.2824852060220344,0.0,110850.0,109427.0,110770.0,109369.0
1756224000,111147.0,111165.0,1.6194769089583616,3.647505106507687,111218.0,109490.0,111177.0,109449.0
1756238400,111788.0,111817.0,2.594196157010842,3.959647591365023,112431.0,110980.0,112400.0,110934.0
1756252800,111427.0,111475.0,4.307753058054864,2.5047187111426616,111879.0,110959.0,111836.0,110929.0
1756267200,110738.0,110767.0,2.6187939099497903,4.4873635841469195,111799.0,110675.0,111730.0,110653.0
1756281600,111334.0,111357.0,2.0658558930786164,1.3543773475865883,111420.0,110379.0,111409.0,110381.0
1756296000,112038.0,112078.0,3.5702172477192207,2.0658744487267455,112699.0,111044.0,112646.0,111049.0
1756310400,112093.0,112147.0,4.817428385357481,3.5701853818759233,112686.0,111601.0,112632.0,111572.0
1756324800,111273.0,111273.0,0.0,5.263721361787876,112528.0,111028.0,112465.0,110918.0
1756339200,112015.0,112029.0,1.2498326117027503,0.08986986843151357,112065.0,110882.0,112060.0,110876.0
1756353600,113147.0,113136.0,-0.9721866244793986,1.428392879461171,113400.0,111975.0,113365.0,111958.0
1756368000,112929.0,112955.0,2.302331553454273,-0.9721780323113105,113380.0,112842.0,113361.0,112836.0
1756382400,112692.0,112740.0,4.259397295283129,2.213760736740067,113527.0,112446.0,113473.0,112403.0
1756396800,111906.0,111920.0,1.2510499883822135,2.572952063242262,113251.0,111918.0,113196.0,111906.0
1756411200,112581.0,112605.0,2.1317984384583433,0.3574077217938232,112610.0,111890.0,112591.0,111869.0
1756425600,111730.0,111711.0,-1.7005280587134575,2.0429735035221164,112661.0,111319.0,112654.0,111343.0
1756440000,110041.0,110032.0,-0.8178769731281843,-1.5215387231604094,111892.0,109900.0,111878.0,109927.0
1756454400,110112.0,110071.0,-3.7234815460618353,-0.7270083605959154,110276.0,109415.0,110291.0,109436.0
1756468800,108402.0,108359.0,-3.9667164812462463,-3.9050793275996476,111515.0,108082.0,111480.0,108042.0
1756483200,108236.0,108180.0,-5.173879300787165,-3.8744672607515795,108798.0,107854.0,108854.0,107904.0
1756497600,108362.0,108330.0,-2.9530647274877975,-4.989190088142692,108500.0,107417.0,108558.0,107488.0
1756512000,108437.0,108358.0,-7.285336185988145,-4.429024876356769,108368.0,107262.0,108438.0,107389.0
1756526400,108520.0,108462.0,-5.344636933284352,-7.653931631025346,108614.0,108055.0,108663.0,108130.0
1756540800,108706.0,108670.0,-3.311684727613784,-5.344636933284352,108741.0,108351.0,108766.0,108416.0
1756555200,108886.0,108893.0,0.6428741987041242,-2.20801324807951,108943.0,108242.0,108924.0,108234.0
1756569600,108853.0,108817.0,-3.3072124792155044,3.3991107191422287,108900.0,108623.0,108911.0,108638.0
1756584000,108827.0,108799.0,-2.5728909186140125,-3.6745117492509305,108832.0,108455.0,108859.0,108486.0
1756598400,109208.0,109230.0,2.014504431908648,-2.481001957235218,109500.0,108800.0,109503.0,108824.0
1756612800,108727.0,108704.0,-2.1153899215464733,4.9461873139455825,109240.0,108530.0,109183.0,108541.0
1756627200,108399.0,108406.0,0.6457624147815366,-1.931478500805106,109111.0,108296.0,109107.0,108339.0
1756641600,108818.0,108820.0,0.18379312246130652,0.18451205786362834,108871.0,108195.0,108851.0,108208.0
1756656000,108941.0,108910.0,-2.8455769636770434,1.010936494807435,109215.0,108552.0,109237.0,108573.0
1756670400,108269.0,108227.0,-3.879226740802766,-3.3043893304940397,109228.0,108057.0,109238.0,108092.0
1756684800,107670.0,107675.0,0.46438190768105514,-3.879262570658515,108498.0,107385.0,108468.0,107419.0
1756699200,109422.0,109418.0,-0.36555720056341556,1.5791331487924332,109418.0,107249.0,109422.0,107270.0
1756713600,108775.0,108800.0,2.298322224776328,-0.2741679004225617,109919.0,108200.0,109907.0,108188.0
1756728000,108779.0,108774.0,-0.45964754226468507,2.298322224776328,109574.0,108557.0,109533.0,108586.0
1756742400,109218.0,109195.0,-2.105879983153036,-3.492261882880321,109316.0,108385.0,109317.0,108455.0
1756756800,109244.0,109222.0,-2.013840577056447,-1.4650538865135232,109442.0,107400.0,109444.0,107483.0
1756771200,110326.0,110301.0,-2.2660116382355877,-3.0204567296687745,110609.0,108850.0,110602.0,108888.0
1756785600,110254.0,110220.0,-3.0837883432799362,-2.447248205351693,110599.0,110001.0,110604.0,110016.0
1756800000,109755.0,109686.0,-6.286729533961921,-3.083816313388388,110726.0,109516.0,110710.0,109598.0
1756814400,110844.0,110794.0,-4.51084406914215,-6.013612632230769,111752.0,108350.0,111775.0,108426.0
1756828800,110809.0,110770.0,-3.519569710042081,-4.8715357967665796,111099.0,110134.0,111148.0,110200.0
1756843200,111238.0,111225.0,-1.1686653841314065,-3.429355281207025,111536.0,110681.0,111556.0,110718.0
1756857600,111069.0,111016.0,-4.771808515426912,-1.1686653841314065,111770.0,110864.0,111787.0,110905.0
1756872000,111116.0,111077.0,-3.509845566794789,-4.41183090982733,111130.0,110502.0,111164.0,110550.0
1756886400,111470.0,111412.0,-5.2031936843999205,-3.419880304189604,111687.0,110839.0,111726.0,110917.0
1756900800,112246.0,112208.0,-3.3854213067729955,-5.3824692974979715,112506.0,110987.0,112525.0,111070.0
1756915200,112256.0,112186.0,-6.2357468643103875,-3.385451467771139,112580.0,111668.0,112615.0,111704.0
1756929600,111759.0,111670.0,-7.9635644556586005,-4.811119030648792,112238.0,111558.0,112301.0,111678.0
1756944000,111188.0,111112.0,-6.835269993165083,-7.874156659926079,112171.0,111111.0,112223.0,111184.0
1756958400,110506.0,110447.0,-5.339076611224902,-6.2055382180215,111294.0,110262.0,111369.0,110326.0
1756972800,110859.0,110787.0,-6.494736557248748,-5.158137640830507,111128.0,110410.0,111169.0,110444.0
1756987200,109522.0,109530.0,0.7304468508606554,-6.404531882842068,111101.0,109324.0,111156.0,109343.0
1757001600,109817.0,109796.0,-1.9122722347175714,0.7304468508606554,110207.0,109363.0,110213.0,109361.0
1757016000,110747.0,110741.0,-0.5417753979797268,-1.365871425970111,111798.0,109759.0,111750.0,109772.0
1757030400,111321.0,111317.0,-0.35932124217374906,0.18060647654749573,111504.0,110456.0,111490.0,110464.0
1757044800,112978.0,112949.0,-2.56687142629497,-0.35932124217374906,112980.0,111151.0,113002.0,111165.0
1757059200,112374.0,112342.0,-2.84763379429398,-2.0358846804102715,112975.0,112115.0,112990.0,112144.0
1757073600,110722.0,110761.0,3.5223352179336587,-2.9365962180205596,113400.0,110277.0,113402.0,110288.0
1757088000,111630.0,111570.0,-5.374899220639273,3.52230340579629,111570.0,110208.0,111637.0,110226.0
1757102400,110669.0,110646.0,-2.0782694340781838,-5.016752369519928,111694.0,110350.0,111703.0,110393.0
1757116800,111089.0,111077.0,-1.0802149627775481,-1.7168467849781877,111304.0,110550.0,111314.0,110570.0
1757131200,110834.0,110829.0,-0.4511251060146382,-1.1702223422449531,111086.0,110692.0,111090.0,110710.0
1757145600,110799.0,110770.0,-2.617352142166851,-1.8042725173206264,110972.0,110665.0,110982.0,110687.0
1757160000,110411.0,110349.0,-5.615382525291368,-2.7075812274368616,110964.0,110313.0,111014.0,110385.0
1757174400,110059.0,109986.0,-6.6328060403963995,-5.343815665531659,110369.0,109908.0,110411.0,110021.0
1757188800,110223.0,110139.0,-7.620913965324938,-7.4499400370675595,110230.0,109983.0,110319.0,110057.0
1757203200,110660.0,110582.0,-7.048617386589129,-7.711639131579018,110700.0,110128.0,110755.0,110212.0
1757217600,110770.0,110724.0,-4.152748939243445,-6.958250497017815,110888.0,110389.0,110916.0,110491.0
1757232000,111300.0,111258.0,-3.7735849056608206,-3.882022624066561,111318.0,110684.0,111369.0,110734.0
1757246400,111332.0,111276.0,-5.030000359286246,-4.941022162729958,111365.0,110996.0,111412.0,111051.0
1757260800,111268.0,111218.0,-4.493654959197846,-5.030000359286246,111344.0,110807.0,111369.0,110876.0
1757275200,111144.0,111102.0,-3.778881451090843,-4.40386101774104,111560.0,110960.0,111597.0,111009.0
1757289600,111039.0,110991.0,-4.322805500770466,-3.8688548189735883,111359.0,110578.0,111354.0,110624.0
1757304000,111263.0,111215.0,-4.314102621716387,-2.9723303069606466,111562.0,110855.0,111597.0,110903.0
1757318400,112042.0,112041.0,-0.08925224469380488,-5.5716314096232455,112184.0,111197.0,112169.0,111237.0
1757332800,112644.0,112593.0,-4.527538084585503,-0.4462413094508122,112871.0,111855.0,112935.0,111879.0
1757347200,112089.0,112014.0,-6.691111527447058,-4.350026188932876,112650.0,111950.0,112687.0,112013.0
1757361600,112098.0,112035.0,-5.62008242787515,-9.454577888774462,112493.0,111839.0,112511.0,111905.0
1757376000,111714.0,111695.0,-1.7007716132266815,-5.530924110368485,112062.0,111102.0,112112.0,111130.0
1757390400,112996.0,112967.0,-2.5664625296473176,-0.7161848831271911,113222.0,111608.0,113279.0,111636.0
1757404800,112443.0,112412.0,-2.7569524114434696,-7.253491848667748,113155.0,112390.0,113161.0,112430.0
1757419200,110886.0,110895.0,0.8116443915362481,-3.290351267229985,112940.0,110756.0,112957.0,110768.0
1757433600,111308.0,111359.0,4.581880907033042,0.9920187581724527,111434.0,110811.0,111417.0,110796.0
1757448000,111531.0,111563.0,2.869157453981863,4.671805652884942,111789.0,111107.0,111731.0,111095.0
1757462400,111554.0,111547.0,-0.6274987898235995,1.0757411408235384,111608.0,110939.0,111569.0,110932.0
1757476800,112543.0,112548.0,0.44427463280705126,-0.6274931648064808,112582.0,111382.0,112579.0,111373.0
1757491200,112289.0,112332.0,3.8294044830755603,0.5331342965297914,112834.0,112109.0,112835.0,112120.0
1757505600,113875.0,113831.0,-3.863885839736625,3.9184604012865165,114266.0,112332.0,114348.0,112289.0
1757520000,113621.0,113584.0,-3.256440270724692,-4.390509474719861,114070.0,113140.0,114115.0,113207.0
1757534400,113988.0,113954.0,-2.9827701161522224,-3.3444521699332874,114035.0,113515.0,114047.0,113566.0
1757548800,114430.0,114408.0,-1.9225727519012192,-2.8073376788584348,114450.0,113650.0,114462.0,113708.0
1757563200,114115.0,114083.0,-2.804188756955206,-1.8351991191045691,114471.0,113955.0,114485.0,114007.0
1757577600,114045.0,113999.0,-4.0334955500020975,-1.577563540753335,114188.0,113757.0,114250.0,113815.0
1757592000,114228.0,114167.0,-5.340196799383801,-4.909911884617424,114709.0,113421.0,114735.0,113460.0
1757606400,114461.0,114408.0,-4.6303981268724925,-3.677436301550152,114608.0,114102.0,114654.0,114137.0
1757620800,115533.0,115489.0,-3.8084356850420775,-4.368223792841075,115498.0,114239.0,115533.0,114287.0
1757635200,115242.0,115212.0,-2.6032175769252763,-3.8084356850420775,116409.0,115072.0,116358.0,115106.0
1757649600,115152.0,115119.0,-2.86577740725269,-1.3885513937583749,115700.0,115096.0,115701.0,115121.0
1757664000,114945.0,114943.0,-0.17399625908076644,-3.126221180148603,115313.0,114915.0,115313.0,114912.0
1757678400,115153.0,115128.0,-2.171024636787866,-0.4349755108790099,115500.0,114766.0,115507.0,114770.0
1757692800,116783.0,116612.0,-14.64254215082672,-3.2128095585426397,116643.0,115045.0,116805.0,115059.0
1757707200,116108.0,116023.0,-7.320770317290615,-14.728044937662998,116613.0,115736.0,116784.0,115867.0
1757721600,116029.0,115960.0,-5.946789164777977,-7.40689702690589,116288.0,115575.0,116364.0,115687.0
1757736000,115855.0,115790.0,-5.610461352553164,-5.429911052885483,115961.0,115657.0,116024.0,115729.0
1757750400,116040.0,115984.0,-4.825922095829105,-5.179066214361372,116210.0,115785.0,116244.0,115848.0
1757764800,115836.0,115775.0,-5.266065817189913,-4.739785761683768,116080.0,115619.0,116130.0,115679.0
1757779200,115848.0,115794.0,-4.6612802983214685,-5.179736869367346,115835.0,115050.0,115885.0,115177.0
1757793600,115981.0,115908.0,-6.294134384080552,-4.747559322911821,115985.0,115791.0,116038.0,115848.0
1757808000,115722.0,115669.0,-4.579941584140768,-6.207966890843242,116100.0,115630.0,116160.0,115715.0
1757822400,115873.0,115778.0,-8.198631260086797,-4.148086695011655,115916.0,115441.0,116007.0,115521.0
1757836800,115860.0,115790.0,-6.041774555497481,-7.939932683179718,116139.0,115732.0,116216.0,115816.0
1757851200,115289.0,115205.0,-7.286037696571102,-6.041774555497481,115855.0,115119.0,115940.0,115231.0
1757865600,115684.0,115628.0,-4.840773140624144,-7.286037696571102,115638.0,115149.0,115701.0,115250.0
1757880000,115342.0,115276.0,-5.7221133672036295,-4.927172926481038,116098.0,115120.0,116132.0,115190.0
1757894400,115491.0,115458.0,-2.857365509000287,-3.468729404418891,115600.0,114821.0,115618.0,114885.0
1757908800,115846.0,115838.0,-0.6905719662309018,-1.8185282045068973,116776.0,115405.0,116786.0,115433.0
1757923200,115111.0,115061.0,-4.3436335363256084,-0.6905660051614859,115839.0,114624.0,115848.0,114685.0
1757937600,114896.0,114867.0,-2.52402172399413,-4.777996889958613,115081.0,114367.0,115123.0,114421.0
1757952000,115341.0,115296.0,-3.9014747574583897,-1.305755771440209,115565.0,114601.0,115582.0,114633.0
1757966400,115387.0,115370.0,-1.473302885073302,-2.8613791847675873,115600.0,115200.0,115643.0,115231.0
1757980800,115338.0,115301.0,-3.207962683591248,-1.6466040957108241,115546.0,114955.0,115535.0,114990.0
1757995200,115865.0,115839.0,-2.2439908514215734,-3.121260989439323,116025.0,114917.0,116035.0,114981.0
1758009600,115316.0,115300.0,-1.3874917617673344,-2.1577021335361657,115985.0,115209.0,116001.0,115233.0
1758024000,115935.0,115938.0,0.2587656876706923,-1.3874917617673344,115943.0,114730.0,115935.0,114776.0
1758038400,116853.0,116775.0,-6.675053272059417,0.1725104584471282,116865.0,115614.0,116902.0,115646.0
1758052800,116837.0,116761.0,-6.504788722750954,-6.674996149040879,116924.0,116564.0,117006.0,116644.0
1758067200,116430.0,116306.0,-10.65017607145946,-6.419254339415925,117000.0,116305.0,117109.0,116429.0
1758081600,117200.0,117110.0,-7.679180887372183,-10.65017607145946,117226.0,116090.0,117323.0,116216.0
1758096000,116288.0,116214.0,-6.363511282333478,-8.10545625186676,117133.0,116208.0,117228.0,116287.0
1758110400,115909.0,115870.0,-3.364708521339521,-6.277571869598431,116490.0,115403.0,116540.0,115504.0
1758124800,115701.0,115677.0,-2.074312235849085,-3.2784339438696186,116351.0,114798.0,116341.0,114747.0
1758139200,116477.0,116466.0,-0.944392455163312,-1.7286532926519271,117030.0,115343.0,117030.0,115364.0
1758153600,117620.0,117604.0,-1.3603128719608115,-1.2019024398624012,117935.0,116105.0,117934.0,116144.0
1758168000,117111.0,117112.0,0.0853890753216291,-0.8501521772397158,117786.0,116925.0,117793.0,116922.0
1758182400,117101.0,117074.0,-2.305701915440439,0.1707810672102461,117433.0,117027.0,117435.0,117044.0
1758196800,117632.0,117635.0,0.25503264417858773,-2.305701915440439,117900.0,117000.0,117887.0,117028.0
1758211200,117508.0,117484.0,-2.042414133506254,0.4250580204190335,117960.0,117195.0,117968.0,117242.0
1758225600,117125.0,117110.0,-1.2806830309497474,-2.5529959407366576,117679.0,116664.0,117715.0,116692.0
1758240000,117029.0,117025.0,-0.3417956233064956,-1.1099347699872197,117530.0,116906.0,117506.0,116935.0
1758254400,116973.0,116956.0,-1.453326836107216,-0.3417956233064956,117128.0,116652.0,117126.0,116705.0
1758268800,116456.0,116425.0,-2.6619495775226376,-1.3678370222192093,117141.0,116332.0,117154.0,116369.0
1758283200,115948.0,115926.0,-1.8974022837825455,-2.4902322785624875,116578.0,115514.0,116578.0,115507.0
1758297600,115160.0,115176.0,1.3893713094814686,-1.8974186481757194,116200.0,115167.0,116202.0,115157.0
1758312000,115702.0,115674.0,-2.420010025755426,1.476207016324338,115699.0,115150.0,115715.0,115144.0
1758326400,115512.0,115462.0,-4.328554609045465,-2.4199891100484816,115779.0,115414.0,115794.0,115479.0
1758340800,116027.0,115986.0,-3.5336602687308094,-4.328554609045465,116000.0,115430.0,116040.0,115484.0
1758355200,115958.0,115910.0,-4.139429793545979,-3.447503145846964,115986.0,115671.0,116026.0,115731.0
1758369600,116066.0,116000.0,-5.686419795633002,-4.225631473193658,116135.0,115819.0,116197.0,115882.0
1758384000,115782.0,115698.0,-7.2550137327043185,-5.85868506983056,116100.0,115685.0,116161.0,115780.0
1758398400,115759.0,115686.0,-6.306205133078668,-7.2550137327043185,115955.0,115620.0,116019.0,115693.0
1758412800,115722.0,115671.0,-4.40711359983359,-6.133485374660852,115735.0,115455.0,115813.0,115521.0
1758427200,115891.0,115842.0,-4.228110897308568,-4.40711359983359,115842.0,115494.0,115901.0,115569.0
1758441600,115675.0,115594.0,-7.00237735033471,-4.659349761855225,115843.0,115321.0,115901.0,115411.0
1758456000,115594.0,115538.0,-4.844542104261995,-6.915928247244185,115743.0,115473.0,115822.0,115535.0
1758470400,115554.0,115524.0,-2.596188794848908,-4.931051784694551,115688.0,115206.0,115724.0,115287.0
1758484800,115292.0,115278.0,-1.2143080179027876,-2.596188794848908,115600.0,115226.0,115604.0,115258.0
1758499200,114721.0,114598.0,-10.721663862762743,0.7807417046201692,115430.0,114044.0,115435.0,114225.0
1758513600,112594.0,112506.0,-7.815691777537381,-9.502471514379884,114598.0,111149.0,114723.0,111986.0
1758528000,112956.0,112843.0,-10.003895322072687,-8.437394532568865,112900.0,112145.0,113044.0,112268.0
1758542400,112905.0,112804.0,-8.945573712413335,-9.915365274973942,113435.0,112363.0,113515.0,112473.0
1758556800,112177.0,112115.0,-5.5269796838919305,-8.857082122865068,112869.0,111919.0,112975.0,112015.0
1758571200,112741.0,112638.0,-9.13598424707951,-6.952305402297965,112984.0,111938.0,113052.0,112049.0
1758585600,112415.0,112329.0,-7.6502246141529895,-9.047285370894498,112831.0,111431.0,112920.0,111571.0
1758600000,113147.0,113092.0,-4.860933122398103,-8.716689792578336,113131.0,111833.0,113175.0,111966.0
1758614400,113052.0,112953.0,-8.757032162191036,-5.302554947725913,113273.0,112668.0,113337.0,112754.0
1758628800,112938.0,112868.0,-6.198090987975524,-8.491892896000941,113289.0,112455.0,113344.0,112549.0
1758643200,111676.0,111629.0,-4.20860346000973,-6.10954683100462,112961.0,111518.0,113016.0,111570.0
1758657600,112025.0,111976.0,-4.3740236554346,-4.20860346000973,112201.0,111414.0,112262.0,111463.0
1758672000,111720.0,111635.0,-7.608306480486604,-4.463289444320839,112500.0,111626.0,112530.0,111717.0
1758686400,112608.0,112551.0,-5.0618073316277545,-7.697678165445865,112761.0,110904.0,112807.0,111115.0
1758700800,113062.0,113025.0,-3.2725407298650477,-5.505385510180538,113180.0,112370.0,113188.0,112435.0
1758715200,113392.0,113342.0,-4.409482150415922,-2.653599165001186,113901.0,112790.0,113938.0,112849.0
1758729600,113467.0,113408.0,-5.1997497069633525,-4.673803770789409,113947.0,113167.0,114005.0,113182.0
1758744000,113339.0,113277.0,-5.470314719557834,-5.287694653259845,113610.0,113169.0,113692.0,113247.0
1758758400,112596.0,112547.0,-4.351841983729621,-6.528394103272328,113489.0,112173.0,113542.0,112241.0
1758772800,111781.0,111724.0,-5.099256582066225,-1.8656882168466282,112588.0,111400.0,112618.0,111483.0
1758787200,111372.0,111306.0,-5.926085551125615,-5.099256582066225,112232.0,111226.0,112265.0,111317.0
1758801600,111657.0,111562.0,-8.508199217245327,-5.477385581006411,111721.0,110500.0,111769.0,110658.0
1758816000,109389.0,109306.0,-7.587600215743784,-8.418639225484803,111648.0,108569.0,111742.0,108652.0
1758830400,109021.0,108962.0,-5.411801396061344,-7.952976881518969,109685.0,108732.0,109724.0,108816.0
1758844800,109630.0,109557.0,-6.6587612879687175,-5.320075948670455,109800.0,108761.0,109848.0,108855.0
1758859200,109393.0,109289.0,-9.507006846872779,-7.934770712487715,109594.0,108885.0,109676.0,109003.0
1758873600,109186.0,109074.0,-10.257725349404057,-10.602709174999392,109680.0,108565.0,109768.0,108676.0
1758888000,109084.0,108963.0,-11.092369183381967,-10.074643952924234,109728.0,108710.0,109829.0,108809.0
1758902400,109241.0,109142.0,-9.062531467123325,-11.183939130036125,110268.0,108963.0,110372.0,109085.0
1758916800,109696.0,109614.0,-7.475204200699803,-8.60530049892394,109662.0,109065.0,109738.0,109151.0
1758931200,109632.0,109516.0,-10.580852305895894,-7.201852425838817,109677.0,109278.0,109789.0,109393.0
1758945600,109459.0,109349.0,-10.049424898820325,-9.852396504224092,109688.0,109275.0,109785.0,109396.0
1758960000,109364.0,109272.0,-8.412274605903436,-9.866798223976403,109441.0,109060.0,109532.0,109130.0
1758974400,109459.0,109346.0,-10.323500123333718,-8.320836838447976,109440.0,109144.0,109527.0,109252.0
1758988800,109473.0,109378.0,-8.677938852502676,-10.232235195234418,109398.0,109193.0,109486.0,109304.0
1759003200,109679.0,109599.0,-7.294012527466753,-8.769205473445618,109669.0,109310.0,109751.0,109409.0
1759017600,109490.0,109410.0,-7.306603342771556,-7.2028373708732385,109766.0,109287.0,109830.0,109396.0
1759032000,109557.0,109464.0,-8.488731892987156,-7.397868317944312,109493.0,109222.0,109567.0,109317.0
1759046400,109416.0,109322.0,-8.59106529209619,-8.397455205966242,109551.0,109199.0,109639.0,109304.0
1759060800,110056.0,109979.0,-6.996438176928299,-8.59106529209619,109990.0,109145.0,110056.0,109239.0
1759075200,110357.0,110276.0,-7.339815326621313,-7.995130238854786,110329.0,109942.0,110411.0,110031.0
1759089600,112203.0,112130.0,-6.506064900225761,-7.339815326621313,112316.0,110234.0,112375.0,110334.0
1759104000,111879.0,111822.0,-5.094789906953112,-6.506064900225761,112278.0,111531.0,112334.0,111620.0
1759118400,111892.0,111817.0,-6.702892074500477,-7.238347154704394,111851.0,111490.0,111933.0,111597.0
1759132800,112150.0,112068.0,-7.311636201515759,-6.792263968826706,112400.0,111816.0,112438.0,111892.0
1759147200,113881.0,113752.0,-11.327613912768264,-7.222534307037565,114167.0,111847.0,114314.0,111953.0
1759161600,114345.0,114210.0,-11.806375442738881,-11.678550103614294,114379.0,113408.0,114462.0,113522.0
1759176000,114379.0,114274.0,-9.18000681943365,-10.932785236367204,114376.0,113976.0,114486.0,114078.0
1759190400,114440.0,114324.0,-10.136315973435783,-7.607621612640836,114778.0,113984.0,114842.0,114108.0
1759204800,113753.0,113654.0,-8.70306717185465,-8.652106656877878,114324.0,113533.0,114423.0,113642.0
1759219200,113107.0,113024.0,-7.338184197264175,-8.527472527471991,113696.0,112602.0,113797.0,112714.0
1759233600,113133.0,113072.0,-5.39188388887446,-6.631417001184969,113687.0,112812.0,113723.0,112917.0
1759248000,114369.0,114330.0,-3.410014951603646,-5.391836229603486,114558.0,112745.0,114583.0,112808.0
1759262400,114065.0,114036.0,-2.5424100293691687,-2.9728335475520673,114744.0,113748.0,114775.0,113787.0
1759276800,114196.0,114162.0,-2.9773372097097184,-3.681659201080212,114546.0,113940.0,114572.0,113982.0
1759291200,114581.0,114532.0,-4.276450720450686,-5.777867266630876,114730.0,114132.0,114747.0,114170.0
1759305600,116839.0,116803.0,-3.081162967845108,-4.276450720450686,116832.0,114465.0,116839.0,114520.0
1759320000,117500.0,117373.0,-10.808510638298241,-3.423397208219825,117641.0,116350.0,117713.0,116412.0
1759334400,117500.0,117384.0,-9.872340425531867,-10.55310167572987,118187.0,116697.0,118267.0,116786.0
1759348800,118668.0,118572.0,-8.089796743856459,-4.342864928384982,118619.0,117100.0,118708.0,117227.0
1759363200,118813.0,118680.0,-11.194061255923593,-8.510710012302747,119430.0,118333.0,119509.0,118454.0
1759377600,118577.0,118435.0,-11.975340917715904,-11.194061255923593,118879.0,118203.0,118991.0,118355.0
1759392000,118838.0,118725.0,-9.508742994664976,-12.143802865600684,118888.0,118301.0,118982.0,118430.0
1759406400,119996.0,119890.0,-8.833627787593334,-9.340682458871541,119923.0,118470.0,119996.0,118611.0
1759420800,120941.0,120829.0,-9.260713901819706,-8.750364598525406,121050.0,119322.0,121106.0,119454.0
1759435200,120612.0,120516.0,-7.9594070241761905,-8.517183210399182,120955.0,120036.0,121012.0,120159.0
1759449600,120324.0,120237.0,-7.230477710182814,-10.692527663807017,120554.0,119790.0,120655.0,119942.0
1759464000,119740.0,119647.0,-7.7668281276099815,-7.313586649380088,120336.0,119632.0,120421.0,119722.0
1759478400,120420.0,120363.0,-4.733432984553865,-7.8502768475297025,120538.0,119216.0,120635.0,119353.0
1759492800,122355.0,122321.0,-2.7787993952022028,-5.563397824461802,122479.0,119901.0,122443.0,120009.0
1759507200,122782.0,122694.0,-7.167174341515814,-3.7591834399797186,123950.0,121525.0,123966.0,121565.0
1759521600,122308.0,122266.0,-3.4339536252736558,-7.08572917854422,122785.0,122037.0,122825.0,122116.0
1759536000,122324.0,122283.0,-3.351754357280301,-4.986552657179066,122369.0,121709.0,122398.0,121786.0
1759550400,122420.0,122364.0,-4.574415945106658,-3.2700042510058758,122853.0,122264.0,122885.0,122310.0
1759564800,122061.0,122014.0,-3.850533749518714,-3.676200279391084,122577.0,121997.0,122612.0,122047.0
1759579200,121871.0,121844.0,-2.215457327829906,-2.7857891976923455,122553.0,121750.0,122560.0,121790.0
1759593600,122036.0,122038.0,0.1638860664066044,-2.215457327829906,122038.0,121500.0,122041.0,121575.0
1759608000,122441.0,122455.0,1.1434078454120034,-1.147052076164723,122500.0,121931.0,122472.0,121944.0
1759622400,123853.0,123854.0,0.08074087829879062,-0.16332130199692152,124449.0,122200.0,124383.0,122209.0
1759636800,124752.0,124786.0,2.7254072078997105,1.7766149025688627,125913.0,123809.0,125725.0,123793.0
1759651200,123491.0,123559.0,5.506474156011798,3.286704877951685,124944.0,122594.0,124865.0,122538.0
1759665600,122843.0,122889.0,3.7446171128996397,6.5599261400905995,123559.0,122762.0,123477.0,122723.0
1759680000,122629.0,122680.0,4.1588857448071614,3.8260841250070676,123550.0,122300.0,123491.0,122355.0
1759694400,123519.0,123570.0,4.128919437496048,4.2404325241185425,123623.0,122545.0,123579.0,122518.0
1759708800,123914.0,123941.0,2.178930548606406,4.128919437496048,124462.0,123184.0,124387.0,123148.0
1759723200,123437.0,123474.0,2.9974804961230284,3.066915248217672,124283.0,123368.0,124189.0,123344.0
1759737600,124269.0,124314.0,3.6211766409954826,3.0785184225012863,124635.0,123473.0,124517.0,123436.0
1759752000,125067.0,125084.0,1.3592714305121767,3.701677020633287,125498.0,124267.0,125469.0,124233.0
1759766400,125481.0,125503.0,1.7532534806075084,1.2793142875411334,126297.0,124879.0,126272.0,124886.0
1759780800,124728.0,124711.0,-1.362965813610506,2.8692574999200637,125634.0,124552.0,125608.0,124593.0
1759795200,124391.0,124363.0,-2.250966709810287,-1.362965813610506,125167.0,124140.0,125154.0,124189.0
1759809600,123764.0,123727.0,-2.989560776962552,-2.893937201562391,124710.0,123600.0,124712.0,123654.0
1759824000,124545.0,124521.0,-1.9270143321692412,-2.6664727413761025,124584.0,123365.0,124607.0,123417.0
1759838400,121944.0,121971.0,2.2141310765588784,-1.7664439876674543,125244.0,121247.0,125235.0,121288.0
1759852800,121682.0,121677.0,-0.4109071185554036,3.362502357853181,122208.0,120564.0,122150.0,120648.0
1759867200,121395.0,121401.0,0.4942542938346506,-1.8898776509645998,122375.0,121337.0,122362.0,121311.0
1759881600,121438.0,121424.0,-1.152851660929377,-0.5765730147355708,122300.0,121256.0,122282.0,121277.0
1759896000,121638.0,121655.0,1.3975895690498952,-1.3175122075737011,121969.0,121100.0,121966.0,121113.0
1759910400,122920.0,122959.0,3.1727953140259224,0.4110152075620377,123285.0,121575.0,123239.0,121568.0
1759924800,122228.0,122242.0,1.1454003992539263,3.1727953140259224,123387.0,121700.0,123372.0,121722.0
1759939200,123478.0,123523.0,3.644373896565245,1.3090397375381535,124303.0,122169.0,124220.0,122143.0
1759953600,123345.0,123385.0,3.242936478982106,3.2395484069525082,123809.0,122883.0,123762.0,122855.0
1759968000,122067.0,122078.0,0.9011444534556823,2.8374774015182957,123428.0,121497.0,123375.0,121522.0
1759982400,121952.0,121922.0,-2.4599842561012775,0.9011444534556823,122312.0,121743.0,122282.0,121770.0
1759996800,122787.0,122752.0,-2.85046462573435,-2.378004280407797,122864.0,121131.0,122870.0,121194.0
1760011200,121202.0,121187.0,-1.2376033398786568,-2.8504878406332423,123783.0,120696.0,123819.0,120741.0
1760025600,121031.0,120868.0,-13.467623997157618,-1.2376033398786568,121497.0,119526.0,121536.0,119736.0
1760040000,121695.0,121615.0,-6.573811578125532,-16.106251703545958,121742.0,120784.0,121833.0,120922.0
1760054400,121099.0,120964.0,-11.14790378120345,-6.573811578125532,121853.0,120780.0,121925.0,120984.0
1760068800,120987.0,120868.0,-9.835767479150492,-11.14790378120345,121703.0,120811.0,121784.0,120926.0
1760083200,121612.0,121501.0,-9.127388744532006,-10.00082651458789,121753.0,120869.0,121813.0,120981.0
1760097600,119047.0,118984.0,-5.292027518543074,-9.209541743070426,122460.0,118411.0,122582.0,118497.0
1760112000,116684.0,116632.0,-4.4564807514313465,-6.383282519044631,119429.0,115804.0,119491.0,115968.0
1760126400,112996.0,112761.0,-20.797196360933246,-4.628042509426944,117129.0,100837.0,117246.0,109683.0
1760140800,112441.0,112293.0,-13.162458533808596,-23.011089575091237,113302.0,110949.0,113444.0,111183.0
1760155200,110517.0,110352.0,-14.929829799940064,-11.563367252543921,112951.0,110051.0,113125.0,110225.0
1760169600,112395.0,112237.0,-14.057564838293457,-15.020177708608973,112308.0,110116.0,112454.0,110235.0
1760184000,111920.0,111740.0,-16.082916368834745,-13.791017154245466,112487.0,111735.0,112623.0,111919.0
1760198400,111291.0,111146.0,-13.02890620086039,-16.172265904217387,112154.0,110803.0,112282.0,110996.0
1760212800,110764.0,110592.0,-15.528511068578776,-13.836477987421159,111299.0,109546.0,111463.0,109711.0
1760227200,110790.0,110619.0,-15.434606011373031,-15.888921990809823,111298.0,109515.0,111343.0,109711.0
1760241600,111634.0,111470.0,-14.690864790296576,-17.05637628712453,112097.0,110549.0,112213.0,110731.0
1760256000,111897.0,111795.0,-9.115525885412534,-14.690864790296576,112050.0,111066.0,112147.0,111221.0
1760270400,113268.0,113174.0,-8.2989017198154,-9.026238650174934,113720.0,111138.0,113797.0,111240.0
1760284800,114428.0,114331.0,-8.476946201978475,-7.68137311166206,114709.0,113173.0,114777.0,113261.0
1760299200,115090.0,114940.0,-13.033278303935525,-9.08812863197439,115793.0,114219.0,115854.0,114362.0
1760313600,114942.0,114808.0,-11.658053627047194,-12.946502272154214,115963.0,114602.0,116035.0,114743.0
1760328000,115481.0,115402.0,-6.840952191269345,-11.571153896346997,115582.0,114398.0,115633.0,114513.0
1760342400,114289.0,114153.0,-11.899657884836268,-6.754416349151748,115441.0,113600.0,115527.0,113751.0
1760356800,114434.0,114264.0,-14.855724697205863,-11.025647756806034,115483.0,113750.0,115624.0,113951.0
1760371200,115886.0,115749.0,-11.821962963601829,-14.506304999432063,115835.0,114165.0,115976.0,114319.0
1760385600,115265.0,115124.0,-12.232681212857033,-11.99444286244411,115825.0,114932.0,115972.0,115107.0
1760400000,113557.0,113427.0,-11.447995279904033,-13.099110821948035,115371.0,113077.0,115508.0,113351.0
1760414400,111799.0,111649.0,-13.416935750767411,-13.558486379884327,113612.0,111282.0,113746.0,111476.0
1760428800,111412.0,111261.0,-13.553297669910425,-15.02468340845664,112097.0,110020.0,112201.0,110146.0
1760443200,112942.0,112848.0,-8.322855979174815,-13.015223323280534,112864.0,109764.0,112961.0,109971.0
1760457600,112650.0,112580.0,-6.213936972925271,-10.091978647497335,113569.0,111690.0,113592.0,111798.0
1760472000,113078.0,113020.0,-5.129202851129611,-7.544557267628038,113576.0,112210.0,113600.0,112281.0
1760486400,112077.0,111990.0,-7.76252041007508,-5.040812897406655,113592.0,111763.0,113655.0,111880.0
1760500800,112643.0,112574.0,-6.125547082375116,-6.8708897356051235,112687.0,111710.0,112739.0,111825.0
1760515200,112003.0,111866.0,-12.231815219234665,-4.794544873388817,113511.0,111662.0,113584.0,111838.0
1760529600,110860.0,110800.0,-5.4122316435145645,-12.142531896467412,112220.0,110364.0,112308.0,110464.0
1760544000,111347.0,111268.0,-7.094937447797989,-6.8549369075210365,111568.0,110164.0,111597.0,110217.0
1760558400,110804.0,110730.0,-6.6784592613988725,-6.467027143549631,111551.0,110451.0,111597.0,110547.0
1760572800,111371.0,111288.0,-7.452568442413154,-6.6784592613988725,111867.0,110321.0,111902.0,110412.0
1760587200,110622.0,110526.0,-8.67820144275111,-9.425070688030557,111731.0,110526.0,111798.0,110557.0
1760601600,111444.0,111405.0,-3.4995154517070137,-7.774924962933305,111690.0,109503.0,111744.0,109672.0
1760616000,108599.0,108515.0,-7.734877853387001,-3.589214410696373,112038.0,108297.0,112012.0,108416.0
1760630400,108230.0,108211.0,-1.755520650467135,-5.341535967876565,109254.0,107539.0,109303.0,107625.0
1760644800,108206.0,108221.0,1.3862447553747437,-2.8638736200281567,108508.0,107450.0,108531.0,107450.0
1760659200,109186.0,109160.0,-2.3812576703974297,1.3862447553747437,109229.0,107960.0,109252.0,107935.0
1760673600,105615.0,105589.0,-2.4617715286656683,-3.4798853469353297,109255.0,105500.0,109261.0,105541.0
1760688000,105706.0,105671.0,-3.311070327133292,-2.4617715286656683,106588.0,103498.0,106585.0,103530.0
1760702400,106821.0,106821.0,0.0,-2.8382482331901215,106888.0,104513.0,106861.0,104529.0
1760716800,106472.0,106421.0,-4.789991734915899,0.0936154278230461,107572.0,106071.0,107535.0,106094.0
1760731200,106476.0,106396.0,-7.513430256583797,-3.005485010143527,107429.0,106337.0,107480.0,106369.0
1760745600,107121.0,107042.0,-7.374837800244727,-7.0442378134683015,107280.0,106303.0,107341.0,106368.0
1760760000,106737.0,106649.0,-8.244563740783528,-6.908398371858748,107496.0,106398.0,107534.0,106488.0
1760774400,107260.0,107171.0,-8.297594629871341,-7.589243886442221,107189.0,106589.0,107262.0,106675.0
1760788800,106988.0,106926.0,-5.795042434665332,-7.6454025024708105,107268.0,106694.0,107341.0,106802.0
1760803200,107123.0,107062.0,-5.694388693371355,-6.0753341433783525,107069.0,106444.0,107123.0,106520.0
1760817600,107220.0,107143.0,-7.181495989554421,-5.41453897067723,107303.0,106818.0,107354.0,106892.0
1760832000,107297.0,107215.0,-7.642338555597927,-6.622269479732434,107335.0,106713.0,107379.0,106766.0
1760846400,106790.0,106726.0,-5.9930705122202,-9.504463370543226,107222.0,106503.0,107318.0,106582.0
1760860800,107807.0,107735.0,-6.678601575036414,-7.770953486629928,108214.0,106056.0,108260.0,106137.0
1760875200,108529.0,108435.0,-8.661279473689554,-7.8835095529583565,108586.0,107319.0,108649.0,107407.0
1760889600,108967.0,108841.0,-11.563133792800162,-8.569138202692006,109407.0,108179.0,109488.0,108294.0
1760904000,108684.0,108591.0,-8.556917301534295,-10.55471933624541,109300.0,108295.0,109406.0,108521.0
1760918400,110166.0,110100.0,-5.990959098088888,-8.556996034337905,110411.0,107365.0,110436.0,107452.0
1760932800,111214.0,111161.0,-4.765587066376531,-5.900186990541734,111399.0,109908.0,111436.0,110001.0
1760947200,111051.0,110996.0,-4.9526793995546825,-5.214983186174749,111679.0,110616.0,111673.0,110677.0
1760961600,111182.0,111100.0,-7.375294562069756,-5.5826685155502265,111662.0,110514.0,111717.0,110621.0
1760976000,110840.0,110753.0,-7.849151930711118,-7.555111842637574,111256.0,109798.0,111322.0,109877.0
1760990400,110580.0,110479.0,-9.133658889491914,-7.127905298108805,111219.0,110360.0,111304.0,110447.0
1761004800,109119.0,109008.0,-10.172380611992438,-9.043226623258738,110482.0,108994.0,110580.0,109107.0
1761019200,108105.0,108019.0,-7.955228712825946,-9.165230780511235,109008.0,107398.0,109108.0,107460.0
1761033600,108610.0,108565.0,-4.14326489273531,-7.770367149847468,108807.0,107411.0,108832.0,107522.0
1761048000,113420.0,113386.0,-2.9977076353371324,-4.5113474197855385,113537.0,107786.0,113596.0,107946.0
1761062400,111834.0,111729.0,-9.38891571436229,-8.107298330953805,114244.0,111238.0,114088.0,111463.0
1761076800,108372.0,108245.0,-11.718894179307826,-9.210079224565293,111756.0,107998.0,111862.0,108125.0
1761091200,108261.0,108160.0,-9.329306028948992,-7.200620361138554,108649.0,107800.0,108734.0,107898.0
1761105600,108360.0,108289.0,-6.5522332964196295,-9.79070068165444,108602.0,107565.0,108698.0,107653.0
1761120000,107604.0,107502.0,-9.479201516672253,-6.9211815841196955,108326.0,106400.0,108402.0,106101.0
1761134400,108426.0,108391.0,-3.228008042351904,-8.364934195851381,109132.0,107392.0,109160.0,107488.0
1761148800,107880.0,107840.0,-3.707823507601571,-3.2280378141569255,108770.0,107448.0,108799.0,107469.0
1761163200,107595.0,107528.0,-6.227055160555883,-5.1910972681845635,108018.0,106685.0,108074.0,106692.0
1761177600,108396.0,108377.0,-1.7528322078308456,-4.090283716952081,108789.0,107458.0,108742.0,107510.0
1761192000,109278.0,109289.0,1.0066070023251328,-4.334833616173039,110333.0,108356.0,110319.0,108378.0
1761206400,109302.0,109263.0,-3.5680957347528075,1.0981267787357751,109915.0,109075.0,109921.0,109143.0
1761220800,109936.0,109910.0,-2.3650123708340853,-2.378991673529507,110130.0,108700.0,110146.0,108741.0
1761235200,110254.0,110233.0,-1.9046928002608432,-2.728785963125313,111332.0,109653.0,111336.0,109682.0
1761249600,110111.0,110063.0,-4.359237496708301,0.0,110234.0,109335.0,110234.0,109387.0
1761264000,110483.0,110430.0,-4.797118108668119,-4.359277086549707,110815.0,109980.0,110863.0,110033.0
1761278400,111103.0,111072.0,-2.7902036848692635,-4.34475642209331,111556.0,110325.0,111557.0,110382.0
1761292800,111100.0,111100.0,0.0,-2.7902287987613406,111508.0,110630.0,111516.0,110650.0
1761307200,110064.0,110109.0,4.088530309638294,0.2700367249941493,112142.0,109800.0,112066.0,109731.0
1761321600,110628.0,110659.0,2.802183895578292,4.2702815660122795,111001.0,109851.0,110956.0,109814.0
1761336000,111039.0,111060.0,1.8912274065874257,3.2542961228676504,111200.0,110519.0,111158.0,110484.0
1761350400,111059.0,111057.0,-0.18008445961115171,1.9813036978333365,111267.0,110704.0,111236.0,110704.0
1761364800,111504.0,111551.0,4.215095422586135,-0.09004222980557586,111888.0,111057.0,111808.0,111059.0
1761379200,111591.0,111635.0,3.942970311225924,3.9459052265300443,111888.0,111444.0,111838.0,111423.0
1761393600,111418.0,111396.0,-1.9745463031106691,3.942970311225924,112000.0,111325.0,111945.0,111356.0
1761408000,111646.0,111669.0,2.0600827615857575,-1.9745463031106691,111772.0,111150.0,111731.0,111222.0
1761422400,111668.0,111683.0,1.3432675430746777,2.0600827615857575,111730.0,111369.0,111691.0,111372.0
1761436800,111289.0,111271.0,-1.617410525748264,2.2389797417110557,111934.0,111266.0,111905.0,111288.0
1761451200,111731.0,111756.0,2.237516893253133,-1.527554385428731,111756.0,111269.0,111731.0,111281.0
1761465600,113279.0,113309.0,2.648328463350502,2.148016217522475,113515.0,111730.0,113406.0,111731.0
1761480000,113701.0,113734.0,2.902349143807381,2.5600056496677404,114145.0,113310.0,113992.0,113281.0
1761494400,113597.0,113637.0,3.5212197505218867,0.967262559024018,113892.0,113311.0,113779.0,113297.0
1761508800,114551.0,114601.0,4.364868050039661,3.609282016971971,115777.0,112898.0,115447.0,112933.0
1761523200,114982.0,115050.0,5.913969142996578,4.2775706890374465,115540.0,114380.0,115461.0,114385.0
1761537600,115548.0,115566.0,1.5577941634647985,3.9128393301224307,116475.0,115046.0,116381.0,114956.0
1761552000,115359.0,115377.0,1.5603463969005027,1.6443382836572873,115618.0,114850.0,115605.0,114830.0
1761566400,114946.0,114992.0,4.001879143249454,1.7337332478017942,115529.0,114527.0,115440.0,114492.0
1761580800,114933.0,114960.0,2.3491947482456865,2.348520432127188,115834.0,114800.0,115798.0,114801.0
1761595200,114101.0,114111.0,0.876416508182043,2.1751235470168773,114970.0,113824.0,114936.0,113856.0
1761609600,113905.0,113903.0,-0.17558491725577774,0.7887748573631725,114544.0,113564.0,114513.0,113573.0
1761624000,114189.0,114170.0,-1.6639080822145047,1.404889013767452,114352.0,113486.0,114335.0,113487.0
1761638400,114351.0,114350.0,-0.08745004416277347,-1.313657660813039,114658.0,114106.0,114651.0,114109.0
1761652800,114641.0,114640.0,-0.08722882738232407,0.874576923413084,116129.0,114150.0,116077.0,114157.0
1761667200,113678.0,113694.0,1.4074842977529478,0.17446069836557498,115601.0,113477.0,115576.0,113571.0
1761681600,112925.0,112864.0,-5.4018153641799405,2.8151419447342008,113716.0,112189.0,113692.0,112218.0
1761696000,112534.0,112502.0,-2.8435850498520487,-4.959263195182251,112927.0,112048.0,112930.0,112106.0
1761710400,113564.0,113569.0,0.4402803705394476,-1.8662685293802106,113570.0,112470.0,113569.0,112516.0
1761724800,113142.0,113134.0,-0.7070760637073459,0.352221194910296,113627.0,112705.0,113641.0,112754.0
1761739200,111506.0,111510.0,0.35872509102752304,-0.7070760637073459,113617.0,111400.0,113654.0,111411.0
1761753600,110644.0,110675.0,2.801778677561373,0.17935932847823466,112024.0,109305.0,112006.0,109265.0
1761768000,110038.0,110102.0,5.816172594921287,0.9035790767231155,111872.0,109810.0,111808.0,109758.0
1761782400,110763.0,110833.0,6.3197999331898735,5.907103974118755,111091.0,109777.0,111006.0,109751.0
1761796800,111363.0,111430.0,6.0163609098173865,6.3197999331898735,111673.0,107988.0,111603.0,107948.0
1761811200,109721.0,109784.0,5.741836111592402,6.0163609098173865,111511.0,109736.0,111434.0,109685.0
1761825600,107707.0,107752.0,4.17800142980429,5.833508034744916,109835.0,107310.0,109778.0,107341.0
1761840000,106514.0,106526.0,1.1266124640885167,4.270845906022558,108292.0,106300.0,108207.0,106313.0
1761854400,108306.0,108360.0,4.985873358815951,2.910934785671504,108394.0,106282.0,108324.0,106303.0
1761868800,109213.0,109241.0,2.5637973501324574,4.985827324179848,110083.0,108321.0,109991.0,108272.0
1761883200,109383.0,109450.0,6.125266266239215,2.5637973501324574,110259.0,109114.0,110173.0,109090.0
1761897600,110381.0,110447.0,5.979289914024299,5.942313845590519,110544.0,109213.0,110463.0,109186.0
1761912000,110147.0,110199.0,4.720963802917755,5.979289914024299,111170.0,109379.0,111049.0,109330.0
1761926400,109739.0,109820.0,7.38114981911675,9.082817126560006,110280.0,108601.0,110240.0,108572.0
1761940800,109554.0,109587.0,3.012213155155763,8.384292210810163,109832.0,109315.0,109755.0,109261.0
1761955200,110171.0,110237.0,5.990687204435741,3.012213155155763,110292.0,109378.0,110226.0,109370.0
1761969600,110006.0,110076.0,6.363289275130857,5.990687204435741,110569.0,109943.0,110478.0,109896.0
1761984000,110068.0,110141.0,6.6322636915372435,5.362807566102745,110291.0,109841.0,110209.0,109804.0
1761998400,110239.0,110308.0,6.259127894847616,6.723116618816416,110361.0,109729.0,110279.0,109662.0
1762012800,110262.0,110322.0,5.4415845894317805,6.259127894847616,110540.0,110199.0,110478.0,110152.0
1762027200,110047.0,110120.0,6.633529310204889,5.623072737166446,110536.0,109874.0,110468.0,109818.0
1762041600,110010.0,110060.0,4.545041359875768,7.361026545134042,110279.0,109896.0,110212.0,109851.0
1762056000,110888.0,110896.0,0.7214486689277599,5.363538844749272,111048.0,110034.0,110969.0,109992.0
1762070400,111102.0,111192.0,8.100664254468981,3.0668482721907253,111228.0,110341.0,111102.0,110332.0
1762084800,110103.0,110092.0,-0.9990645123203468,8.100664254468981,111255.0,110073.0,111129.0,110094.0
1762099200,110146.0,110140.0,-0.5447315381401641,-0.7266121707538709,110327.0,109697.0,110315.0,109747.0
1762113600,110530.0,110529.0,-0.09047317470423089,-0.6355201278307465,110718.0,109409.0,110716.0,109475.0
1762128000,107936.0,107884.0,-4.817669730210472,0.3619123448306283,110735.0,107842.0,110730.0,107890.0
1762142400,107442.0,107456.0,1.3030286107862388,-4.35443225615173,108006.0,106969.0,108019.0,107008.0
1762156800,107770.0,107782.0,1.1134824162573054,4.0032771012543655,107911.0,106680.0,107893.0,106746.0
1762171200,105721.0,105676.0,-4.256486412349547,-0.8349568605625635,108318.0,105240.0,108306.0,105440.0
1762185600,107050.0,107037.0,-1.2143858010271735,-5.390988537056218,107759.0,105248.0,107707.0,105300.0
1762200000,106548.0,106527.0,-1.9709426737246627,-1.4945867934579304,107119.0,105741.0,107136.0,105805.0
1762214400,107139.0,107109.0,-2.8001008036293573,-2.0647583294231,107242.0,105810.0,107226.0,105837.0
1762228800,104450.0,104439.0,-1.053135471517086,-1.7735792696582653,107247.0,104132.0,107260.0,104138.0
1762243200,104560.0,104556.0,-0.38255547054277805,-0.8616645444192716,104667.0,103547.0,104648.0,103553.0
1762257600,103140.0,103159.0,1.8421562924175738,0.286938556890437,104816.0,102899.0,104782.0,102876.0
1762272000,100465.0,100506.0,4.081023241924164,1.6481811835888927,103486.0,99970.0,103452.0,99939.0
1762286400,101466.0,101460.0,-0.5913310862748489,4.280182753850781,101881.0,98895.0,101833.0,98898.0
1762300800,102128.0,102137.0,0.8812470625096935,-1.0840322056115959,102269.0,98927.0,102250.0,98943.0
1762315200,101990.0,101994.0,0.39219531326573076,1.4687451041828226,102372.0,101477.0,102329.0,101500.0
1762329600,102077.0,102074.0,-0.2938957845544099,3.432752380858606,102217.0,101168.0,102176.0,101183.0
1762344000,103707.0,103751.0,4.242722284899525,0.48986469936895816,103815.0,101896.0,103782.0,101908.0
1762358400,104033.0,104043.0,0.9612334547681733,3.6639572666885556,104582.0,103085.0,104507.0,103075.0
1762372800,103865.0,103925.0,5.776729408366599,3.2689478795111526,104570.0,103315.0,104532.0,103296.0
1762387200,103625.0,103681.0,5.404101326900168,5.776729408366599,103984.0,102785.0,103914.0,102717.0
1762401600,103181.0,103192.0,1.066087748713418,4.921402310165135,104236.0,102911.0,104187.0,102914.0
1762416000,103205.0,103206.0,0.09689453030370387,2.9080475368847836,103445.0,102595.0,103429.0,102638.0
1762430400,101965.0,101992.0,2.6479674398083297,-0.096893591458036,103629.0,101537.0,103558.0,101578.0
1762444800,101335.0,101354.0,1.8749691616903874,1.0786322942513138,102350.0,100191.0,102286.0,100246.0
1762459200,101284.0,101313.0,2.863236049128748,1.8749691616903874,101600.0,100468.0,101576.0,100491.0
1762473600,101864.0,101869.0,0.4908505458267598,2.3694810836416558,102312.0,100700.0,102278.0,100695.0
1762488000,101962.0,101997.0,3.4326513799265435,-0.49080236370402375,102490.0,101550.0,102463.0,101519.0
1762502400,100361.0,100401.0,3.9856119408931967,3.5307617618496323,102028.0,99737.0,101989.0,99765.0
1762516800,100727.0,100773.0,4.566799368590502,4.08541506820681,101245.0,99237.0,101180.0,99192.0
1762531200,103335.0,103380.0,4.3547684714773105,4.070165685525762,103381.0,100466.0,103335.0,100448.0
1762545600,103275.0,103300.0,2.4207213749694034,3.9674859686478214,104124.0,102937.0,104044.0,102903.0
1762560000,102553.0,102531.0,-2.1452322213877384,2.517550229967913,103367.0,102497.0,103345.0,102501.0
1762574400,102316.0,102312.0,-0.39094569764253073,-0.6826737404674876,102771.0,101867.0,102783.0,101868.0
1762588800,101829.0,101813.0,-1.5712616248808597,1.1730319944480705,102637.0,101691.0,102623.0,101700.0
1762603200,101675.0,101676.0,0.09835259404900043,-0.4910723054862842,102145.0,101428.0,102147.0,101435.0
1762617600,101961.0,101943.0,-1.7653808809248162,-1.376733208772185,102200.0,101465.0,102188.0,101515.0
1762632000,102286.0,102269.0,-1.6620065307082488,-2.0595706285608806,102445.0,101909.0,102446.0,101933.0
1762646400,101637.0,101620.0,-1.6726192233140758,-2.5416687032597807,102302.0,101340.0,102313.0,101394.0
1762660800,101944.0,101898.0,-4.512281252452288,-1.5742298572374303,102082.0,101589.0,102090.0,101624.0
1762675200,102215.0,102182.0,-3.2284889693290353,-4.610329099024035,102274.0,101464.0,102274.0,101516.0
1762689600,103747.0,103752.0,0.4819416465062787,-3.619714727347567,104174.0,102003.0,104115.0,102042.0
1762704000,104785.0,104813.0,2.672138187718165,0.5783522743696423,104861.0,103308.0,104794.0,103317.0
1762718400,104705.0,104753.0,4.584308294732775,1.717622810031294,105521.0,104105.0,105425.0,104076.0
1762732800,106031.0,106062.0,2.923673265364801,6.782769853932447,106703.0,104291.0,106623.0,104256.0
1762747200,106446.0,106500.0,5.072994757906457,3.678447129396023,106576.0,105890.0,106519.0,105828.0
1762761600,106171.0,106210.0,3.6733194563476346,5.166939105274437,106635.0,105876.0,106570.0,105845.0
1762776000,105051.0,105081.0,2.8557557757658003,3.3906286790674756,106628.0,104610.0,106559.0,104649.0
1762790400,105785.0,105838.0,5.010162121283912,2.855728591555362,106119.0,104800.0,106023.0,104757.0
1762804800,105972.0,106015.0,4.0576756124255375,4.253509145044632,106333.0,105246.0,106262.0,105262.0
1762819200,106431.0,106452.0,1.973109338444523,4.152040161551351,107519.0,105522.0,107465.0,105496.0
1762833600,104746.0,104745.0,-0.09546903939061657,2.161065123227335,106544.0,104699.0,106517.0,104734.0
1762848000,105301.0,105280.0,-1.9942830552421853,-2.099917912299354,105480.0,104730.0,105499.0,104758.0
1762862400,103448.0,103455.0,0.6766684711156934,-1.8993171954684307,105468.0,103163.0,105495.0,103174.0
1762876800,103107.0,103095.0,-1.1638395065316498,0.6766684711156934,103730.0,102794.0,103707.0,102829.0
1762891200,103015.0,103034.0,1.8443915934573951,-1.0668528809876232,103201.0,102454.0,103197.0,102442.0
1762905600,103279.0,103295.0,1.549201677011336,0.5823716113262378,103439.0,102642.0,103385.0,102655.0
1762920000,103104.0,103110.0,0.5819366852888308,0.7745408425074984,103648.0,102987.0,103621.0,102998.0
1762934400,104999.0,104994.0,-0.4761950113807423,-2.1331885350817092,105198.0,103110.0,105174.0,103115.0
1762948800,102151.0,102169.0,1.7620972873499952,-0.8571265309231801,105299.0,101889.0,105301.0,101970.0
1762963200,101276.0,101249.0,-2.6659820688024194,1.6642029936075886,102281.0,100729.0,102256.0,100812.0
1762977600,101635.0,101623.0,-1.1806956265070223,-2.567241992179614,102000.0,101077.0,101968.0,101125.0
1762992000,102185.0,102091.0,-9.199001810441532,-0.9839227030328246,102600.0,100851.0,102569.0,100895.0
1763006400,103446.0,103451.0,0.4833439669016393,-3.622869116509664,104000.0,101628.0,104019.0,101650.0
1763020800,102910.0,102908.0,-0.19434457292799578,0.0966650555822568,103772.0,102527.0,103774.0,102536.0
1763035200,101356.0,101351.0,-0.4933107068161302,0.0,103471.0,101138.0,103444.0,101163.0
1763049600,98644.0,98686.0,4.257734885040332,2.467308166789195,101506.0,98111.0,101503.0,98081.0
1763064000,99618.0,99735.0,11.74486538577435,11.362137705051012,100587.0,98000.0,100426.0,97950.0
1763078400,99080.0,99130.0,5.046427129591358,11.74486538577435,99887.0,98706.0,99815.0,98671.0
1763092800,97080.0,97151.0,7.313555830243956,5.046427129591358,99164.0,95900.0,99130.0,95919.0
1763107200,96121.0,96136.0,1.5605330780998905,7.21054800164822,97547.0,95651.0,97471.0,95624.0
1763121600,96719.0,96800.0,8.37477641414841,1.4564823869656074,97348.0,94471.0,97218.0,94500.0
1763136000,95708.0,95791.0,8.672211309399547,8.271298593878207,97398.0,94800.0,97334.0,94634.0
1763150400,94509.0,94634.0,13.226253584315284,8.463153935367451,95950.0,94079.0,95846.0,93961.0
1763164800,96345.0,96444.0,10.27557216254138,12.908550327475066,96857.0,94615.0,96736.0,94491.0
1763179200,96270.0,96352.0,8.517710605588924,10.27557216254138,96622.0,95948.0,96520.0,95888.0
1763193600,95622.0,95717.0,9.934952207650838,8.413748688598233,96369.0,95638.0,96287.0,95571.0
1763208000,96200.0,96283.0,8.627858627858753,9.72549019607749,96511.0,95585.0,96411.0,95513.0
1763222400,95948.0,96007.0,6.149164130571094,8.731808731807789,96395.0,95716.0,96324.0,95673.0
1763236800,95539.0,95592.0,5.54747275981482,6.149164130571094,96021.0,95115.0,95956.0,95068.0
1763251200,95765.0,95809.0,4.5945804834746085,5.547414695414865,95984.0,94838.0,95892.0,94805.0
1763265600,96025.0,96100.0,7.810466024473772,6.056935190792423,96207.0,95651.0,96111.0,95585.0
1763280000,95584.0,95665.0,8.474221627050582,7.289388732687474,96654.0,95523.0,96538.0,95485.0
1763294400,94502.0,94589.0,9.206154367102926,8.579021154611066,95938.0,94395.0,95811.0,94328.0
1763308800,93968.0,94045.0,8.194278903457253,9.10024020401412,95578.0,93756.0,95479.0,93730.0
1763323200,94187.0,94291.0,11.0418635268128,7.661856723280014,94745.0,93025.0,94657.0,92929.0
1763337600,95427.0,95537.0,11.527135925890608,11.148153653408599,95585.0,93775.0,95467.0,93697.0
1763352000,95578.0,95678.0,10.462658770846733,10.268446530732334,95919.0,94912.0,95788.0,94814.0
1763366400,95503.0,95592.0,9.319078981813167,10.881620524409996,96055.0,95340.0,95938.0,95250.0
1763380800,93859.0,94013.0,16.40759010856696,9.214370229206903,96088.0,93583.0,95903.0,93506.0
1763395200,91556.0,91745.0,20.643103674253815,15.126981421509367,94477.0,91631.0,94304.0,91475.0
1763409600,92102.0,92272.0,18.45779679051418,20.5336566292047,92458.0,91355.0,92280.0,91168.0
1763424000,90743.0,90872.0,14.215972581907987,17.47872155636543,92415.0,89704.0,92234.0,89588.0
1763438400,90390.0,90516.0,13.939595087952839,14.878164365144109,90883.0,89262.0,90744.0,89189.0
1763452800,91409.0,91538.0,14.11239593475555,13.939595087952839,91642.0,90509.0,91501.0,90390.0
1763467200,92836.0,92943.0,11.525701236589914,14.11239593475555,93104.0,90928.0,92934.0,90830.0
1763481600,93117.0,93182.0,6.980465435957317,11.633543383422484,93851.0,92611.0,93753.0,92499.0
1763496000,92911.0,92972.0,6.565422823991973,6.980465435957317,93430.0,92450.0,93349.0,92411.0
1763510400,91821.0,91879.0,6.316637806167424,6.673052706354099,92996.0,91671.0,92936.0,91628.0
1763524800,91804.0,91874.0,7.62494008975656,7.188524500887361,92029.0,90025.0,91947.0,89964.0
1763539200,91348.0,91399.0,5.583045058457081,7.62494008975656,91956.0,91068.0,91896.0,91033.0
1763553600,89880.0,89939.0,6.564307966177019,5.5831061775424295,92393.0,89870.0,92313.0,89807.0
1763568000,88780.0,88888.0,12.164902004956346,6.564381001123998,90232.0,88652.0,90164.0,88523.0
1763582400,91474.0,91554.0,8.745654502919642,12.164902004956346,91600.0,88617.0,91499.0,88497.0
1763596800,92372.0,92444.0,7.794569783050598,9.40219530327635,92800.0,91188.0,92723.0,91099.0
1763611200,92232.0,92324.0,9.974846040419205,7.794569783050598,93167.0,91680.0,93065.0,91619.0
1763625600,91842.0,91941.0,10.779381982100045,11.711506555189821,92415.0,91450.0,92312.0,91366.0
1763640000,89758.0,89880.0,13.592103210855466,10.5615016931071,92522.0,89825.0,92417.0,89723.0
1763654400,86804.0,86936.0,15.20667250357155,13.592103210855466,89926.0,86109.0,89798.0,85912.0
1763668800,86527.0,86650.0,14.215216059727531,15.321874567992833,88282.0,86343.0,88137.0,86221.0
1763683200,85717.0,85807.0,10.499667510528443,16.067320918726757,87516.0,85334.0,87386.0,85260.0
1763697600,83917.0,84030.0,13.46568633292522,10.265982267849694,86347.0,80255.0,86245.0,82032.0
1763712000,82209.0,82315.0,12.893965380920136,13.346839063337335,84677.0,81651.0,84576.0,81542.0
1763726400,82840.0,82898.0,7.001448575567615,12.651452484064851,85457.0,80614.0,85409.0,80537.0
1763740800,84138.0,84185.0,5.586060995030895,7.2430527052791405,85539.0,82288.0,85475.0,82242.0
1763755200,85060.0,85111.0,5.99576769339194,6.656523392924996,85403.0,83433.0,85342.0,83402.0
1763769600,84380.0,84400.0,2.3702299123007364,6.819197215885975,85611.0,84166.0,85530.0,84150.0
1763784000,84519.0,84547.0,3.3128645629987297,1.7775881683723682,84763.0,83788.0,84723.0,83774.0
1763798400,84031.0,84062.0,3.6891147314688233,3.3128645629987297,84548.0,83450.0,84524.0,83432.0
1763812800,84231.0,84245.0,1.662095902934535,3.570111030453127,84715.0,83581.0,84689.0,83573.0
1763827200,84549.0,84571.0,2.602041419768053,1.899583278919259,84875.0,84184.0,84824.0,84157.0
1763841600,84679.0,84711.0,3.7789770781415655,2.720348204570122,85241.0,84222.0,85192.0,84189.0
1763856000,86251.0,86295.0,5.101390128809946,2.952081808091922,86315.0,84648.0,86272.0,84624.0
1763870400,85735.0,85752.0,1.9828541435829017,5.217330813556131,86845.0,85357.0,86791.0,85353.0
1763884800,86285.0,86284.0,-0.1158949991308944,1.3996617484113294,86439.0,85741.0,86416.0,85716.0
1763899200,87051.0,87060.0,1.033876692972946,-0.23178731196282776,87200.0,86230.0,87178.0,86229.0
1763913600,87294.0,87289.0,-0.5727770522601094,1.608326536239879,87643.0,86451.0,87650.0,86470.0
1763928000,86803.0,86807.0,0.4608135663519697,-2.519699468572778,88130.0,86712.0,88082.0,86711.0
1763942400,87413.0,87401.0,-1.372793520414417,-0.11519675605975443,88000.0,85881.0,88008.0,85911.0
1763956800,86999.0,86996.0,-0.34483154978781627,-1.372730704554126,87795.0,86382.0,87776.0,86418.0
1763971200,86215.0,86255.0,4.639563880994846,-0.34483551346053964,86996.0,85672.0,86998.0,85654.0
1763985600,86574.0,86621.0,5.428881650380024,4.63961769550103,86708.0,85231.0,86683.0,85225.0
1764000000,88307.0,88291.0,-1.8118608943795689,5.891118272862705,88796.0,86621.0,88831.0,86571.0
1764014400,88277.0,88232.0,-5.09759053887171,-1.9251022002786389,89165.0,88189.0,89222.0,88240.0
1764028800,87797.0,87767.0,-3.416973245099486,-4.871086138927838,88234.0,87416.0,88276.0,87432.0
1764043200,87363.0,87346.0,-1.945903872349053,-3.1892113535925137,88473.0,87291.0,88463.0,87345.0
1764057600,87338.0,87313.0,-2.8624424649059677,-2.1747839523833523,87561.0,86637.0,87593.0,86677.0
1764072000,86943.0,86944.0,0.11501788528045509,-3.205788738521731,87721.0,86050.0,87734.0,86076.0
1764086400,86836.0,86854.0,2.0728730019814456,0.3450576246222248,88127.0,86129.0,88092.0,86139.0
1764100800,87331.0,87332.0,0.11450687613878685,2.1880326132017736,87857.0,86525.0,87838.0,86563.0
1764115200,87083.0,87079.0,-0.4593319017487385,0.0,88232.0,87029.0,88181.0,87042.0
1764129600,87907.0,87914.0,0.7962960856366941,-0.8037939072425004,87943.0,86847.0,87932.0,86874.0
1764144000,87083.0,87057.0,-2.9856573613673554,0.22751575546653413,87914.0,86622.0,87907.0,86642.0
1764158400,86938.0,86936.0,-0.23004900043699372,-3.1004903368048176,87636.0,86207.0,87641.0,86304.0
1764172800,89943.0,89916.0,-3.001901204096047,-0.3450735006560457,90371.0,86930.0,90394.0,86937.0
1764187200,90477.0,90420.0,-6.299943632083194,-2.7795690556131625,90602.0,89453.0,90646.0,89497.0
1764201600,91076.0,91049.0,-2.964557073213969,-6.07896016623144,91852.0,90026.0,91871.0,90091.0
1764216000,91404.0,91370.0,-3.719749682726814,-3.0743217277684476,91524.0,90845.0,91523.0,90894.0
1764230400,91386.0,91331.0,-6.0184273302255065,-3.610345280293803,91911.0,91181.0,91926.0,91224.0
1764244800,90945.0,90916.0,-3.18874044752282,-5.9090660392846495,91414.0,90409.0,91449.0,90449.0
1764259200,91514.0,91489.0,-2.731822453395649,-2.858965054650664,91822.0,90810.0,91833.0,90839.0
1764273600,91325.0,91310.0,-1.642485628250423,-2.731822453395649,91569.0,91064.0,91603.0,91117.0
1764288000,91193.0,91161.0,-3.5090412641325397,-1.7519654862796497,91388.0,90611.0,91387.0,90656.0
1764302400,90894.0,90893.0,-0.1100182630320301,-3.1801383908502956,91700.0,90842.0,91695.0,90851.0
1764316800,91428.0,91418.0,-1.0937568359803418,0.1100206838877682,92019.0,90879.0,92003.0,90892.0
1764331200,92386.0,92312.0,-8.009871625570542,0.6563689668759309,93089.0,91362.0,93091.0,91373.0
1764345600,91164.0,91103.0,-6.691237769295144,-8.009958326568034,92332.0,90147.0,92397.0,90233.0
1764360000,90913.0,90842.0,-7.809664184440512,-6.581617542205098,91195.0,90654.0,91256.0,90725.0
1764374400,90702.0,90636.0,-7.276576040219362,-7.809664184440512,91064.0,90490.0,91139.0,90579.0
1764388800,90585.0,90523.0,-6.844400287022712,-7.166324888094877,90889.0,90251.0,90917.0,90341.0
1764403200,90705.0,90633.0,-7.937820406813678,-6.954717064446836,90684.0,90329.0,90742.0,90406.0
1764417600,91081.0,91024.0,-6.258165808455951,-7.937820406813678,91071.0,90478.0,91124.0,90558.0
1764432000,90678.0,90608.0,-7.719623282383958,-6.258165808455951,91140.0,90091.0,91179.0,90216.0
1764446400,90832.0,90768.0,-7.04597498678905,-7.058408328921573,91026.0,90365.0,91081.0,90449.0
1764460800,90928.0,90872.0,-6.158718986450928,-6.935881627619933,91021.0,90430.0,91074.0,90503.0
1764475200,90980.0,90930.0,-5.495713343591779,-6.26869611120906,91000.0,90621.0,91048.0,90700.0
1764489600,91064.0,91003.0,-6.698585610119823,-5.495713343591779,91578.0,90897.0,91629.0,90954.0
1764504000,91446.0,91400.0,-5.030291100759365,-6.698585610119823,91923.0,90959.0,91969.0,91032.0
1764518400,91470.0,91419.0,-5.575598556903927,-5.139645255123337,91820.0,91109.0,91853.0,91179.0
1764532800,90382.0,90326.0,-6.195923967161621,-4.2642524437441764,91591.0,90293.0,91618.0,90362.0
1764547200,86342.0,86314.0,-3.2429176993820086,-4.868926291095033,90376.0,86135.0,90421.0,86171.0
1764561600,86555.0,86516.0,-4.50580555716007,-3.2429176993820086,86540.0,85576.0,86567.0,85616.0
1764576000,86139.0,86097.0,-4.875840211751026,-4.159349292910397,86890.0,86088.0,86926.0,86138.0
1764590400,84667.0,84645.0,-2.5984149668700773,-4.875840211751026,86652.0,83769.0,86648.0,83814.0
1764604800,85014.0,84990.0,-2.8230644364457547,-2.5984149668700773,85509.0,84000.0,85539.0,84045.0
1764619200,86291.0,86216.0,-8.691520552548404,-3.2934589552680027,86811.0,84975.0,86872.0,85017.0
1764633600,86969.0,86928.0,-4.714323494579009,-8.459746671147794,87295.0,86123.0,87324.0,86190.0
1764648000,87023.0,86959.0,-7.354377578341342,-4.024607600758845,87228.0,86765.0,87265.0,86829.0
1764662400,87364.0,87325.0,-4.46408131495768,-6.550444166082414,87562.0,86318.0,87597.0,86386.0
1764676800,90866.0,90800.0,-7.263442871920933,-4.349667479367492,91132.0,87005.0,91185.0,87053.0
1764691200,91918.0,91842.0,-8.2682390826605,-6.823534590918445,92217.0,90165.0,92328.0,90227.0
1764705600,91300.0,91237.0,-6.900328587076121,-8.377031702169191,91956.0,90667.0,92003.0,90770.0
1764720000,92675.0,92594.0,-8.740221203129561,-7.228678137629618,93051.0,90945.0,93083.0,91030.0
1764734400,93022.0,92973.0,-5.267571112209657,-6.04425256341079,93935.0,92591.0,93977.0,92647.0
1764748800,93033.0,92961.0,-7.739189319918571,-5.160069660939959,93344.0,92610.0,93405.0,92701.0
1764763200,92378.0,92338.0,-4.330035289787926,-7.309548635371366,93642.0,91631.0,93696.0,91732.0
1764777600,93038.0,92990.0,-5.1591822696106515,-4.330035289787926,93486.0,91772.0,93517.0,91806.0
1764792000,93472.0,93395.0,-8.237761040739144,-4.83668139167448,94140.0,92800.0,94172.0,92853.0
1764806400,93543.0,93498.0,-4.810621853051922,-6.954846993366681,94031.0,92631.0,94086.0,92696.0
1764820800,93418.0,93345.0,-7.814339848851715,-4.810621853051922,93542.0,92730.0,93598.0,92796.0
1764835200,92955.0,92898.0,-6.13199935452613,-7.707294097497597,93581.0,92700.0,93623.0,92764.0
1764849600,93021.0,92940.0,-8.707711161995979,-6.024420418482279,93236.0,91761.0,93259.0,91827.0
1764864000,92001.0,91927.0,-8.04339083270822,-5.269497139416268,93130.0,90806.0,93183.0,90903.0
1764878400,92103.0,92034.0,-7.491612651053803,-7.282608695652337,92683.0,91634.0,92724.0,91701.0
1764892800,92186.0,92143.0,-4.664482676328685,-8.142526788913473,92660.0,91956.0,92690.0,91995.0
1764907200,92279.0,92205.0,-8.019159288679134,-4.447578239409333,92464.0,91780.0,92512.0,91838.0
1764921600,91368.0,91298.0,-7.661325628228743,-8.5604377742865,92223.0,90940.0,92285.0,91005.0
1764936000,90480.0,90406.0,-8.178603006189222,-6.89572136907457,91440.0,89868.0,91480.0,89793.0
1764950400,89659.0,89586.0,-8.141960093241973,-8.178603006189222,90455.0,88032.0,90515.0,88156.0
1764964800,89348.0,89294.0,-6.043783856382046,-7.138793766940932,89706.0,88844.0,89771.0,88942.0
1764979200,89685.0,89634.0,-5.68656966047798,-5.372613104698276,89769.0,89001.0,89800.0,89062.0
1764993600,89603.0,89546.0,-6.361394149749788,-5.68656966047798,89724.0,89422.0,89775.0,89488.0
1765008000,89636.0,89581.0,-6.135927529117291,-7.03054380698398,89678.0,89171.0,89735.0,89232.0
1765022400,89767.0,89712.0,-6.126973163858018,-6.470325747434114,90249.0,89451.0,90286.0,89511.0
1765036800,89426.0,89359.0,-7.492228211034568,-6.126973163858018,89942.0,89229.0,89983.0,89263.0
1765051200,89249.0,89181.0,-7.619132987484178,-7.492228211034568,89577.0,88848.0,89641.0,88932.0
1765065600,89732.0,89669.0,-7.02090669995048,-8.29075916464972,89699.0,89128.0,89757.0,89204.0
1765080000,89383.0,89335.0,-5.370148685991394,-7.02090669995048,89749.0,89140.0,89797.0,89231.0
1765094400,89168.0,89091.0,-8.635384891441111,-5.481904122616177,89497.0,88996.0,89530.0,89070.0
1765108800,89578.0,89508.0,-7.814418718882221,-8.635384891441111,89686.0,87666.0,89714.0,87744.0
1765123200,91426.0,91372.0,-5.906416117953395,-6.140997297960915,91721.0,89059.0,91767.0,89124.0
1765137600,90405.0,90344.0,-6.747414412919817,-6.890140536993661,91475.0,88893.0,91520.0,89014.0
1765152000,91082.0,91025.0,-6.258097099317572,-6.747339778333528,91636.0,89794.0,91684.0,89874.0
1765166400,91571.0,91513.0,-6.33388299789206,-6.258097099317572,91829.0,90969.0,91871.0,91034.0
1765180800,91973.0,91926.0,-5.110195383427607,-6.2247460958830825,92256.0,91434.0,92296.0,91494.0
1765195200,89962.0,89918.0,-4.890953958337496,-5.110195383427607,92080.0,89565.0,92128.0,89618.0
1765209600,90129.0,90071.0,-6.435220628210336,-2.0014232343001925,90478.0,89619.0,90524.0,89682.0
1765224000,90649.0,90594.0,-6.067358713278681,-6.435149228891657,91338.0,90072.0,91376.0,90130.0
1765238400,90401.0,90356.0,-4.977821041802777,-5.2955583504332715,90799.0,89754.0,90858.0,89822.0
1765252800,90483.0,90439.0,-4.862791905662078,-6.193799564222502,90487.0,89500.0,90524.0,89558.0
1765267200,90395.0,90338.0,-6.305658498810818,-5.525533490258194,90550.0,89871.0,90605.0,89941.0
1765281600,92704.0,92671.0,-3.559716948567937,-5.8632858739060545,92874.0,89958.0,92874.0,90017.0
1765296000,93817.0,93757.0,-6.39542939978921,-3.8832019157131192,94569.0,92671.0,94652.0,92704.0
1765310400,92695.0,92654.0,-4.423108042505008,-6.288905943548917,93811.0,92199.0,93863.0,92269.0
1765324800,92434.0,92381.0,-5.733820888417229,-4.099554443162123,92740.0,91919.0,92787.0,91992.0
1765339200,92797.0,92752.0,-4.849294697026885,-4.003635734072253,92779.0,92347.0,92797.0,92400.0
1765353600,92125.0,92085.0,-4.341926729986012,-4.633670621451147,93220.0,91730.0,93263.0,91800.0
1765368000,92067.0,92027.0,-4.344662039601488,-4.233470468829603,92184.0,91543.0,92311.0,91579.0
1765382400,92980.0,92900.0,-8.604000860400474,-4.561845592387925,93231.0,91612.0,93226.0,91694.0
1765396800,92036.0,91961.0,-8.148985179712298,-8.819100881910513,94444.0,91831.0,94494.0,91910.0
1765411200,89914.0,89860.0,-6.005738817091988,-8.257548594586828,92028.0,89344.0,92103.0,89419.0
1765425600,90282.0,90236.0,-5.095146319310517,-4.004672117470243,90440.0,89662.0,90496.0,89716.0
1765440000,90268.0,90202.0,-7.311561129081934,-4.652296240501563,90469.0,89943.0,90518.0,90006.0
1765454400,89889.0,89849.0,-4.449932694767789,-6.9795267216166135,90624.0,89229.0,90650.0,89269.0
1765468800,90845.0,90787.0,-6.38450107325661,-3.782737366769817,91500.0,89289.0,91549.0,89349.0
1765483200,92531.0,92481.0,-5.403594471041773,-6.274492536656462,93544.0,90744.0,93562.0,90817.0
1765497600,92305.0,92254.0,-5.525161150533586,-5.295522581620915,92728.0,91394.0,92757.0,91489.0
1765512000,92448.0,92413.0,-3.785912080304099,-4.983748645720487,92723.0,92050.0,92718.0,92093.0
1765526400,92425.0,92399.0,-2.8130916959701047,-3.7859530325479174,92614.0,92059.0,92635.0,92103.0
1765540800,89912.0,89903.0,-1.000978734763125,-2.488584968947105,92645.0,89746.0,92668.0,89752.0
1765555200,90203.0,90156.0,-5.210469718301969,-2.5578007362014876,90629.0,89448.0,90680.0,89466.0
1765569600,90275.0,90228.0,-5.206314040432369,-5.099665195893444,90369.0,89837.0,90406.0,89900.0
1765584000,90352.0,90309.0,-4.759164157960294,-5.206314040432369,90427.0,90076.0,90459.0,90124.0
1765598400,90338.0,90291.0,-5.202683256215757,-4.759164157960294,90379.0,90237.0,90419.0,90287.0
1765612800,90353.0,90311.0,-4.648434473675245,-6.640767672743131,90624.0,90260.0,90640.0,90319.0
1765627200,90111.0,90062.0,-5.4377379010328575,-4.648434473675245,90446.0,89909.0,90488.0,89956.0
1765641600,90204.0,90152.0,-5.764711099286446,-5.548712143911283,90231.0,89958.0,90265.0,89996.0
1765656000,90264.0,90222.0,-4.653017814411076,-5.764711099286446,90257.0,89724.0,90291.0,89789.0
1765670400,90275.0,90236.0,-4.320132927166931,-4.210059827165491,90443.0,90086.0,90492.0,90146.0
1765684800,90266.0,90210.0,-6.203886291626937,-4.20936028800889,90303.0,90013.0,90340.0,90071.0
1765699200,89388.0,89328.0,-6.712310377231523,-6.314669975405751,90244.0,88587.0,90286.0,88563.0
1765713600,89027.0,88974.0,-5.953250137599175,-4.811834875732002,89627.0,88833.0,89670.0,88890.0
1765728000,88660.0,88608.0,-5.8651026392964045,-5.953250137599175,89359.0,88442.0,89407.0,88511.0
1765742400,88164.0,88128.0,-4.083299305839283,-6.203473945409765,88786.0,87558.0,88825.0,87607.0
1765756800,89279.0,89243.0,-4.032303229203338,-4.650107746398957,90007.0,88044.0,90015.0,88077.0
1765771200,89742.0,89694.0,-5.348666176372419,-5.487613671997238,89878.0,89243.0,89919.0,89279.0
1765785600,89644.0,89591.0,-5.912275221988672,-5.348666176372419,89973.0,89534.0,89973.0,89586.0
1765800000,87026.0,87007.0,-2.18325557879262,-5.8007228593104365,89824.0,86601.0,89875.0,86625.0
1765814400,86133.0,86143.0,1.160995205089499,-2.642766862002155,87202.0,85123.0,87207.0,85140.0
1765828800,86412.0,86427.0,1.7358700180536424,1.161022163913561,86462.0,85491.0,86446.0,85500.0
1765843200,85855.0,85849.0,-0.6988527167894887,1.620126601320493,86508.0,85334.0,86499.0,85362.0
1765857600,85988.0,85981.0,-0.8140670791267901,-0.8153091768869913,86592.0,85236.0,86583.0,85260.0
1765872000,87234.0,87236.0,0.22926840452131003,-1.3954461939202911,87306.0,85877.0,87303.0,85915.0
1765886400,87950.0,87939.0,-1.2507106310399863,0.22926840452131003,88142.0,86088.0,88135.0,86105.0
1765900800,87580.0,87536.0,-5.023978077186575,-1.1370096645824113,88000.0,87015.0,88031.0,87057.0
1765915200,87843.0,87814.0,-3.3013444440654904,-1.0280544640406397,87886.0,87285.0,87920.0,87326.0
1765929600,87187.0,87160.0,-3.096791952929001,-3.1875412672754955,87899.0,87100.0,87923.0,87136.0
1765944000,87010.0,87007.0,-0.3447879554074884,-3.096791952929001,87345.0,86150.0,87364.0,86200.0
1765958400,86960.0,86941.0,-2.1849126034956257,0.45975426134825526,87097.0,86206.0,87102.0,86221.0
1765972800,87200.0,87186.0,-1.6055045871554707,-2.414903403863411,90346.0,86766.0,90317.0,86791.0
1765987200,85983.0,85987.0,0.46520823883788864,1.4912532262689737,87739.0,85270.0,87736.0,85274.0
1766001600,86215.0,86210.0,-0.5799454851240782,0.46520282843243166,86400.0,85626.0,86400.0,85631.0
1766016000,86578.0,86588.0,1.1550278361704969,-0.46396176955010304,86860.0,85833.0,86833.0,85839.0
1766030400,86799.0,86803.0,0.4608348022450137,0.8085008085001455,86862.0,86341.0,86857.0,86365.0
1766044800,87233.0,87230.0,-0.3439065491273041,0.46084011152247584,87421.0,86652.0,87403.0,86650.0
1766059200,88446.0,88473.0,3.0527101282129543,-0.45852629648290844,89441.0,87072.0,89423.0,87083.0
1766073600,84440.0,84426.0,-1.657981999052538,3.3920151962285594,88496.0,84410.0,88466.0,84440.0
1766088000,85460.0,85477.0,1.9892347296979196,-1.657981999052538,85782.0,84395.0,85777.0,84398.0
1766102400,86805.0,86847.0,4.838430965958818,2.1062731836329895,87555.0,85090.0,87492.0,85078.0
1766116800,87902.0,87912.0,1.1376305431043399,2.3034044317493674,88355.0,86650.0,88326.0,86646.0
1766131200,88143.0,88144.0,0.11345200412904433,1.8203331209609708,88348.0,87696.0,88319.0,87680.0
1766145600,87903.0,87913.0,1.1376176012189987,0.11345200412904433,89381.0,87489.0,89349.0,87456.0
1766160000,87794.0,87786.0,-0.9112240016406759,1.3651721823415564,88878.0,86661.0,88833.0,86796.0
1766174400,88095.0,88092.0,-0.3405414609225499,0.7974481658701293,88398.0,87544.0,88346.0,87548.0
1766188800,88182.0,88162.0,-2.2680365607496977,-0.2270276406157734,88289.0,87908.0,88293.0,87925.0
1766203200,88236.0,88233.0,-0.3399972800222084,-1.8145115561707392,88525.0,88053.0,88522.0,88085.0
1766217600,88238.0,88228.0,-1.1332985788437,-1.0199340442651472,88392.0,88046.0,88389.0,88074.0
1766232000,88148.0,88131.0,-1.9285746698738393,-1.0199802803811941,88302.0,87715.0,88283.0,87791.0
1766246400,88193.0,88189.0,-0.4535507353187196,-1.3614394953598286,88392.0,88044.0,88356.0,88070.0
1766260800,88324.0,88317.0,-0.7925365699013032,-0.3401669085634218,88404.0,88097.0,88408.0,88120.0
1766275200,88047.0,88035.0,-1.3629084466248997,-0.7925365699013032,88383.0,87828.0,88389.0,87848.0
1766289600,88152.0,88137.0,-1.7016063163621808,-1.3629084466248997,88166.0,88006.0,88166.0,88021.0
1766304000,88570.0,88563.0,-0.7903353279892222,-1.7016063163621808,89048.0,88104.0,89017.0,88112.0
1766318400,88038.0,88038.0,0.0,-1.241899428726656,88890.0,87597.0,88889.0,87576.0
1766332800,88458.0,88456.0,-0.22609600036194166,0.0,88570.0,87899.0,88566.0,87930.0
1766347200,88636.0,88607.0,-3.2718082945981664,-0.22609600036194166,88801.0,88044.0,88775.0,88086.0
1766361600,88742.0,88738.0,-0.4507448558743743,-3.271771382153954,89595.0,87829.0,89578.0,87893.0
1766376000,89147.0,89155.0,0.8973941916168293,-0.2253749676028871,89173.0,88683.0,89155.0,88681.0
1766390400,89901.0,89909.0,0.8898677434077129,2.2437875133229923,90067.0,89076.0,90055.0,89061.0
1766404800,89678.0,89687.0,1.0035906242333859,0.8898677434077129,90553.0,89140.0,90536.0,89168.0
1766419200,88011.0,88014.0,0.34086648259767927,-0.33448544988323725,90077.0,87916.0,90070.0,87934.0
1766433600,88539.0,88573.0,3.8401156552470006,0.45449380752238255,88744.0,87863.0,88758.0,87867.0
1766448000,88136.0,88152.0,1.815376236724564,1.4680308060621705,88893.0,87714.0,88876.0,87755.0
1766462400,87501.0,87534.0,3.77138546987954,4.199058049141335,88330.0,87035.0,88311.0,87010.0
1766476800,87800.0,87825.0,2.8473804100226374,4.228716413134936,87872.0,87270.0,87818.0,87252.0
1766491200,87385.0,87426.0,4.69188075756799,2.96127562642301,87944.0,86571.0,87891.0,86561.0
1766505600,87701.0,87738.0,4.218880058379781,5.035304349816361,88256.0,87140.0,88214.0,87112.0
1766520000,87423.0,87459.0,4.117909474623538,5.017447031723243,88355.0,87151.0,88295.0,87137.0
1766534400,87278.0,87302.0,2.749833864204021,4.117909474623538,87825.0,86835.0,87766.0,86823.0
1766548800,86850.0,86877.0,3.1088082901553626,2.8644102752117817,87441.0,86760.0,87387.0,86718.0
1766563200,87145.0,87191.0,5.278558723966764,2.993632773371502,87351.0,86661.0,87278.0,86666.0
1766577600,86983.0,87036.0,6.093144637457915,5.163807447357005,87490.0,86401.0,87418.0,86363.0
1766592000,87494.0,87546.0,5.943264681007587,6.208181002966828,87665.0,86905.0,87603.0,86859.0
1766606400,87605.0,87653.0,5.479139318531612,5.943264681007587,88045.0,87506.0,87976.0,87458.0
1766620800,87786.0,87824.0,4.328708450094254,5.364990582730211,87947.0,87504.0,87892.0,87461.0
1766635200,87777.0,87808.0,3.531676862960076,4.4426218303605935,87838.0,87627.0,87805.0,87596.0
1766649600,87454.0,87493.0,4.45948727330947,3.645601923054631,87858.0,87232.0,87826.0,87209.0
1766664000,88298.0,88319.0,2.3783098144924963,4.688286145542175,88575.0,87385.0,88516.0,87348.0
1766678400,88086.0,88123.0,4.200440478623335,1.9252330098185055,88450.0,87966.0,88399.0,87945.0
1766692800,87172.0,87200.0,3.2120405634827875,4.200392793487495,88150.0,86910.0,88101.0,86896.0
1766707200,88749.0,88787.0,4.281738385785161,3.785792951542799,89433.0,86848.0,89340.0,86850.0
1766721600,88380.0,88428.0,5.431093007468579,4.281738385785161,89521.0,88309.0,89476.0,88293.0
1766736000,88472.0,88500.0,3.1648431142050626,3.959634356049957,88884.0,88400.0,88835.0,88347.0
1766750400,87047.0,87130.0,9.535078750559922,2.9387496750410413,89016.0,86633.0,88992.0,86584.0
1766764800,87434.0,87480.0,5.261111238190619,8.960058814744265,87553.0,86782.0,87487.0,86734.0
1766779200,87296.0,87339.0,4.9257697947213686,7.092523107898874,87772.0,87281.0,87708.0,87251.0
1766793600,87445.0,87491.0,5.260449425352753,4.811217008797719,87522.0,87222.0,87460.0,87180.0
1766808000,87479.0,87519.0,4.57252597766411,5.37480702155646,87683.0,87388.0,87629.0,87357.0
1766822400,87420.0,87442.0,2.516586593457326,4.458161865570354,87650.0,87350.0,87607.0,87325.0
1766836800,87493.0,87519.0,2.9716663047318903,1.1437459968899333,87573.0,87299.0,87534.0,87272.0
1766851200,87512.0,87538.0,2.9710211171041223,1.8285087368430375,87549.0,87405.0,87524.0,87391.0
1766865600,87810.0,87844.0,3.8719963557687365,2.9710211171041223,87950.0,87472.0,87902.0,87450.0
1766880000,87681.0,87717.0,4.105792589044199,4.441812259401434,87940.0,87679.0,87871.0,87650.0
1766894400,87655.0,87708.0,6.046432034680915,4.676414900655068,87809.0,87581.0,87759.0,87544.0
1766908800,87805.0,87848.0,4.897215420534007,5.24742761972119,87974.0,87676.0,87920.0,87660.0
1766923200,87770.0,87797.0,3.076221943716373,3.8718199831455635,88059.0,87768.0,88001.0,87734.0
1766937600,87455.0,87502.0,5.37419244182713,2.962254047464974,87903.0,87453.0,87850.0,87439.0
1766952000,87870.0,87928.0,6.600660066007347,5.37419244182713,88044.0,87408.0,87966.0,87377.0
1766966400,90010.0,90109.0,10.998777913564517,6.372978570858834,90149.0,87792.0,90050.0,87729.0
1766980800,89498.0,89582.0,9.385684596303623,10.998777913564517,90380.0,89463.0,90307.0,89402.0
1766995200,87468.0,87527.0,6.745324004207021,9.385684596303623,89790.0,87524.0,89711.0,87468.0
1767009600,87588.0,87667.0,9.019500388181001,7.546220601182263,88185.0,86736.0,88082.0,86701.0
1767024000,87239.0,87337.0,11.233507949426347,10.27678816114097,88012.0,87284.0,87899.0,87212.0
1767038400,87119.0,87228.0,12.511622034228065,11.462894610148044,87595.0,87069.0,87473.0,86959.0
1767052800,87244.0,87356.0,12.837559029847956,13.316343515743512,87418.0,86824.0,87293.0,86718.0
1767067200,87380.0,87482.0,11.673151750972721,12.837559029847956,87593.0,87125.0,87469.0,87042.0
1767081600,87777.0,87874.0,11.050730829260669,11.673151750972721,88200.0,87482.0,88091.0,87380.0
1767096000,88913.0,88973.0,6.7481695590076995,10.25232101156126,89141.0,87818.0,89051.0,87724.0
1767110400,88144.0,88184.0,4.538028680340922,6.7481695590076995,89376.0,87924.0,89310.0,87883.0
1767124800,88390.0,88466.0,8.59825772146161,4.764984173446507,88549.0,87842.0,88475.0,87789.0
1767139200,88336.0,88422.0,9.735555153052022,8.71139269148058,88793.0,88155.0,88686.0,88073.0
1767153600,88496.0,88578.0,9.265955523414249,9.735555153052022,88613.0,88306.0,88516.0,88230.0
1767168000,88912.0,88985.0,8.210365305021394,9.378954981016374,89000.0,88358.0,88931.0,88285.0
1767182400,87820.0,87927.0,12.184012753360118,7.985513603490091,89178.0,87747.0,89079.0,87672.0
1767196800,87405.0,87534.0,14.758881070877639,12.070143475291228,88030.0,87366.0,87924.0,87284.0
1767211200,87496.0,87632.0,15.543567705951222,16.70729055809117,87886.0,87229.0,87727.0,87085.0
1767225600,87693.0,87839.0,16.648991367611554,15.429276766938393,88096.0,87628.0,87923.0,87490.0
1767240000,87459.0,87642.0,20.924090145095775,16.648991367611554,87854.0,87550.0,87693.0,87268.0
1767254400,87871.0,88022.0,17.18428150356832,20.809750854686726,88023.0,87632.0,87871.0,87458.0
1767268800,87921.0,88011.0,10.236462278636616,17.18428150356832,88096.0,87786.0,87986.0,87702.0
1767283200,88261.0,88377.0,13.142837719943845,10.236462278636616,88495.0,87857.0,88368.0,87767.0
1767297600,88728.0,88809.0,9.129023532594704,11.896668932698251,88888.0,88204.0,88782.0,88135.0
1767312000,88829.0,88910.0,9.118643686183425,9.241727526823063,89094.0,88350.0,89005.0,88284.0
1767326400,88735.0,88827.0,10.367949512593011,9.231219534160395,89059.0,88538.0,88963.0,88464.0
1767340800,89405.0,89459.0,6.039930652648184,8.45051379123829,89899.0,88771.0,89816.0,88692.0
1767355200,89340.0,89366.0,2.910230579806772,6.039930652648184,90079.0,88444.0,90043.0,88400.0
1767369600,89858.0,89849.0,-1.0015802710938715,3.134129551483067,90956.0,89161.0,90925.0,89145.0
1767384000,89952.0,89932.0,-2.223408039843111,-1.1128669678828196,90356.0,89573.0,90361.0,89584.0
1767398400,90284.0,90274.0,-1.1076159673917285,-2.223408039843111,90369.0,89915.0,90368.0,89928.0
1767412800,89546.0,89528.0,-2.010140039756525,-2.32573592929719,90430.0,89269.0,90427.0,89289.0
1767427200,89699.0,89720.0,2.3411632236691737,-1.7868111005636678,89952.0,89389.0,89929.0,89395.0
1767441600,89930.0,89934.0,0.4447903925264285,2.564159736002658,90214.0,89630.0,90178.0,89617.0
1767456000,90066.0,90079.0,1.4433859614060296,0.33359279439482137,90190.0,89881.0,90156.0,89875.0
1767470400,90590.0,90600.0,1.1038745998459554,1.4433859614060296,90711.0,89983.0,90677.0,89984.0
1767484800,91196.0,91190.0,-0.6579235931403193,0.9934871398598055,91555.0,90599.0,91519.0,90590.0
1767499200,91484.0,91494.0,1.0930873158154775,-0.32897622598504483,91834.0,91148.0,91728.0,91151.0
1767513600,91266.0,91256.0,-1.0956982885190758,0.9837785842337077,91577.0,91120.0,91576.0,91146.0
1767528000,91285.0,91294.0,0.9859232075370983,-1.0956982885190758,91373.0,90975.0,91371.0,91000.0
1767542400,91108.0,91101.0,-0.768318918207278,0.9859232075370983,91411.0,90839.0,91400.0,90840.0
1767556800,91501.0,91511.0,1.092884230773361,-0.87806912599242,91571.0,91083.0,91541.0,91091.0
1767571200,92837.0,92844.0,0.7540097159530745,1.3115040765909747,93366.0,91479.0,93330.0,91484.0
1767585600,92485.0,92497.0,1.2975077039523164,0.8617439543279204,92925.0,92109.0,92909.0,92115.0
1767600000,93081.0,93114.0,3.5452992554874108,1.513775355737046,93146.0,92290.0,93095.0,92282.0
1767614400,93946.0,93929.0,-1.8095501671178127,3.65273256625942,93983.0,92368.0,93996.0,92358.0
1767628800,94300.0,94263.0,-3.923647932131402,-1.4902653736836857,94472.0,93202.0,94500.0,93239.0
1767643200,93876.0,93832.0,-4.687033959691611,-3.287555013521404,94753.0,93764.0,94792.0,93816.0
1767657600,93764.0,93725.0,-4.159378866089858,-4.79355745877541,94123.0,93493.0,94147.0,93528.0
1767672000,93209.0,93234.0,2.6821444281122098,-4.052728125932825,93978.0,93133.0,93978.0,93121.0
1767686400,93808.0,93825.0,1.8122121780650424,2.6821444281122098,93890.0,93164.0,93865.0,93140.0
1767700800,93616.0,93644.0,2.9909417193652033,1.9188128944236382,94435.0,93327.0,94418.0,93316.0
1767715200,92059.0,92153.0,10.210843046307705,2.990973668750563,93754.0,91316.0,93742.0,91221.0
1767729600,93712.0,93801.0,9.49718285811807,11.8424197648892,93897.0,92150.0,93786.0,92042.0
1767744000,92758.0,92889.0,14.122771081739316,9.49718285811807,93801.0,92285.0,93712.0,92194.0
1767758400,92803.0,92944.0,15.193474348889069,14.122771081739316,93000.0,92561.0,92856.0,92453.0
1767772800,92044.0,92162.0,12.81995567337324,14.330352332723173,93024.0,91621.0,92896.0,91530.0
1767787200,91263.0,91409.0,15.997720872642507,14.561260527030662,92351.0,91133.0,92204.0,90982.0
1767801600,91092.0,91219.0,13.941948799016668,15.668657207035253,91851.0,90677.0,91710.0,90526.0
1767816000,91273.0,91373.0,10.956142561326931,13.832017827934973,91499.0,90804.0,91376.0,90679.0
1767830400,90709.0,90812.0,11.354992338137304,10.956142561326931,91676.0,90591.0,91562.0,90536.0
1767844800,90417.0,90515.0,10.838669719190897,12.017243090085561,91200.0,89622.0,91059.0,89530.0
1767859200,90097.0,90198.0,11.210140182247308,10.728071048586862,90721.0,89750.0,90635.0,89671.0
1767873600,90698.0,90795.0,10.694833403162018,11.210140182247308,90859.0,89300.0,90759.0,89199.0
1767888000,90843.0,90928.0,9.356802395341646,11.577264457798275,91490.0,90336.0,91386.0,90221.0
1767902400,91031.0,91079.0,5.2729290022091035,9.356802395341646,91466.0,90542.0,91397.0,90492.0
1767916800,91117.0,91207.0,9.877410362499894,5.163019597504981,91627.0,90815.0,91545.0,90775.0
1767931200,90645.0,90733.0,9.708202327762816,9.987268975810704,91220.0,90710.0,91132.0,90641.0
1767945600,90349.0,90434.0,9.407962456695618,10.149820171665436,90849.0,89645.0,90721.0,89596.0
1767960000,91067.0,91185.0,12.957492834946294,9.407962456695618,92061.0,89834.0,91924.0,89757.0
1767974400,90225.0,90336.0,12.302576891105588,11.8580980928229,91784.0,90143.0,91685.0,90070.0
1767988800,90510.0,90650.0,15.467904098993568,12.19187799255117,90732.0,90131.0,90594.0,90018.0
1768003200,90502.0,90631.0,14.253828644670286,15.578389128272363,90790.0,90520.0,90634.0,90405.0
1768017600,90541.0,90657.0,12.811875283020857,14.143177574224008,90684.0,90400.0,90542.0,90286.0
1768032000,90601.0,90715.0,12.582642575689196,12.701287800136463,90800.0,90603.0,90694.0,90493.0
1768046400,90536.0,90646.0,12.149863037906883,12.582642575689196,90779.0,90517.0,90654.0,90427.0
1768060800,90501.0,90603.0,11.27059369509631,12.26045175898749,90737.0,90496.0,90615.0,90396.0
1768075200,90382.0,90485.0,11.396074439600223,11.27059369509631,90630.0,90349.0,90525.0,90286.0
1768089600,90616.0,90712.0,10.594155557517304,11.396074439600223,90715.0,90420.0,90616.0,90340.0
1768104000,90584.0,90676.0,10.156318996732416,11.035700491088818,90845.0,90523.0,90720.0,90466.0
1768118400,90602.0,90703.0,11.147656784618043,10.156318996732416,90779.0,90573.0,90676.0,90493.0
1768132800,90742.0,90837.0,10.46924246765446,9.490388223090118,91157.0,90639.0,91059.0,90591.0
1768147200,90583.0,90661.0,8.61088725257586,10.46924246765446,91250.0,90623.0,91146.0,90547.0
1768161600,90872.0,90997.0,13.755612289814145,12.590146553723702,91050.0,90207.0,90895.0,90090.0
1768176000,91676.0,91793.0,12.762336925695728,13.865657188132374,92505.0,90674.0,92392.0,90569.0
1768190400,91286.0,91389.0,11.283219770830133,12.762197715894263,92280.0,91366.0,92152.0,91270.0
1768204800,90510.0,90588.0,8.617832283726035,11.392890398203015,91598.0,90330.0,91503.0,90244.0
1768219200,91563.0,91640.0,8.409510391751418,8.949188496425453,91640.0,90081.0,91563.0,90016.0
1768233600,91776.0,91808.0,3.486750348675738,7.316647010002786,92291.0,90876.0,92244.0,90950.0
1768248000,91195.0,91249.0,5.921377268489625,3.3777894002784414,92013.0,90874.0,91959.0,90873.0
1768262400,91303.0,91382.0,8.652508679889426,5.921377268489625,91500.0,90991.0,91441.0,90949.0
1768276800,91832.0,91950.0,12.849551354647826,8.652413913958767,92293.0,91309.0,92158.0,91244.0
1768291200,91897.0,91992.0,10.337660641805968,12.958586969542552,92686.0,91915.0,92576.0,91824.0
1768305600,93394.0,93434.0,4.28293038096772,10.337548151211351,93434.0,91779.0,93394.0,91695.0
1768320000,94201.0,94176.0,-2.6538996401315185,4.390003640490914,94200.0,93019.0,94212.0,93045.0
1768334400,95366.0,95374.0,0.838873393034234,-2.5477436545262577,96626.0,94020.0,96474.0,94073.0
1768348800,95678.0,95681.0,0.3135517046759517,0.734006522171704,95681.0,95084.0,95678.0,95104.0
1768363200,95182.0,95183.0,0.10506188144798756,0.3135549818655825,95754.0,94544.0,95751.0,94555.0
1768377600,94739.0,94773.0,3.588807143837247,0.0,95302.0,94714.0,95283.0,94249.0
1768392000,96765.0,96737.0,-2.893608226114397,3.588807143837247,97102.0,94647.0,97073.0,94638.0
1768406400,97268.0,97241.0,-2.77583583501273,-3.306844133968978,97765.0,96263.0,97814.0,96272.0
1768420800,96942.0,96917.0,-2.578861587341219,-2.77583583501273,97949.0,96799.0,97939.0,96826.0
1768435200,95955.0,95970.0,1.5632327653580802,-2.991356012626012,96975.0,95747.0,96992.0,95753.0
1768449600,96610.0,96629.0,1.9666701169640532,1.5632327653580802,96775.0,95948.0,96732.0,95930.0
1768464000,96573.0,96579.0,0.6212916653725031,1.9666701169640532,97202.0,96269.0,97165.0,96284.0
1768478400,96719.0,96791.0,7.444245701464514,0.7248402762671802,97176.0,95436.0,97119.0,95411.0
1768492800,95486.0,95486.0,0.0,7.444245701464514,97088.0,95075.0,97040.0,95167.0
1768507200,95577.0,95588.0,1.1509045063151646,0.20945698277152758,95827.0,95085.0,95836.0,95113.0
1768521600,95330.0,95333.0,0.3146963180533646,0.6277266878007559,95835.0,95308.0,95811.0,95319.0
1768536000,95629.0,95650.0,2.1959865731102646,0.3146963180533646,95832.0,95150.0,95777.0,95135.0
1768550400,95395.0,95434.0,4.0882645840967236,2.300557362306943,95860.0,95288.0,95802.0,95238.0
1768564800,94551.0,94608.0,6.028492559571053,4.193135836636497,95808.0,94302.0,95765.0,94251.0
1768579200,94958.0,95022.0,6.739821815959779,7.510207535594837,95258.0,94536.0,95178.0,94466.0
1768593600,95521.0,95586.0,6.804786382053063,6.845203618479623,95634.0,94701.0,95584.0,94643.0
1768608000,95337.0,95399.0,6.503246378635197,6.909547738693789,95613.0,95239.0,95537.0,95181.0
1768622400,95074.0,95117.0,4.522792771946005,6.398355308012693,95399.0,95059.0,95341.0,95034.0
1768636800,95282.0,95336.0,5.667387334438168,4.417611544691447,95336.0,95033.0,95282.0,95011.0
1768651200,95542.0,95576.0,3.558644365828645,5.667387334438168,95659.0,95199.0,95603.0,95181.0
1768665600,95257.0,95291.0,3.569291495637561,3.558644365828645,95583.0,95210.0,95542.0,95204.0
1768680000,95113.0,95144.0,3.25928106567952,3.5693289661553607,95413.0,95034.0,95364.0,95021.0
1768694400,95154.0,95194.0,4.20371187758839,3.1541429667858445,95261.0,94847.0,95203.0,94839.0
1768708800,95013.0,95024.0,1.1577363097692306,4.20371187758839,95240.0,95009.0,95204.0,95010.0
1768723200,95130.0,95149.0,1.9972668979284514,1.4735291022005548,95286.0,95008.0,95249.0,94999.0
1768737600,95078.0,95110.0,3.3656576705443086,1.8921078080991194,95370.0,94887.0,95307.0,94886.0
1768752000,95345.0,95387.0,4.405055325398255,3.2604808683389663,95524.0,95062.0,95479.0,95044.0
1768766400,93636.0,93621.0,-1.6019479687301441,4.405055325398255,95537.0,93555.0,95480.0,93584.0
1768780800,92651.0,92682.0,3.345889412957881,-0.7476475802925542,93621.0,91800.0,93632.0,91917.0
1768795200,92788.0,92783.0,-0.5388627839808535,3.345889412957881,92810.0,92327.0,92790.0,92354.0
1768809600,93139.0,93152.0,1.3957633214878307,-0.43109022718423873,93338.0,92643.0,93304.0,92648.0
1768824000,93016.0,93010.0,-0.6450503139243668,1.2883969121424421,93196.0,92670.0,93171.0,92669.0
1768838400,93054.0,93065.0,1.1821093128716598,-0.752558699578243,93384.0,92879.0,93362.0,92880.0
1768852800,92560.0,92581.0,2.2687986171132657,1.0746448298837308,93331.0,92075.0,93293.0,92105.0
1768867200,92360.0,92379.0,2.057167605022947,2.4849015222727644,92821.0,92200.0,92799.0,92193.0
1768881600,91078.0,91122.0,4.831023957487801,2.057167605022947,92424.0,90688.0,92392.0,90689.0
1768896000,91130.0,91162.0,3.5114671348623894,4.831023957487801,91376.0,90622.0,91343.0,90599.0
1768910400,90586.0,90633.0,5.1884397147472505,3.5114671348623894,91309.0,89797.0,91287.0,89778.0
1768924800,89606.0,89704.0,10.936767627167665,5.1884397147472505,90924.0,89260.0,90873.0,89180.0
1768939200,88316.0,88404.0,9.964219393994167,10.825167957502213,89838.0,87804.0,89800.0,87777.0
1768953600,89322.0,89395.0,8.172678623408203,9.73764960313428,89581.0,88214.0,89477.0,88145.0
1768968000,89114.0,89174.0,6.732948807146588,8.172678623408203,90107.0,89036.0,90005.0,88986.0
1768982400,88700.0,88741.0,4.622322435174908,8.080626697493098,89458.0,88648.0,89387.0,88605.0
1768996800,90206.0,90230.0,2.6605769017584713,4.622322435174908,90500.0,88129.0,90471.0,88135.0
1769011200,90285.0,90312.0,2.9905299883692393,2.3279273686660495,90400.0,87200.0,90372.0,87193.0
1769025600,89374.0,89401.0,3.0210128225216515,3.1013247086963958,90344.0,89293.0,90316.0,89281.0
1769040000,89810.0,89842.0,3.5630776082840043,3.0210466248203893,90312.0,89393.0,90254.0,89373.0
1769054400,89735.0,89764.0,3.231737894913156,3.5630776082840043,90167.0,89728.0,90113.0,89716.0
1769068800,89851.0,89897.0,5.119586871598081,3.231737894913156,90126.0,89708.0,90063.0,89675.0
1769083200,88912.0,88956.0,4.9487133345338385,5.008235765480151,90300.0,88445.0,90231.0,88421.0
1769097600,89689.0,89738.0,5.463323261492015,6.186587478347327,89917.0,88631.0,89835.0,88583.0
1769112000,89464.0,89500.0,4.023964946793246,5.463384176256358,89900.0,89081.0,89861.0,89056.0
1769126400,89821.0,89878.0,6.345954732189796,3.576697813743035,89918.0,89390.0,89875.0,89362.0
1769140800,89442.0,89490.0,5.3666062923452,6.345954732189796,90035.0,89351.0,89973.0,89296.0
1769155200,89081.0,89160.0,8.868333314624444,8.052070053008453,89575.0,88809.0,89503.0,88761.0
1769169600,89633.0,89706.0,8.14432184574887,8.755977638579271,89818.0,88510.0,89735.0,88463.0
1769184000,89880.0,89935.0,6.119270137960875,7.251146238886896,91206.0,89434.0,91122.0,89374.0
1769198400,89493.0,89552.0,6.592694400679999,6.008010680906839,90116.0,89159.0,90047.0,89101.0
1769212800,89637.0,89719.0,9.148008077022318,6.592694400679999,89883.0,89369.0,89778.0,89309.0
1769227200,89483.0,89584.0,11.287060111977443,9.148008077022318,89812.0,89527.0,89726.0,89441.0
1769241600,89455.0,89559.0,11.625957185177338,11.398940569053995,89647.0,89539.0,89545.0,89450.0
1769256000,89142.0,89222.0,8.97444526710256,11.737745235034236,89560.0,89143.0,89455.0,89060.0
1769270400,89195.0,89275.0,8.969112618419928,9.086727768365943,89411.0,89115.0,89306.0,89037.0
1769284800,89089.0,89171.0,9.204278867200877,8.856899412530428,89447.0,89154.0,89338.0,89080.0
1769299200,88818.0,88913.0,10.696030083992003,9.316526170459749,89278.0,88780.0,89180.0,88718.0
1769313600,88518.0,88615.0,10.958223186243732,10.921332627762403,89045.0,88600.0,88942.0,88507.0
1769328000,88423.0,88525.0,11.535460230935879,11.071194559297837,88720.0,88069.0,88618.0,87957.0
1769342400,88333.0,88417.0,9.509469847055474,11.535460230935879,88964.0,88352.0,88825.0,88272.0
1769356800,86396.0,86449.0,6.134543265892134,9.849316774406258,88418.0,86117.0,88331.0,86117.0
1769371200,86567.0,86637.0,8.08622223249067,6.250289365248296,86965.0,86051.0,86913.0,86000.0
1769385600,87154.0,87235.0,9.293893567707823,8.086128823583394,87921.0,86469.0,87839.0,86422.0
1769400000,87903.0,87961.0,6.598182087074189,6.997418984799886,88033.0,87204.0,87970.0,87125.0
1769414400,87763.0,87804.0,4.671672572724717,6.598107025845845,88369.0,87560.0,88285.0,87503.0
1769428800,87554.0,87602.0,5.482330904356125,3.189938024061867,88840.0,87264.0,88750.0,87251.0
1769443200,87915.0,87968.0,6.028550304271185,5.596546131529934,88512.0,86946.0,88447.0,86942.0
1769457600,88247.0,88299.0,5.8925515881558255,6.02861887754047,88651.0,87507.0,88552.0,87443.0
1769472000,88667.0,88751.0,9.473648595306194,5.8925515881558255,88873.0,88146.0,88772.0,88114.0
1769486400,88215.0,88290.0,8.501955449753407,9.36086706440964,88977.0,88241.0,88880.0,88178.0
1769500800,87875.0,87955.0,9.103840682787023,8.615412519554777,88360.0,87692.0,88281.0,87639.0
1769515200,87922.0,88006.0,9.553922795204617,10.58478067879065,88418.0,87527.0,88315.0,87448.0
1769529600,88286.0,88372.0,9.741068799129504,9.66765997133745,88780.0,87256.0,88703.0,87197.0
1769544000,89135.0,89215.0,8.975150053289749,9.967718185421859,89499.0,88351.0,89416.0,88260.0
1769558400,89005.0,89093.0,9.887084995225948,9.087339428957009,89469.0,88958.0,89379.0,88878.0
1769572800,89021.0,89110.0,9.99764100605427,9.774731756642119,89374.0,88801.0,89263.0,88722.0
1769587200,89949.0,90071.0,13.563241392344771,10.897284666284701,90150.0,88836.0,90016.0,88752.0
1769601600,89364.0,89446.0,9.17595452307518,12.784169862709582,90497.0,88793.0,90352.0,88794.0
1769616000,89286.0,89370.0,9.407969894497104,8.616059439621182,90587.0,88960.0,90438.0,88894.0
1769630400,89168.0,89276.0,12.111968419163954,10.529263511620535,89874.0,88811.0,89746.0,88727.0
1769644800,87906.0,88019.0,12.854640183832533,12.224253367276727,89316.0,87647.0,89214.0,87582.0
1769659200,88215.0,88327.0,12.69625347163128,12.854640183832533,88411.0,87866.0,88283.0,87761.0
1769673600,87692.0,87795.0,11.745655247912268,12.696397397238268,88567.0,87704.0,88332.0,87608.0
1769688000,84780.0,84911.0,15.451757489974849,11.859825979860794,88129.0,84323.0,88007.0,84231.0
1769702400,83857.0,83995.0,16.456586808495377,14.97941804371239,85626.0,83360.0,85488.0,83242.0
1769716800,84530.0,84641.0,13.131432627468964,17.650987501192095,84720.0,83810.0,84603.0,83664.0
1769731200,82549.0,82641.0,11.144895758883333,14.07950780880185,84709.0,81000.0,84599.0,81040.0
1769745600,82670.0,82776.0,12.82206362646754,11.144895758883333,83319.0,82013.0,83193.0,81939.0
1769760000,82990.0,83119.0,15.544041450776813,12.82206362646754,83284.0,82108.0,83163.0,82033.0
1769774400,82759.0,82846.0,10.512451817930035,14.096045878413399,83803.0,82272.0,83651.0,82274.0
1769788800,84119.0,84216.0,11.531283063279663,10.512578844341647,84600.0,81829.0,84500.0,81752.0
1769803200,84130.0,84241.0,13.193866634970686,11.88777936281582,84500.0,83509.0,84351.0,83422.0
1769817600,83881.0,83991.0,13.113816001240064,13.789168370501592,84251.0,83775.0,84137.0,83680.0
1769832000,83400.0,83518.0,14.148681055154988,12.99459949213766,84128.0,83360.0,83994.0,83257.0
1769846400,82870.0,82986.0,13.997827923253325,14.028776978416424,83597.0,82521.0,83480.0,82447.0
1769860800,81176.0,81269.0,11.456588154135083,14.118498853625816,83121.0,80792.0,82994.0,80743.0
1769875200,77649.0,77730.0,10.431557392882596,11.333399034196834,82123.0,75280.0,82023.0,75555.0
1769889600,78635.0,78728.0,11.826794684299813,10.431557392882596,79222.0,77058.0,79145.0,76976.0
1769904000,78785.0,78841.0,7.107952021323527,10.68104369055467,79417.0,78290.0,79322.0,78218.0
1769918400,78273.0,78333.0,7.665478517495661,7.107952021323527,79116.0,77958.0,79041.0,77921.0
1769932800,78679.0,78714.0,4.448455115086958,7.28192549440454,79203.0,78106.0,79144.0,78083.0
1769947200,77523.0,77546.0,2.9668614475708566,2.1602114465801847,78743.0,76768.0,78696.0,76729.0
1769961600,77097.0,77133.0,4.669442390754508,2.4507590903821708,78404.0,76941.0,78405.0,76914.0
1769976000,76888.0,76928.0,5.202372281760681,4.669502957352911,77730.0,75620.0,77708.0,75651.0
1769990400,76195.0,76248.0,6.955836997177833,5.202372281760681,78098.0,74564.0,78019.0,74532.0
1770004800,76550.0,76603.0,6.9235793598965145,7.217753047861208,76920.0,74856.0,76839.0,74837.0
1770019200,77668.0,77718.0,6.437657722613288,7.707280113911086,77925.0,76575.0,77868.0,76523.0
1770033600,78827.0,78784.0,-5.454983698478522,6.566410877066886,79286.0,77467.0,79301.0,77534.0
1770048000,78277.0,78283.0,0.7665086807118193,-5.201329510567954,79233.0,78227.0,79251.0,78219.0
1770062400,78666.0,78684.0,2.288154984364521,1.53303694619078,78913.0,77859.0,78894.0,77841.0
1770076800,78685.0,78691.0,0.7625341551764642,2.288154984364521,79154.0,77596.0,79113.0,77599.0
1770091200,78698.0,78743.0,5.718061450099565,0.6354370536043596,78957.0,77886.0,78924.0,77897.0
1770105600,78004.0,78034.0,3.8459566176096693,3.557136505112357,79042.0,77905.0,79000.0,77882.0
1770120000,78072.0,78095.0,2.945998565426766,3.8459073136332123,78415.0,77011.0,78370.0,76996.0
1770134400,74852.0,74897.0,6.011863410462226,3.0741642116050016,78107.0,72900.0,78070.0,72863.0
1770148800,75662.0,75731.0,9.119505167720643,7.081301356135494,76918.0,74565.0,76873.0,74495.0
1770163200,76617.0,76672.0,7.178563504182112,9.383962675619806,76947.0,75421.0,76873.0,75363.0
1770177600,76395.0,76477.0,10.733686759605288,7.047952178338424,76803.0,76068.0,76733.0,76025.0
1770192000,75905.0,76020.0,15.150517093736049,8.899475192711837,76565.0,75639.0,76499.0,75566.0
1770206400,74011.0,74092.0,10.944319087702326,15.150517093736049,76244.0,73751.0,76157.0,73689.0
1770220800,73767.0,73916.0,20.198733851179984,10.944319087702326,74206.0,72170.0,74132.0,72000.0
1770235200,73000.0,73147.0,20.136986301368953,21.829028540438777,74144.0,71820.0,73975.0,71704.0
1770249600,71119.0,71202.0,11.670580294997901,19.04109589041081,73310.0,71121.0,73175.0,71033.0
1770264000,70591.0,70725.0,18.982589848564047,15.191155371760967,71594.0,70114.0,71468.0,69101.0
1770278400,70198.0,70298.0,14.245420097438455,19.54895738893958,71956.0,69886.0,71821.0,69807.0
1770292800,67368.0,67465.0,14.398527490797619,14.815870076216875,70853.0,66709.0,70739.0,66459.0
1770307200,65111.0,65235.0,19.044401099661545,13.80395416493485,68700.0,65160.0,68539.0,65053.0
1770321600,62795.0,62894.0,15.765586432041623,17.813541362736718,65671.0,62156.0,65573.0,62200.0
1770336000,64084.0,64133.0,7.6462143436728525,15.765586432041623,65968.0,60000.0,65928.0,59930.0
1770350400,64738.0,64794.0,8.650251784114715,7.177966762892396,66794.0,63918.0,66746.0,63874.0
1770364800,66550.0,66589.0,5.86025544703217,4.632203075782826,66703.0,64468.0,66658.0,64437.0
1770379200,68605.0,68544.0,-8.891480212812608,6.611967661467322,69111.0,66076.0,69141.0,66039.0
1770393600,70669.0,70680.0,1.5565523779881296,-9.037110456810993,71448.0,68356.0,71463.0,68421.0
1770408000,70531.0,70516.0,-2.126724419049264,1.981206837993188,71684.0,69755.0,71673.0,69806.0
1770422400,70878.0,70867.0,-1.5519625271598336,0.1418137984821044,70877.0,69658.0,70891.0,69697.0
1770436800,68067.0,68038.0,-4.260508028853804,-1.128715944523906,71656.0,67244.0,71622.0,67313.0
1770451200,67918.0,67926.0,1.177890986188146,-3.5261448951706686,68723.0,67535.0,68738.0,67579.0
1770465600,69078.0,69113.0,5.066736153334084,1.6196716483829476,69933.0,67869.0,69897.0,67859.0
1770480000,69331.0,69338.0,1.0096493631994718,5.066736153334084,69837.0,68518.0,69791.0,68545.0
1770494400,69246.0,69236.0,-1.4441267365628008,1.4423978421729267,69703.0,68740.0,69672.0,68752.0
1770508800,69069.0,69054.0,-2.1717413021760112,-1.7328770090541123,69665.0,68840.0,69630.0,68850.0
1770523200,69646.0,69675.0,4.163914654107259,-0.14481210629191388,69676.0,68922.0,69647.0,68932.0
1770537600,70933.0,70956.0,3.2424964403032774,3.445998334434819,71179.0,69477.0,71134.0,69469.0
1770552000,71140.0,71150.0,1.4056789429295335,2.8194428780881076,71525.0,70657.0,71494.0,70658.0
1770566400,71377.0,71385.0,1.1208092242598333,1.265111048636136,71495.0,70203.0,71476.0,70218.0
1770580800,70283.0,70297.0,1.9919468434759224,0.9806393768729826,72271.0,69929.0,72174.0,69970.0
1770595200,71285.0,71269.0,-2.24451146805027,0.9959734217379612,71417.0,70021.0,71383.0,70031.0
1770609600,70357.0,70394.0,5.258893926687325,3.7898992167550993,71324.0,70278.0,71293.0,70273.0
1770624000,68863.0,68876.0,1.8878062239524596,5.400949430056645,70587.0,68366.0,70556.0,68364.0
1770638400,69533.0,69539.0,0.8628996303916558,2.46866967747561,69834.0,68263.0,69817.0,68265.0
1770652800,70924.0,70924.0,0.0,4.7477232508952305,71044.0,69060.0,71031.0,69055.0
1770667200,70094.0,70093.0,-0.14266556338626835,-0.141003948110896,71094.0,69773.0,71082.0,69798.0
1770681600,69473.0,69475.0,0.28788162307558096,-0.14266556338626835,70499.0,69172.0,70465.0,69189.0
1770696000,68859.0,68879.0,2.9044859785942734,3.311687376712502,69872.0,68640.0,69852.0,68657.0
1770710400,68483.0,68505.0,3.212476088956251,3.1948881789145567,69384.0,68407.0,69338.0,68414.0
1770724800,69258.0,69269.0,1.588264171648035,4.234998612673291,69555.0,67887.0,69550.0,67870.0
1770739200,69026.0,69027.0,0.14487294642595572,0.4331754649422592,69983.0,68569.0,69965.0,68582.0
1770753600,68802.0,68801.0,-0.14534461207471594,0.4346314325442968,69102.0,68332.0,69092.0,68281.0
1770768000,68134.0,68144.0,1.4676960108017667,0.1453467246115281,69270.0,67969.0,69235.0,67968.0
1770782400,66993.0,67001.0,1.1941546131688519,1.6144656118832756,68281.0,66518.0,68269.0,66529.0
1770796800,67021.0,67032.0,1.6412766147921865,1.1941546131688519,67098.0,66350.0,67082.0,66351.0
1770811200,66485.0,66479.0,-0.9024592013240351,1.9397194867210032,68764.0,65700.0,68717.0,65719.0
1770825600,67538.0,67555.0,2.5171014836100625,-0.45122960066201756,67820.0,65839.0,67811.0,65840.0
1770840000,67053.0,67059.0,0.8948145496856519,2.8133143804787153,68308.0,66733.0,68299.0,66759.0
1770854400,67533.0,67552.0,2.8134393555734327,3.5802726974365484,68005.0,67017.0,67995.0,67004.0
1770868800,67175.0,67188.0,1.9352437662822908,2.6653636000184555,67643.0,66623.0,67625.0,66617.0
1770883200,68048.0,68047.0,-0.1469550905242034,1.7865650309678571,68261.0,66861.0,68233.0,66832.0
1770897600,67096.0,67111.0,2.2356027184922134,1.322809647692491,68399.0,66963.0,68364.0,67000.0
1770912000,65725.0,65777.0,7.911753518448084,2.086531439557948,67199.0,65097.0,67192.0,65080.0
1770926400,66207.0,66244.0,5.588532934583945,6.9983264871442685,66461.0,65194.0,66419.0,65156.0
1770940800,66496.0,66518.0,3.3084696823859616,6.041839740200672,66750.0,65827.0,66735.0,65828.0
1770955200,66144.0,66175.0,4.686744073536531,2.8571858223425117,66639.0,65962.0,66613.0,65970.0
1770969600,67110.0,67127.0,2.5331545224260843,4.08175606216421,67184.0,66162.0,67155.0,66132.0
1770984000,68648.0,68663.0,2.1850600163153544,2.8312148892095657,69282.0,66821.0,69256.0,66839.0
1770998400,68918.0,68906.0,-1.7411996865845936,2.0393596410728243,69456.0,68502.0,69405.0,68503.0
1771012800,68812.0,68822.0,1.4532349008899992,0.7256788725862329,69055.0,68648.0,69040.0,68647.0
1771027200,68943.0,68953.0,1.4504735796228019,1.598558390978333,69121.0,68745.0,69101.0,68738.0
1771041600,69182.0,69193.0,1.590008961869227,1.3054262216605217,69330.0,68705.0,69296.0,68701.0
1771056000,70475.0,70484.0,1.2770485987934066,1.734555231129864,70532.0,69187.0,70513.0,69181.0
1771070400,69766.0,69760.0,-0.8600177737005943,2.2705341431561443,70521.0,69200.0,70494.0,69214.0
1771084800,69823.0,69851.0,4.01013992523902,-0.4300150505265332,69895.0,69263.0,69890.0,69280.0
1771099200,69791.0,69792.0,0.14328495078208547,0.5726802869121528,70226.0,69644.0,70213.0,69643.0
1771113600,69932.0,69928.0,-0.5719842132356767,0.14328495078208547,69970.0,69226.0,69957.0,69230.0
1771128000,70793.0,70790.0,-0.42377071179378056,0.0,70888.0,69928.0,70886.0,69828.0
1771142400,70252.0,70263.0,1.565791721231946,-1.8360803920736135,70949.0,70156.0,70937.0,70167.0
1771156800,69064.0,69059.0,-0.723966176300328,0.9963561831027867,70384.0,68747.0,70372.0,68750.0
1771171200,68249.0,68264.0,2.1978344005035844,-0.7239556939120373,69066.0,68034.0,69066.0,68044.0
1771185600,68792.0,68798.0,0.8721944412148908,2.344356693870786,69065.0,68088.0,69037.0,68101.0
1771200000,68390.0,68389.0,-0.1462202076329966,1.162925921618374,69036.0,68113.0,69007.0,68127.0
1771214400,68545.0,68555.0,1.4588956160177524,-0.43864779506352924,68867.0,68201.0,68848.0,68209.0
1771228800,68772.0,68787.0,2.1811202233457117,1.3130060544175315,69024.0,68300.0,69031.0,68314.0
1771243200,67497.0,67506.0,1.333392595226357,1.8902492220895795,70099.0,67270.0,70066.0,67268.0
1771257600,67881.0,67881.0,0.0,0.8888888888880508,68218.0,67480.0,68211.0,67478.0
1771272000,68867.0,68870.0,0.43562228643656553,0.7366808109376954,68950.0,67800.0,68940.0,67795.0
1771286400,68453.0,68449.0,-0.584342541597449,0.43562228643656553,69213.0,68363.0,69205.0,68323.0
1771300800,68350.0,68355.0,0.7315288953924082,0.29220115127293056,68678.0,67857.0,68643.0,67869.0
1771315200,67815.0,67821.0,0.8847600088479624,0.8778346744686694,68444.0,67647.0,68438.0,67656.0
1771329600,67346.0,67357.0,1.633356101327088,0.8847600088479624,68322.0,66600.0,68326.0,66557.0
1771344000,67744.0,67768.0,3.5427491733575067,1.4848691830260385,68219.0,66871.0,68198.0,66863.0
1771358400,67468.0,67480.0,1.7786209758696714,2.804510834268914,67913.0,67367.0,67891.0,67353.0
1771372800,67587.0,67607.0,2.959148948762369,1.7785946138215714,67681.0,66858.0,67654.0,66869.0
1771387200,68077.0,68087.0,1.4689248938704047,3.1071063962007095,68181.0,67479.0,68169.0,67462.0
1771401600,67342.0,67337.0,-0.7424786908616365,1.0282172182307647,68442.0,67049.0,68428.0,67080.0
1771416000,67667.0,67675.0,1.1822601859101667,-0.7424786908616365,68339.0,66678.0,68314.0,66695.0
1771430400,66142.0,66137.0,-0.755949321157301,1.6256558043292735,67679.0,65834.0,67671.0,65840.0
1771444800,66425.0,66436.0,1.6560030109147306,-0.755949321157301,66493.0,66054.0,66498.0,66069.0
1771459200,66952.0,66953.0,0.14936073605031908,1.6560030109147306,66959.0,66307.0,66958.0,66310.0
1771473600,67175.0,67190.0,2.2329735764792247,0.4480889008373623,67300.0,66665.0,67281.0,66664.0
1771488000,66469.0,66480.0,1.6549067986582067,2.2330068181131146,67189.0,66461.0,67174.0,66459.0
1771502400,66370.0,66377.0,1.0546933855648533,1.6549067986582067,66712.0,65619.0,66711.0,65620.0
1771516800,67014.0,67043.0,4.32745396484302,2.260295646669963,67190.0,65875.0,67172.0,65872.0
1771531200,66973.0,66981.0,1.194511220938832,2.3872045834338884,67158.0,66629.0,67171.0,66623.0
1771545600,67331.0,67347.0,2.376319971484353,1.3438251235564636,67491.0,66934.0,67443.0,66921.0
1771560000,67800.0,67813.0,1.9174041297942424,2.0791873347780765,67999.0,67095.0,67979.0,67079.0
1771574400,67278.0,67285.0,1.0404589910528728,1.9174041297942424,68300.0,67227.0,68298.0,67199.0
1771588800,67573.0,67549.0,-3.5517144421592928,-3.1201248049916863,68101.0,66422.0,68053.0,66431.0
1771603200,67621.0,67601.0,-2.957661081616214,-3.8476906456719195,67978.0,66918.0,67988.0,66941.0
1771617600,67992.0,67980.0,-1.7649135192376875,-2.5140862775252515,68225.0,67491.0,68200.0,67510.0
1771632000,67648.0,67632.0,-2.365184484389715,-1.911989645840828,68066.0,67481.0,68069.0,67518.0
1771646400,67841.0,67821.0,-2.948069751330662,-2.5130085146640724,67894.0,67557.0,67906.0,67571.0
1771660800,68074.0,68055.0,-2.7910802949726587,-2.948069751330662,68264.0,67784.0,68271.0,67803.0
1771675200,68606.0,68578.0,-4.081275690173136,-2.7910802949726587,68661.0,67877.0,68668.0,67907.0
1771689600,68527.0,68511.0,-2.334846119047551,-2.7698408070442326,68620.0,68050.0,68638.0,68094.0
1771704000,67966.0,67935.0,-4.561104081451939,-3.2101791863659024,68562.0,67869.0,68588.0,67906.0
1771718400,68011.0,68010.0,-0.14703503844915033,-5.149557873673771,68185.0,67763.0,68192.0,67792.0
1771732800,67991.0,67971.0,-2.941565795473444,-0.14703503844915033,68142.0,67857.0,68147.0,67855.0
1771747200,68197.0,68180.0,-2.492778274704177,-2.941565795473444,68225.0,67885.0,68224.0,67907.0
1771761600,67666.0,67657.0,-1.330062365146878,-2.7860054547057533,68200.0,67280.0,68215.0,67298.0
1771776000,67395.0,67391.0,-0.5935158394543283,-1.7733640716444121,67685.0,67145.0,67697.0,67160.0
1771790400,67612.0,67602.0,-1.4790273915876728,-0.7418947993176328,67713.0,67306.0,67718.0,67326.0
1771804800,64933.0,64902.0,-4.774151818027761,-1.4790273915876728,67637.0,64260.0,67654.0,64258.0
1771819200,65945.0,65928.0,-2.577905830616345,-4.774151818027761,65981.0,64656.0,66000.0,64669.0
1771833600,66204.0,66166.0,-5.7398344510906085,-2.274657284968562,66570.0,65540.0,66575.0,65554.0
1771848000,65650.0,65623.0,-4.112718964204287,-5.890793746695655,66472.0,65500.0,66495.0,65522.0
1771862400,64276.0,64270.0,-0.9334743916855626,-3.8083051518755795,65684.0,64072.0,65717.0,64097.0
1771876800,64630.0,64631.0,0.15472690700901737,-0.777907429015956,65000.0,63859.0,64994.0,63868.0
1771891200,63557.0,63559.0,0.31467816290930983,0.15472690700901737,64994.0,63313.0,64984.0,63202.0
1771905600,63170.0,63173.0,0.47490897578050806,-1.1012003083366029,63599.0,62667.0,63602.0,62696.0
1771920000,63220.0,63196.0,-3.796267004112508,1.2665642860532067,63414.0,62909.0,63409.0,62925.0
1771934400,63976.0,63957.0,-2.9698636988872984,-3.321838716821013,64023.0,62468.0,64021.0,62525.0
1771948800,64441.0,64403.0,-5.896866901506925,-2.969910121141117,64719.0,63650.0,64716.0,63699.0
1771963200,64059.0,64015.0,-6.868667946736684,-5.896866901506925,64548.0,63781.0,64578.0,63836.0
1771977600,65381.0,65356.0,-3.823740842140433,-6.868667946736684,66326.0,63852.0,66311.0,63920.0
1771992000,65029.0,64997.0,-4.920881452890047,-4.12945063012371,65630.0,64726.0,65645.0,64760.0
1772006400,65422.0,65398.0,-3.6684907217754414,-4.920881452890047,65657.0,64931.0,65667.0,64955.0
1772020800,67419.0,67368.0,-7.564633115293429,-3.5156906803623933,67534.0,65297.0,67573.0,65325.0
1772035200,69055.0,68994.0,-8.833538483816739,-7.861285394324957,69495.0,67366.0,69562.0,67413.0
1772049600,67994.0,67944.0,-7.35359002264957,-9.26770638747687,69984.0,67511.0,70038.0,67621.0
1772064000,68222.0,68193.0,-4.250828178593569,-7.059550247819901,68662.0,67686.0,68696.0,67737.0
1772078400,67842.0,67800.0,-6.190855222428793,-0.14664046690371357,68816.0,67800.0,68841.0,67841.0
1772092800,68041.0,68012.0,-4.262136065019684,-5.896139502660214,68692.0,67771.0,68710.0,67809.0
1772107200,67386.0,67354.0,-4.748760870210145,-5.877944482813868,68259.0,66765.0,68302.0,66775.0
1772121600,67602.0,67567.0,-5.177361616520715,-6.380200605377029,67910.0,66488.0,67908.0,66511.0
1772136000,67488.0,67453.0,-5.186107159791398,-3.698662563617061,67797.0,67121.0,67825.0,67160.0
1772150400,67609.0,67572.0,-5.472644174592256,-5.334281650071215,67695.0,66850.0,67702.0,66895.0
1772164800,67700.0,67654.0,-6.794682422451848,-4.437804174494131,68178.0,67425.0,68207.0,67468.0
1772179200,66125.0,66103.0,-3.3270321361056343,-3.103066124860998,68127.0,65935.0,68142.0,65971.0
1772193600,66105.0,66081.0,-3.630587701384247,-3.024666152473543,66318.0,65638.0,66339.0,65663.0
1772208000,65387.0,65362.0,-3.8233899704831487,-2.723229144603323,66097.0,65085.0,66118.0,65130.0
1772222400,65868.0,65837.0,-4.706382461893144,-3.5176801664016377,65924.0,64849.0,65954.0,64935.0
1772236800,65789.0,65754.0,-5.320038304276187,-4.5545636728006045,65983.0,65685.0,66017.0,65721.0
1772251200,63832.0,63783.0,-7.67640055144736,-5.320038304276187,65781.0,62983.0,65824.0,63037.0
1772265600,63845.0,63782.0,-9.867648210509783,-7.519974933416496,64258.0,63313.0,64309.0,63379.0
1772280000,64853.0,64800.0,-8.172328188364997,-13.15274406952116,65333.0,63777.0,65361.0,63838.0
1772294400,66376.0,66326.0,-7.532843196336181,-8.018380595519181,66620.0,64636.0,66677.0,64686.0
1772308800,66985.0,66931.0,-8.061506307381894,-6.629601169220178,67760.0,66163.0,67743.0,66205.0
1772323200,67513.0,67479.0,-5.036067127812682,-7.613985846943727,68173.0,66026.0,68201.0,66086.0
1772337600,67136.0,67113.0,-3.425881792182839,-11.250092517207655,67574.0,66750.0,67611.0,66800.0
1772352000,66467.0,66430.0,-5.566672183188182,-5.063592767997616,67267.0,66193.0,67289.0,66235.0
1772366400,66829.0,66796.0,-4.937976028370761,-4.81478137883351,67275.0,66087.0,67338.0,66146.0
1772380800,65970.0,65919.0,-7.730786721237282,-9.721661357143807,67073.0,65658.0,67119.0,65734.0
1772395200,65771.0,65734.0,-5.625579662769109,-7.579317558247256,66500.0,65000.0,66466.0,65051.0
1772409600,66820.0,66789.0,-4.639329542053261,-6.385307711018751,67027.0,65724.0,67063.0,65763.0
1772424000,66006.0,65968.0,-5.757052389177009,-4.639260112838661,66959.0,65515.0,66988.0,65557.0
1772438400,66347.0,66337.0,-1.5072271542049265,-5.605551010514631,66692.0,65631.0,66715.0,65661.0
1772452800,69121.0,69093.0,-4.050867319628226,-1.9593953004659603,69597.0,65250.0,69610.0,65259.0
1772467200,68975.0,68916.0,-8.553823849221098,-6.219715050264085,70067.0,68534.0,70111.0,68591.0
1772481600,68821.0,68774.0,-6.829310820825052,-8.553823849221098,69492.0,68528.0,69537.0,68605.0
1772496000,68359.0,68327.0,-4.681168536695424,-6.974615306374332,69199.0,68200.0,69256.0,68225.0
1772510400,68173.0,68148.0,-3.667140950229797,-5.266083496678897,68546.0,67800.0,68528.0,67800.0
1772524800,67020.0,67012.0,-1.1936735302897628,-3.080443583876047,68279.0,66371.0,68296.0,66343.0
1772539200,67716.0,67691.0,-3.6918896568016724,-1.3428626848299707,67968.0,66104.0,67945.0,66147.0
1772553600,68422.0,68391.0,-4.530706497910542,-3.8394518444140324,69000.0,67466.0,68993.0,67494.0
1772568000,68336.0,68299.0,-5.4144228517916115,-6.429270716132862,68837.0,67791.0,68854.0,67829.0
1772582400,67748.0,67695.0,-7.823109169274867,-5.560758604542526,68877.0,67351.0,68896.0,67405.0
1772596800,69510.0,69473.0,-5.32297511149471,-5.3152222058172605,69635.0,67407.0,69635.0,67463.0
1772611200,71117.0,71077.0,-5.624534218260369,-2.7340883254423076,71850.0,69123.0,71896.0,69140.0
1772625600,73419.0,73344.0,-10.215339353573105,-5.624534218260369,73429.0,70548.0,73500.0,70602.0
1772640000,73693.0,73562.0,-17.776450951921817,-10.215339353573105,73995.0,72479.0,74075.0,72569.0
1772654400,72691.0,72633.0,-7.978979516033435,-16.692678292732353,73634.0,72255.0,73769.0,72349.0
1772668800,72518.0,72451.0,-9.239085468435437,-7.841410903688395,73233.0,72286.0,73300.0,72373.0
1772683200,72083.0,72024.0,-8.185008948018435,-8.274606611410329,73043.0,71750.0,73101.0,71803.0
1772697600,72925.0,72886.0,-5.3479602331163445,-8.184895399810932,73500.0,71720.0,73573.0,71802.0
1772712000,71665.0,71617.0,-6.697830182097464,-6.718402939643875,73020.0,71138.0,73102.0,71196.0
1772726400,70955.0,70891.0,-9.019801282502682,-9.207203939567421,71626.0,70610.0,71685.0,70671.0
1772740800,70896.0,70828.0,-9.591514330851147,-3.807213965424383,71543.0,70748.0,71581.0,70793.0
1772755200,71092.0,71049.0,-6.048500534518997,-10.014386865637714,71388.0,70333.0,71415.0,70403.0
1772769600,71059.0,71024.0,-4.925484456578255,-6.048500534518997,71150.0,70087.0,71176.0,70153.0
1772784000,70243.0,70185.0,-8.257050524607124,-5.206794162762041,71049.0,70166.0,71066.0,70209.0
1772798400,68508.0,68484.0,-3.5032404974599807,-6.976777298420833,70323.0,68124.0,70342.0,68176.0
1772812800,68121.0,68099.0,-3.2295474229682153,-3.3573211496640276,68764.0,67720.0,68796.0,67753.0
1772827200,68114.0,68082.0,-4.6980062835833,-3.0827498128327413,68415.0,67749.0,68438.0,67772.0
1772841600,68124.0,68063.0,-8.954259879043747,-4.6980062835833,68533.0,68019.0,68543.0,68061.0
1772856000,67847.0,67807.0,-5.895618081860343,-5.726619972687974,68119.0,67401.0,68134.0,67459.0
1772870400,68019.0,67981.0,-5.586674311589546,-5.600919729976672,68204.0,67681.0,68250.0,67723.0
1772884800,67895.0,67852.0,-6.333308785624325,-5.733692056630879,68062.0,67590.0,68090.0,67629.0
1772899200,67091.0,67053.0,-5.663948964839127,-5.008396429307949,67928.0,66898.0,67947.0,66943.0
1772913600,67269.0,67230.0,-5.797618516701908,-5.514979877776494,67450.0,67036.0,67473.0,67086.0
1772928000,67002.0,67001.0,-0.14924927614123895,-5.797618516701908,67461.0,66800.0,67485.0,66840.0
1772942400,67333.0,67289.0,-6.534685815275942,-1.0446513849093897,67417.0,66514.0,67442.0,66569.0
1772956800,67529.0,67483.0,-6.811888225799478,-5.79262405869807,68161.0,67120.0,68186.0,67168.0
1772971200,67215.0,67175.0,-5.951052592427786,-6.959972752447197,67615.0,66782.0,67649.0,66832.0
1772985600,67318.0,67304.0,-2.0796815116308487,-5.951141131311788,67453.0,66700.0,67457.0,66759.0
1773000000,65975.0,65933.0,-6.366047745357539,-2.0796815116308487,67495.0,65573.0,67505.0,65623.0
1773014400,67214.0,67170.0,-6.546255244442856,-6.214569375814216,67632.0,65780.0,67661.0,65844.0
1773028800,67532.0,67513.0,-2.8134810164071045,-6.694934166480149,68041.0,66862.0,68045.0,66919.0
1773043200,67757.0,67732.0,-3.689655681331505,-5.625379343014991,68426.0,67314.0,68437.0,67345.0
1773057600,68907.0,68832.0,-10.884235273629361,-3.5420694540788666,69444.0,67729.0,69497.0,67757.0
1773072000,69027.0,68953.0,-10.720442725310475,-9.144482828693512,69460.0,68183.0,69575.0,68258.0
1773086400,68453.0,68389.0,-9.349480665565846,-10.286873370037863,69092.0,68334.0,69187.0,68400.0
1773100800,69439.0,69394.0,-6.480508071833313,-9.495566300965486,70598.0,68346.0,70572.0,68400.0
1773115200,70408.0,70363.0,-6.391319168276288,-6.624423963134118,70500.0,69394.0,70531.0,69440.0
1773129600,70617.0,70555.0,-8.779755582932758,-7.384790172548783,71269.0,70336.0,71295.0,70385.0
1773144000,71364.0,71307.0,-7.987220447284171,-9.06297350496299,71760.0,69250.0,71775.0,69281.0
1773158400,70050.0,69997.0,-7.56602426837949,-7.707075094937066,71650.0,69691.0,71727.0,69749.0
1773172800,69963.0,69898.0,-9.290625044666712,-8.992677391267412,70358.0,69400.0,70433.0,69465.0
1773187200,69561.0,69511.0,-7.187935768605547,-8.719517424740086,70128.0,69434.0,70175.0,69503.0
1773201600,69666.0,69614.0,-7.4641862601554365,-7.33158908599485,70244.0,69364.0,70263.0,69427.0
1773216000,69186.0,69129.0,-8.238661000780079,-6.603028780592934,69747.0,69126.0,69788.0,69172.0
1773230400,70240.0,70180.0,-8.542141230067912,-8.383198913074486,71046.0,68947.0,71090.0,68991.0
1773244800,70668.0,70598.0,-9.905473481632843,-10.106617699392473,71294.0,70124.0,71335.0,70181.0
1773259200,70196.0,70135.0,-8.689953843523668,-10.046980245655979,70898.0,70068.0,70961.0,70142.0
1773273600,69433.0,69379.0,-7.777281696023097,-8.547495583793863,70312.0,69176.0,70354.0,69240.0
1773288000,69833.0,69786.0,-6.730342388269195,-9.791498675267851,69819.0,69163.0,69853.0,69222.0
1773302400,70458.0,70388.0,-9.934996735644352,-6.157811828726434,70770.0,69538.0,70805.0,69597.0
1773316800,70357.0,70278.0,-11.228449194821133,-7.52392038840477,70608.0,69303.0,70672.0,69376.0
1773331200,70455.0,70400.0,-7.8064012490242085,-10.802359462724898,70537.0,69725.0,70567.0,69783.0
1773345600,70529.0,70500.0,-4.111783805242908,-7.522425343476913,70700.0,69981.0,70734.0,70035.0
1773360000,71414.0,71376.0,-5.321085501441836,-5.245474006549955,71986.0,70353.0,72010.0,70412.0
1773374400,71630.0,71598.0,-4.467401926566694,-3.6414055825551017,71655.0,71156.0,71677.0,71193.0
1773388800,72239.0,72202.0,-5.121887069311493,-4.327795616362318,72570.0,71363.0,72582.0,71399.0
1773403200,71860.0,71801.0,-8.210409128861507,-4.983526675710337,73869.0,71703.0,73933.0,71768.0
1773417600,71184.0,71135.0,-6.883569341424867,-8.210294874827495,72216.0,70776.0,72267.0,70862.0
1773432000,70949.0,70901.0,-6.765423050359987,-8.146868371891047,71462.0,70519.0,71498.0,70578.0
1773446400,71087.0,71039.0,-6.75228944814088,-6.624663481190618,71124.0,70449.0,71175.0,70500.0
1773460800,70612.0,70564.0,-6.7977114371498,-6.75228944814088,71262.0,70276.0,71308.0,70305.0
1773475200,70748.0,70709.0,-5.512523322214191,-6.797807707014103,70734.0,70352.0,70784.0,70403.0
1773489600,70609.0,70545.0,-9.064000339900069,-7.2075637021440375,70911.0,70444.0,70949.0,70517.0
1773504000,70702.0,70660.0,-5.940426013408828,-8.922628068038785,70698.0,70431.0,70746.0,70515.0
1773518400,71218.0,71180.0,-5.335729731247296,-7.071035623877897,71216.0,70604.0,71256.0,70657.0
1773532800,71363.0,71313.0,-7.006431904488242,-5.195315790951227,71590.0,70822.0,71628.0,70878.0
1773547200,71462.0,71420.0,-5.877249447259203,-6.866399484319885,71750.0,71301.0,71807.0,71359.0
1773561600,71848.0,71809.0,-5.42812604387044,-6.017183957908179,71931.0,71419.0,71940.0,71462.0
1773576000,71494.0,71444.0,-6.993593868016568,-5.42812604387044,71809.0,71205.0,71848.0,71287.0
1773590400,71566.0,71516.0,-6.98655786267266,-6.8537219906561475,71950.0,71256.0,72008.0,71339.0
1773604800,72831.0,72778.0,-7.277121006165066,-6.98655786267266,73182.0,71382.0,73223.0,71449.0
1773619200,73590.0,73535.0,-7.473841554559435,-9.746187318975252,74263.0,72237.0,74308.0,72294.0
1773633600,73458.0,73413.0,-6.125949522175489,-7.609522774214561,74395.0,73357.0,74425.0,73400.0
1773648000,73562.0,73519.0,-5.845409314592098,-6.261911244214158,73794.0,72856.0,73838.0,72903.0
1773662400,73303.0,73235.0,-9.276564397091569,-5.3018665289084055,74472.0,72947.0,74515.0,73012.0
1773676800,73969.0,73930.0,-5.27247901147776,-7.368090709383157,74381.0,73128.0,74427.0,73170.0
1773691200,74876.0,74854.0,-2.9381911426895613,-4.056191776746765,74898.0,73816.0,74916.0,73851.0
1773705600,74472.0,74426.0,-6.1768181329890925,-4.006196250200267,75972.0,74233.0,76013.0,74283.0
1773720000,74256.0,74210.0,-6.19478560655029,-8.591641943321848,74649.0,73735.0,74677.0,73803.0
1773734400,74045.0,73996.0,-6.617597406982645,-9.289176090468976,74415.0,73479.0,74464.0,73574.0
1773748800,73947.0,73881.0,-8.925311371658085,-6.752559219944665,74866.0,73318.0,74913.0,73429.0
1773763200,74545.0,74477.0,-9.122006841505437,-8.655081479478355,74774.0,73833.0,74816.0,73887.0
1773777600,73928.0,73864.0,-8.65707174548258,-8.585878912276135,74775.0,73826.0,74813.0,73900.0
1773792000,74477.0,74416.0,-8.1904480577899,-9.197765484032505,74638.0,73500.0,74676.0,73564.0
1773806400,73909.0,73850.0,-7.982789646727717,-8.592910848549407,74457.0,73655.0,74508.0,73719.0
1773820800,72971.0,72915.0,-7.6742815639085915,-8.117981328642498,74250.0,72746.0,74298.0,72835.0
1773835200,71484.0,71442.0,-5.87544065804968,-7.537344114019184,72935.0,70811.0,72998.0,70882.0
1773849600,71071.0,71032.0,-5.48747027620311,-5.87544065804968,71951.0,70900.0,71992.0,70945.0
1773864000,71259.0,71213.0,-6.455324941411211,-6.049862119421601,71390.0,70440.0,71423.0,70492.0
1773878400,71220.0,71181.0,-5.4759898904799265,-3.930321023006833,71570.0,70851.0,71604.0,70921.0
1773892800,70205.0,70151.0,-7.6917598461645476,-5.195242842499503,71182.0,69425.0,71219.0,69505.0
1773907200,69933.0,69896.0,-5.290778316388023,-6.6953474457964735,70527.0,69850.0,70555.0,69916.0
1773921600,69404.0,69376.0,-4.034349605209764,-7.291234792057288,70111.0,68750.0,70149.0,68799.0
1773936000,70260.0,70254.0,-0.8539709649868499,-1.7294056609207242,70603.0,69068.0,70589.0,69104.0
1773950400,69921.0,69919.0,-0.28603709901209307,-1.13849832071522,70701.0,69697.0,70693.0,69732.0
1773964800,70721.0,70715.0,-0.848404292925764,-0.14301854950549142,70824.0,69830.0,70793.0,69849.0
1773979200,70855.0,70829.0,-3.669465810457462,-0.7070035774381367,70950.0,70200.0,70951.0,70214.0
1773993600,70469.0,70446.0,-3.263846514069968,-3.528332510055465,71360.0,70187.0,71356.0,70218.0
1774008000,69856.0,69829.0,-3.865093907466921,-4.540488386282071,70650.0,69441.0,70670.0,69473.0
1774022400,70162.0,70137.0,-3.563182349419769,-3.2926759434237507,70161.0,69344.0,70173.0,69399.0
1774036800,70502.0,70474.0,-3.9715185384814333,-3.2781744844001537,70882.0,69700.0,70899.0,69741.0
1774051200,70658.0,70637.0,-2.972062611452664,-3.4043518965076736,70787.0,70414.0,70808.0,70430.0
1774065600,70705.0,70688.0,-2.4043561275721714,-2.9721046746955526,70849.0,70585.0,70866.0,70622.0
1774080000,70636.0,70610.0,-3.680842629820713,-2.6871835487796147,70727.0,70464.0,70741.0,70476.0
1774094400,70630.0,70594.0,-5.0969842842985,-3.680842629820713,71076.0,70416.0,71082.0,70454.0
1774108800,70377.0,70358.0,-2.699745655541097,-4.955471548514501,70623.0,70175.0,70639.0,70150.0
1774123200,68910.0,68874.0,-5.224205485415689,-2.699745655541097,70475.0,68507.0,70494.0,68563.0
1774137600,69337.0,69300.0,-5.336256255679128,-5.079088666376519,69554.0,68190.0,69564.0,68241.0
1774152000,68906.0,68874.0,-4.644007778713544,-5.192107995846129,69475.0,68850.0,69515.0,68892.0
1774166400,68222.0,68172.0,-7.329014101022935,-3.9186659119605505,68943.0,68059.0,68969.0,68134.0
1774180800,68846.0,68805.0,-5.955320570548706,-7.182328540228378,68960.0,68141.0,68990.0,68200.0
1774195200,68183.0,68160.0,-3.3732748632353537,-6.245551859866971,68842.0,68098.0,68876.0,68153.0
1774209600,67860.0,67831.0,-4.273504273504258,-5.8651026392964045,68465.0,67313.0,68487.0,67354.0
1774224000,68053.0,68043.0,-1.4694429341832738,-3.242303214301412,68570.0,67404.0,68558.0,67435.0
1774238400,68271.0,68286.0,2.197126158984819,-1.6163634760635315,68880.0,67474.0,68875.0,67507.0
1774252800,70096.0,70075.0,-2.9958913490069072,-8.047759796318,71502.0,67889.0,71463.0,67895.0
1774267200,70105.0,70088.0,-2.424934027530634,-6.417478358836659,71785.0,69635.0,71801.0,69664.0
1774281600,70669.0,70636.0,-4.669657133962168,-2.7101817248165183,71218.0,70087.0,71211.0,70106.0
1774296000,70883.0,70860.0,-3.244783657576633,-2.547554347825942,70966.0,70369.0,70985.0,70399.0
1774310400,70509.0,70499.0,-1.4182586620148374,-1.9753086419749266,71074.0,70250.0,71069.0,70271.0
1774324800,71279.0,71266.0,-1.8238190771480145,-1.7018379850242127,71385.0,70097.0,71382.0,70108.0
1774339200,71133.0,71126.0,-0.9840720903098177,-1.5432531776982117,71336.0,70817.0,71353.0,70839.0
1774353600,69858.0,69837.0,-3.006098084685771,-2.530079838074517,71153.0,69466.0,71157.0,69488.0
1774368000,69330.0,69335.0,0.7211885186797495,-1.5748707890106406,69973.0,68904.0,69981.0,68893.0
1774382400,70519.0,70553.0,4.821395652234717,0.1442293824105434,70824.0,69265.0,70792.0,69264.0
1774396800,70695.0,70691.0,-0.5658108777140125,4.96320140671358,71045.0,70387.0,71005.0,70387.0
1774411200,70900.0,70900.0,0.0,-0.56581888137619,71338.0,70678.0,71312.0,70673.0
1774425600,71664.0,71656.0,-1.1163206072783982,0.0,71998.0,70771.0,72026.0,70785.0
1774440000,70827.0,70814.0,-1.8354582292068322,-1.3953812879374805,72034.0,70538.0,71932.0,70559.0
1774454400,70837.0,70845.0,1.1293533040634962,-0.14121301984082457,71770.0,70665.0,71715.0,70683.0
1774468800,71301.0,71303.0,0.28050097474086044,-0.9879609896545904,71546.0,70605.0,71542.0,70625.0
1774483200,70870.0,70871.0,0.14110342881235027,-0.4207278591961128,71411.0,70640.0,71405.0,70658.0
1774497600,70056.0,70066.0,1.4274294849836444,-0.14109745601231793,70877.0,69770.0,70874.0,69789.0
1774512000,69244.0,69221.0,-3.3215874299574732,4.283511337026535,70106.0,69151.0,70108.0,69164.0
1774526400,69038.0,69063.0,3.621194124974192,-3.465954220521761,69848.0,68654.0,69837.0,68641.0
1774540800,68500.0,68524.0,3.5036496350371316,2.4620910394368423,69149.0,68123.0,69111.0,68110.0
1774555200,68779.0,68806.0,3.925616830717793,6.5717415115007505,69477.0,68424.0,69412.0,68399.0
1774569600,68720.0,68735.0,2.1827706635613175,3.925616830717793,69152.0,68500.0,69127.0,68475.0
1774584000,68473.0,68507.0,4.965460838579627,2.037222974053954,68926.0,68267.0,68899.0,68265.0
1774598400,66667.0,66676.0,1.3499932500327105,3.6505943167552957,68600.0,66144.0,68581.0,66201.0
1774612800,66070.0,66097.0,4.086574844861524,1.1999940000295695,66755.0,65703.0,66739.0,65677.0
1774627200,65986.0,66032.0,6.971175703938126,4.237993612739022,66281.0,65550.0,66233.0,65505.0
1774641600,66359.0,66396.0,5.575732003195721,6.971175703938126,66399.0,65801.0,66359.0,65760.0
1774656000,66171.0,66203.0,4.835955327862074,5.726427462739991,66489.0,65903.0,66460.0,65883.0
1774670400,66513.0,66537.0,3.6083171710799,3.021924059047887,66548.0,66088.0,66513.0,66065.0
1774684800,66287.0,66302.0,2.2628871422747387,4.059478883191581,66551.0,66108.0,66512.0,66082.0
1774699200,66966.0,66997.0,4.629214825433436,2.8664534427624844,67280.0,66217.0,67245.0,66193.0
1774713600,66861.0,66888.0,4.038228563736368,3.8823353740480293,67086.0,66672.0,67043.0,66658.0
1774728000,66321.0,66353.0,4.825017716862945,4.187792584615657,66995.0,66261.0,66953.0,66214.0
1774742400,66850.0,66886.0,5.385190725504252,4.975874547648029,67096.0,66267.0,67067.0,66223.0
1774756800,66611.0,66649.0,5.70476347750315,5.235602094240122,66921.0,66531.0,66871.0,66507.0
1774771200,66764.0,66782.0,2.6960637469297666,5.5546381228333,66942.0,66378.0,66912.0,66361.0
1774785600,66468.0,66493.0,3.7612084010341107,2.6960637469297666,66844.0,66295.0,66812.0,66271.0
1774800000,66290.0,66318.0,4.2238648363257525,3.9116567370767186,66633.0,66115.0,66609.0,66086.0
1774814400,65954.0,65970.0,2.425933226188892,4.2238648363257525,66793.0,64904.0,66728.0,64955.0
1774828800,67098.0,67133.0,5.216250856956428,1.2128378890552405,67400.0,65759.0,67394.0,65741.0
1774843200,67559.0,67600.0,6.068769519975703,5.5143223344966685,67773.0,67129.0,67722.0,67098.0
1774857600,67604.0,67632.0,4.1417667593623975,6.06885935048318,67971.0,67325.0,67916.0,67302.0
1774872000,67577.0,67587.0,1.479793420837705,4.1417667593623975,68127.0,67043.0,68109.0,67036.0
1774886400,66482.0,66515.0,4.963749586355259,1.1838172186218188,67606.0,66184.0,67590.0,66180.0
1774900800,66731.0,66766.0,5.244938634219043,5.114243167221311,66957.0,66361.0,66935.0,66360.0
1774915200,67642.0,67671.0,4.287277135508472,3.7458234069021046,68370.0,66491.0,68340.0,66487.0
1774929600,67293.0,67343.0,7.430193333630708,3.5477767265845728,67837.0,67069.0,67797.0,67040.0
1774944000,66616.0,66652.0,5.404107121411705,7.281589466958671,67468.0,65951.0,67432.0,65926.0
1774958400,66661.0,66691.0,4.500382532515168,5.404107121411705,67749.0,66395.0,67703.0,66378.0
1774972800,67778.0,67803.0,3.6885124966801186,3.4499827500855673,68559.0,66690.0,68517.0,66667.0
1774987200,68215.0,68244.0,4.251264384667053,4.574160420232065,68375.0,67782.0,68344.0,67771.0
1775001600,68108.0,68136.0,4.111117636693695,4.104669061057997,68321.0,67553.0,68300.0,67542.0
1775016000,68643.0,68653.0,1.4568127849901025,4.111117636693695,69265.0,67992.0,69268.0,67966.0
1775030400,68691.0,68675.0,-2.3292716658662727,0.0,68835.0,68350.0,68816.0,68368.0
1775044800,68909.0,68878.0,-4.498686673729546,-2.329237756943936,68914.0,67845.0,68939.0,67907.0
1775059200,68155.0,68137.0,-2.6410388085984504,-3.6282890440186844,69117.0,67904.0,69151.0,67937.0
1775073600,68102.0,68084.0,-2.643094182256389,-1.4674375605316925,68499.0,67914.0,68529.0,67956.0
1775088000,66575.0,66538.0,-5.557641757416576,-3.0835193233880176,68624.0,66445.0,68644.0,66493.0
1775102400,66920.0,66878.0,-6.27615062761544,-4.806970106654429,66888.0,66179.0,66920.0,66216.0
1775116800,66224.0,66171.0,-8.003140855279423,-6.126810024058571,66878.0,66103.0,66919.0,66141.0
1775131200,66827.0,66798.0,-4.339563350143072,-4.078611459387149,67070.0,65697.0,67106.0,65696.0
1775145600,66963.0,66930.0,-4.9280946194163455,-7.1806839601473715,67390.0,66549.0,67419.0,66594.0
1775160000,66890.0,66866.0,-3.5879802661087368,-5.524531907904473,67078.0,66673.0,67095.0,66717.0
1775174400,66582.0,66558.0,-3.6045778138238393,-3.5879802661087368,66971.0,66246.0,66985.0,66282.0
1775188800,67031.0,67013.0,-2.6853247005120817,-2.7036770007204947,67229.0,66384.0,67242.0,66424.0
1775203200,67025.0,66975.0,-7.459903021260761,-2.8344671201818716,67268.0,66631.0,67282.0,66683.0
1775217600,66826.0,66806.0,-2.9928470954421194,-8.950414702547649,67371.0,66480.0,67359.0,66512.0
1775232000,66870.0,66856.0,-2.0936144758487707,-2.9928470954421194,67053.0,66720.0,67066.0,66758.0
1775246400,66944.0,66942.0,-0.2987571701718039,-2.0936144758487707,66950.0,66785.0,66977.0,66819.0
1775260800,66831.0,66794.0,-5.536352890125329,-2.8379811498302487,66942.0,66772.0,66952.0,66806.0
1775275200,67004.0,66977.0,-4.029610172526787,-5.237168936106373,67019.0,66728.0,67039.0,66782.0
1775289600,67128.0,67126.0,-0.2979382671908226,-4.178792627416161,67198.0,66864.0,67223.0,66909.0
1775304000,67373.0,67337.0,-5.343386816677453,-1.936310286275722,67493.0,66989.0,67528.0,67018.0
1775318400,67270.0,67256.0,-2.081165452653133,-6.2334886758286245,67513.0,67227.0,67520.0,67262.0
1775332800,67290.0,67264.0,-3.8638727894191316,-2.081165452653133,67430.0,67151.0,67463.0,67182.0
1775347200,67119.0,67095.0,-3.575738613507129,-4.903708987161748,67264.0,66922.0,67301.0,66942.0
1775361600,66812.0,66770.0,-6.286295874992076,-4.469273743016311,67154.0,66565.0,67171.0,66608.0
1775376000,66979.0,66953.0,-3.8818137028018285,-6.286295874992076,67119.0,66770.0,67135.0,66809.0
1775390400,67282.0,67259.0,-3.418447727475682,-3.8818137028018285,67809.0,66637.0,67820.0,66669.0
1775404800,67333.0,67320.0,-1.9307026272408212,-5.349580206552851,67525.0,67134.0,67540.0,67158.0
1775419200,68999.0,68988.0,-1.5942260032753008,-3.415351261452093,69096.0,67290.0,69104.0,67318.0
1775433600,69100.0,69085.0,-2.1707670043413785,-2.3186725599588787,69700.0,68753.0,69568.0,68754.0
1775448000,69101.0,69082.0,-2.749598413915866,-2.1707670043413785,69324.0,68752.0,69330.0,68792.0
1775462400,69619.0,69585.0,-4.883724270673406,-3.1835612473773978,70243.0,69051.0,70275.0,69069.0
1775476800,69961.0,69926.0,-5.002787267192055,-7.467294685296055,69926.0,69120.0,69983.0,69162.0
1775491200,69752.0,69706.0,-6.594792980846309,-7.145409074669207,70316.0,69223.0,70355.0,69273.0
1775505600,68857.0,68818.0,-5.663912165793095,-5.448575484278129,69941.0,68282.0,69988.0,68332.0
1775520000,68776.0,68744.0,-4.652785855531194,-5.663994423144025,69080.0,68230.0,69119.0,68284.0
1775534400,68621.0,68590.0,-4.517567508488529,-4.507451835695786,68966.0,68399.0,68981.0,68444.0
1775548800,68339.0,68316.0,-3.36557456210973,-4.8089533968698195,69220.0,68026.0,69249.0,68067.0
1775563200,68152.0,68134.0,-2.641155065148393,-3.3656238110568726,68600.0,67695.0,68625.0,67724.0
1775577600,69007.0,68999.0,-1.1593026794387562,-3.081257152918182,69084.0,68045.0,69079.0,68074.0
1775592000,71940.0,71919.0,-2.9190992493743906,0.43480781494631415,72772.0,68997.0,72762.0,68996.0
1775606400,71292.0,71283.0,-1.2624137350614184,1.2515470512153293,72111.0,71235.0,72104.0,71234.0
1775620800,71637.0,71630.0,-0.9771486801513074,-0.9818911223014037,71945.0,71272.0,71940.0,71288.0
1775635200,71690.0,71657.0,-4.60315246198939,-1.2562989433129168,71963.0,71378.0,71952.0,71415.0
1775649600,71303.0,71288.0,-2.1036983016142763,-5.857903986163926,72851.0,70676.0,72865.0,70705.0
1775664000,71324.0,71288.0,-5.047389378048939,-0.8415855471710643,71941.0,70979.0,71974.0,71015.0
1775678400,71110.0,71036.0,-10.406412600196813,-6.3084406936475546,71726.0,70845.0,71756.0,70911.0
1775692800,70989.0,70961.0,-3.9442730563887807,-3.940110323088497,71167.0,70425.0,71205.0,70480.0
1775707200,70988.0,70941.0,-6.620837324617934,-6.33749260625871,71076.0,70646.0,71110.0,70708.0
1775721600,71159.0,71100.0,-8.291291333493156,-6.479968445370909,71535.0,70830.0,71573.0,70896.0
1775736000,72136.0,72108.0,-3.8815570588890402,-8.291407852947241,72359.0,70495.0,72359.0,70540.0
1775750400,72123.0,72071.0,-7.209905300666897,-5.405555247546268,72525.0,71710.0,72571.0,71751.0
1775764800,71812.0,71758.0,-7.519634601459435,-4.992649710149344,73158.0,71513.0,73159.0,71584.0
1775779200,71882.0,71847.0,-4.8690910102666685,-5.571263423262973,72367.0,71564.0,72380.0,71609.0
1775793600,71489.0,71457.0,-4.476213123697503,-6.259302018276625,72259.0,71388.0,72281.0,71438.0
1775808000,72147.0,72096.0,-7.068900993804084,-4.616030214016353,72230.0,71405.0,72273.0,71432.0
1775822400,72475.0,72415.0,-8.278716798896246,-6.791971612331027,73282.0,71870.0,73332.0,71925.0
1775836800,73290.0,73209.0,-11.05198526402007,-10.346111931136548,73231.0,72355.0,73311.0,72421.0
1775851200,72980.0,72926.0,-7.3992874760209215,-10.506925018762825,73479.0,72726.0,73465.0,72793.0
1775865600,72904.0,72839.0,-8.915834522110755,-7.3992874760209215,73071.0,72650.0,73129.0,72713.0
1775880000,72756.0,72705.0,-7.009731156193411,-9.052877031753281,72921.0,72592.0,72991.0,72667.0
1775894400,72935.0,72880.0,-7.540961129772761,-10.167768174885738,72887.0,72593.0,72951.0,72665.0
1775908800,72896.0,72830.0,-9.053994732221016,-8.225939128050364,72957.0,72500.0,73010.0,72559.0
1775923200,73707.0,73659.0,-6.512271561723848,-9.053994732221016,73773.0,72786.0,73832.0,72857.0
1775937600,73071.0,73015.0,-7.663779064197573,-6.783524176480205,73669.0,72886.0,73724.0,72944.0
1775952000,71633.0,71570.0,-8.794829198832677,-6.1593211059407516,73115.0,71258.0,73166.0,71349.0
1775966400,71727.0,71643.0,-11.711071144757668,-6.702319281735036,71767.0,71380.0,71808.0,71446.0
1775980800,71501.0,71438.0,-8.81106557950262,-9.900575906739428,71727.0,71316.0,71819.0,71386.0
1775995200,70917.0,70849.0,-9.588674083788051,-8.671328671329137,71475.0,70590.0,71532.0,70626.0
1776009600,71118.0,71044.0,-10.405241992181846,-9.72968399678531,71194.0,70784.0,71258.0,70852.0
1776024000,70746.0,70705.0,-5.795380657563909,-10.264774948324229,71413.0,70450.0,71460.0,70526.0
1776038400,71009.0,70952.0,-8.02715148783939,-4.8061971671709,71248.0,70585.0,71289.0,70624.0
1776052800,70847.0,70791.0,-7.904357276948826,-7.464263080064759,71105.0,70614.0,71154.0,70691.0
1776067200,70945.0,70888.0,-8.03439283952323,-7.622166389069651,70955.0,70529.0,70993.0,70584.0
1776081600,71919.0,71830.0,-12.375033023261928,-7.470997025696979,72436.0,70731.0,72530.0,70777.0
1776096000,73401.0,73267.0,-18.25588207245099,-12.375205094691255,73425.0,71648.0,73541.0,71733.0
1776110400,74447.0,74387.0,-8.059424825714867,-15.943529924778987,74907.0,72945.0,74911.0,73077.0
1776124800,74476.0,74417.0,-7.92201514581925,-8.596257941464458,74545.0,73950.0,74595.0,74031.0
1776139200,74560.0,74508.0,-6.974248927038573,-7.385326028575001,74893.0,74113.0,74959.0,74195.0
1776153600,74411.0,74339.0,-9.675988765102117,-10.725442089316584,74876.0,74242.0,74924.0,74343.0
1776168000,75368.0,75264.0,-13.798959770724428,-7.393168712109821,76000.0,74226.0,76120.0,74300.0
1776182400,74300.0,74158.0,-19.11170928667549,-12.208553949865086,75634.0,73800.0,75757.0,73889.0
1776196800,74184.0,74098.0,-11.592796290305074,-19.246039757203626,74381.0,73800.0,74490.0,73861.0
1776211200,74379.0,74300.0,-10.621277511125848,-11.59295256325521,74726.0,74079.0,74818.0,74164.0
1776225600,73766.0,73687.0,-10.709540980939902,-10.621277511125848,74400.0,73451.0,74472.0,73528.0
1776240000,74207.0,74161.0,-6.198876116808583,-10.167699253013085,74220.0,73635.0,74277.0,73707.0
1776254400,73865.0,73797.0,-9.205983889528646,-7.410800905465198,74470.0,73550.0,74532.0,73613.0
1776268800,75019.0,74930.0,-11.863661205827603,-6.36476897242888,75255.0,73722.0,75317.0,73781.0
1776283200,74818.0,74774.0,-5.8809377422541775,-13.327824499207441,75400.0,74444.0,75445.0,74548.0
1776297600,74895.0,74849.0,-6.141932038187248,-7.082910140588927,75228.0,74414.0,75284.0,74455.0
1776312000,74717.0,74671.0,-6.156564101877926,-6.809078771695676,75147.0,74584.0,75181.0,74660.0
1776326400,74586.0,74531.0,-7.37403802322123,-6.156564101877926,74880.0,74232.0,74916.0,74279.0
1776340800,74718.0,74653.0,-8.699376321635865,-8.445719494865056,74974.0,73254.0,75037.0,73309.0
1776355200,75377.0,75316.0,-8.092654257929599,-8.699376321635865,75386.0,73816.0,75425.0,73920.0
1776369600,75178.0,75130.0,-6.384846630663743,-6.766887364496599,75499.0,74761.0,75541.0,74820.0
1776384000,74639.0,74578.0,-8.172671123675146,-5.720214973660154,75129.0,74501.0,75172.0,74571.0
1776398400,75095.0,75042.0,-7.057726879285964,-8.172671123675146,75066.0,74509.0,75113.0,74580.0
1776412800,75623.0,75541.0,-10.84326197056451,-7.057820864516673,76316.0,74953.0,76372.0,75020.0
1776427200,77833.0,77717.0,-14.903704084385794,-9.389919722798679,78000.0,75479.0,78168.0,75571.0
1776441600,77451.0,77345.0,-13.686072484538903,-15.16027494057992,78279.0,76975.0,78384.0,77052.0
1776456000,77108.0,77021.0,-11.282875966177608,-12.265661312813592,77555.0,76835.0,77674.0,76939.0
1776470400,77036.0,76954.0,-10.6443740588813,-11.153332382274339,77369.0,76924.0,77451.0,77004.0
1776484800,77018.0,76956.0,-8.050066218286966,-9.8661577806336,77228.0,76850.0,77294.0,76919.0
1776499200,76075.0,76004.0,-9.33289516924063,-8.050066218286966,77000.0,75728.0,77064.0,75795.0
1776513600,76193.0,76120.0,-9.580932631606531,-9.595415231735682,76315.0,75750.0,76411.0,75831.0
1776528000,75693.0,75608.0,-11.229572087246842,-9.4496869791183,76164.0,75402.0,76244.0,75441.0
1776542400,75737.0,75642.0,-12.543406789283784,-10.96563660144545,75836.0,75532.0,75917.0,75637.0
1776556800,75552.0,75467.0,-11.250529436679368,-12.14778038925668,75802.0,75308.0,75877.0,75402.0
1776571200,75299.0,75210.0,-11.819546076309306,-11.515095363520134,75728.0,74851.0,75806.0,74935.0
1776585600,75637.0,75565.0,-9.519150680222799,-11.554398640033492,75597.0,74877.0,75662.0,74971.0
1776600000,75875.0,75811.0,-8.434925864909681,-10.971869712351756,76195.0,75374.0,76264.0,75443.0
1776614400,75004.0,74926.0,-10.39944536291415,-8.566721581548808,75818.0,74558.0,75887.0,74631.0
1776628800,73825.0,73741.0,-11.378259397223367,-10.266119140313057,74927.0,73718.0,75004.0,73804.0
1776643200,74664.0,74606.0,-7.76813457623482,-12.595823062545586,74722.0,73690.0,74769.0,73753.0
1776657600,74846.0,74797.0,-6.546776046816305,-7.901962097368598,75522.0,74067.0,75590.0,74139.0
1776672000,75226.0,75154.0,-9.571158907824007,-9.349913847221947,75375.0,74578.0,75424.0,74647.0
1776686400,75754.0,75668.0,-11.352535839691535,-9.039908537396002,75722.0,74661.0,75811.0,74738.0
1776700800,76324.0,76260.0,-8.38530475341992,-12.011774178645185,76444.0,75244.0,76507.0,75326.0
1776715200,75870.0,75802.0,-8.962699354158055,-9.694365477578293,76540.0,75576.0,76597.0,75652.0
1776729600,75750.0,75669.0,-10.693069306930703,-9.094503756424954,76223.0,75409.0,76283.0,75518.0
1776744000,76126.0,76054.0,-9.458003835746132,-9.769750739332395,76278.0,75560.0,76331.0,75635.0
1776758400,76475.0,76410.0,-8.49950964367463,-9.589239034770713,76881.0,76033.0,76944.0,76118.0
1776772800,75841.0,75802.0,-5.14233725821156,-9.152599992154897,76592.0,75408.0,76632.0,75446.0
1776787200,75034.0,74972.0,-8.262920809233298,-6.196603733783501,76146.0,74770.0,76200.0,74817.0
1776801600,76345.0,76288.0,-7.466107800118138,-7.996588122400894,76398.0,74931.0,76447.0,74996.0
1776816000,77551.0,77497.0,-6.963159727146895,-7.466010007073365,77697.0,76098.0,77741.0,76154.0
1776830400,78008.0,77965.0,-5.512255153317103,-6.447702683534118,78419.0,77337.0,78446.0,77384.0
1776844800,78307.0,78261.0,-5.8743151953211115,-6.921390943231964,78344.0,77888.0,78421.0,77956.0
1776859200,79329.0,79223.0,-13.362074399021484,-6.640021452376521,79350.0,78049.0,79460.0,78150.0
1776873600,78877.0,78798.0,-10.015593899361797,-12.228791871005118,79400.0,78592.0,79500.0,78676.0
1776888000,78208.0,78137.0,-9.078355155482942,-10.142373568974294,78865.0,78090.0,78943.0,78186.0
1776902400,77766.0,77722.0,-5.657999639945288,-9.07823907734362,78530.0,77459.0,78604.0,77505.0
1776916800,78059.0,78012.0,-6.0210866139709385,-4.244482173174635,78311.0,77638.0,78370.0,77704.0
1776931200,77756.0,77659.0,-12.474921549462392,-8.197141246990558,78145.0,77152.0,78186.0,77209.0
1776945600,78406.0,78343.0,-8.035099354640751,-10.290845007010496,78649.0,77358.0,78695.0,77408.0
1776960000,77733.0,77688.0,-5.789047122843893,-8.035099354640751,78479.0,76910.0,78533.0,76988.0
1776974400,78269.0,78226.0,-5.493873692010709,-5.789047122843893,78316.0,77615.0,78348.0,77671.0
1776988800,77762.0,77710.0,-6.687070805792006,-5.493873692010709,78548.0,77505.0,78557.0,77585.0
1777003200,77671.0,77631.0,-5.149927257277476,-3.9876511448422303,78000.0,77423.0,78055.0,77471.0
1777017600,78256.0,78207.0,-6.2615007155997215,-5.921958881007772,78350.0,77365.0,78393.0,77434.0
1777032000,78075.0,78021.0,-6.916426512968421,-6.644603176630959,78424.0,77514.0,78486.0,77604.0
1777046400,77643.0,77594.0,-6.3109359504398554,-6.916426512968421,78031.0,77322.0,78078.0,77368.0
1777060800,77466.0,77402.0,-8.261688999045003,-6.182220962881457,77736.0,77225.0,77785.0,77295.0
1777075200,77685.0,77634.0,-6.564973933191887,-7.487735605473667,77679.0,77273.0,77738.0,77339.0
1777089600,77531.0,77467.0,-8.254762611085154,-8.879966024477604,77663.0,77412.0,77727.0,77477.0
1777104000,77695.0,77642.0,-6.8215457880171915,-7.352561787317136,77854.0,77451.0,77906.0,77523.0
1777118400,77363.0,77294.0,-8.91899228313231,-7.978997220220441,77734.0,77269.0,77767.0,77340.0
1777132800,77346.0,77296.0,-6.4644584076745115,-8.789845143610808,77419.0,77100.0,77481.0,77173.0
1777147200,77639.0,77582.0,-7.34167106737571,-6.464374830310593,77608.0,77272.0,77666.0,77337.0
1777161600,77435.0,77359.0,-9.814683282752812,-7.34167106737571,77604.0,77279.0,77649.0,77348.0
1777176000,78123.0,78071.0,-6.656170397961736,-7.233740231221697,78172.0,77347.0,78212.0,77408.0
1777190400,78128.0,78050.0,-9.983616629121173,-6.656170397961736,78170.0,77888.0,78226.0,77937.0
1777204800,78066.0,78010.0,-7.173417364794155,-9.855747692859573,78140.0,77724.0,78183.0,77790.0
1777219200,78252.0,78186.0,-8.434289219444446,-7.04532062613672,78469.0,77810.0,78520.0,77863.0
1777233600,78660.0,78615.0,-5.720823798627261,-8.05111821086224,78916.0,77815.0,78969.0,77872.0
1777248000,79124.0,79061.0,-7.9621859359990665,-6.355986067678732,79434.0,78354.0,79490.0,78420.0
1777262400,77630.0,77568.0,-7.986603117351443,-7.835901065429418,79122.0,77436.0,79177.0,77492.0
1777276800,77861.0,77814.0,-6.0363981967870295,-7.729070321658149,77949.0,77517.0,77983.0,77575.0
1777291200,76792.0,76765.0,-3.5159912490889678,-5.7796786498676145,78222.0,76516.0,78269.0,76567.0
1777305600,76849.0,76822.0,-3.51338338820284,-3.3858134416797636,76896.0,76363.0,76918.0,76455.0
1777320000,77373.0,77320.0,-6.849934731754104,-6.37431541153366,77414.0,76722.0,77439.0,76766.0
1777334400,76815.0,76773.0,-5.467682093340809,-6.97908858272811,77440.0,76627.0,77474.0,76641.0
1777348800,76875.0,76834.0,-5.333333333333856,-5.598375169253433,77109.0,76352.0,77143.0,76425.0
1777363200,76196.0,76193.0,-0.39372145519411816,-5.463343566262102,76957.0,76078.0,76988.0,76134.0
1777377600,76058.0,76024.0,-4.470272686634136,-2.7553992704754116,76382.0,75649.0,76405.0,75657.0
1777392000,76308.0,76294.0,-1.8346700214921796,-4.338851124814358,76350.0,75852.0,76373.0,75879.0
1777406400,76323.0,76297.0,-3.406574689149844,-2.751752604337465,76451.0,76147.0,76467.0,76182.0
1777420800,76980.0,76945.0,-4.546635489737216,-3.537550442849202,77090.0,76144.0,77107.0,76171.0
1777435200,77045.0,77004.0,-5.321565318969768,-5.325712801195204,77414.0,76842.0,77437.0,76881.0
1777449600,77588.0,77548.0,-5.1554364076922266,-4.024040396173323,77866.0,76919.0,77882.0,76945.0
1777464000,75883.0,75867.0,-2.108509152247695,-5.02661528348769,77549.0,75648.0,77593.0,75694.0
1777478400,75531.0,75528.0,-0.39718790959986094,-1.9767273302317978,76226.0,74894.0,76231.0,74912.0
1777492800,75745.0,75727.0,-2.3763944814836346,-1.8532982089192185,76068.0,75459.0,76061.0,75471.0
1777507200,75918.0,75881.0,-4.8736794962989105,-2.508383280965809,76424.0,75429.0,76441.0,75470.0
1777521600,76103.0,76139.0,4.73043112623639,-3.425289173450974,76161.0,75286.0,76135.0,75299.0
1777536000,76040.0,76018.0,-2.8932140978432663,1.0508340995674104,76321.0,75834.0,76304.0,75849.0
1777550400,76452.0,76424.0,-3.662428713441246,-2.1042940750970462,76622.0,76000.0,76629.0,76021.0
1777564800,76388.0,76372.0,-2.094569827721937,-2.6163285062075214,76478.0,76062.0,76488.0,76076.0
1777579200,76310.0,76300.0,-1.3104442405975636,-1.8328205799567066,76526.0,76155.0,76533.0,76178.0
1777593600,77098.0,77076.0,-2.853511115722407,-1.3104442405975636,77404.0,76283.0,77406.0,76294.0
1777608000,77111.0,77095.0,-2.074930943704034,-2.853511115722407,77158.0,76837.0,77174.0,76855.0
1777622400,77452.0,77425.0,-3.4860300573258396,-1.0375731164802282,77619.0,77005.0,77593.0,77036.0
1777636800,78453.0,78414.0,-4.971129211119862,-3.3569611754524775,78900.0,77369.0,78924.0,77390.0
1777651200,78365.0,78308.0,-7.273655330823914,-4.206715447568898,78624.0,78068.0,78683.0,78128.0
1777665600,78232.0,78189.0,-5.496472031905064,-8.421267528357923,78373.0,77710.0,78436.0,77752.0
1777680000,78416.0,78379.0,-4.718424811263056,-5.496472031905064,78498.0,78127.0,78514.0,78173.0
1777694400,78212.0,78184.0,-3.5800132971919307,-5.355639998979589,78413.0,77981.0,78437.0,78036.0
1777708800,78138.0,78105.0,-4.223297243338697,-3.8355814102153385,78367.0,78061.0,78389.0,78100.0
1777723200,78484.0,78448.0,-4.586922175220387,-4.223297243338697,78456.0,78077.0,78495.0,78107.0
1777737600,78466.0,78445.0,-2.6763184054234834,-5.096255526252369,78545.0,78270.0,78585.0,78315.0
1777752000,78690.0,78651.0,-4.956157072054657,-3.6954444090475658,79133.0,78385.0,79157.0,78421.0
1777766400,78204.0,78162.0,-5.370569280344073,-4.956157072054657,78719.0,78071.0,78747.0,78114.0
1777780800,78364.0,78329.0,-4.466336583125452,-4.475817795851489,78415.0,78032.0,78451.0,78082.0
1777795200,78653.0,78618.0,-4.449925622671547,-4.593887577362121,78806.0,78318.0,78840.0,78356.0
1777809600,78658.0,78624.0,-4.32251010704543,-5.212372392224829,78847.0,78553.0,78866.0,78581.0
1777824000,78767.0,78741.0,-3.300874731804182,-5.974323121901159,78816.0,78545.0,78847.0,78566.0
1777838400,78565.0,78533.0,-4.073060523133165,-3.427831452258445,79400.0,78443.0,79437.0,78480.0
1777852800,80315.0,80279.0,-4.482350743946206,-3.8185914489008432,80418.0,78244.0,80450.0,78282.0
1777867200,79684.0,79656.0,-3.513879825309818,-4.10897499750984,80591.0,79460.0,80617.0,79472.0
1777881600,78784.0,78751.0,-4.1886677497970926,-3.513879825309818,79896.0,78156.0,79912.0,78203.0
1777896000,80008.0,79984.0,-2.9997000299974985,-3.300413821117898,80496.0,78472.0,80554.0,78498.0
1777910400,80039.0,79998.0,-5.122502779895122,-6.746710978398074,80762.0,79572.0,80768.0,79614.0
1777924800,79844.0,79803.0,-5.135013275887612,-5.122502779895122,80365.0,79697.0,80392.0,79745.0
1777939200,80882.0,80851.0,-3.8327439974283894,-6.511802642289455,81073.0,79754.0,81068.0,79810.0
1777953600,80861.0,80819.0,-5.194098514734735,-4.8214219485964716,81294.0,80678.0,81325.0,80722.0
1777968000,81004.0,80983.0,-2.5924645696506765,-4.328736627295937,81073.0,80504.0,81115.0,80528.0
1777982400,81551.0,81486.0,-7.970472465083089,-4.320027648176961,81680.0,80893.0,81714.0,80938.0
1777996800,81598.0,81565.0,-4.0442167700194265,-7.970472465083089,81652.0,81008.0,81687.0,81060.0
1778011200,80913.0,80862.0,-6.303066256349021,-5.759027582066256,81767.0,80749.0,81781.0,80788.0
1778025600,81566.0,81547.0,-2.3294019566977298,-5.067734599031315,81718.0,80711.0,81754.0,80728.0
1778040000,81365.0,81343.0,-2.7038652983468747,-3.187329140769135,81607.0,81030.0,81636.0,81066.0
1778054400,82515.0,82479.0,-4.362843119433135,-2.7038652983468747,82799.0,81297.0,82833.0,81351.0
1778068800,81703.0,81680.0,-2.8150741098853516,-4.241653032781567,82497.0,81088.0,82531.0,81125.0
1778083200,81466.0,81430.0,-4.4190214322537,-2.815108565273894,81866.0,81144.0,81877.0,81185.0
1778097600,81447.0,81401.0,-5.647844610605635,-3.191907287369844,81654.0,80888.0,81696.0,80999.0
1778112000,80842.0,80798.0,-5.442715420201916,-4.175057714033148,81457.0,80780.0,81484.0,80833.0
1778126400,81528.0,81480.0,-5.887547836326279,-5.4427827463787715,81675.0,80700.0,81706.0,80728.0
1778140800,80859.0,80826.0,-4.081178347493664,-6.25528939912412,81553.0,80526.0,81587.0,80575.0
1778155200,79877.0,79868.0,-1.126732350990034,-2.968496827419065,81148.0,79720.0,81186.0,79700.0
1778169600,80094.0,80107.0,1.6230928658833577,-1.877746203823305,80257.0,79500.0,80278.0,79500.0
1778184000,80017.0,79992.0,-3.124336078583756,-5.489432841779829,80343.0,79550.0,80371.0,79573.0
1778198400,79568.0,79543.0,-3.141966619746306,-1.7498906318358376,80100.0,79176.0,80130.0,79168.0
1778212800,79679.0,79669.0,-1.25503583127351,-3.141966619746306,79752.0,79220.0,79760.0,79242.0
1778227200,80236.0,80189.0,-5.857719726806154,1.2553351744926111,80300.0,79649.0,80325.0,79660.0
1778241600,80124.0,80093.0,-3.8690030452792623,-4.736500972228885,80485.0,79507.0,80500.0,79535.0
1778256000,80149.0,80141.0,-0.9981409624570947,-3.744196495432117,80276.0,79693.0,80296.0,79721.0
1778270400,80199.0,80152.0,-5.860422199778226,-1.7466159316326113,80382.0,80043.0,80404.0,80078.0
1778284800,80391.0,80354.0,-4.602505255563161,-5.860349127182474,80514.0,80087.0,80550.0,80135.0
1778299200,80227.0,80187.0,-4.985852643125677,-4.975495683757769,80600.0,80107.0,80661.0,80144.0
1778313600,80339.0,80310.0,-3.6097038798088565,-4.985852643125677,80416.0,80128.0,80427.0,80169.0
1778328000,80523.0,80480.0,-5.340089167070738,-3.6097038798088565,80566.0,80193.0,80595.0,80233.0
1778342400,80929.0,80895.0,-4.201213409285032,-5.340089167070738,81038.0,80448.0,81063.0,80491.0
1778356800,80665.0,80620.0,-5.578627657596424,-4.077749082506132,80897.0,80577.0,80927.0,80614.0
1778371200,80768.0,80742.0,-3.2190966719491954,-5.702597161098,80855.0,80519.0,80872.0,80561.0
1778385600,80739.0,80700.0,-4.830379370563964,-3.2190966719491954,80804.0,80604.0,80831.0,80649.0
1778400000,80841.0,80799.0,-5.195383530633979,-2.9730566738928044,80949.0,80681.0,80969.0,80692.0
1778414400,81411.0,81375.0,-4.422006854110094,-3.587865591131445,81400.0,80766.0,81433.0,80787.0
1778428800,81416.0,81381.0,-4.298909305295862,-4.544728728826941,81567.0,81082.0,81568.0,81135.0
1778443200,82193.0,82164.0,-3.5282809971648454,-4.789977892409869,82436.0,80203.0,82458.0,80269.0
1778457600,80718.0,80720.0,0.24777620852844962,-3.8930861223640534,82344.0,80491.0,82361.0,80509.0
1778472000,80723.0,80715.0,-0.9910434448667793,0.3716735219772005,81032.0,80621.0,81034.0,80635.0
1778486400,81179.0,81162.0,-2.094137646435623,-0.8671737568444193,81185.0,80592.0,81187.0,80607.0
1778500800,81421.0,81405.0,-1.9650950000615897,-1.8477685115603215,81414.0,80401.0,81429.0,80429.0
1778515200,81944.0,81906.0,-4.637313287122469,-3.070121576814744,82087.0,81311.0,82132.0,81334.0
1778529600,81736.0,81703.0,-4.037388665948383,-5.612973289568224,82039.0,81550.0,82072.0,81581.0
1778544000,81024.0,81025.0,0.12342022116973439,-3.9150435548596096,81747.0,80700.0,81767.0,80690.0
1778558400,80849.0,80843.0,-0.7421242068550438,-1.4807867913813055,81295.0,80795.0,81284.0,80792.0
1778572800,80759.0,80750.0,-1.1144268750229447,0.49481067306622606,80930.0,80475.0,80940.0,80475.0
1778587200,80319.0,80301.0,-2.241063758263717,-0.9906139329851626,80975.0,80153.0,80979.0,80149.0
1778601600,80813.0,80802.0,-1.3611671389501812,-2.1165865683903107,80830.0,79804.0,80843.0,79820.0
1778616000,80491.0,80459.0,-3.975599756494974,-0.9899764880583195,80843.0,80389.0,80867.0,80425.0
1778630400,81240.0,81222.0,-2.2156573116693945,-4.4723274737556995,81268.0,80372.0,81279.0,80396.0
1778644800,81002.0,80988.0,-1.7283523863609318,-2.830943442673206,81254.0,80849.0,81259.0,80874.0
1778659200,80499.0,80459.0,-4.969005826159778,-2.71574763297866,81271.0,80433.0,81288.0,80479.0
1778673600,78788.0,78801.0,1.6499974615413748,-1.2427145857407673,80554.0,78800.0,80566.0,78750.0
1778688000,79614.0,79611.0,-0.37681814756163057,1.6500184040513233,79780.0,78735.0,79779.0,78704.0
1778702400,79284.0,79283.0,-0.12612885323615153,-0.2512120983744204,79731.0,79191.0,79733.0,79200.0
1778716800,79013.0,79000.0,-1.6452988748683062,-1.0089417462255668,79656.0,78880.0,79655.0,78893.0
1778731200,79725.0,79702.0,-2.8849169018496656,-1.771837902143636,79959.0,78931.0,79955.0,78960.0
1778745600,79229.0,79208.0,-2.650544623812312,-1.8816799638721182,79900.0,79176.0,79904.0,79198.0
1778760000,81312.0,81264.0,-5.903187721369996,-0.378740058073479,81297.0,79200.0,81336.0,79209.0
1778774400,81443.0,81368.0,-9.208894564296521,-5.903187721369996,81992.0,81026.0,82047.0,81088.0
1778788800,81075.0,81044.0,-3.8236201048413854,-9.208781494032259,81538.0,81015.0,81639.0,81039.0
1778803200,81068.0,81015.0,-6.537721419055398,-3.8236201048413854,81623.0,80709.0,81650.0,80743.0
1778817600,80813.0,80782.0,-3.8360164824968734,-4.441593051374149,81064.0,80274.0,81085.0,80304.0
1778832000,80619.0,80591.0,-3.473126682296268,-3.8359690152700576,80793.0,80319.0,80814.0,80360.0
1778846400,79126.0,79118.0,-1.0110456739886864,-3.473169763575923,80598.0,78608.0,80628.0,78611.0
1778860800,79102.0,79100.0,-0.25283810775933446,-0.884664964739823,79518.0,79021.0,79528.0,79015.0
1778875200,79062.0,79063.0,0.1264830133318462,0.12642384859429256,79174.0,78824.0,79177.0,78876.0
1778889600,79056.0,79048.0,-1.0119409026509985,-0.2529596276434898,79177.0,78955.0,79186.0,78973.0
1778904000,78355.0,78331.0,-3.0629825792860554,0.37953064709883577,79076.0,78000.0,79088.0,78033.0
1778918400,78063.0,78034.0,-3.7149481828779862,-2.042170827589729,78487.0,77600.0,78490.0,77614.0
1778932800,78199.0,78198.0,-0.12787887313181479,-2.818453181648861,78297.0,77795.0,78305.0,77808.0
1778947200,78233.0,78226.0,-0.8947630795186345,-0.25575447570314047,78336.0,78093.0,78329.0,78090.0
1778961600,78118.0,78104.0,-1.792160577587243,-1.1503802645873584,78265.0,78079.0,78291.0,78095.0
1778976000,77996.0,77989.0,-0.8974819221496677,-1.6641704110498257,78200.0,77676.0,78210.0,77689.0
1778990400,78151.0,78138.0,-1.6634464050369058,-0.7692899453803914,78264.0,77962.0,78294.0,77972.0
1779004800,78395.0,78369.0,-3.316538044517703,-3.3263394913263244,78562.0,77983.0,78573.0,78007.0
1779019200,78022.0,78015.0,-0.8971828458637088,-3.3164957395781514,78519.0,77796.0,78521.0,77827.0
1779033600,78387.0,78381.0,-0.7654330437445456,-0.8971828458637088,78444.0,77812.0,78432.0,77818.0
1779048000,77412.0,77431.0,2.454399834650456,-0.25515411308463243,78450.0,76700.0,78442.0,76689.0
1779062400,76887.0,76897.0,1.3006099860835008,1.4208398455162197,77448.0,76667.0,77433.0,76657.0
1779076800,77025.0,77039.0,1.817591691009035,0.6502711630740343,77049.0,76552.0,77033.0,76509.0
1779091200,77246.0,77253.0,0.9061957900735607,0.0,77374.0,76631.0,77362.0,76620.0
1779105600,76331.0,76394.0,8.253527400401417,1.4240772626639142,77754.0,76037.0,77753.0,76000.0
1779120000,76846.0,76882.0,4.684694063452621,9.171547240018896,76977.0,76122.0,76937.0,76086.0
1779134400,76949.0,76984.0,4.5484671665652066,3.5131091015538907,77213.0,76763.0,77167.0,76741.0
1779148800,76711.0,76756.0,5.866173039068556,3.7684360990186683,77399.0,76443.0,77357.0,76414.0
1779163200,77170.0,77199.0,3.757937022159652,11.608493765324912,77264.0,76620.0,77222.0,76584.0
1779177600,76669.0,76694.0,3.2607703243803243,3.109815354713774,77291.0,76597.0,77261.0,76568.0
1779192000,76438.0,76489.0,6.672074099269842,4.435168275502832,77038.0,76125.0,76989.0,76088.0
1779206400,76741.0,76792.0,6.6457304439615505,3.531119626485335,77055.0,76386.0,76994.0,76349.0
1779220800,76757.0,76806.0,6.383782586605324,2.4748283901887547,77017.0,76612.0,76976.0,76582.0
1779235200,76654.0,76692.0,4.9573407780423295,5.8622756051174285,76886.0,76490.0,76838.0,76440.0
1779249600,77190.0,77248.0,7.513926674440619,4.1742215728990395,77441.0,76663.0,77396.0,76619.0
1779264000,77331.01,77359.0,3.6195052928977844,7.513829332435051,77636.0,77179.0,77578.99,77130.68
1779278400,77377.99,77439.0,7.88467108023827,4.915870839210523,77839.0,76851.0,77782.01,76818.01
1779292800,77604.58,77646.0,5.337313854414383,7.8833777042564,77706.0,77013.0,77642.0,76948.0
1779307200,77470.5,77533.0,8.067587016993283,5.412092160197446,77768.0,77205.0,77699.28,77155.0
1779321600,78008.0,78075.0,8.588862680751763,6.471108578076645,78174.0,77500.0,78103.0,77446.01
1779336000,77812.0,77853.0,5.269110162957613,6.047921220924124,78158.0,77476.0,78097.74,77442.0
1779350400,77116.98,77147.0,3.8927872953542497,4.2418406890054605,78157.0,77106.0,78122.49,77065.43
1779364800,77181.01,77229.0,6.217850738154951,2.982171799028599,77374.0,76700.0,77321.47,76647.94
1779379200,77629.0,77667.0,4.8950778703837905,6.995697238041387,78053.0,76969.0,78018.0,76933.01
1779393600,77554.0,77587.0,4.255099672485496,6.44188773078147,77787.0,77501.0,77743.98,77473.16
1779408000,77695.0,77740.0,5.79187849925944,2.7254258510112095,77779.0,77290.0,77739.0,77265.75
1779422400,77320.01,77363.0,5.560009627521012,5.816422183440029,77870.0,77247.0,77819.99,77195.01
1779436800,77342.72,77406.0,8.18176552363381,5.560009627521012,77507.0,77136.0,77457.01,77091.0
1779451200,76713.02,76770.0,7.427683071270508,7.886741224383265,77540.0,76517.0,77503.0,76478.43
1779465600,75760.0,75823.0,8.315733896515631,7.428987599367165,77084.0,75621.0,77010.85,75556.4
1779480000,75451.01,75500.0,6.492954832546527,8.050998455793046,76051.0,75350.0,75998.0,75285.0
1779494400,75546.0,75602.0,7.412702194689036,6.492954832546527,75631.0,75173.0,75579.66,75129.0
1779508800,74522.0,74568.0,6.1726738412826165,7.280332512640264,75613.0,74234.0,75560.46,74192.21
1779523200,74714.01,74761.0,6.289315752159297,6.039665884769452,74831.0,74290.0,74779.01,74262.0
1779537600,75429.99,75478.0,6.364842418777883,6.290655031184755,75664.0,74615.0,75600.0,74579.0
1779552000,75892.0,75947.0,7.247140673589669,6.363515842502387,75962.0,75323.0,75928.69,75292.0
1779566400,76655.99,76712.0,7.306669707090041,7.245822056893836,77375.0,75907.0,77302.52,75863.01
1779580800,76653.0,76706.0,6.914276023117782,7.436011167063494,76969.0,76600.0,76901.21,76537.86
1779595200,76708.07,76759.0,6.639457882331445,8.611691022963885,77042.0,76597.0,76964.33,76553.0
1779609600,77213.01,77286.0,9.453070149707532,7.169023248938533,77534.0,76689.0,77427.0,76639.99
1779624000,76279.0,76318.0,5.112809554399522,9.582582002696238,77287.0,76086.0,77224.99,76095.35
1779638400,76668.0,76719.0,6.652058225073976,5.107629928615687,76751.0,76317.0,76696.89,76278.03
1779652800,76974.88,77015.0,5.212089970130229,6.652058225073976,77185.0,76060.0,77127.0,76015.0
1779667200,76938.01,76977.0,5.067716204254502,5.212089970130229,77445.0,76867.0,77396.75,76833.0
1779681600,77312.99,77366.0,6.856545064417574,4.5072724607209125,77591.0,76943.0,77553.68,76904.0
1779696000,77281.0,77306.0,3.2349477879423105,6.725906380558033,77673.0,77235.0,77615.0,77191.0
1779710400,77555.01,77590.0,4.511636321109513,3.104255495627317,77865.0,77239.0,77830.83,77210.0
1779724800,77391.0,77404.0,1.6797818867830827,4.382695586011565,77773.0,77299.0,77743.99,77283.2
1779739200,77254.92,77282.0,3.505278369326792,4.135863102932014,77468.0,76987.0,77433.0,76967.58
1779753600,76571.21,76619.0,6.241249158789319,3.3654779625913456,77310.0,76414.0,77281.22,76382.0
1779768000,76633.99,76671.0,4.829449699799149,4.344094597066306,77009.0,76556.0,76970.21,76514.0
1779782400,77109.0,77144.0,4.5390291665037275,5.136259644189511,77595.0,76524.0,77535.13,76477.01
1779796800,76418.99,76482.0,8.245332737319977,4.5377317125461225,78060.0,76234.0,78002.74,76168.0
1779811200,75914.0,76015.0,13.304528808915084,8.636934673367236,76683.0,75754.0,76608.6,75655.97
1779825600,75820.94,75894.0,9.635860489198844,13.040042149630171,76141.0,75623.0,76064.01,75559.41
1779840000,75546.0,75628.0,10.85431392793712,9.766429990656356,76067.0,75590.0,75993.01,75468.12
1779854400,75848.2,75927.0,10.38917205681944,12.445887660803567,75933.0,75251.0,75856.49,75182.0
1779868800,75644.58,75724.0,10.49909986941433,11.233910587564733,76030.0,75667.0,75953.0,75598.0
1779883200,75190.02,75300.0,14.626941181821174,10.49909986941433,76120.0,74738.0,76047.0,74636.93
1779897600,74918.0,75027.0,14.549240502950145,15.302264615457695,75390.0,74628.0,75259.5,74530.26
1779912000,74330.48,74420.0,12.0435116253792,14.85590572306128,75378.0,74202.0,75286.47,74127.01
1779926400,73126.41,73234.0,14.712878698679432,12.04485858894655,74557.0,73035.0,74461.71,72948.39
1779940800,73362.99,73461.0,13.359597257418532,13.6571001332908,73471.0,72684.0,73368.74,72622.01
1779955200,73381.97,73474.0,12.541227770255237,12.812125177188438,73586.0,73175.0,73484.45,73077.01
1779969600,72782.02,72924.0,19.50756519261132,12.205586389375522,73549.0,72555.0,73452.99,72461.53
1779984000,73301.0,73392.0,12.414564603484557,19.644961763907176,73756.0,72724.0,73640.1,72614.25
1779998400,73519.16,73587.0,9.22752653865988,11.346520104946745,73932.0,73215.0,73848.0,73137.31
1780012800,73192.68,73261.0,9.334266760010479,8.37658196558122,73847.0,73151.0,73769.5,73078.47
1780027200,73414.62,73494.0,10.81256022301913,9.332899228051694,73924.0,73182.0,73833.01,73099.63
1780041600,73374.75,73428.0,7.257264931055385,5.150079973947896,73866.0,73299.0,73799.5,73234.0
1780056000,73697.0,73776.0,10.719567960704168,7.768736966922152,74210.0,72476.0,74097.44,72394.58
1780070400,73408.12,73487.0,10.745405276693099,8.507170048033252,74300.0,73150.0,74223.0,73085.0
1780084800,73373.29,73431.0,7.8652599604023266,10.84495716303202,73820.0,73269.0,73748.01,73217.86
1780099200,73425.11,73493.0,9.24615570885745,8.0001853535272,73765.0,73372.0,73696.31,73318.62
1780113600,73449.98,73511.0,8.30769456982905,8.798929148123857,73678.0,73163.0,73613.52,73125.86
1780128000,73499.16,73574.0,10.18242929579083,8.848556258451712,73652.0,73470.0,73577.69,73404.58
1780142400,73807.52,73885.0,10.49757531481843,9.931837662071619,74065.0,73563.0,73991.01,73491.19
1780156800,73905.99,73980.0,10.014073284181357,10.26008982218718,74095.0,73777.0,74024.77,73713.78
1780171200,73762.15,73853.0,12.316614957672556,10.012718859091496,74018.0,73745.0,73945.0,73680.0
1780185600,74047.01,74118.0,9.587152810086597,10.572687224670307,74250.0,73827.0,74162.97,73753.0
1780200000,73759.34,73843.0,11.342292379514785,9.588504598430081,74195.0,73802.0,74115.39,73728.0
1780214400,73846.56,73915.0,9.26786569340532,11.03148073056337,74000.0,73708.0,73917.99,73625.65
1780228800,73545.44,73631.0,11.63362405609325,9.91186310117742,73984.0,73424.0,73913.35,73360.45
1780243200,73458.96,73541.0,11.168140686990125,11.770955720840082,73710.0,73377.0,73634.89,73289.97
1780257600,73567.99,73658.0,12.234940767037461,10.892857677640144,74180.0,73462.0,74094.65,73400.02
1780272000,73666.48,73737.0,9.572874935792619,12.233579817311213,74075.0,73204.0,73984.48,73119.67
1780286400,72712.58,72792.0,10.922456609296916,10.393638702130836,73810.0,72684.0,73743.0,72611.68
1780300800,72381.24,72456.0,10.3286431677585,11.194912503644794,73090.0,72258.0,73012.33,72201.0
1780315200,71003.72,71128.0,17.503308277369012,7.8730369204005335,72606.0,71060.0,72523.0,70943.6
1780329600,71510.42,71586.0,10.569089092191675,17.645556830760967,71788.0,70683.0,71694.73,70574.13
1780344000,71313.86,71411.0,13.621475544864925,11.57570084596271,71691.0,70828.0,71606.55,70742.0
1780358400,70848.98,70943.0,13.270480393650086,14.799706109502875,71412.0,70127.0,71309.61,70012.05
1780372800,70023.0,70089.0,9.425474486954855,13.489360314689058,71032.0,69709.0,70933.0,69630.66
1780387200,69352.45,69452.0,14.354215316114693,11.574669184983843,70142.0,69300.0,70075.54,69227.0
1780401600,67176.99,67288.0,16.5250035763731,14.408879087832727,69529.0,67050.0,69438.99,66948.02
1780416000,67207.0,67291.0,12.49869805228565,16.526494641468936,68132.0,66356.0,68019.63,66302.56
1780430400,66668.6,66732.0,9.509724217997562,11.202739836080333,67899.0,66169.0,67820.4,66099.58
1780444800,65761.0,65812.0,7.755356518301948,9.301036343336566,67155.0,65417.0,67108.0,65361.65
1780459200,67139.63,67192.0,7.800162139708355,7.4343721635461435,67479.0,65792.0,67417.99,65739.28
1780473600,66980.38,67044.0,9.498303831658728,10.629953226717337,67442.0,66615.0,67380.99,66561.35
1780488000,65979.71,66055.0,11.411083801367017,9.64760128264297,67230.0,66053.0,67153.11,65975.93
1780502400,65371.67,65465.0,14.276826643713214,11.270143335126992,66365.0,65204.0,66266.2,65158.15
1780516800,64045.64,64118.0,11.298192976134658,16.711095442067947,65853.0,64061.0,65773.22,63991.31
1780531200,64291.37,64342.0,7.875084945303534,11.299756126998961,64508.0,61350.0,64457.96,61310.19
1780545600,63532.67,63566.0,5.246119830946139,7.717986454793824,64752.0,63456.0,64687.36,63438.57
1780560000,62479.4,62514.0,5.537825267207808,4.143933135523081,63878.0,62160.0,63831.02,62143.02
1780574400,63824.29,63862.0,5.9084088518646105,5.699479460345991,64464.0,62360.0,64438.09,62315.43
1780588800,63546.64,63596.0,7.767523192414583,5.751728691381075,64138.0,62935.0,64073.54,62882.58
1780603200,63814.8,63855.0,6.299479117697349,8.397378557476465,63896.0,63071.0,63853.85,63061.0
1780617600,62658.93,62707.0,7.671691808335268,6.738650076005825,63949.0,62293.0,63915.41,62267.0
1780632000,63056.24,63091.0,5.512539282392925,6.06529745089901,63707.0,61095.0,63622.59,61072.62
1780646400,61905.2,61930.0,4.006125495112922,5.0746126643308465,63258.0,61929.0,63200.19,61905.2
1780660800,60409.1,60405.0,-0.6787056916923717,4.780259129140152,62426.0,60006.0,62404.1,60018.28
1780675200,60282.01,60272.0,-1.660528572289266,2.3910625921907958,61536.0,59100.0,61511.98,59100.0
1780689600,61042.14,61033.0,-1.4973262732920212,1.3258327814558157,61998.0,59909.0,61969.99,59904.75
1780704000,60668.0,60663.0,-0.8241577108192288,0.058984831723396525,61508.0,60498.0,61503.35,60506.29
1780718400,60961.83,60975.0,2.1603682172921523,-1.0054210324184076,61240.0,59459.0,61235.94,59485.04
1780732800,60777.96,60774.0,-0.6515519770655676,1.1924145377473216,61475.0,60176.0,61498.48,60194.16
1780747200,60749.01,60751.0,0.32757735475730243,-0.6531972028678279,61166.0,60323.0,61148.06,60370.0
1780761600,60572.96,60571.0,-0.32357672466343246,0.32922352631414853,60936.0,60382.0,60937.99,60366.86
1780776000,60858.64,60861.0,0.3877838873833639,-0.16509550775145598,60988.0,60400.0,60977.45,60403.58
1780790400,61676.39,61686.0,1.5581326987534894,1.508607443581056,61754.0,60714.0,61761.38,60717.66
1780804800,62374.66,62384.0,1.4974029517755838,1.397617694165465,62401.0,61463.0,62387.21,61458.56
1780819200,62589.68,62615.0,4.045395343130753,1.1911523830177018,62955.0,62238.0,62946.21,62233.52
1780833600,62059.22,62072.0,2.059323336645047,1.314554320563932,62636.0,61558.0,62621.34,61557.92
1780848000,61299.04,61300.0,0.1566093041582839,-0.42529445196892723,62308.0,61145.0,62302.05,61141.19
1780862400,63315.72,63309.0,-1.0613477979881658,-1.5038766416641813,64228.0,61192.0,64196.66,61186.21
1780876800,63086.0,63100.0,2.219192847858764,0.3854260917046659,63862.0,62700.0,63839.99,62683.98
1780891200,63239.99,63263.0,3.638520499449349,0.39621221125996087,63329.0,62375.0,63306.32,62370.0
1780905600,63440.41,63454.0,2.1421677445010445,3.9028204044755377,63854.0,62959.0,63828.6,62943.29
1780920000,63740.09,63755.0,2.33918715834891,2.1421677445010445,64196.0,62676.0,64191.09,62644.86
1780934400,63352.59,63349.0,-0.566669807816611,0.6337159471803133,64030.0,63262.0,64016.0,63252.0
1780948800,63061.78,63058.0,-0.5994121954688847,-0.4104014673433909,63835.0,62951.0,63838.78,62963.0
1780963200,62847.71,62847.0,-0.11297149888234159,-1.661685837363036,63151.0,62395.0,63171.94,62401.21
1780977600,63164.86,63178.0,2.080270580826493,-0.2704951812071421,63514.0,62723.0,63491.41,62718.03
1780992000,62664.59,62682.0,2.7782835569500897,0.21210700450025044,63196.0,62461.0,63175.66,62461.54
1781006400,61086.71,61111.0,3.9763149791505192,2.436738549123074,62882.0,61003.0,62860.94,60991.62
1781020800,62051.69,62074.0,3.595389585682174,3.812613250901986,62084.0,60765.0,62052.0,60718.0
1781035200,61685.44,61695.0,1.5497984613555005,4.67548869010459,62250.0,61528.0,62228.05,61512.38
1781049600,61501.01,61521.0,3.2503531242822348,2.19987118514009,61947.0,61201.0,61932.44,61193.79
1781064000,61633.8,61645.0,1.8171847265624486,3.251979642606706,61777.0,61043.0,61747.89,61030.97
1781078400,60980.41,61000.0,3.212507098591111,0.7981172220072885,61700.0,60733.0,61693.04,60678.99
1781092800,62589.05,62609.0,3.187458509115171,1.887241346687496,62827.0,60930.0,62808.52,60902.34
1781107200,61875.45,61921.0,7.361562622978379,3.187458509115171,62621.0,61594.0,62599.65,61518.07
1781121600,61456.49,61481.0,3.988187415193689,7.075530398112928,61933.0,61069.0,61885.81,61046.0
1781136000,62618.14,62659.0,6.525265681798231,5.046133638086925,62800.0,61484.0,62725.65,61452.99
1781150400,62641.88,62689.0,7.52212417635123,9.093948490841441,62971.0,62508.0,62919.28,62470.4
1781164800,63044.91,63072.0,4.296936897838499,7.681761786204611,63244.0,62685.0,63199.99,62641.88
1781179200,62685.13,62717.0,5.084140369495671,4.455553985245331,63201.0,62475.0,63200.0,62446.01
1781193600,63547.15,63581.0,5.326753442129739,4.265415393076566,63919.0,62314.0,63840.01,62272.13
1781208000,63558.21,63621.0,9.879132845307392,5.511056892297805,63685.0,63240.0,63627.0,63205.7
1781222400,63434.42,63496.0,9.707663442024561,9.880707760760998,63775.0,63277.0,63727.0,63226.4
1781236800,63011.57,63062.0,8.003292093816672,9.707663442024561,63846.0,62801.0,63775.47,62761.04
1781251200,63689.59,63724.0,5.402766762983013,8.320694120143024,63928.0,63064.0,63880.49,63011.56
1781265600,63569.79,63575.0,0.81957168648783,5.2457552325280155,64383.0,63016.0,64348.63,62984.01
1781280000,63570.36,63567.0,-0.5285482102035388,2.0989145748062654,64093.0,63490.0,64078.11,63471.07
1781294400,63531.04,63561.0,4.715805061588085,2.5522896807883555,63673.0,63375.0,63666.82,63339.91
1781308800,63497.6,63510.0,1.9528297132498373,3.2987593139588434,63854.0,63420.0,63810.36,63409.94
1781323200,63801.44,63829.0,4.319651719459916,1.7969185917143804,63861.0,63453.0,63841.88,63450.65
1781337600,63932.18,63945.0,2.005249938294984,2.996401184267583,63965.0,63705.0,63934.0,63683.7
1781352000,64269.18,64288.0,2.9283087165565824,1.8488341864775215,64332.0,63883.0,64311.47,63883.33
1781366400,64266.43,64271.0,0.7111022037475934,3.083904291294459,64315.0,63899.0,64299.7,63878.0
1781380800,64440.0,64427.0,-2.017380509000688,0.3096311950168129,64750.0,64201.0,64742.88,64189.91
1781395200,64519.0,64525.0,0.9299586168420859,0.46721725866394337,64697.0,64351.0,64684.29,64350.73
1781409600,64392.26,64408.0,2.4443931615381054,1.0834016207006414,64540.0,64207.0,64539.86,64197.92
1781424000,64510.02,64518.0,1.237017133153273,2.599691329361331,64655.0,64283.0,64627.01,64290.98
1781438400,63993.45,63996.0,0.3984782817623156,0.7176806916153744,64540.0,63838.0,64530.0,63836.87
1781452800,63763.93,63786.0,3.4612044772019956,0.5547442746101083,64184.0,63648.0,64166.79,63642.58
1781467200,65712.5,65720.0,1.1413353623734857,3.1097506757782334,65780.0,63776.0,65758.99,63751.59
1781481600,65890.02,65898.0,1.2111090571820249,0.8841451769425746,65980.0,65325.0,65960.89,65315.92
1781496000,65624.48,65648.0,3.5840283991595,0.7148029003101186,66020.0,65583.0,65988.0,65576.18
1781510400,66199.62,66221.0,3.2296257893937863,2.6710561581566594,66353.0,65487.0,66357.0,65470.43
1781524800,67253.17,67261.0,1.1642573874226514,3.7404502196825007,67261.0,66086.0,67253.17,66077.24
1781539200,66567.79,66561.0,-1.020012832030348,-0.4698663973567996,67283.0,66323.0,67253.16,66322.34
1781553600,66282.05,66294.0,1.802901388836542,-2.937750332073774,66649.0,66057.0,66646.27,66040.22
1781568000,66117.0,66128.0,1.663717349547067,1.652030979728547,66441.0,65603.0,66428.35,65594.92
1781582400,66328.25,66343.0,2.2237885064058105,1.4504500403145215,66552.0,65771.0,66523.92,65759.06
1781596800,66426.49,66456.0,4.442504789881063,2.1061667870014844,66964.0,66314.0,66949.01,66299.26
1781611200,65817.71,65851.0,5.057909185839371,2.6927316264724332,66792.0,65320.0,66767.66,65301.0
1781625600,65613.99,65642.0,4.268906676760942,5.831708265071622,66216.0,65545.0,66179.28,65504.0
1781640000,65612.86,65639.0,3.9839750926873307,3.733760048767465,65919.0,65567.0,65878.36,65525.5
1781654400,65784.81,65822.0,5.653280749766676,4.137908961430181,66121.0,65450.0,66082.08,65429.14
1781668800,65478.0,65511.0,5.039860716575806,2.5863910848222815,66020.0,65215.0,65973.92,65137.54
1781683200,64751.83,64796.0,6.821428830658949,5.194111792374834,65550.0,64518.0,65511.96,64502.8
1781697600,65702.84,65731.0,4.285963894408162,6.974319185371058,65848.0,64572.0,65801.27,64542.4
1781712000,64248.57,64287.0,5.981456085326631,4.135286105635405,66429.0,64000.0,66390.79,63989.07
1781726400,64443.27,64470.0,4.147834211392087,5.310350452003565,64493.0,63878.0,64470.09,63861.31
1781740800,64218.68,64247.0,4.4099318142332145,3.399635272356427,64771.0,64222.0,64754.21,64194.98
1781755200,64443.71,64476.0,5.010574344648244,4.4099318142332145,64478.0,63655.0,64449.21,63625.66
1781769600,63910.45,63952.0,6.50128421877838,5.314877389270833,64617.0,63846.0,64581.0,63817.83
1781784000,62286.91,62339.0,8.362912849584347,6.499718512431585,64420.0,62254.0,64382.51,62235.65
1781798400,62866.23,62917.0,8.07587793955511,7.864950815561489,62980.0,62235.0,62927.71,62178.0
1781812800,62889.92,62935.0,7.168080353736617,7.950114384298601,63253.0,62709.0,63198.01,62670.45
1781827200,62703.69,62753.0,7.863971003938541,7.327088347386379,63088.0,62350.0,63046.26,62313.3
1781841600,62565.27,62599.0,5.391169893458336,7.70449075644386,62900.0,62386.0,62856.01,62348.25
1781856000,62567.02,62604.0,5.91046209328816,4.876334339127819,62759.0,62292.0,62713.28,62245.01
1781870400,63147.46,63184.0,5.786456018974651,6.070290705870729,63423.0,62312.0,63400.37,62290.33
1781884800,62971.56,62995.0,3.722315280103583,5.3127936981245405,63380.0,62835.0,63333.26,62810.0
1781899200,63487.34,63512.0,3.884238967959419,3.7207266707817155,63630.0,62930.0,63606.48,62908.64
1781913600,63410.47,63444.0,5.287770300392847,4.04175068604351,63762.0,63285.0,63724.04,63269.41
1781928000,63596.96,63617.0,3.1510940145573763,4.722928120817205,63878.0,63368.0,63859.71,63345.2
1781942400,63622.75,63658.0,5.540470979328305,2.9387111275269717,63773.0,63354.0,63736.74,63336.15
1781956800,64090.14,64120.0,4.659063000955754,5.696074800904949,64361.0,63170.0,64334.69,63133.21
1781971200,63869.04,63906.0,5.786841324060266,3.7474464475550917,64136.0,63725.0,64113.39,63681.02
1781985600,64245.72,64276.0,4.713154432700595,5.944978340832741,64336.0,63828.0,64280.57,63782.75
1782000000,64352.07,64399.0,7.292694702749625,7.786567400518418,64449.0,64187.0,64395.8,64139.14
1782014400,64124.88,64160.0,5.476813367917277,7.294249787808127,64555.0,64117.0,64522.0,64095.0
1782028800,64084.01,64130.0,7.176517199845023,7.106043505955562,64452.0,63864.0,64396.09,63822.18
1782043200,64134.49,64185.0,7.8756375859545535,5.933290345712106,64306.0,63910.0,64265.41,63873.95
1782057600,64131.41,64168.0,5.705472560169067,8.033120405745997,64255.0,63922.0,64216.59,63872.0
1782072000,63237.18,63270.0,5.189984752640431,6.562089089716672,64232.0,63242.0,64186.01,63197.23
1782086400,63895.01,63937.0,6.571718198338239,5.19156692179612,64775.0,63270.0,64755.09,63237.17
1782100800,64125.99,64178.0,8.110596031343231,7.5805043140619865,64363.0,63832.0,64312.99,63787.88
1782115200,64583.75,64630.0,7.1612441210056055,7.954653019781599,64741.0,64009.0,64701.99,63967.1
1782129600,64765.18,64802.0,5.685153658185893,7.1612441210056055,65587.0,64558.0,65555.13,64505.75
1782144000,64407.53,64482.0,11.562312667479091,4.254764688045309,64826.0,64268.0,64793.49,64199.22
1782158400,63948.96,64012.0,9.85786164466207,12.111049003167285,64653.0,63785.0,64592.11,63733.0
1782172800,63988.03,64035.0,7.340435390807976,9.859426933516158,64254.0,63820.0,64199.85,63761.0
1782187200,62807.57,62852.0,7.073988055898983,7.340435390807976,64068.0,62532.0,64019.7,62498.74
1782201600,62438.61,62481.0,6.789068494637007,4.617809782849758,62910.0,61901.0,62877.05,61860.01
1782216000,62403.47,62460.0,9.05879112171215,6.947623121715818,62818.0,61935.0,62772.0,61882.23
1782230400,62324.0,62381.0,9.145754444515042,8.89986228769013,62794.0,62080.0,62748.99,62024.82
1782244800,62651.43,62706.0,8.710096481436835,10.429101606472813,62768.0,62357.0,62722.63,62302.98
1782259200,62650.08,62703.0,8.446916588134012,8.710096481436835,63087.0,62441.0,63035.07,62377.24
1782273600,62558.58,62616.0,9.178597084524842,8.606533303707753,63065.0,62511.0,62992.54,62447.65
1782288000,62821.9,62884.0,9.885087843570783,9.092199506641752,63196.0,62293.0,63137.0,62227.99
1782302400,60186.01,60245.0,9.801281061827538,9.137996157297934,62939.0,60227.0,62885.87,60163.96
1782316800,59866.02,59943.0,12.858713507262198,11.393163171500298,60639.0,59060.0,60584.7,59018.45
1782331200,60987.0,61047.0,9.838162231294856,13.380798137045957,61231.0,59823.0,61168.18,59757.92
1782345600,60784.07,60854.0,11.504659033196862,10.913154738039221,61128.0,60661.0,61068.36,60594.99
1782360000,61812.84,61874.0,9.89438440298196,10.98074052140019,61927.0,60758.0,61865.72,60695.59
1782374400,61187.8,61249.0,10.001993861521452,10.057782502435053,61884.0,61028.0,61825.98,60972.72
1782388800,59462.23,59530.0,11.397150762761932,10.000357914428104,61700.0,58062.0,61643.05,58035.28
1782403200,59208.44,59283.0,12.5927992698327,7.5884855406904705,60030.0,59102.0,59964.04,59046.87
1782417600,59696.26,59759.0,10.509871137656113,10.974516460169337,60210.0,59284.0,60160.83,59219.01
1782432000,59952.98,60025.0,12.01274732298474,8.221278155029488,60091.0,58308.0,60027.94,58240.91
1782446400,60424.16,60500.0,12.551270882374954,12.500613020454132,60726.0,59670.0,60656.42,59622.0
1782460800,59328.22,59387.0,9.907595407379066,12.572812505222686,60542.0,59207.0,60473.72,59154.83
1782475200,60231.66,60300.0,11.346192351331386,10.001911386503526,60477.0,58482.0,60413.42,58395.16
1782489600,59652.98,59736.0,13.917158874543478,9.925264204755369,60543.0,59522.0,60505.87,59471.29
1782504000,60019.38,60074.0,9.100393906102955,16.85961258598434,60097.0,59560.0,60030.3,59491.26
1782518400,60214.0,60280.0,10.96090610157141,8.828575193919885,60391.0,59837.0,60320.22,59792.71
1782532800,60445.93,60518.0,11.923052552917923,12.625199339788562,60546.0,60082.0,60475.26,60020.27
1782547200,60270.64,60338.0,11.176254308897793,12.088489663406587,60519.0,60166.0,60447.0,60097.47
1782561600,60743.78,60813.0,11.395405422580662,11.573257892838473,60935.0,60224.0,60850.0,60159.0
1782576000,60079.63,60145.0,10.88055968387236,11.558383169703035,60820.0,60058.0,60756.67,59987.94
1782590400,59940.07,59996.0,9.330986767281946,10.878893415473545,60455.0,59825.0,60389.99,59766.78
1782604800,60118.29,60172.0,8.93405318082019,9.332656657334848,60311.0,59938.0,60253.98,59897.99
1782619200,60141.28,60190.0,8.100925021881089,8.932388307718586,60233.0,59732.0,60176.24,59659.62
1782633600,60249.38,60310.0,10.061514325956367,9.42556596632338,60500.0,60032.0,60447.61,59973.2
1782648000,59801.96,59854.0,8.70205591923856,10.229152603586922,60418.0,59790.0,60368.47,59736.01
1782662400,59399.99,59450.0,8.419193336564046,8.867600849937762,59912.0,59230.0,59858.14,59184.0
1782676800,59473.29,59549.0,12.73008437905565,10.272774923856254,59884.0,58875.0,59814.71,58806.76
1782691200,59948.92,60015.0,11.02271734003013,12.73008437905565,60188.0,58871.0,60135.87,58800.83
1782705600,59932.78,59996.0,10.548484485453091,11.189526016481821,60313.0,59353.0,60234.69,59282.95
1782720000,59883.73,59941.0,9.563532532124164,10.715338083766568,60285.0,59708.0,60227.41,59651.28
1782734400,59702.26,59792.0,15.031256773194723,10.84515184298196,60767.0,58990.0,60692.2,58854.74
1782748800,60340.82,60404.0,10.470523933880926,13.484844120426054,60648.0,59552.0,60579.91,59459.0
1782763200,60163.86,60227.0,10.49467238305457,10.841971389259353,60570.0,60175.0,60499.09,60107.58
1782777600,59520.29,59589.0,11.543962571418653,10.662549022377732,60248.0,59565.0,60184.93,59492.38
1782792000,59439.84,59508.0,11.467056438914103,11.543962571418653,59690.0,59334.0,59615.98,59262.41
1782806400,59093.87,59158.0,10.852225450794784,13.210613114802428,59528.0,59100.0,59459.5,59029.51
1782820800,58270.5,58356.0,14.672947717970786,11.019753653001008,59293.0,58160.0,59168.28,58076.49
1782835200,58717.94,58796.0,13.294063109161591,14.672947717970786,58815.0,58236.0,58738.64,58158.4
1782849600,58526.17,58603.0,13.127460758153298,12.035489368309449,58857.0,58474.0,58777.61,58412.96
1782864000,59099.82,59171.0,12.044029914135557,13.219623272346936,59293.0,57768.0,59231.19,57734.63
1782878400,58684.42,58745.0,10.323012479291904,12.213235167213288,59433.0,58507.0,59370.65,58445.55
1782892800,58543.89,58591.0,8.046954174039112,14.644183838208313,59070.0,58468.0,59012.04,58414.92
1782907200,60088.87,60123.0,5.679920424530582,8.046954174039112,60569.0,58306.0,60475.47,58253.41
1782921600,59964.68,59996.0,5.22307464994487,4.8857896740761575,60340.0,59764.0,60294.44,59720.76
1782936000,59963.46,60010.0,7.761393355221191,4.4489415587833925,61357.0,59853.0,61280.5,59809.12
1782950400,60983.1,61067.0,13.757909978338034,8.78958859054535,61152.0,59561.0,61057.6,59523.85
1782964800,60054.95,60150.0,15.827171615330204,12.830024717267463,61068.0,60102.0,60989.75,60024.03
1782979200,61284.08,61365.0,13.204081712574478,14.588166502893518,61465.0,60135.0,61339.97,60044.76
1782993600,61547.25,61593.0,7.43331342992537,15.20135346557927,62224.0,61166.0,62136.7,61083.13
1783008000,61416.45,61482.0,10.673036295651972,8.731501613556958,61947.0,61131.0,61877.88,61081.67
1783022400,61479.1,61587.0,17.550679824525073,9.515739228045383,61679.0,61354.0,61588.35,61269.96
1783036800,61351.47,61451.0,16.222920168009747,17.68429435566432,61762.0,61264.0,61659.99,61169.93
1783051200,61679.58,61788.0,17.57794070582186,16.38591544750323,61911.0,61353.0,61789.28,61260.49
1783065600,61961.74,62046.0,13.598714303375559,17.57794070582186,62127.0,61531.0,62029.55,61442.37
1783080000,61854.78,61934.0,12.807417632072493,16.140379652467285,62400.0,61708.0,62338.36,61639.0
1783094400,62148.66,62210.0,9.86988295483604,11.75876079408722,62320.0,61915.0,62263.0,61858.02
1783108800,62522.46,62576.0,8.563322684360664,9.634736023036439,62949.0,62190.0,62894.88,62131.0
1783123200,62587.86,62621.0,5.294956561863184,8.404980930849515,62939.0,62388.0,62888.0,62347.84
1783137600,62519.88,62570.0,8.016650063948916,6.278292464243496,62743.0,62319.0,62687.24,62279.5
1783152000,62434.65,62473.0,6.142422516983714,8.07267744975082,62668.0,62401.0,62616.27,62362.27
1783166400,62878.77,62921.0,6.716098295180828,6.850957476169928,63051.0,62472.0,63019.86,62429.22
1783180800,63250.78,63292.0,6.516915680723212,6.717689725432852,63460.0,62772.0,63454.8,62733.55
1783195200,63086.18,63127.0,6.470513827274704,7.46318216172881,63460.0,62923.0,63398.01,62877.79
1783209600,62709.51,62764.0,8.689272169404294,6.08023757941778,63128.0,62589.0,63089.64,62544.01
1783224000,62967.87,63024.0,8.914069985215267,8.847141550438753,63063.0,62640.0,62999.47,62603.36
1783238400,62596.53,62644.0,7.583487455296023,9.449769314455736,63100.0,62434.0,63051.62,62389.98
1783252800,62680.0,62735.0,8.774728781111296,6.876782592235564,62953.0,62550.0,62892.36,62508.05
1783267200,62721.56,62772.0,8.041891815191438,8.934269304403664,62879.0,62600.0,62828.98,62538.81
1783281600,63587.06,63635.0,7.539269782248503,8.041891815191438,63997.0,62592.0,63945.23,62552.39
1783296000,63239.65,63292.0,8.278034429349823,7.540843615170267,63919.0,63123.0,63858.15,63072.01
1783310400,63031.49,63104.0,11.50377374864675,8.279617025017671,63390.0,62880.0,63329.03,62822.02
1783324800,62420.75,62501.0,12.85630179067132,11.50377374864675,63253.0,62500.0,63178.73,62420.75
1783339200,63507.52,63538.0,4.799431626365536,13.584612074331037,63558.0,61342.0,63507.52,61246.23
1783353600,63681.65,63741.0,9.31979620502954,6.7515925773742325,63962.0,63390.0,63920.6,63351.99
1783368000,64000.1,64054.0,8.421861840841594,6.576230028958463,64698.0,63582.0,64657.29,63540.34
1783382400,63141.79,63189.0,7.476823194274562,8.420298027611572,64331.0,63155.0,64263.34,63101.65
1783396800,63027.05,63088.0,9.670451020633575,7.635196911586206,63460.0,62800.0,63399.87,62740.17
1783411200,63339.3,63420.0,12.740904935797381,9.587867658549243,63485.0,63003.0,63395.1,62939.05
1783425600,63875.58,63942.0,10.398340022901298,12.898784798693885,64100.0,62667.0,64050.05,62605.01
1783440000,63763.74,63825.0,9.607341100130729,9.183929516509703,64260.0,63397.0,64191.31,63337.85
1783454400,63311.3,63355.0,6.902401309085704,8.213427432848253,63912.0,63198.0,63858.87,63177.36
1783468800,62707.49,62746.0,6.141212158228271,5.126136759516786,63750.0,62510.0,63711.85,62491.01
1783483200,62837.65,62887.0,7.853571863365438,4.097491601735559,62900.0,62458.0,62854.4,62416.79
1783497600,62246.45,62301.0,8.763551977664097,8.012712124021437,62933.0,61731.0,62890.81,61681.74
1783512000,61641.86,61705.0,10.243039389141728,8.60129234658391,62443.0,61550.0,62366.26,61480.73
1783526400,62229.97,62272.0,6.753980437399498,11.475572346808516,62390.0,61680.0,62342.19,61623.29
1783540800,62237.84,62283.0,7.25603587785173,7.061123229616939,62350.0,61955.0,62299.51,61912.24
1783555200,61919.88,61963.0,6.963837785216587,7.198151617495707,62628.0,61695.0,62588.51,61641.44
1783569600,62949.1,63001.0,8.244756477853166,7.0542271099371945,63263.0,61952.0,63208.68,61905.74
1783584000,62720.72,62770.0,7.857052661384145,8.680406619223646,63087.0,62604.0,63034.85,62558.49
1783598400,62810.74,62848.0,5.932106515542657,7.699211313136889,63247.0,62456.0,63197.91,62410.22
1783612800,63185.27,63244.0,9.294887874975455,6.601328481532498,63500.0,62546.0,63442.98,62503.91
1783627200,63185.92,63225.0,6.18492221051703,5.989924396585522,63412.0,63055.0,63370.06,63015.09
1783641600,63891.0,63949.0,9.077960902161841,6.970564717039274,64038.0,62922.0,64000.0,62883.44
1783656000,63945.32,63989.0,6.830836095588211,7.386448995942985,64200.0,63811.0,64153.51,63763.27
1783670400,64379.38,64423.0,6.775461335601918,6.600903671687419,64496.0,63979.0,64453.24,63939.2
1783684800,63964.0,64039.0,11.725345506847784,6.773906991042189,64690.0,63810.0,64653.09,63750.17
1783699200,63879.31,63920.0,6.369824595788831,8.212676277556952,64220.0,63725.0,64171.37,63692.1
1783713600,64114.25,64155.0,6.355841330125678,4.960141219243486,64200.0,63647.0,64181.24,63613.38
1783728000,64115.54,64147.0,4.906766752645897,6.1684637873749,64297.0,63965.0,64267.4,63942.4
1783742400,64114.13,64145.0,4.814851266015108,4.906766752645897,64261.0,64065.0,64234.38,64041.45
1783756800,64150.45,64191.0,6.321078028290739,4.970823124326174,64289.0,64131.0,64256.21,64088.49
1783771200,64126.8,64175.0,7.516358215284846,6.321078028290739,64494.0,63950.0,64467.19,63816.12
1783785600,64238.02,64287.0,7.624768011218475,7.519479381312699,64400.0,64085.0,64355.38,64037.86
1783800000,63780.01,63823.0,6.7403564220192,7.6263259089115465,64482.0,63818.0,64412.77,63777.01
1783814400,64182.67,64218.0,5.50460116414575,6.7419253684541935,64226.0,63713.0,64182.67,63670.08
1783828800,63838.16,63883.0,7.0240119702691395,4.199963110116389,64250.0,63642.0,64205.62,63588.71
1783843200,63976.69,64027.0,7.863801644003576,6.895473580561529,64129.0,63769.0,64063.9,63727.45
1783857600,64134.87,64167.0,5.009755223639445,7.7074947140909345,64297.0,63964.0,64233.0,63921.36
1783872000,64195.32,64240.0,6.9600089227694895,5.087676269739383,64267.0,64015.0,64223.62,63971.14
1783886400,63743.46,63780.0,5.7323527778385674,6.961567753158704,64261.0,63675.0,64214.2,63632.48
1783900800,62754.11,62811.0,9.065541683246359,5.724504345618886,64420.0,62740.0,64384.9,62691.5
1783915200,62940.01,63003.0,10.007942483643006,9.065541683246359,63080.0,62499.0,63006.35,62461.37
1783929600,62842.07,62910.0,10.809637556496998,9.821868608119733,63320.0,62874.0,63226.17,62798.0
1783944000,62551.76,62635.0,13.307379360707472,10.94805719723313,63000.0,62120.0,62929.04,62036.8
1783958400,62211.26,62287.0,12.17464491154674,12.806352948586675,62647.0,61821.0,62564.36,61750.06
1783972800,62256.81,62331.0,11.916768623385643,12.171426146512232,62346.0,61867.0,62275.51,61800.85
1783987200,62503.35,62554.0,8.103565648880373,11.918376787756202,62641.0,62264.0,62588.94,62203.26
1784001600,62472.06,62536.0,10.234975443421668,8.916904149440796,62866.0,62492.0,62804.14,62436.93
1784016000,62770.35,62833.0,9.980826935009901,10.396649381603229,62910.0,62490.0,62848.15,62426.91
1784030400,64685.14,64727.0,6.4713472058652854,9.979232236361213,64970.0,62771.0,64912.9,62708.28
1784044800,64526.1,64543.0,2.6190952188342997,4.504012961170645,64877.0,64268.0,64844.99,64245.41
1784059200,64975.72,65000.0,3.736780446603749,2.3137217648061537,65079.0,64414.0,65063.99,64383.0
1784073600,64739.29,64789.0,7.67849014099431,0.0,65032.0,64483.0,65012.12,64435.14
1784088000,64509.06,64554.0,6.966463315385418,7.525570256574632,65271.0,64491.0,65225.21,64441.02
1784102400,64682.36,64729.0,7.210621257480732,6.966463315385418,64922.0,64554.0,64870.71,64509.06
1784116800,65363.48,65407.0,6.658152228125047,7.210621257480732,65577.0,64601.0,65518.04,64548.28
1784131200,64923.52,64947.0,3.6165629959694634,6.24338428450999,65453.0,64721.0,65407.65,64701.21
1784145600,64713.83,64738.0,3.7349048881818447,2.2345941978474393,65036.0,64675.0,65019.5,64658.77
1784160000,64561.35,64602.0,6.296336740170272,3.7349048881818447,64836.0,64357.0,64810.06,64336.5
1784174400,64191.63,64222.0,4.731146412702003,6.296336740170272,64999.0,64052.0,64941.56,64036.83
1784188800,64205.98,64235.0,4.5198282153768865,5.48867001720188,64349.0,63865.0,64303.01,63832.41
1784203200,64653.82,64689.0,5.441287150549368,4.521386406901584,64885.0,63845.0,64845.28,63808.01
1784217600,64222.63,64263.0,6.285946246673557,4.758941884765999,64700.0,63977.0,64657.92,63944.01
1784232000,63788.02,63815.0,4.229634341996746,6.3234383435184505,64268.0,63723.0,64229.32,63700.01
1784246400,63518.88,63572.0,8.362867859130763,5.071912189287264,64048.0,63377.0,64008.24,63330.74
1784260800,62767.62,62839.0,11.372105553786316,8.361292207719195,63581.0,62725.0,63520.47,62652.81
1784275200,63243.7,63301.0,9.060190975545002,11.372105553786316,63379.0,62684.0,63297.72,62613.11
1784289600,63403.72,63478.0,11.715400926002317,10.182553785753612,63547.0,62550.0,63455.94,62470.01
1784304000,64115.36,64156.0,6.338574719069179,11.712242842456533,64398.0,63329.0,64347.12,63260.58
1784318400,63891.98,63928.0,5.637640279734235,6.004881890990799,64231.0,63876.0,64181.99,63847.24
1784332800,63977.02,64009.0,4.998669834888059,5.48112611316709,64029.0,63873.0,63985.0,63849.77
1784347200,63963.61,63995.0,4.907477861240128,4.998669834888059,64020.0,63914.0,63980.63,63889.53
1784361600,64017.39,64049.0,4.937720828668279,4.907631311970029,64088.0,63924.0,64043.48,63898.45
1784376000,64074.01,64104.0,4.680524911737649,4.781513273190985,64250.0,63943.0,64212.93,63919.85
1784390400,64528.0,64546.0,2.7894867344402385,4.836594431969488,64619.0,64070.0,64631.86,64050.0
1784404800,64792.35,64827.0,5.347853566046723,2.7507758350164835,64873.0,64500.0,64825.94,64477.17
1784419200,64667.19,64694.0,4.145842737250938,5.468219581350464,64957.0,64616.0,64918.84,64588.93
1784433600,64671.07,64713.0,6.483579133607087,4.300480661059147,64810.0,64601.0,64764.02,64571.0
1784448000,64428.0,64452.0,3.725088470851734,6.638207779769978,64740.0,64424.0,64697.07,64406.16
1784462400,64525.62,64574.0,7.4977969990830395,3.880300490470834,64641.0,64275.0,64605.04,64239.27
1784476800,64414.25,64456.0,6.481485075118254,6.58117696609839,64762.0,64285.0,64708.53,64256.55
1784491200,64681.58,64718.0,5.630660228150841,6.479931617626722,64890.0,64339.0,64850.0,64296.89
1784505600,64817.0,64841.0,3.702732307881984,4.6839710799573275,65082.0,64400.0,65047.24,64367.11
1784520000,64223.79,64241.0,2.6796923694472063,3.50060809373387,64841.0,63730.0,64821.71,63705.77
1784534400,64940.03,64989.0,7.540803415089226,2.6781348970317254,65057.0,63808.0,65012.65,63826.37
1784548800,65544.59,65565.0,3.113910698044897,7.540803415089226,65600.0,64031.0,65644.09,64014.21
1784563200,65095.77,65100.0,0.6498118080489057,2.961342804952416,65778.0,65010.0,65747.46,64996.46
1784577600,65212.6,65226.0,2.054817627268335,0.646739213088221,65427.0,65020.0,65396.79,65009.2
1784592000,65533.78,65539.0,0.7965357713235477,2.2081622263181444,65635.0,65124.0,65612.31,65108.55
1784606400,66149.44,66170.0,3.108113991592276,1.8053855429056576,66215.0,65451.0,66201.0,65436.29
1784620800,66308.46,66320.0,1.7403510803881694,4.124539315568665,66382.0,66102.0,66383.01,66083.89
1784635200,66646.82,66644.0,-0.4231259646003682,1.891161399314445,66918.0,66238.0,66920.74,66230.56
1784649600,66417.92,66417.0,-0.13851683401067127,0.31211117400120614,66729.0,66065.0,66726.3,66039.0
1784664000,66518.68,66527.0,1.2507764736180427,-0.8159895408810236,66553.0,66185.0,66538.78,66178.13
1784678400,66174.89,66180.0,0.772196221254795,0.9320533134493658,66714.0,66152.0,66697.57,66139.71
1784692800,65803.73,65808.0,0.6488993860997994,1.5143047391696918,66400.0,65663.0,66379.69,65673.75
1784707200,65967.65,65990.0,3.3880242815986783,0.1914697491467443,66142.0,65808.0,66110.74,65805.25
1784721600,66013.93,66022.0,1.2224692576268126,3.2364348282842847,66190.0,65534.0,66175.63,65488.36
1784736000,65903.09,65906.0,0.4415574444238679,1.5966924530963489,66358.0,65666.0,66368.28,65668.55
1784750400,66082.49,66086.0,0.5311543193964319,1.7119254426112285,66125.0,65770.0,66109.98,65752.88
1784764800,65628.05,65626.0,-0.3123664347792765,-0.13164490919259642,66295.0,65540.0,66268.25,65549.86
1784779200,65406.68,65416.0,1.424930909197375,-0.46474030540366584,65794.0,65323.0,65786.52,65317.61
1784793600,65525.92,65523.0,-0.4456251816076229,1.577820491729387,65774.0,65390.0,65758.75,65386.44
1784808000,64911.69,64942.0,4.669420870107022,-0.4456251816076229,65566.0,64700.0,65550.66,64674.62
1784822400,64795.26,64834.0,5.9788324022469475,4.100786297274173,64942.0,64637.0,64914.38,64590.0
1784836800,65050.48,65069.0,2.8470197299079736,8.208839799814793,65187.0,64810.0,65174.19,64776.89
1784851200,65405.03,65426.0,3.2061754271817122,3.0022842263854876,65440.0,64721.0,65411.56,64710.71
1784865600,65453.99,65483.0,4.432120944803941,3.2061754271817122,65795.0,65216.0,65765.4,65194.17
1784880000,65035.06,65065.0,4.603670697005402,5.196016316193486,65496.0,64828.0,65457.0,64811.71
1784894400,64027.52,64085.0,8.977389722419904,7.077933243493373,65125.0,63730.0,65077.55,63666.0
1784908800,64164.13,64199.0,5.434500553502808,9.289755405175182,64280.0,63862.0,64230.45,63802.6
1784923200,64086.59,64123.0,5.681375776118713,4.508332311310426,64264.0,64099.0,64223.94,64066.6
1784937600,64018.65,64062.0,6.771464252994797,5.525336891851751,64155.0,63983.0,64115.42,63943.35
1784952000,63955.55,63984.0,4.44840205423791,6.774802110014466,64173.0,63926.0,64139.3,63910.0
1784966400,64000.69,64032.0,4.892134756671052,6.1677464393161685,64087.0,63736.0,64045.73,63744.38
1784980800,64115.4,64157.0,6.488300782649947,4.892134756671052,64250.0,64010.0,64208.01,63983.54
1784995200,64327.0,64368.0,6.37368445598252,6.489861482554815,64434.0,64094.0,64384.68,64054.16
1785009600,64249.35,64361.0,17.377607711206444,6.3440305097972605,64410.0,64234.0,64329.0,64249.35
