date,wti,ppi_crude,wti_daily_mean,brent_daily_mean,cpi,cpi_interpolated,usrec,tb3ms,gs10,spread_cmt,fedfunds,unrate,indpro,payems,custody_bn,usd_broad,usd_broad_note,energy_share_pct,igrea,wti_daily_252_pct,curve_flat_daily183,spx_close,spx_low,real_oil,oil_12m_pct,oil_12m_pct_w,real_oil_12m_pct,ppi_crude_12m_pct,brent_12m_pct,nopi36_monthly,nopi36_sum12,ppi_nopi36_monthly,ppi_nopi36_sum12,spread_gs,curve_flat_gs6m,spread_spliced_do_not_fit,indpro_12m_pct,ff_12m_chg_bps,usd_12m_pct,custody_12m_pct,igrea_12m_chg
1946-01-01,1.17,,,,,False,0,0.38,,,,,11.3903,39829,,,"DTWEXM*1.1937 before 2006-01, DTWEXBGS after (ratio-splice on 2006 overlap)",,,,,18.57,17.23,,,,,,,,,,,,,,,,,,
1946-02-01,1.17,,,,,False,0,0.38,,,,,10.8249,39244,,,"DTWEXM*1.1937 before 2006-01, DTWEXBGS after (ratio-splice on 2006 overlap)",,,,,17.28,16.81,,,,,,,,,,,,,,,,,,
1946-03-01,1.17,,,,,False,0,0.38,,,,,11.9558,40195,,,"DTWEXM*1.1937 before 2006-01, DTWEXBGS after (ratio-splice on 2006 overlap)",,,,,18.04,17.09,,,,,,,,,,,,,,,,,,
1946-04-01,1.27,,,,,False,0,0.38,,,,,11.7404,40913,,,"DTWEXM*1.1937 before 2006-01, DTWEXBGS after (ratio-splice on 2006 overlap)",,,,,18.76,18.06,,,,,,,,,,,,,,,,,,
1946-05-01,1.27,,,,,False,0,0.38,,,,,11.3096,41349,,,"DTWEXM*1.1937 before 2006-01, DTWEXBGS after (ratio-splice on 2006 overlap)",,,,,19.18,18.26,,,,,,,,,,,,,,,,,,
1946-06-01,1.27,,,,,False,0,0.38,,,,,12.0097,41735,,,"DTWEXM*1.1937 before 2006-01, DTWEXBGS after (ratio-splice on 2006 overlap)",,,,,18.43,18.03,,,,,,,,,,,,,,,,,,
1946-07-01,1.27,,,,,False,0,0.38,,,,,12.4136,42153,,,"DTWEXM*1.1937 before 2006-01, DTWEXBGS after (ratio-splice on 2006 overlap)",,,,,17.96,17.39,,,,,,,,,,,,,,,,,,
1946-08-01,1.52,,,,,False,0,0.38,,,,,12.8714,42642,,,"DTWEXM*1.1937 before 2006-01, DTWEXBGS after (ratio-splice on 2006 overlap)",,,,,16.65,16.65,,,,,,,,,,,,,,,,,,
1946-09-01,1.52,,,,,False,0,0.38,,,,,13.1137,42915,,,"DTWEXM*1.1937 before 2006-01, DTWEXBGS after (ratio-splice on 2006 overlap)",,,,,14.96,14.33,,,,,,,,,,,,,,,,,,
1946-10-01,1.52,,,,,False,0,0.38,,,,,13.356,43093,,,"DTWEXM*1.1937 before 2006-01, DTWEXBGS after (ratio-splice on 2006 overlap)",,,,,14.84,14.12,,,,,,,,,,,,,,,,,,
1946-11-01,1.52,,,,,False,0,0.38,,,,,13.4368,43395,,,"DTWEXM*1.1937 before 2006-01, DTWEXBGS after (ratio-splice on 2006 overlap)",,,,,14.68,14.13,,,,,,,,,,,,,,,,,,
1946-12-01,1.62,,,,,False,0,0.38,,,,,13.5176,43379,,,"DTWEXM*1.1937 before 2006-01, DTWEXBGS after (ratio-splice on 2006 overlap)",,,,,15.3,14.44,,,,,,,,,,,,,,,,,,
1947-01-01,1.62,7.3,,,21.48,False,0,0.38,,,,,13.6792,43535,,,"DTWEXM*1.1937 before 2006-01, DTWEXBGS after (ratio-splice on 2006 overlap)",,,,,15.66,14.77,7.5419,38.4615,38.4615,,,,,,,,,,,20.0952,,,,
1947-02-01,1.62,7.3,,,21.62,False,0,0.38,,,,,13.76,43557,,,"DTWEXM*1.1937 before 2006-01, DTWEXBGS after (ratio-splice on 2006 overlap)",,,,,15.43,15.3,7.4931,38.4615,38.4615,,,,,,,,,,,27.1143,,,,
1947-03-01,1.62,8.0,,,22.0,False,0,0.38,,,,,13.8407,43607,,,"DTWEXM*1.1937 before 2006-01, DTWEXBGS after (ratio-splice on 2006 overlap)",,,,,15.17,14.78,7.3636,38.4615,38.4615,,,,,,,,,,,15.7656,,,,
1947-04-01,1.87,8.4,,,22.0,False,0,0.38,,,,,13.733,43499,,,"DTWEXM*1.1937 before 2006-01, DTWEXBGS after (ratio-splice on 2006 overlap)",,,,,14.58,14.09,8.5,47.2441,47.2441,,,,,,,,,,,16.9722,,,,
1947-05-01,1.87,8.4,,,21.95,False,0,0.38,,,,,13.7869,43638,,,"DTWEXM*1.1937 before 2006-01, DTWEXBGS after (ratio-splice on 2006 overlap)",,,,,14.45,13.77,8.5194,47.2441,47.2441,,,,,,,,,,,21.9044,,,,
1947-06-01,1.87,8.4,,,22.08,False,0,0.38,,,,,13.7869,43810,,,"DTWEXM*1.1937 before 2006-01, DTWEXBGS after (ratio-splice on 2006 overlap)",,,,,15.21,14.3,8.4692,47.2441,47.2441,,,,,,,,,,,14.798,,,,
1947-07-01,1.87,8.5,,,22.23,False,0,0.66,,,,,13.7061,43743,,,"DTWEXM*1.1937 before 2006-01, DTWEXBGS after (ratio-splice on 2006 overlap)",,,,,15.76,15.44,8.4121,47.2441,47.2441,,,,,,,,,,,10.412,,,,
1947-08-01,1.87,8.5,,,22.4,False,0,0.75,,,,,13.7869,43960,,,"DTWEXM*1.1937 before 2006-01, DTWEXBGS after (ratio-splice on 2006 overlap)",,,,,15.32,15.22,8.3482,23.0263,23.0263,,,,,,,,,,,7.1127,,,,
1947-09-01,1.87,8.6,,,22.84,False,0,0.8,,,,,13.8946,44203,,,"DTWEXM*1.1937 before 2006-01, DTWEXBGS after (ratio-splice on 2006 overlap)",,,,,15.11,14.85,8.1874,23.0263,23.0263,,,,,,,,,,,5.9548,,,,
1947-10-01,1.87,9.0,,,22.91,False,0,0.85,,,,,14.0292,44411,,,"DTWEXM*1.1937 before 2006-01, DTWEXBGS after (ratio-splice on 2006 overlap)",,,,,15.43,15.16,8.1624,23.0263,23.0263,,,,,,,,,,,5.0404,,,,
1947-11-01,2.07,9.3,,,23.06,False,0,0.92,,,,,14.2177,44484,,,"DTWEXM*1.1937 before 2006-01, DTWEXBGS after (ratio-splice on 2006 overlap)",,,,,14.98,14.98,8.9766,36.1842,36.1842,,,,,,,,,,,5.8117,,,,
1947-12-01,2.07,10.9,,,23.41,False,0,0.95,,,,,14.2716,44581,,,"DTWEXM*1.1937 before 2006-01, DTWEXBGS after (ratio-splice on 2006 overlap)",,,,,15.3,14.63,8.8424,27.7778,27.7778,,,,,,,,,,,5.5779,,,,
1948-01-01,2.57,11.5,,,23.68,False,0,0.97,,,,3.4,14.3524,44679,,,"DTWEXM*1.1937 before 2006-01, DTWEXBGS after (ratio-splice on 2006 overlap)",,,,,14.68,14.32,10.853,58.642,58.642,43.9033,57.5342,,,,,,,,,4.9213,,,,
1948-02-01,2.57,11.5,,,23.67,False,0,1.0,,,,3.8,14.3793,44533,,,"DTWEXM*1.1937 before 2006-01, DTWEXBGS after (ratio-splice on 2006 overlap)",,,,,13.93,13.85,10.8576,58.642,58.642,44.9024,57.5342,,,,,,,,,4.5007,,,,
1948-03-01,2.57,11.5,,,23.5,False,0,1.0,,,,4.0,14.2177,44683,,,"DTWEXM*1.1937 before 2006-01, DTWEXBGS after (ratio-splice on 2006 overlap)",,,,,15.08,13.84,10.9362,58.642,58.642,48.5159,43.75,,,,,,,,,2.7239,,,,
1948-04-01,2.57,11.5,,,23.82,False,0,1.0,,,,3.9,14.2447,44379,,,"DTWEXM*1.1937 before 2006-01, DTWEXBGS after (ratio-splice on 2006 overlap)",,,,,15.48,15.12,10.7893,37.4332,37.4332,26.9324,36.9048,,,,,,,,,3.7261,,,,
1948-05-01,2.57,11.5,,,24.01,False,0,1.0,,,,3.5,14.487,44796,,,"DTWEXM*1.1937 before 2006-01, DTWEXBGS after (ratio-splice on 2006 overlap)",,,,,16.69,15.5,10.7039,37.4332,37.4332,25.6417,36.9048,,,,,,,,,5.078,,,,
1948-06-01,2.57,11.5,,,24.15,False,0,1.0,,,,3.6,14.6755,45034,,,"DTWEXM*1.1937 before 2006-01, DTWEXBGS after (ratio-splice on 2006 overlap)",,,,,16.74,16.54,10.6418,37.4332,37.4332,25.6532,36.9048,,,,,,,,,6.4452,,,,
1948-07-01,2.57,11.5,,,24.4,False,0,1.0,,,,3.6,14.6755,45160,,,"DTWEXM*1.1937 before 2006-01, DTWEXBGS after (ratio-splice on 2006 overlap)",,,,,15.85,15.72,10.5328,37.4332,37.4332,25.2106,35.2941,,,,,,,,,7.0728,,,,
1948-08-01,2.57,11.5,,,24.43,False,0,1.06,,,,3.9,14.6216,45178,,,"DTWEXM*1.1937 before 2006-01, DTWEXBGS after (ratio-splice on 2006 overlap)",,,,,15.97,15.67,10.5199,37.4332,37.4332,26.0132,35.2941,,,,,,,,,6.0543,,,,
1948-09-01,2.57,11.5,,,24.36,False,0,1.09,,,,3.8,14.5139,45294,,,"DTWEXM*1.1937 before 2006-01, DTWEXBGS after (ratio-splice on 2006 overlap)",,,,,15.49,15.19,10.5501,37.4332,37.4332,28.8577,33.7209,,,,,,,,,4.4571,,,,
1948-10-01,2.57,11.5,,,24.31,False,0,1.12,,,,3.7,14.6217,45245,,,"DTWEXM*1.1937 before 2006-01, DTWEXBGS after (ratio-splice on 2006 overlap)",,,,,16.5,15.67,10.5718,37.4332,37.4332,29.5185,27.7778,,,,,,,,,4.2233,,,,
1948-11-01,2.57,11.5,,,24.16,False,0,1.14,,,,3.8,14.4332,45192,,,"DTWEXM*1.1937 before 2006-01, DTWEXBGS after (ratio-splice on 2006 overlap)",,,,,14.75,14.75,10.6374,24.1546,24.1546,18.5019,23.6559,,,,,,,,,1.5157,,,,
1948-12-01,2.57,11.5,,,24.05,False,1,1.16,,,,4.0,14.2985,45032,,,"DTWEXM*1.1937 before 2006-01, DTWEXBGS after (ratio-splice on 2006 overlap)",,,,,15.2,15.0,10.6861,24.1546,24.1546,20.8507,5.5046,,,,,,,,,0.1885,,,,
1949-01-01,2.57,11.4,,,24.01,False,1,1.17,,,,4.3,14.1639,44668,,,"DTWEXM*1.1937 before 2006-01, DTWEXBGS after (ratio-splice on 2006 overlap)",,,,,15.22,14.95,10.7039,0.0,0.0,-1.3744,-0.8696,,0.0,,,,,,,-1.3134,,,,
1949-02-01,2.57,11.4,,,23.91,False,1,1.17,,,,4.7,14.0292,44497,,,"DTWEXM*1.1937 before 2006-01, DTWEXBGS after (ratio-splice on 2006 overlap)",,,,,14.62,14.38,10.7486,0.0,0.0,-1.0038,-0.8696,,0.0,,,,,,,-2.4347,,,,
1949-03-01,2.57,11.4,,,23.91,False,1,1.17,,,,5.0,13.76,44240,,,"DTWEXM*1.1937 before 2006-01, DTWEXBGS after (ratio-splice on 2006 overlap)",,,,,15.06,14.65,10.7486,0.0,0.0,-1.7148,-0.8696,,0.0,,,,,,,-3.2192,,,,
1949-04-01,2.57,11.4,,,23.92,False,1,1.17,,,,5.3,13.6792,44236,,,"DTWEXM*1.1937 before 2006-01, DTWEXBGS after (ratio-splice on 2006 overlap)",,,,,14.71,14.68,10.7441,0.0,0.0,-0.4181,-0.8696,,0.0,,,,,,,-3.9699,,,,
1949-05-01,2.57,11.4,,,23.91,False,1,1.17,,,,6.1,13.4907,43984,,,"DTWEXM*1.1937 before 2006-01, DTWEXBGS after (ratio-splice on 2006 overlap)",,,,,14.19,14.19,10.7486,0.0,0.0,0.4182,-0.8696,,0.0,,,,,,,-6.8772,,,,
1949-06-01,2.57,11.3,,,23.92,False,1,1.17,,,,6.2,13.4638,43739,,,"DTWEXM*1.1937 before 2006-01, DTWEXBGS after (ratio-splice on 2006 overlap)",,,,,14.16,13.55,10.7441,0.0,0.0,0.9615,-1.7391,,0.0,,,,,,,-8.2566,,,,
1949-07-01,2.57,11.3,,,23.7,False,1,1.02,,,,6.7,13.4368,43531,,,"DTWEXM*1.1937 before 2006-01, DTWEXBGS after (ratio-splice on 2006 overlap)",,,,,15.04,14.26,10.8439,0.0,0.0,2.9536,-1.7391,,0.0,,,,,,,-8.4406,,,,
1949-08-01,2.57,11.3,,,23.7,False,1,1.04,,,,6.8,13.5715,43624,,,"DTWEXM*1.1937 before 2006-01, DTWEXBGS after (ratio-splice on 2006 overlap)",,,,,15.22,15.12,10.8439,0.0,0.0,3.0802,-1.7391,,0.0,,,,,,,-7.1818,,,,
1949-09-01,2.57,11.3,,,23.75,False,1,1.07,,,,6.6,13.7061,43780,,,"DTWEXM*1.1937 before 2006-01, DTWEXBGS after (ratio-splice on 2006 overlap)",,,,,15.58,15.19,10.8211,0.0,0.0,2.5684,-1.7391,,0.0,,,,,,,-5.5657,,,,
1949-10-01,2.57,11.3,,,23.67,False,1,1.05,,,,7.9,13.1945,42942,,,"DTWEXM*1.1937 before 2006-01, DTWEXBGS after (ratio-splice on 2006 overlap)",,,,,16.04,15.6,10.8576,0.0,0.0,2.7038,-1.7391,,0.0,,,,,,,-9.7608,,,,
1949-11-01,2.57,11.3,,,23.7,False,0,1.08,,,,6.4,13.5446,43242,,,"DTWEXM*1.1937 before 2006-01, DTWEXBGS after (ratio-splice on 2006 overlap)",,,,,16.06,15.75,10.8439,0.0,0.0,1.9409,-1.7391,,0.0,,,,,,,-6.1566,,,,
1949-12-01,2.57,11.3,,,23.61,False,0,1.1,,,,6.6,13.7869,43522,,,"DTWEXM*1.1937 before 2006-01, DTWEXBGS after (ratio-splice on 2006 overlap)",,,,,16.79,16.15,10.8852,0.0,0.0,1.8636,-1.7391,,0.0,0.0,,,,,,-3.578,,,,
1950-01-01,2.57,11.3,,,23.51,False,0,1.07,,,,6.5,14.0292,43526,,,"DTWEXM*1.1937 before 2006-01, DTWEXBGS after (ratio-splice on 2006 overlap)",,,,,17.05,16.66,10.9315,0.0,0.0,2.1268,-0.8772,,0.0,0.0,0.0,,,,,-0.951,,,,
1950-02-01,2.57,11.3,,,23.61,False,0,1.12,,,,6.4,14.0831,43297,,,"DTWEXM*1.1937 before 2006-01, DTWEXBGS after (ratio-splice on 2006 overlap)",,,,,17.22,16.99,10.8852,0.0,0.0,1.2706,-0.8772,,0.0,0.0,0.0,,,,,0.3842,,,,
1950-03-01,2.57,11.3,,,23.64,False,0,1.12,,,,6.3,14.5409,43954,,,"DTWEXM*1.1937 before 2006-01, DTWEXBGS after (ratio-splice on 2006 overlap)",,,,,17.29,17.07,10.8714,0.0,0.0,1.1421,-0.8772,,0.0,0.0,0.0,,,,,5.6751,,,,
1950-04-01,2.57,11.3,,,23.65,False,0,1.15,,,,5.8,15.0255,44382,,,"DTWEXM*1.1937 before 2006-01, DTWEXBGS after (ratio-splice on 2006 overlap)",,,,,17.96,17.53,10.8668,0.0,0.0,1.1416,-0.8772,,0.0,0.0,0.0,,,,,9.8419,,,,
1950-05-01,2.57,11.3,,,23.77,False,0,1.16,,,,5.5,15.3756,44718,,,"DTWEXM*1.1937 before 2006-01, DTWEXBGS after (ratio-splice on 2006 overlap)",,,,,18.78,18.11,10.8119,0.0,0.0,0.589,-0.8772,,0.0,0.0,0.0,,,,,13.9718,,,,
1950-06-01,2.57,11.3,,,23.88,False,0,1.15,,,,5.4,15.8334,45083,,,"DTWEXM*1.1937 before 2006-01, DTWEXBGS after (ratio-splice on 2006 overlap)",,,,,17.69,17.44,10.7621,0.0,0.0,0.1675,0.0,,0.0,0.0,0.0,,,,,17.5998,,,,
1950-07-01,2.57,11.3,,,24.07,False,0,1.16,,,,5.0,16.345,45454,,,"DTWEXM*1.1937 before 2006-01, DTWEXBGS after (ratio-splice on 2006 overlap)",,,,,17.84,16.68,10.6772,0.0,0.0,-1.5372,0.0,,0.0,0.0,0.0,,,,,21.6435,,,,
1950-08-01,2.57,11.3,,,24.2,False,0,1.2,,,,4.5,16.8566,46192,,,"DTWEXM*1.1937 before 2006-01, DTWEXBGS after (ratio-splice on 2006 overlap)",,,,,18.42,17.95,10.6198,0.0,0.0,-2.0661,0.0,,0.0,0.0,0.0,,,,,24.2059,,,,
1950-09-01,2.57,11.3,,,24.34,False,0,1.3,,,,4.4,16.7489,46438,,,"DTWEXM*1.1937 before 2006-01, DTWEXBGS after (ratio-splice on 2006 overlap)",,,,,19.45,18.54,10.5588,0.0,0.0,-2.424,0.0,,0.0,0.0,0.0,,,,,22.2003,,,,
1950-10-01,2.57,11.4,,,24.5,False,0,1.31,,,,4.2,16.8566,46706,,,"DTWEXM*1.1937 before 2006-01, DTWEXBGS after (ratio-splice on 2006 overlap)",,,,,19.53,19.53,10.4898,0.0,0.0,-3.3878,0.885,,0.0,0.0,0.0,,,,,27.7547,,,,
1950-11-01,2.57,11.4,,,24.6,False,0,1.36,,,,4.2,16.8297,46776,,,"DTWEXM*1.1937 before 2006-01, DTWEXBGS after (ratio-splice on 2006 overlap)",,,,,19.51,19.36,10.4472,0.0,0.0,-3.6585,0.885,,0.0,0.0,0.0,,,,,24.2539,,,,
1950-12-01,2.57,11.4,,,24.98,False,0,1.34,,,,4.3,17.1259,46861,,,"DTWEXM*1.1937 before 2006-01, DTWEXBGS after (ratio-splice on 2006 overlap)",,,,,20.43,19.0,10.2882,0.0,0.0,-5.4844,0.885,,0.0,0.0,0.0,0.0,,,,24.2186,,,,
1951-01-01,2.57,11.4,,,25.38,False,0,1.34,,,,3.7,17.1797,47288,,,"DTWEXM*1.1937 before 2006-01, DTWEXBGS after (ratio-splice on 2006 overlap)",,,,,21.66,20.69,10.1261,0.0,0.0,-7.368,0.885,,0.0,0.0,0.0,0.0,,,,22.4567,,,,
1951-02-01,2.57,11.4,,,25.83,False,0,1.36,,,,3.4,17.2875,47577,,,"DTWEXM*1.1937 before 2006-01, DTWEXBGS after (ratio-splice on 2006 overlap)",,,,,21.8,21.76,9.9497,0.0,0.0,-8.5947,0.885,,0.0,0.0,0.0,0.0,,,,22.7535,,,,
1951-03-01,2.57,11.4,,,25.88,False,0,1.4,,,,3.4,17.3682,47873,,,"DTWEXM*1.1937 before 2006-01, DTWEXBGS after (ratio-splice on 2006 overlap)",,,,,21.48,21.25,9.9304,0.0,0.0,-8.6553,0.885,,0.0,0.0,0.0,0.0,,,,19.4438,,,,
1951-04-01,2.57,11.4,,,25.92,False,0,1.47,,,,3.1,17.3952,47861,,,"DTWEXM*1.1937 before 2006-01, DTWEXBGS after (ratio-splice on 2006 overlap)",,,,,22.43,21.26,9.9151,0.0,0.0,-8.7577,0.885,,0.0,0.0,0.0,0.0,,,,15.7712,,,,
1951-05-01,2.57,11.4,,,25.99,False,0,1.55,,,,3.0,17.3413,47952,,,"DTWEXM*1.1937 before 2006-01, DTWEXBGS after (ratio-splice on 2006 overlap)",,,,,21.52,21.03,9.8884,0.0,0.0,-8.5417,0.885,,0.0,0.0,0.0,0.0,,,,12.7845,,,,
1951-06-01,2.57,11.4,,,25.93,False,0,1.45,,,,3.2,17.2605,48064,,,"DTWEXM*1.1937 before 2006-01, DTWEXBGS after (ratio-splice on 2006 overlap)",,,,,20.96,20.96,9.9113,0.0,0.0,-7.9059,0.885,,0.0,0.0,0.0,0.0,,,,9.0132,,,,
1951-07-01,2.57,11.4,,,25.91,False,0,1.56,,,,3.1,16.9913,48061,,,"DTWEXM*1.1937 before 2006-01, DTWEXBGS after (ratio-splice on 2006 overlap)",,,,,22.4,21.1,9.919,0.0,0.0,-7.1015,0.885,,0.0,0.0,0.0,0.0,,,,3.9541,,,,
1951-08-01,2.57,11.4,,,25.86,False,0,1.62,,,,3.1,16.8297,48012,,,"DTWEXM*1.1937 before 2006-01, DTWEXBGS after (ratio-splice on 2006 overlap)",,,,,23.28,22.51,9.9381,0.0,0.0,-6.4192,0.885,,0.0,0.0,0.0,0.0,,,,-0.1596,,,,
1951-09-01,2.57,11.4,,,26.03,False,0,1.63,,,,3.3,16.9374,47954,,,"DTWEXM*1.1937 before 2006-01, DTWEXBGS after (ratio-splice on 2006 overlap)",,,,,23.26,23.26,9.8732,0.0,0.0,-6.4925,0.885,,0.0,0.0,0.0,0.0,,,,1.1254,,,,
1951-10-01,2.57,11.4,,,26.16,False,0,1.54,,,,3.5,16.9105,48006,,,"DTWEXM*1.1937 before 2006-01, DTWEXBGS after (ratio-splice on 2006 overlap)",,,,,22.94,22.66,9.8242,0.0,0.0,-6.3456,0.0,,0.0,0.0,0.0,0.0,,,,0.3198,,,,
1951-11-01,2.57,11.4,,,26.32,False,0,1.56,,,,3.5,17.0451,48147,,,"DTWEXM*1.1937 before 2006-01, DTWEXBGS after (ratio-splice on 2006 overlap)",,,,,22.88,22.4,9.7644,0.0,0.0,-6.535,0.0,,0.0,0.0,0.0,0.0,,,,1.2799,,,,
1951-12-01,2.57,11.4,,,26.47,False,0,1.73,,,,3.1,17.1528,48314,,,"DTWEXM*1.1937 before 2006-01, DTWEXBGS after (ratio-splice on 2006 overlap)",,,,,23.77,23.01,9.7091,0.0,0.0,-5.629,0.0,,0.0,0.0,0.0,0.0,,,,0.1571,,,,
1952-01-01,2.57,11.4,,,26.45,False,0,1.57,,,,3.2,17.3413,48296,,,"DTWEXM*1.1937 before 2006-01, DTWEXBGS after (ratio-splice on 2006 overlap)",,,,,24.14,23.74,9.7164,0.0,0.0,-4.0454,0.0,,0.0,0.0,0.0,0.0,,,,0.9406,,,,
1952-02-01,2.57,11.4,,,26.41,False,0,1.54,,,,3.1,17.449,48522,,,"DTWEXM*1.1937 before 2006-01, DTWEXBGS after (ratio-splice on 2006 overlap)",,,,,23.26,23.09,9.7312,0.0,0.0,-2.1961,0.0,,0.0,0.0,0.0,0.0,,,,0.9342,,,,
1952-03-01,2.57,11.4,,,26.39,False,0,1.59,,,,2.9,17.5029,48504,,,"DTWEXM*1.1937 before 2006-01, DTWEXBGS after (ratio-splice on 2006 overlap)",,,,,24.37,23.29,9.7385,0.0,0.0,-1.9326,0.0,,0.0,0.0,0.0,0.0,,,,0.7756,,,,
1952-04-01,2.57,11.4,,,26.46,False,0,1.57,,,,2.9,17.3413,48620,,,"DTWEXM*1.1937 before 2006-01, DTWEXBGS after (ratio-splice on 2006 overlap)",,,,,23.32,23.32,9.7128,0.0,0.0,-2.0408,0.0,,0.0,0.0,0.0,0.0,,,,-0.3099,,,,
1952-05-01,2.57,11.4,,,26.47,False,0,1.67,,,,3.0,17.1798,48642,,,"DTWEXM*1.1937 before 2006-01, DTWEXBGS after (ratio-splice on 2006 overlap)",,,,,23.86,23.17,9.7091,0.0,0.0,-1.8134,0.0,,0.0,0.0,0.0,0.0,,,,-0.9313,,,,
1952-06-01,2.57,11.4,,,26.53,False,0,1.7,,,,3.0,17.0182,48282,,,"DTWEXM*1.1937 before 2006-01, DTWEXBGS after (ratio-splice on 2006 overlap)",,,,,24.96,23.78,9.6871,0.0,0.0,-2.2616,0.0,,0.0,0.0,0.0,0.0,,,,-1.4038,,,,
1952-07-01,2.57,11.4,,,26.68,False,0,1.81,,,,3.2,16.7489,48143,,,"DTWEXM*1.1937 before 2006-01, DTWEXBGS after (ratio-splice on 2006 overlap)",,,,,25.4,24.81,9.6327,0.0,0.0,-2.8861,0.0,,0.0,0.0,0.0,0.0,,,,-1.4266,,,,
1952-08-01,2.57,11.4,,,26.69,False,0,1.83,,,,3.4,17.826,48924,,,"DTWEXM*1.1937 before 2006-01, DTWEXBGS after (ratio-splice on 2006 overlap)",,,,,25.03,24.83,9.6291,0.0,0.0,-3.1098,0.0,,0.0,0.0,0.0,0.0,,,,5.9199,,,,
1952-09-01,2.57,11.4,,,26.63,False,0,1.71,,,,3.1,18.4723,49320,,,"DTWEXM*1.1937 before 2006-01, DTWEXBGS after (ratio-splice on 2006 overlap)",,,,,24.54,24.45,9.6508,0.0,0.0,-2.2531,0.0,,0.0,0.0,0.0,0.0,,,,9.0622,,,,
1952-10-01,2.57,11.4,,,26.69,False,0,1.74,,,,3.0,18.6608,49597,,,"DTWEXM*1.1937 before 2006-01, DTWEXBGS after (ratio-splice on 2006 overlap)",,,,,24.52,23.8,9.6291,0.0,0.0,-1.9858,0.0,,0.0,0.0,0.0,0.0,,,,10.3504,,,,
1952-11-01,2.57,11.4,,,26.69,False,0,1.85,,,,2.8,19.0378,49816,,,"DTWEXM*1.1937 before 2006-01, DTWEXBGS after (ratio-splice on 2006 overlap)",,,,,25.66,24.6,9.6291,0.0,0.0,-1.3863,0.0,,0.0,0.0,0.0,0.0,,,,11.6907,,,,
1952-12-01,2.57,11.4,,,26.71,False,0,2.09,,,,2.7,19.1455,50166,,,"DTWEXM*1.1937 before 2006-01, DTWEXBGS after (ratio-splice on 2006 overlap)",,,,,26.57,25.61,9.6219,0.0,0.0,-0.8985,0.0,,0.0,0.0,0.0,0.0,,,,11.6173,,,,
1953-01-01,2.57,11.4,,,26.64,False,0,1.96,,,,2.9,19.1993,50144,,,"DTWEXM*1.1937 before 2006-01, DTWEXBGS after (ratio-splice on 2006 overlap)",,,,,26.38,25.86,9.6471,0.0,0.0,-0.7132,0.0,,0.0,0.0,0.0,0.0,,,,10.7143,,,,
1953-02-01,2.57,11.7,,,26.59,False,0,1.97,,,,2.6,19.307,50339,,,"DTWEXM*1.1937 before 2006-01, DTWEXBGS after (ratio-splice on 2006 overlap)",,,,,25.9,25.48,9.6653,0.0,0.0,-0.6769,2.6316,,0.0,0.0,2.5975,2.5975,,,,10.6482,,,,
1953-03-01,2.57,11.7,,,26.63,False,0,2.01,,,,2.6,19.4686,50473,,,"DTWEXM*1.1937 before 2006-01, DTWEXBGS after (ratio-splice on 2006 overlap)",,,,,25.29,25.29,9.6508,0.0,0.0,-0.9012,2.6316,,0.0,0.0,0.0,2.5975,,,,11.2307,,,,
1953-04-01,2.57,11.7,,,26.69,False,0,2.19,2.83,,,2.7,19.5494,50435,,,"DTWEXM*1.1937 before 2006-01, DTWEXBGS after (ratio-splice on 2006 overlap)",,,,,24.62,24.19,9.6291,0.0,0.0,-0.8617,2.6316,,0.0,0.0,0.0,2.5975,0.64,,0.64,12.7332,,,,
1953-05-01,2.57,11.7,,,26.7,False,0,2.16,3.05,,,2.5,19.6571,50490,,,"DTWEXM*1.1937 before 2006-01, DTWEXBGS after (ratio-splice on 2006 overlap)",,,,,24.54,24.46,9.6255,0.0,0.0,-0.8614,2.6316,,0.0,0.0,0.0,2.5975,0.89,,0.89,14.4198,,,,
1953-06-01,2.82,12.7,,,26.77,False,0,2.11,3.11,,,2.5,19.5763,50519,,,"DTWEXM*1.1937 before 2006-01, DTWEXBGS after (ratio-splice on 2006 overlap)",,,,,24.14,23.54,10.5342,9.7276,9.7276,8.7439,11.4035,,9.2831,9.2831,8.2013,10.7989,1.0,,1.0,15.0316,,,,
1953-07-01,2.82,12.7,,,26.79,False,0,2.04,2.93,,,2.6,19.8187,50536,,,"DTWEXM*1.1937 before 2006-01, DTWEXBGS after (ratio-splice on 2006 overlap)",,,,,24.75,24.07,10.5263,9.7276,9.7276,9.2771,11.4035,,0.0,9.2831,0.0,10.7989,0.89,,0.89,18.3284,,,,
1953-08-01,2.82,12.7,,,26.85,False,1,2.04,2.95,,,2.7,19.7109,50489,,,"DTWEXM*1.1937 before 2006-01, DTWEXBGS after (ratio-splice on 2006 overlap)",,,,,23.32,23.32,10.5028,9.7276,9.7276,9.0738,11.4035,,0.0,9.2831,0.0,10.7989,0.91,,0.91,10.5739,,,,
1953-09-01,2.82,12.7,,,26.89,False,1,1.79,2.87,,,2.9,19.307,50368,,,"DTWEXM*1.1937 before 2006-01, DTWEXBGS after (ratio-splice on 2006 overlap)",,,,,23.35,22.71,10.4872,9.7276,9.7276,8.6667,11.4035,,0.0,9.2831,0.0,10.7989,1.08,False,1.08,4.5187,,,,
1953-10-01,2.82,12.6,,,26.95,False,1,1.38,2.66,,,3.1,19.1455,50240,,,"DTWEXM*1.1937 before 2006-01, DTWEXBGS after (ratio-splice on 2006 overlap)",,,,,24.54,23.39,10.4638,9.7276,9.7276,8.669,10.5263,,0.0,9.2831,0.0,10.7989,1.28,False,1.28,2.5974,,,,
1953-11-01,2.82,12.6,,,26.85,False,1,1.44,2.68,,,3.5,18.6877,49908,,,"DTWEXM*1.1937 before 2006-01, DTWEXBGS after (ratio-splice on 2006 overlap)",,,,,24.76,24.25,10.5028,9.7276,9.7276,9.0738,10.5263,,0.0,9.2831,0.0,10.7989,1.24,False,1.24,-1.839,,,,
1953-12-01,2.82,12.6,,,26.87,False,1,1.6,2.59,,,4.5,18.2299,49703,,,"DTWEXM*1.1937 before 2006-01, DTWEXBGS after (ratio-splice on 2006 overlap)",,,,,24.81,24.55,10.495,9.7276,9.7276,9.0742,10.5263,,0.0,9.2831,0.0,10.7989,0.99,False,0.99,-4.7823,,,,
1954-01-01,2.82,12.6,,,26.94,False,1,1.18,2.48,,,4.9,18.0953,49469,,,"DTWEXM*1.1937 before 2006-01, DTWEXBGS after (ratio-splice on 2006 overlap)",,,,,26.08,24.8,10.4677,9.7276,9.7276,8.5057,10.5263,,0.0,9.2831,0.0,10.7989,1.3,False,1.3,-5.7502,,,,
1954-02-01,2.82,12.6,,,26.99,False,1,0.97,2.47,,,5.2,18.1492,49382,,,"DTWEXM*1.1937 before 2006-01, DTWEXBGS after (ratio-splice on 2006 overlap)",,,,,26.15,25.81,10.4483,9.7276,9.7276,8.1014,7.6923,,0.0,9.2831,0.0,8.2013,1.5,False,1.5,-5.9968,,,,
1954-03-01,2.82,12.6,,,26.93,False,1,1.03,2.37,,,5.7,18.0414,49157,,,"DTWEXM*1.1937 before 2006-01, DTWEXBGS after (ratio-splice on 2006 overlap)",,,,,26.94,26.25,10.4716,9.7276,9.7276,8.5053,7.6923,,0.0,9.2831,0.0,8.2013,1.34,False,1.34,-7.3308,,,,
1954-04-01,2.82,12.6,,,26.86,False,1,0.97,2.29,,,5.9,17.9337,49179,,,"DTWEXM*1.1937 before 2006-01, DTWEXBGS after (ratio-splice on 2006 overlap)",,,,,28.26,27.01,10.4989,9.7276,9.7276,9.0331,7.6923,,0.0,9.2831,0.0,8.2013,1.32,False,1.32,-8.2647,,,,
1954-05-01,2.82,12.6,,,26.93,False,1,0.76,2.37,,,5.9,18.0414,48965,,,"DTWEXM*1.1937 before 2006-01, DTWEXBGS after (ratio-splice on 2006 overlap)",,,,,29.19,28.21,10.4716,9.7276,9.7276,8.7905,7.6923,,0.0,9.2831,0.0,8.2013,1.61,False,1.61,-8.2194,,,,
1954-06-01,2.82,12.6,,,26.94,False,0,0.64,2.38,,,5.6,18.0953,48895,,,"DTWEXM*1.1937 before 2006-01, DTWEXBGS after (ratio-splice on 2006 overlap)",,,,,29.21,28.15,10.4677,0.0,0.0,-0.631,-0.7874,,0.0,0.0,0.0,0.0,1.74,False,1.74,-7.5653,,,,
1954-07-01,2.82,12.6,,,26.86,False,0,0.72,2.3,,0.8,5.8,18.1222,48835,,,"DTWEXM*1.1937 before 2006-01, DTWEXBGS after (ratio-splice on 2006 overlap)",,,,,30.88,29.21,10.4989,0.0,0.0,-0.2606,-0.7874,,0.0,0.0,0.0,0.0,1.58,False,1.58,-8.5601,,,,
1954-08-01,2.82,12.6,,,26.85,False,0,0.92,2.36,,1.22,6.0,18.0953,48826,,,"DTWEXM*1.1937 before 2006-01, DTWEXBGS after (ratio-splice on 2006 overlap)",,,,,29.83,29.83,10.5028,0.0,0.0,0.0,-0.7874,,0.0,0.0,0.0,0.0,1.44,False,1.44,-8.1965,,,,
1954-09-01,2.82,12.6,,,26.81,False,0,1.01,2.38,,1.07,6.1,18.1222,48886,,,"DTWEXM*1.1937 before 2006-01, DTWEXBGS after (ratio-splice on 2006 overlap)",,,,,32.31,30.04,10.5185,0.0,0.0,0.2984,-0.7874,,0.0,0.0,0.0,0.0,1.37,False,1.37,-6.1366,,,,
1954-10-01,2.82,12.6,,,26.72,False,0,0.98,2.43,,0.85,5.7,18.3377,48942,,,"DTWEXM*1.1937 before 2006-01, DTWEXBGS after (ratio-splice on 2006 overlap)",,,,,31.68,31.68,10.5539,0.0,0.0,0.8608,0.0,,0.0,0.0,0.0,0.0,1.45,False,1.45,-4.2193,,,,
1954-11-01,2.82,12.6,,,26.78,False,0,0.93,2.48,,0.83,5.3,18.6338,49180,,,"DTWEXM*1.1937 before 2006-01, DTWEXBGS after (ratio-splice on 2006 overlap)",,,,,34.24,31.79,10.5302,0.0,0.0,0.2614,0.0,,0.0,0.0,0.0,0.0,1.55,False,1.55,-0.2884,,,,
1954-12-01,2.82,12.6,,,26.77,False,0,1.15,2.51,,1.28,5.0,18.8762,49331,,,"DTWEXM*1.1937 before 2006-01, DTWEXBGS after (ratio-splice on 2006 overlap)",,,,,35.98,33.99,10.5342,0.0,0.0,0.3736,0.0,,0.0,0.0,0.0,0.0,1.36,False,1.36,3.5453,,,,
1955-01-01,2.82,12.6,,,26.77,False,0,1.22,2.61,,1.39,4.9,19.307,49496,,,"DTWEXM*1.1937 before 2006-01, DTWEXBGS after (ratio-splice on 2006 overlap)",,,,,36.63,34.58,10.5342,0.0,0.0,0.635,0.0,,0.0,0.0,0.0,0.0,1.39,False,1.39,6.6962,,,,
1955-02-01,2.82,12.6,,,26.82,False,0,1.17,2.65,,1.29,4.7,19.5494,49644,,,"DTWEXM*1.1937 before 2006-01, DTWEXBGS after (ratio-splice on 2006 overlap)",,,,,36.76,36.44,10.5145,0.0,0.0,0.6339,0.0,,0.0,0.0,0.0,0.0,1.48,False,1.48,7.7149,,,,
1955-03-01,2.82,12.6,,,26.79,False,0,1.28,2.68,,1.35,4.6,20.0071,49962,,,"DTWEXM*1.1937 before 2006-01, DTWEXBGS after (ratio-splice on 2006 overlap)",,,,,36.58,34.96,10.5263,0.0,0.0,0.5226,0.0,,0.0,0.0,0.0,0.0,1.4,False,1.4,10.8955,,,,
1955-04-01,2.82,12.6,,,26.79,False,0,1.59,2.75,,1.43,4.7,20.2495,50248,,,"DTWEXM*1.1937 before 2006-01, DTWEXBGS after (ratio-splice on 2006 overlap)",,,,,37.96,36.83,10.5263,0.0,0.0,0.2613,0.0,,0.0,0.0,0.0,0.0,1.16,False,1.16,12.9131,,,,
1955-05-01,2.82,12.6,,,26.77,False,0,1.45,2.76,,1.43,4.3,20.5726,50512,,,"DTWEXM*1.1937 before 2006-01, DTWEXBGS after (ratio-splice on 2006 overlap)",,,,,37.91,36.97,10.5342,0.0,0.0,0.5977,0.0,,0.0,0.0,0.0,0.0,1.31,False,1.31,14.03,,,,
1955-06-01,2.82,12.6,,,26.71,False,0,1.41,2.78,,1.64,4.2,20.5996,50790,,,"DTWEXM*1.1937 before 2006-01, DTWEXBGS after (ratio-splice on 2006 overlap)",,,,,41.03,37.96,10.5578,0.0,0.0,0.8611,0.0,,0.0,0.0,0.0,0.0,1.37,False,1.37,13.8395,,,,
1955-07-01,2.82,12.6,,,26.76,False,0,1.6,2.9,,1.68,4.0,20.7611,50987,,,"DTWEXM*1.1937 before 2006-01, DTWEXBGS after (ratio-splice on 2006 overlap)",,,,,43.52,41.19,10.5381,0.0,0.0,0.3737,0.0,,0.0,0.0,0.0,0.0,1.3,False,1.3,14.5617,88.0,,,
1955-08-01,2.82,12.6,,,26.72,False,0,1.9,2.97,,1.96,4.2,20.7342,51111,,,"DTWEXM*1.1937 before 2006-01, DTWEXBGS after (ratio-splice on 2006 overlap)",,,,,43.18,41.74,10.5539,0.0,0.0,0.4865,0.0,,0.0,0.0,0.0,0.0,1.07,False,1.07,14.5833,74.0,,,
1955-09-01,2.82,12.6,,,26.85,False,0,2.07,2.97,,2.18,4.1,20.8688,51266,,,"DTWEXM*1.1937 before 2006-01, DTWEXBGS after (ratio-splice on 2006 overlap)",,,,,43.67,42.61,10.5028,0.0,0.0,-0.149,0.0,,0.0,0.0,0.0,0.0,0.9,False,0.9,15.156,111.0,,,
1955-10-01,2.82,12.6,,,26.82,False,0,2.23,2.88,,2.24,4.3,21.2189,51429,,,"DTWEXM*1.1937 before 2006-01, DTWEXBGS after (ratio-splice on 2006 overlap)",,,,,42.34,40.8,10.5145,0.0,0.0,-0.3729,0.0,,0.0,0.0,0.0,0.0,0.65,False,0.65,15.7119,139.0,,,
1955-11-01,2.82,12.6,,,26.88,False,0,2.24,2.89,,2.35,4.2,21.2727,51592,,,"DTWEXM*1.1937 before 2006-01, DTWEXBGS after (ratio-splice on 2006 overlap)",,,,,45.51,42.28,10.4911,0.0,0.0,-0.372,0.0,,0.0,0.0,0.0,0.0,0.65,False,0.65,14.1619,152.0,,,
1955-12-01,2.82,12.6,,,26.87,False,0,2.54,2.96,,2.48,4.2,21.3535,51805,,,"DTWEXM*1.1937 before 2006-01, DTWEXBGS after (ratio-splice on 2006 overlap)",,,,,45.48,44.95,10.495,0.0,0.0,-0.3722,0.0,,0.0,0.0,0.0,0.0,0.42,False,0.42,13.1239,120.0,,,
1956-01-01,2.82,12.6,,,26.83,False,0,2.41,2.9,,2.45,4.0,21.4882,51975,,,"DTWEXM*1.1937 before 2006-01, DTWEXBGS after (ratio-splice on 2006 overlap)",,,,,43.82,43.11,10.5106,0.0,0.0,-0.2236,0.0,,0.0,0.0,0.0,0.0,0.49,False,0.49,11.2975,106.0,,,
1956-02-01,2.82,12.6,,,26.86,False,0,2.32,2.84,,2.5,3.9,21.2997,52167,,,"DTWEXM*1.1937 before 2006-01, DTWEXBGS after (ratio-splice on 2006 overlap)",,,,,45.34,43.42,10.4989,0.0,0.0,-0.1489,0.0,,0.0,0.0,0.0,0.0,0.52,False,0.52,8.9532,121.0,,,
1956-03-01,2.82,12.6,,,26.89,False,0,2.25,2.96,,2.5,4.2,21.2997,52294,,,"DTWEXM*1.1937 before 2006-01, DTWEXBGS after (ratio-splice on 2006 overlap)",,,,,48.48,45.54,10.4872,0.0,0.0,-0.3719,0.0,,0.0,0.0,0.0,0.0,0.71,False,0.71,6.4607,115.0,,,
1956-04-01,2.82,12.6,,,26.93,False,0,2.6,3.18,,2.62,4.0,21.4612,52375,,,"DTWEXM*1.1937 before 2006-01, DTWEXBGS after (ratio-splice on 2006 overlap)",,,,,48.38,47.09,10.4716,0.0,0.0,-0.5199,0.0,,0.0,0.0,0.0,0.0,0.58,False,0.58,5.9839,119.0,,,
1956-05-01,2.82,12.6,,,27.03,False,0,2.61,3.07,,2.75,4.3,21.2728,52506,,,"DTWEXM*1.1937 before 2006-01, DTWEXBGS after (ratio-splice on 2006 overlap)",,,,,45.2,44.1,10.4329,0.0,0.0,-0.9619,0.0,,0.0,0.0,0.0,0.0,0.46,False,0.46,3.4036,132.0,,,
1956-06-01,2.82,12.7,,,27.15,False,0,2.49,3.0,,2.71,4.3,21.0843,52586,,,"DTWEXM*1.1937 before 2006-01, DTWEXBGS after (ratio-splice on 2006 overlap)",,,,,46.97,45.14,10.3867,0.0,0.0,-1.6206,0.7937,,0.0,0.0,0.0,0.0,0.51,False,0.51,2.353,107.0,,,
1956-07-01,2.82,12.7,,,27.29,False,0,2.31,3.11,,2.75,4.4,20.438,51955,,,"DTWEXM*1.1937 before 2006-01, DTWEXBGS after (ratio-splice on 2006 overlap)",,,,,49.39,46.93,10.3335,0.0,0.0,-1.9421,0.7937,,0.0,0.0,0.0,0.0,0.8,False,0.8,-1.5563,107.0,,,
1956-08-01,2.82,12.7,,,27.31,False,0,2.6,3.33,,2.73,4.1,21.2727,52631,,,"DTWEXM*1.1937 before 2006-01, DTWEXBGS after (ratio-splice on 2006 overlap)",,,,,47.51,46.94,10.3259,0.0,0.0,-2.1604,0.7937,,0.0,0.0,0.0,0.0,0.73,False,0.73,2.5972,77.0,,,
1956-09-01,2.82,12.7,,,27.35,False,0,2.84,3.38,,2.95,3.9,21.7574,52604,,,"DTWEXM*1.1937 before 2006-01, DTWEXBGS after (ratio-splice on 2006 overlap)",,,,,45.35,45.35,10.3108,0.0,0.0,-1.8282,0.7937,,0.0,0.0,0.0,0.0,0.54,False,0.54,4.258,77.0,,,
1956-10-01,2.82,12.7,,,27.51,False,0,2.9,3.34,,2.96,3.9,21.9459,52777,,,"DTWEXM*1.1937 before 2006-01, DTWEXBGS after (ratio-splice on 2006 overlap)",,,,,45.58,44.7,10.2508,0.0,0.0,-2.5082,0.7937,,0.0,0.0,0.0,0.0,0.44,False,0.44,3.4262,72.0,,,
1956-11-01,2.82,12.7,,,27.51,False,0,2.99,3.49,,2.88,4.3,21.7574,52821,,,"DTWEXM*1.1937 before 2006-01, DTWEXBGS after (ratio-splice on 2006 overlap)",,,,,45.08,44.38,10.2508,0.0,0.0,-2.2901,0.7937,,0.0,0.0,0.0,0.0,0.5,False,0.5,2.2785,53.0,,,
1956-12-01,2.82,12.8,,,27.63,False,0,3.21,3.59,,2.94,4.2,22.0806,52929,,,"DTWEXM*1.1937 before 2006-01, DTWEXBGS after (ratio-splice on 2006 overlap)",,,,,46.67,45.84,10.2063,0.0,0.0,-2.7506,1.5873,,0.0,0.0,0.7843,0.7843,0.38,False,0.38,3.4051,46.0,,,
1957-01-01,2.82,13.2,,,27.67,False,0,3.11,3.46,,2.84,4.2,21.9998,52887,,,"DTWEXM*1.1937 before 2006-01, DTWEXBGS after (ratio-splice on 2006 overlap)",,,,,44.72,44.4,10.1915,0.0,0.0,-3.0358,4.7619,,0.0,0.0,3.0772,3.8615,0.35,False,0.35,2.3808,39.0,,,
1957-02-01,3.07,14.0,,,27.8,False,0,3.1,3.34,,3.0,3.9,22.2152,53097,,,"DTWEXM*1.1937 before 2006-01, DTWEXBGS after (ratio-splice on 2006 overlap)",,,,,43.26,42.39,11.0432,8.8652,8.8652,5.1842,11.1111,,8.4941,8.4941,5.8841,9.7455,0.24,True,0.24,4.2982,50.0,,,
1957-03-01,3.07,14.0,,,27.86,False,0,3.08,3.41,,2.96,3.7,22.1883,53156,,,"DTWEXM*1.1937 before 2006-01, DTWEXBGS after (ratio-splice on 2006 overlap)",,,,,44.11,43.74,11.0194,8.8652,8.8652,5.0749,11.1111,,0.0,8.4941,0.0,9.7455,0.33,True,0.33,4.1719,46.0,,,
1957-04-01,3.07,14.0,,,27.93,False,0,3.07,3.48,,3.0,3.9,21.8921,53238,,,"DTWEXM*1.1937 before 2006-01, DTWEXBGS after (ratio-splice on 2006 overlap)",,,,,45.74,44.14,10.9918,8.8652,8.8652,4.9675,11.1111,,0.0,8.4941,0.0,9.7455,0.41,True,0.41,2.0078,38.0,,,
1957-05-01,3.07,14.0,,,28.0,False,0,3.06,3.6,,3.0,4.1,21.8113,53150,,,"DTWEXM*1.1937 before 2006-01, DTWEXBGS after (ratio-splice on 2006 overlap)",,,,,47.43,46.02,10.9643,8.8652,8.8652,5.0938,11.1111,,0.0,8.4941,0.0,9.7455,0.54,True,0.54,2.5314,25.0,,,
1957-06-01,3.07,14.0,,,28.11,False,0,3.29,3.8,,3.0,4.3,21.8652,53067,,,"DTWEXM*1.1937 before 2006-01, DTWEXBGS after (ratio-splice on 2006 overlap)",,,,,47.37,46.78,10.9214,8.8652,8.8652,5.1473,10.2362,,0.0,8.4941,0.0,9.7455,0.51,True,0.51,3.7037,29.0,,,
1957-07-01,3.07,14.0,,,28.19,False,0,3.16,3.93,,2.99,4.2,21.9998,53123,,,"DTWEXM*1.1937 before 2006-01, DTWEXBGS after (ratio-splice on 2006 overlap)",,,,,47.91,47.43,10.8904,8.8652,8.8652,5.3896,10.2362,,0.0,8.4941,0.0,9.7455,0.77,True,0.77,7.6416,24.0,,,
1957-08-01,3.07,14.0,,,28.28,False,0,3.37,3.93,,3.24,4.1,21.9998,53128,,,"DTWEXM*1.1937 before 2006-01, DTWEXBGS after (ratio-splice on 2006 overlap)",,,,,45.22,43.89,10.8557,8.8652,8.8652,5.1312,10.2362,,0.0,8.4941,0.0,9.7455,0.56,False,0.56,3.418,51.0,,,
1957-09-01,3.07,14.0,,,28.32,False,1,3.53,3.92,,3.47,4.4,21.8113,52934,,,"DTWEXM*1.1937 before 2006-01, DTWEXBGS after (ratio-splice on 2006 overlap)",,,,,42.42,42.42,10.8404,8.8652,8.8652,5.1365,10.2362,,0.0,8.4941,0.0,9.7455,0.39,False,0.39,0.2477,52.0,,,
1957-10-01,3.07,14.0,,,28.32,False,1,3.58,3.97,,3.5,4.5,21.4882,52763,,,"DTWEXM*1.1937 before 2006-01, DTWEXBGS after (ratio-splice on 2006 overlap)",,,,,41.06,38.98,10.8404,8.8652,8.8652,5.7515,10.2362,,0.0,8.4941,0.0,9.7455,0.39,False,0.39,-2.0856,54.0,,,
1957-11-01,3.07,14.0,,,28.41,False,1,3.31,3.72,,3.28,5.1,20.9765,52558,,,"DTWEXM*1.1937 before 2006-01, DTWEXBGS after (ratio-splice on 2006 overlap)",,,,,41.72,39.44,10.8061,8.8652,8.8652,5.4165,10.2362,,0.0,8.4941,0.0,9.7455,0.41,False,0.41,-3.5891,40.0,,,
1957-12-01,3.0,14.0,,,28.47,False,1,3.04,3.21,,2.98,5.2,20.5726,52384,,,"DTWEXM*1.1937 before 2006-01, DTWEXBGS after (ratio-splice on 2006 overlap)",,,,,39.99,39.38,10.5374,6.383,6.383,3.2442,9.375,,0.0,8.4941,0.0,8.9612,0.17,True,0.17,-6.8295,4.0,,,
1958-01-01,3.07,14.0,,,28.64,False,1,2.44,3.09,,2.72,5.8,20.1956,52076,,,"DTWEXM*1.1937 before 2006-01, DTWEXBGS after (ratio-splice on 2006 overlap)",,,,,41.7,40.33,10.7193,8.8652,8.8652,5.1781,6.0606,,0.0,8.4941,0.0,5.8841,0.65,True,0.65,-8.201,-12.0,,,
1958-02-01,3.07,14.0,,,28.7,False,1,1.53,3.05,,1.67,6.4,19.7648,51576,,,"DTWEXM*1.1937 before 2006-01, DTWEXBGS after (ratio-splice on 2006 overlap)",,,,,40.84,40.61,10.6969,0.0,0.0,-3.1359,0.0,,0.0,0.0,0.0,0.0,1.52,True,1.52,-11.0303,-133.0,,,
1958-03-01,3.07,14.0,,,28.87,False,1,1.3,2.98,,1.2,6.7,19.5225,51299,,,"DTWEXM*1.1937 before 2006-01, DTWEXBGS after (ratio-splice on 2006 overlap)",,,,,42.1,41.13,10.6339,0.0,0.0,-3.4984,0.0,,0.0,0.0,0.0,0.0,1.68,True,1.68,-12.0144,-176.0,,,
1958-04-01,3.07,14.0,,,28.94,False,1,1.13,2.88,,1.26,7.4,19.1993,51027,,,"DTWEXM*1.1937 before 2006-01, DTWEXBGS after (ratio-splice on 2006 overlap)",,,,,43.44,41.33,10.6082,0.0,0.0,-3.49,0.0,,0.0,0.0,0.0,0.0,1.75,True,1.75,-12.3003,-174.0,,,
1958-05-01,3.07,14.0,,,28.94,False,0,0.91,2.92,,0.63,7.4,19.3878,50914,,,"DTWEXM*1.1937 before 2006-01, DTWEXBGS after (ratio-splice on 2006 overlap)",,,,,44.09,43.12,10.6082,0.0,0.0,-3.2481,0.0,,0.0,0.0,0.0,0.0,2.01,True,2.01,-11.1112,-237.0,,,
1958-06-01,3.07,14.0,,,28.91,False,0,0.83,2.97,,0.93,7.3,19.8994,50914,,,"DTWEXM*1.1937 before 2006-01, DTWEXBGS after (ratio-splice on 2006 overlap)",,,,,45.24,44.31,10.6192,0.0,0.0,-2.7672,0.0,,0.0,0.0,0.0,0.0,2.14,False,2.14,-8.9905,-207.0,,,
1958-07-01,3.07,13.9,,,28.89,False,0,0.91,3.2,,0.68,7.5,20.1956,51039,,,"DTWEXM*1.1937 before 2006-01, DTWEXBGS after (ratio-splice on 2006 overlap)",,,,,47.19,45.11,10.6265,0.0,0.0,-2.423,-0.7143,,0.0,0.0,0.0,0.0,2.29,False,2.29,-8.201,-231.0,,,
1958-08-01,3.07,13.9,,,28.94,False,0,1.69,3.54,,1.53,7.4,20.5995,51233,,,"DTWEXM*1.1937 before 2006-01, DTWEXBGS after (ratio-splice on 2006 overlap)",,,,,47.75,47.22,10.6082,0.0,0.0,-2.2806,-0.7143,,0.0,0.0,0.0,0.0,1.85,False,1.85,-6.3651,-171.0,,,
1958-09-01,3.07,13.9,,,28.91,False,0,2.44,3.76,,1.76,7.1,20.7881,51506,,,"DTWEXM*1.1937 before 2006-01, DTWEXBGS after (ratio-splice on 2006 overlap)",,,,,50.06,47.97,10.6192,0.0,0.0,-2.0408,-0.7143,,0.0,0.0,0.0,0.0,1.32,False,1.32,-4.6911,-171.0,,,
1958-10-01,3.07,13.9,,,28.91,False,0,2.63,3.8,,1.8,6.7,21.0304,51485,,,"DTWEXM*1.1937 before 2006-01, DTWEXBGS after (ratio-splice on 2006 overlap)",,,,,51.33,49.98,10.6192,0.0,0.0,-2.0408,-0.7143,,0.0,0.0,0.0,0.0,1.17,False,1.17,-2.1305,-170.0,,,
1958-11-01,3.0,13.9,,,28.95,False,0,2.67,3.74,,2.27,6.2,21.6497,51944,,,"DTWEXM*1.1937 before 2006-01, DTWEXBGS after (ratio-splice on 2006 overlap)",,,,,52.48,51.02,10.3627,-2.2801,-2.2801,-4.1029,-0.7143,,0.0,0.0,0.0,0.0,1.07,False,1.07,3.2093,-101.0,,,
1958-12-01,3.0,13.9,,,28.97,False,0,2.77,3.86,,2.42,6.2,21.6767,52085,,,"DTWEXM*1.1937 before 2006-01, DTWEXBGS after (ratio-splice on 2006 overlap)",,,,,55.21,52.46,10.3555,0.0,0.0,-1.7259,-0.7143,,0.0,0.0,0.0,0.0,1.09,False,1.09,5.3668,-56.0,,,
1959-01-01,3.0,13.7,,,29.01,False,0,2.82,4.02,,2.48,6.0,21.9998,52478,,,"DTWEXM*1.1937 before 2006-01, DTWEXBGS after (ratio-splice on 2006 overlap)",7.3832,,,,55.45,54.89,10.3413,-2.2801,-2.2801,-3.5265,-2.1429,,0.0,0.0,0.0,0.0,1.2,False,1.2,8.9336,-24.0,,,
1959-02-01,3.0,13.5,,,29.0,False,0,2.7,3.96,,2.43,5.9,22.4306,52688,,,"DTWEXM*1.1937 before 2006-01, DTWEXBGS after (ratio-splice on 2006 overlap)",7.332,,,,55.41,53.58,10.3448,-2.2801,-2.2801,-3.291,-3.5714,,0.0,0.0,0.0,0.0,1.26,False,1.26,13.4876,76.0,,,
1959-03-01,2.97,13.5,,,28.97,False,0,2.8,3.99,,2.8,5.6,22.7538,53014,,,"DTWEXM*1.1937 before 2006-01, DTWEXBGS after (ratio-splice on 2006 overlap)",7.2594,,,,55.44,55.44,10.252,-3.2573,-3.2573,-3.5913,-3.5714,,0.0,0.0,0.0,0.0,1.19,False,1.19,16.5517,160.0,,,
1959-04-01,2.97,13.6,,,28.98,False,0,2.95,4.12,,2.96,5.2,23.2384,53321,,,"DTWEXM*1.1937 before 2006-01, DTWEXBGS after (ratio-splice on 2006 overlap)",7.2069,,,,57.59,55.69,10.2484,-3.2573,-3.2573,-3.3909,-2.8571,,0.0,0.0,0.0,0.0,1.17,False,1.17,21.0377,170.0,,,
1959-05-01,2.97,13.6,,,29.04,False,0,2.84,4.31,,2.9,5.1,23.5885,53550,,,"DTWEXM*1.1937 before 2006-01, DTWEXBGS after (ratio-splice on 2006 overlap)",7.2129,,,,58.68,56.88,10.2273,-3.2573,-3.2573,-3.5905,-2.8571,,0.0,0.0,0.0,0.0,1.47,False,1.47,21.6667,227.0,,,
1959-06-01,2.97,13.6,,,29.11,False,0,3.21,4.34,,3.39,5.0,23.6155,53681,,,"DTWEXM*1.1937 before 2006-01, DTWEXBGS after (ratio-splice on 2006 overlap)",7.2282,,,,58.47,56.36,10.2027,-3.2573,-3.2573,-3.922,-2.8571,,0.0,0.0,0.0,0.0,1.13,False,1.13,18.6744,246.0,,,
1959-07-01,2.97,13.6,,,29.15,False,0,3.2,4.4,,3.47,5.1,23.05,53804,,,"DTWEXM*1.1937 before 2006-01, DTWEXBGS after (ratio-splice on 2006 overlap)",7.2373,,,,60.51,58.91,10.1887,-3.2573,-3.2573,-4.1202,-2.1583,,0.0,0.0,0.0,0.0,1.2,False,1.2,14.1338,279.0,,,
1959-08-01,2.97,13.6,,,29.18,False,0,3.38,4.43,,3.5,5.2,22.2691,53336,,,"DTWEXM*1.1937 before 2006-01, DTWEXBGS after (ratio-splice on 2006 overlap)",7.2142,,,,59.6,58.27,10.1782,-3.2573,-3.2573,-4.053,-2.1583,,0.0,0.0,0.0,0.0,1.05,False,1.05,8.1051,197.0,,,
1959-09-01,2.97,13.4,,,29.25,False,0,4.04,4.68,,3.76,5.5,22.2421,53428,,,"DTWEXM*1.1937 before 2006-01, DTWEXBGS after (ratio-splice on 2006 overlap)",7.0635,,,,56.88,55.14,10.1538,-3.2573,-3.2573,-4.3819,-3.5971,,0.0,0.0,0.0,0.0,0.64,False,0.64,6.9944,200.0,,,
1959-10-01,2.97,13.4,,,29.35,False,0,4.05,4.53,,3.98,5.7,22.0806,53358,,,"DTWEXM*1.1937 before 2006-01, DTWEXBGS after (ratio-splice on 2006 overlap)",7.28,,,,57.52,56.0,10.1193,-3.2573,-3.2573,-4.7076,-3.5971,,0.0,0.0,0.0,0.0,0.48,False,0.48,4.9937,218.0,,,
1959-11-01,2.97,13.4,,,29.35,False,0,4.15,4.53,,4.0,5.8,22.2152,53634,,,"DTWEXM*1.1937 before 2006-01, DTWEXBGS after (ratio-splice on 2006 overlap)",7.4017,,,,58.28,56.22,10.1193,-1.0,-1.0,-2.3492,-3.5971,,0.0,0.0,0.0,0.0,0.38,False,0.38,2.612,173.0,,,
1959-12-01,2.97,13.4,,,29.41,False,0,4.49,4.69,,3.99,5.3,23.5885,54174,,,"DTWEXM*1.1937 before 2006-01, DTWEXBGS after (ratio-splice on 2006 overlap)",7.1229,,,,59.89,58.6,10.0986,-1.0,-1.0,-2.4811,-3.5971,,0.0,0.0,0.0,0.0,0.2,True,0.2,8.8196,157.0,,,
1960-01-01,2.97,13.4,,,29.37,False,0,4.35,4.72,,3.99,5.2,24.2078,54274,,,"DTWEXM*1.1937 before 2006-01, DTWEXBGS after (ratio-splice on 2006 overlap)",7.2002,,,,55.61,55.61,10.1124,-1.0,-1.0,-2.2135,-2.1898,,0.0,0.0,0.0,0.0,0.37,True,0.37,10.0365,151.0,,,
1960-02-01,2.97,13.4,,,29.41,False,0,3.96,4.49,,3.97,4.8,23.9924,54513,,,"DTWEXM*1.1937 before 2006-01, DTWEXBGS after (ratio-splice on 2006 overlap)",7.1934,,,,56.12,54.73,10.0986,-1.0,-1.0,-2.3801,-0.7407,,0.0,0.0,0.0,0.0,0.53,True,0.53,6.9628,154.0,,,
1960-03-01,2.97,13.4,,,29.41,False,0,3.31,4.25,,3.84,5.4,23.777,54454,,,"DTWEXM*1.1937 before 2006-01, DTWEXBGS after (ratio-splice on 2006 overlap)",7.3895,,,,55.34,53.47,10.0986,0.0,0.0,-1.4961,-0.7407,,0.0,0.0,0.0,0.0,0.94,True,0.94,4.4968,104.0,,,
1960-04-01,2.97,13.4,,,29.54,False,0,3.23,4.28,,3.92,5.2,23.5885,54813,,,"DTWEXM*1.1937 before 2006-01, DTWEXBGS after (ratio-splice on 2006 overlap)",7.2808,,,,54.37,54.37,10.0542,0.0,0.0,-1.8957,-1.4706,,0.0,0.0,0.0,0.0,1.05,True,1.05,1.5066,96.0,,,
1960-05-01,2.97,13.4,,,29.57,False,1,3.29,4.35,,3.85,5.1,23.5616,54475,,,"DTWEXM*1.1937 before 2006-01, DTWEXBGS after (ratio-splice on 2006 overlap)",7.2424,,,,55.83,54.13,10.044,0.0,0.0,-1.7924,-1.4706,,0.0,0.0,0.0,0.0,1.06,True,1.06,-0.114,95.0,,,
1960-06-01,2.97,13.4,,,29.61,False,1,2.46,4.15,,3.32,5.4,23.2654,54348,,,"DTWEXM*1.1937 before 2006-01, DTWEXBGS after (ratio-splice on 2006 overlap)",7.3311,,,,56.92,55.89,10.0304,0.0,0.0,-1.6886,-1.4706,,0.0,0.0,0.0,0.0,1.69,False,1.69,-1.4825,-7.0,,,
1960-07-01,2.97,13.4,,,29.55,False,1,2.3,3.9,,3.23,5.5,23.1846,54306,,,"DTWEXM*1.1937 before 2006-01, DTWEXBGS after (ratio-splice on 2006 overlap)",7.2722,,,,55.51,54.17,10.0508,0.0,0.0,-1.3536,-1.4706,,0.0,0.0,0.0,0.0,1.6,False,1.6,0.5839,-24.0,,,
1960-08-01,2.97,13.4,,,29.61,False,1,2.3,3.8,,2.98,5.6,23.1577,54272,,,"DTWEXM*1.1937 before 2006-01, DTWEXBGS after (ratio-splice on 2006 overlap)",7.2979,,,,56.96,54.72,10.0304,0.0,0.0,-1.4522,-1.4706,,0.0,0.0,0.0,0.0,1.5,False,1.5,3.9903,-52.0,,,
1960-09-01,2.97,13.4,,,29.61,False,1,2.48,3.8,,2.6,5.5,22.9153,54227,,,"DTWEXM*1.1937 before 2006-01, DTWEXBGS after (ratio-splice on 2006 overlap)",7.3485,,,,53.52,52.48,10.0304,0.0,0.0,-1.2158,0.0,,0.0,0.0,0.0,0.0,1.32,False,1.32,3.0267,-116.0,,,
1960-10-01,2.97,13.4,,,29.75,False,1,2.3,3.89,,2.47,6.1,22.8884,54142,,,"DTWEXM*1.1937 before 2006-01, DTWEXBGS after (ratio-splice on 2006 overlap)",7.2451,,,,53.39,52.2,9.9832,0.0,0.0,-1.3445,0.0,,0.0,0.0,0.0,0.0,1.59,False,1.59,3.6584,-151.0,,,
1960-11-01,2.97,13.4,,,29.78,False,1,2.37,3.93,,2.44,6.1,22.5653,53961,,,"DTWEXM*1.1937 before 2006-01, DTWEXBGS after (ratio-splice on 2006 overlap)",7.3345,,,,55.54,53.94,9.9731,0.0,0.0,-1.4439,0.0,,0.0,0.0,0.0,0.0,1.56,False,1.56,1.5759,-156.0,,,
1960-12-01,2.97,13.4,,,29.81,False,1,2.25,3.84,,1.98,6.6,22.1344,53742,,,"DTWEXM*1.1937 before 2006-01, DTWEXBGS after (ratio-splice on 2006 overlap)",7.4555,,,,58.11,55.3,9.9631,0.0,0.0,-1.3418,0.0,,0.0,0.0,0.0,0.0,1.59,False,1.59,-6.1644,-201.0,,,
1961-01-01,2.97,13.4,,,29.84,False,1,2.24,3.84,,1.45,6.6,22.1613,53683,,,"DTWEXM*1.1937 before 2006-01, DTWEXBGS after (ratio-splice on 2006 overlap)",7.3751,,,,61.78,57.57,9.9531,0.0,0.0,-1.5751,0.0,,0.0,0.0,0.0,0.0,1.6,False,1.6,-8.4539,-254.0,,,
1961-02-01,2.97,13.4,,,29.84,False,1,2.42,3.78,,2.54,6.9,22.1344,53557,,,"DTWEXM*1.1937 before 2006-01, DTWEXBGS after (ratio-splice on 2006 overlap)",7.252,,,,63.44,61.14,9.9531,0.0,0.0,-1.441,0.0,,0.0,0.0,0.0,0.0,1.36,False,1.36,-7.7441,-143.0,,,
1961-03-01,2.97,13.4,,,29.84,False,0,2.39,3.74,,2.02,6.9,22.2691,53659,,,"DTWEXM*1.1937 before 2006-01, DTWEXBGS after (ratio-splice on 2006 overlap)",7.1661,,,,65.06,63.38,9.9531,0.0,0.0,-1.441,0.0,,0.0,0.0,0.0,0.0,1.35,False,1.35,-6.3418,-182.0,,,
1961-04-01,2.97,13.5,,,29.81,False,0,2.29,3.78,,1.49,7.0,22.7268,53627,,,"DTWEXM*1.1937 before 2006-01, DTWEXBGS after (ratio-splice on 2006 overlap)",7.3164,,,,65.31,64.4,9.9631,0.0,0.0,-0.9057,0.7463,,0.0,0.0,0.0,0.0,1.49,False,1.49,-3.6531,-243.0,,,
1961-05-01,2.97,13.5,,,29.84,False,0,2.29,3.71,,1.98,7.1,23.0769,53786,,,"DTWEXM*1.1937 before 2006-01, DTWEXBGS after (ratio-splice on 2006 overlap)",7.2668,,,,66.56,65.17,9.9531,0.0,0.0,-0.9048,0.7463,,0.0,0.0,0.0,0.0,1.42,False,1.42,-2.0572,-187.0,,,
1961-06-01,2.97,13.5,,,29.84,False,0,2.33,3.88,,1.73,6.9,23.4,53977,,,"DTWEXM*1.1937 before 2006-01, DTWEXBGS after (ratio-splice on 2006 overlap)",7.2749,,,,64.64,64.47,9.9531,0.0,0.0,-0.7708,0.7463,,0.0,0.0,0.0,0.0,1.55,False,1.55,0.5785,-159.0,,,
1961-07-01,2.97,13.5,,,29.92,False,0,2.24,3.92,,1.17,7.0,23.6693,54123,,,"DTWEXM*1.1937 before 2006-01, DTWEXBGS after (ratio-splice on 2006 overlap)",7.2519,,,,66.76,64.41,9.9265,0.0,0.0,-1.2366,0.7463,,0.0,0.0,0.0,0.0,1.68,False,1.68,2.0906,-206.0,,,
1961-08-01,2.97,13.5,,,29.94,False,0,2.39,4.04,,2.0,6.6,23.8847,54298,,,"DTWEXM*1.1937 before 2006-01, DTWEXBGS after (ratio-splice on 2006 overlap)",7.1616,,,,68.07,66.94,9.9198,0.0,0.0,-1.1022,0.7463,,0.0,0.0,0.0,0.0,1.65,False,1.65,3.1393,-98.0,,,
1961-09-01,2.97,13.5,,,29.98,False,0,2.28,3.98,,1.88,6.7,23.8578,54388,,,"DTWEXM*1.1937 before 2006-01, DTWEXBGS after (ratio-splice on 2006 overlap)",7.1429,,,,66.73,65.77,9.9066,0.0,0.0,-1.2342,0.7463,,0.0,0.0,0.0,0.0,1.7,False,1.7,4.113,-72.0,,,
1961-10-01,2.97,13.5,,,29.98,False,0,2.3,3.92,,2.26,6.5,24.3156,54522,,,"DTWEXM*1.1937 before 2006-01, DTWEXBGS after (ratio-splice on 2006 overlap)",7.0707,,,,68.62,66.73,9.9066,0.0,0.0,-0.7672,0.7463,,0.0,0.0,0.0,0.0,1.62,False,1.62,6.2355,-21.0,,,
1961-11-01,2.97,13.5,,,29.98,False,0,2.48,3.94,,2.61,6.1,24.6926,54742,,,"DTWEXM*1.1937 before 2006-01, DTWEXBGS after (ratio-splice on 2006 overlap)",7.1449,,,,71.32,68.73,9.9066,0.0,0.0,-0.6671,0.7463,,0.0,0.0,0.0,0.0,1.46,False,1.46,9.4273,17.0,,,
1961-12-01,2.97,13.5,,,30.01,False,0,2.6,4.06,,2.33,6.0,24.908,54872,,,"DTWEXM*1.1937 before 2006-01, DTWEXBGS after (ratio-splice on 2006 overlap)",7.0091,,,,71.55,70.86,9.8967,0.0,0.0,-0.6664,0.7463,,0.0,0.0,0.0,0.0,1.46,False,1.46,12.5307,35.0,,,
1962-01-01,2.97,13.5,,,30.04,False,0,2.72,4.08,,2.15,5.8,24.6925,54891,,,"DTWEXM*1.1937 before 2006-01, DTWEXBGS after (ratio-splice on 2006 overlap)",7.1065,,,,68.84,67.55,9.8868,0.0,0.0,-0.6658,0.7463,,0.0,0.0,0.0,0.0,1.36,False,1.36,11.4217,70.0,,,
1962-02-01,2.97,13.5,,,30.11,False,0,2.73,4.04,,2.37,5.5,25.0964,55188,,,"DTWEXM*1.1937 before 2006-01, DTWEXBGS after (ratio-splice on 2006 overlap)",7.1751,,,,69.96,68.56,9.8638,0.0,0.0,-0.8967,0.7463,,0.0,0.0,0.0,0.0,1.31,False,1.31,13.3819,-17.0,,,
1962-03-01,2.97,13.5,,,30.17,False,0,2.72,3.93,,2.85,5.6,25.2311,55275,,,"DTWEXM*1.1937 before 2006-01, DTWEXBGS after (ratio-splice on 2006 overlap)",7.1908,,,,69.55,69.16,9.8442,0.0,0.0,-1.0938,0.7463,,0.0,0.0,0.0,0.0,1.21,False,1.21,13.3009,83.0,,,
1962-04-01,2.97,13.5,,,30.21,False,0,2.73,3.84,,2.78,5.6,25.285,55602,,,"DTWEXM*1.1937 before 2006-01, DTWEXBGS after (ratio-splice on 2006 overlap)",7.1309,,,,65.24,64.95,9.8312,0.0,0.0,-1.3241,0.0,,0.0,0.0,0.0,0.0,1.11,False,1.11,11.2563,129.0,,,
1962-05-01,2.97,13.5,,,30.24,False,0,2.69,3.87,,2.36,5.5,25.258,55628,,,"DTWEXM*1.1937 before 2006-01, DTWEXBGS after (ratio-splice on 2006 overlap)",7.0442,,,,59.63,53.13,9.8214,0.0,0.0,-1.3228,0.0,,0.0,0.0,0.0,0.0,1.18,False,1.18,9.4514,38.0,,,
1962-06-01,2.97,13.5,,,30.21,False,0,2.73,3.91,,2.68,5.5,25.2042,55644,,,"DTWEXM*1.1937 before 2006-01, DTWEXBGS after (ratio-splice on 2006 overlap)",7.0755,,,,54.75,51.35,9.8312,0.0,0.0,-1.2248,0.0,,0.0,0.0,0.0,0.0,1.18,False,1.18,7.7103,95.0,,,
1962-07-01,2.97,13.5,,,30.22,False,0,2.92,4.01,,2.71,5.4,25.4465,55746,,,"DTWEXM*1.1937 before 2006-01, DTWEXBGS after (ratio-splice on 2006 overlap)",7.0282,,,,58.23,54.47,9.8279,0.0,0.0,-0.9927,0.0,,0.0,0.0,0.0,0.0,1.09,False,1.09,7.5085,154.0,,,
1962-08-01,2.97,13.5,,,30.28,False,0,2.82,3.98,,2.93,5.7,25.4734,55838,,,"DTWEXM*1.1937 before 2006-01, DTWEXBGS after (ratio-splice on 2006 overlap)",7.0543,,,,59.12,56.76,9.8085,0.0,0.0,-1.1229,0.0,,0.0,0.0,0.0,0.0,1.16,False,1.16,6.6515,93.0,,,
1962-09-01,2.97,13.5,,,30.42,False,0,2.78,3.98,,2.9,5.6,25.635,55978,,,"DTWEXM*1.1937 before 2006-01, DTWEXBGS after (ratio-splice on 2006 overlap)",7.0228,,,,56.27,55.53,9.7633,0.0,0.0,-1.4464,0.0,,0.0,0.0,0.0,0.0,1.2,False,1.2,7.4491,102.0,,,
1962-10-01,2.97,13.5,,,30.38,False,0,2.74,3.93,,2.9,5.4,25.6619,56041,,,"DTWEXM*1.1937 before 2006-01, DTWEXBGS after (ratio-splice on 2006 overlap)",7.176,,,,56.52,52.55,9.7762,0.0,0.0,-1.3167,0.0,,0.0,0.0,0.0,0.0,1.19,False,1.19,5.5368,64.0,,,
1962-11-01,2.97,13.5,,,30.38,False,0,2.83,3.92,,2.94,5.7,25.7696,56056,,,"DTWEXM*1.1937 before 2006-01, DTWEXBGS after (ratio-splice on 2006 overlap)",7.1294,,,,62.26,55.9,9.7762,0.0,0.0,-1.3167,0.0,,0.0,0.0,0.0,0.0,1.09,False,1.09,4.3616,33.0,,,
1962-12-01,2.97,13.5,,,30.38,False,0,2.87,3.86,,2.93,5.5,25.7696,56028,,,"DTWEXM*1.1937 before 2006-01, DTWEXBGS after (ratio-splice on 2006 overlap)",7.227,,,,63.1,61.28,9.7762,0.0,0.0,-1.2179,0.0,,0.0,0.0,0.0,0.0,0.99,False,0.99,3.4591,60.0,,,
1963-01-01,2.97,13.5,,,30.44,False,0,2.91,3.83,,2.92,5.7,25.9581,56115,,,"DTWEXM*1.1937 before 2006-01, DTWEXBGS after (ratio-splice on 2006 overlap)",7.2917,,,,66.2,62.32,9.7569,0.0,0.0,-1.3141,0.0,,0.0,0.0,0.0,0.0,0.92,False,0.92,5.1254,77.0,,,
1963-02-01,2.97,13.5,,,30.48,False,0,2.92,3.92,,3.0,5.9,26.2544,56230,,,"DTWEXM*1.1937 before 2006-01, DTWEXBGS after (ratio-splice on 2006 overlap)",7.338,,,,64.29,64.08,9.7441,0.0,0.0,-1.2139,0.0,,0.0,0.0,0.0,0.0,1.0,False,1.0,4.6142,63.0,,,
1963-03-01,2.97,13.5,,,30.51,False,0,2.89,3.93,,2.98,5.7,26.4159,56320,,,"DTWEXM*1.1937 before 2006-01, DTWEXBGS after (ratio-splice on 2006 overlap)",7.1467,,,,66.57,63.8,9.7345,0.0,0.0,-1.1144,0.0,,0.0,0.0,0.0,0.0,1.04,False,1.04,4.6958,13.0,,,
1963-04-01,2.97,13.5,,,30.48,False,0,2.9,3.97,,2.9,5.7,26.6582,56580,,,"DTWEXM*1.1937 before 2006-01, DTWEXBGS after (ratio-splice on 2006 overlap)",7.0138,,,,69.8,66.23,9.7441,0.0,0.0,-0.8858,0.0,,0.0,0.0,0.0,0.0,1.07,False,1.07,5.4309,12.0,,,
1963-05-01,2.97,13.5,,,30.51,False,0,2.93,3.93,,3.0,5.9,26.9814,56616,,,"DTWEXM*1.1937 before 2006-01, DTWEXBGS after (ratio-splice on 2006 overlap)",7.0785,,,,70.8,69.03,9.7345,0.0,0.0,-0.885,0.0,,0.0,0.0,0.0,0.0,1.0,False,1.0,6.8232,64.0,,,
1963-06-01,2.97,13.5,,,30.61,False,0,2.99,3.99,,2.99,5.6,27.0622,56659,,,"DTWEXM*1.1937 before 2006-01, DTWEXBGS after (ratio-splice on 2006 overlap)",6.8378,,,,69.37,68.78,9.7027,0.0,0.0,-1.3068,0.0,,0.0,0.0,0.0,0.0,1.0,False,1.0,7.3718,31.0,,,
1963-07-01,2.97,13.5,,,30.69,False,0,3.18,4.02,,3.02,5.6,26.9545,56794,,,"DTWEXM*1.1937 before 2006-01, DTWEXBGS after (ratio-splice on 2006 overlap)",6.8678,,,,69.13,67.54,9.6774,0.0,0.0,-1.5314,0.0,,0.0,0.0,0.0,0.0,0.84,False,0.84,5.9262,31.0,,,
1963-08-01,2.97,13.5,,,30.75,False,0,3.32,4.0,,3.49,5.4,27.0083,56910,,,"DTWEXM*1.1937 before 2006-01, DTWEXBGS after (ratio-splice on 2006 overlap)",7.0153,,,,72.5,68.64,9.6585,0.0,0.0,-1.5285,0.0,,0.0,0.0,0.0,0.0,0.68,False,0.68,6.0255,56.0,,,
1963-09-01,2.97,13.5,,,30.72,False,0,3.38,4.08,,3.48,5.5,27.2776,57078,,,"DTWEXM*1.1937 before 2006-01, DTWEXBGS after (ratio-splice on 2006 overlap)",7.0298,,,,71.7,71.28,9.668,0.0,0.0,-0.9766,0.0,,0.0,0.0,0.0,0.0,0.7,False,0.7,6.4076,58.0,,,
1963-10-01,2.97,13.4,,,30.75,False,0,3.45,4.11,,3.5,5.5,27.4661,57283,,,"DTWEXM*1.1937 before 2006-01, DTWEXBGS after (ratio-splice on 2006 overlap)",6.8653,,,,74.01,71.57,9.6585,0.0,0.0,-1.2033,-0.7407,,0.0,0.0,0.0,0.0,0.66,False,0.66,7.0307,60.0,,,
1963-11-01,2.97,13.4,,,30.78,False,0,3.52,4.12,,3.48,5.7,27.6007,57255,,,"DTWEXM*1.1937 before 2006-01, DTWEXBGS after (ratio-splice on 2006 overlap)",6.8053,,,,73.23,69.48,9.6491,0.0,0.0,-1.2995,-0.7407,,0.0,0.0,0.0,0.0,0.6,False,0.6,7.1057,54.0,,,
1963-12-01,2.97,13.4,,,30.88,False,0,3.52,4.13,,3.38,5.5,27.5469,57361,,,"DTWEXM*1.1937 before 2006-01, DTWEXBGS after (ratio-splice on 2006 overlap)",6.9927,,,,75.02,73.02,9.6179,0.0,0.0,-1.6192,-0.7407,,0.0,0.0,0.0,0.0,0.61,False,0.61,6.8969,45.0,,,
1964-01-01,2.97,13.4,,,30.94,False,0,3.52,4.17,,3.48,5.6,27.7892,57487,,,"DTWEXM*1.1937 before 2006-01, DTWEXBGS after (ratio-splice on 2006 overlap)",6.88,,,,77.04,74.82,9.5992,0.0,0.0,-1.616,-0.7407,,0.0,0.0,0.0,0.0,0.65,False,0.65,7.0541,56.0,,,
1964-02-01,2.97,13.4,,,30.91,False,0,3.53,4.15,,3.48,5.4,27.9777,57753,,,"DTWEXM*1.1937 before 2006-01, DTWEXBGS after (ratio-splice on 2006 overlap)",6.8716,,,,77.8,76.36,9.6085,0.0,0.0,-1.3911,-0.7407,,0.0,0.0,0.0,0.0,0.62,False,0.62,6.5639,48.0,,,
1964-03-01,2.97,13.4,,,30.94,False,0,3.54,4.22,,3.43,5.4,27.9777,57897,,,"DTWEXM*1.1937 before 2006-01, DTWEXBGS after (ratio-splice on 2006 overlap)",6.8691,,,,78.98,77.5,9.5992,0.0,0.0,-1.3898,-0.7407,,0.0,0.0,0.0,0.0,0.68,False,0.68,5.9123,45.0,,,
1964-04-01,2.97,13.4,,,30.95,False,0,3.47,4.23,,3.47,5.3,28.4355,57922,,,"DTWEXM*1.1937 before 2006-01, DTWEXBGS after (ratio-splice on 2006 overlap)",6.9017,,,,79.46,78.67,9.5961,0.0,0.0,-1.5186,-0.7407,,0.0,0.0,0.0,0.0,0.76,False,0.76,6.667,57.0,,,
1964-05-01,2.97,13.4,,,30.98,False,0,3.48,4.2,,3.5,5.1,28.597,58089,,,"DTWEXM*1.1937 before 2006-01, DTWEXBGS after (ratio-splice on 2006 overlap)",6.7336,,,,80.37,79.46,9.5868,0.0,0.0,-1.5171,-0.7407,,0.0,0.0,0.0,0.0,0.72,False,0.72,5.9878,50.0,,,
1964-06-01,2.97,13.4,,,31.01,False,0,3.48,4.17,,3.5,5.2,28.6778,58219,,,"DTWEXM*1.1937 before 2006-01, DTWEXBGS after (ratio-splice on 2006 overlap)",6.8303,,,,81.69,78.15,9.5776,0.0,0.0,-1.2899,-0.7407,,0.0,0.0,0.0,0.0,0.69,False,0.69,5.97,51.0,,,
1964-07-01,2.92,13.4,,,31.02,False,0,3.46,4.19,,3.42,4.9,28.8663,58412,,,"DTWEXM*1.1937 before 2006-01, DTWEXBGS after (ratio-splice on 2006 overlap)",6.7968,,,,83.18,81.46,9.4133,-1.6835,-1.6835,-2.7294,-0.7407,,0.0,0.0,0.0,0.0,0.73,False,0.73,7.0927,40.0,,,
1964-08-01,2.92,13.4,,,31.05,False,0,3.5,4.19,,3.5,5.0,29.0548,58619,,,"DTWEXM*1.1937 before 2006-01, DTWEXBGS after (ratio-splice on 2006 overlap)",6.847,,,,81.83,80.8,9.4042,-1.6835,-1.6835,-2.6334,-0.7407,,0.0,0.0,0.0,0.0,0.69,False,0.69,7.5773,1.0,,,
1964-09-01,2.92,13.4,,,31.08,False,0,3.53,4.2,,3.45,5.1,29.1625,58903,,,"DTWEXM*1.1937 before 2006-01, DTWEXBGS after (ratio-splice on 2006 overlap)",6.8651,,,,84.18,81.57,9.3951,-1.6835,-1.6835,-2.8223,-0.7407,,0.0,0.0,0.0,0.0,0.67,False,0.67,6.9101,-3.0,,,
1964-10-01,2.92,13.4,,,31.12,False,0,3.57,4.19,,3.36,5.1,28.7586,58793,,,"DTWEXM*1.1937 before 2006-01, DTWEXBGS after (ratio-splice on 2006 overlap)",6.9828,,,,84.86,83.65,9.383,-1.6835,-1.6835,-2.8524,0.0,,0.0,0.0,0.0,0.0,0.62,False,0.62,4.7058,-14.0,,,
1964-11-01,2.92,13.4,,,31.21,False,0,3.64,4.15,,3.52,4.8,29.6472,59218,,,"DTWEXM*1.1937 before 2006-01, DTWEXBGS after (ratio-splice on 2006 overlap)",6.7963,,,,84.42,84.1,9.356,-1.6835,-1.6835,-3.0381,0.0,,0.0,0.0,0.0,0.0,0.51,False,0.51,7.4147,4.0,,,
1964-12-01,2.92,13.4,,,31.25,False,0,3.84,4.18,,3.85,5.0,29.9973,59421,,,"DTWEXM*1.1937 before 2006-01, DTWEXBGS after (ratio-splice on 2006 overlap)",6.7933,,,,84.75,82.65,9.344,-1.6835,-1.6835,-2.8476,0.0,,0.0,0.0,0.0,0.0,0.34,False,0.34,8.8954,47.0,,,
1965-01-01,2.92,13.4,,,31.28,False,0,3.81,4.19,,3.9,4.9,30.3204,59582,,,"DTWEXM*1.1937 before 2006-01, DTWEXBGS after (ratio-splice on 2006 overlap)",6.6918,,,,87.56,83.77,9.335,-1.6835,-1.6835,-2.7522,0.0,,0.0,0.0,0.0,0.0,0.38,False,0.38,9.1086,42.0,,,
1965-02-01,2.92,13.4,,,31.28,False,0,3.93,4.21,,3.98,5.1,30.5089,59800,,,"DTWEXM*1.1937 before 2006-01, DTWEXBGS after (ratio-splice on 2006 overlap)",6.7455,,,,87.43,85.25,9.335,-1.6835,-1.6835,-2.8465,0.0,,0.0,0.0,0.0,0.0,0.28,False,0.28,9.0472,50.0,,,
1965-03-01,2.92,13.4,,,31.31,False,0,3.93,4.21,,4.05,4.7,30.9128,60003,,,"DTWEXM*1.1937 before 2006-01, DTWEXBGS after (ratio-splice on 2006 overlap)",6.7621,,,,86.16,85.65,9.3261,-1.6835,-1.6835,-2.8453,0.0,,0.0,0.0,0.0,0.0,0.28,False,0.28,10.4909,62.0,,,
1965-04-01,2.92,13.4,,,31.38,False,0,3.93,4.2,,4.09,4.8,31.0474,60259,,,"DTWEXM*1.1937 before 2006-01, DTWEXBGS after (ratio-splice on 2006 overlap)",6.7948,,,,89.11,85.87,9.3053,-1.6835,-1.6835,-3.0307,0.0,,0.0,0.0,0.0,0.0,0.27,False,0.27,9.1853,62.0,,,
1965-05-01,2.92,13.4,,,31.48,False,0,3.89,4.21,,4.1,4.6,31.2898,60491,,,"DTWEXM*1.1937 before 2006-01, DTWEXBGS after (ratio-splice on 2006 overlap)",6.8099,,,,88.42,87.24,9.2757,-1.6835,-1.6835,-3.2451,0.0,,0.0,0.0,0.0,0.0,0.32,False,0.32,9.4164,60.0,,,
1965-06-01,2.92,13.4,,,31.61,False,0,3.8,4.21,,4.05,4.6,31.5321,60690,,,"DTWEXM*1.1937 before 2006-01, DTWEXBGS after (ratio-splice on 2006 overlap)",6.9393,,,,84.12,80.73,9.2376,-1.6835,-1.6835,-3.5497,0.0,,0.0,0.0,0.0,0.0,0.41,False,0.41,9.953,55.0,,,
1965-07-01,2.92,13.4,,,31.58,False,0,3.84,4.2,,4.09,4.4,31.8283,60965,,,"DTWEXM*1.1937 before 2006-01, DTWEXBGS after (ratio-splice on 2006 overlap)",6.9388,,,,85.25,83.3,9.2464,0.0,0.0,-1.7733,0.0,,0.0,0.0,0.0,0.0,0.36,False,0.36,10.2611,67.0,,,
1965-08-01,2.92,13.4,,,31.55,False,0,3.84,4.25,,4.12,4.4,31.963,61228,,,"DTWEXM*1.1937 before 2006-01, DTWEXBGS after (ratio-splice on 2006 overlap)",6.7957,,,,87.17,84.8,9.2552,0.0,0.0,-1.5848,0.0,,0.0,0.0,0.0,0.0,0.41,False,0.41,10.0094,62.0,,,
1965-09-01,2.92,13.4,,,31.62,False,0,3.92,4.29,,4.02,4.3,32.0438,61490,,,"DTWEXM*1.1937 before 2006-01, DTWEXBGS after (ratio-splice on 2006 overlap)",6.7478,,,,89.96,86.69,9.2347,0.0,0.0,-1.7078,0.0,,0.0,0.0,0.0,0.0,0.37,False,0.37,9.8802,57.0,,,
1965-10-01,2.92,13.4,,,31.65,False,0,4.03,4.35,,4.08,4.2,32.3669,61719,,,"DTWEXM*1.1937 before 2006-01, DTWEXBGS after (ratio-splice on 2006 overlap)",6.7612,,,,92.42,89.3,9.2259,0.0,0.0,-1.6746,0.0,,0.0,0.0,0.0,0.0,0.32,False,0.32,12.5469,72.0,,,
1965-11-01,2.92,13.4,,,31.75,False,0,4.09,4.45,,4.1,4.1,32.5015,61996,,,"DTWEXM*1.1937 before 2006-01, DTWEXBGS after (ratio-splice on 2006 overlap)",6.7523,,,,91.61,90.81,9.1969,0.0,0.0,-1.7008,0.0,,0.0,0.0,0.0,0.0,0.36,False,0.36,9.6276,58.0,,,
1965-12-01,2.92,13.4,,,31.85,False,0,4.38,4.62,,4.32,4.0,32.9054,62322,,,"DTWEXM*1.1937 before 2006-01, DTWEXBGS after (ratio-splice on 2006 overlap)",6.6927,,,,92.43,89.2,9.168,0.0,0.0,-1.8838,0.0,,0.0,0.0,0.0,0.0,0.24,True,0.24,9.6945,47.0,,,
1966-01-01,2.92,13.4,,,31.88,False,0,4.59,4.61,,4.42,4.0,33.2286,62529,,,"DTWEXM*1.1937 before 2006-01, DTWEXBGS after (ratio-splice on 2006 overlap)",6.7068,,,,92.88,91.63,9.1593,0.0,0.0,-1.8821,0.0,,0.0,0.0,0.0,0.0,0.02,True,0.02,9.5916,52.0,,,
1966-02-01,2.92,13.4,,,32.08,False,0,4.65,4.83,,4.6,3.8,33.444,62796,,,"DTWEXM*1.1937 before 2006-01, DTWEXBGS after (ratio-splice on 2006 overlap)",6.5717,,,,91.22,90.43,9.1022,0.0,0.0,-2.4938,0.0,,0.0,0.0,0.0,0.0,0.18,True,0.18,9.6205,62.0,,,
1966-03-01,2.92,13.4,,,32.18,False,0,4.59,4.87,,4.66,3.8,33.9018,63192,,,"DTWEXM*1.1937 before 2006-01, DTWEXBGS after (ratio-splice on 2006 overlap)",6.5684,,,,89.23,86.69,9.074,0.0,0.0,-2.7035,0.0,,0.0,0.0,0.0,0.0,0.28,True,0.28,9.6691,61.0,,,
1966-04-01,2.92,13.4,,,32.28,False,0,4.62,4.75,,4.67,3.8,33.9556,63437,,,"DTWEXM*1.1937 before 2006-01, DTWEXBGS after (ratio-splice on 2006 overlap)",6.6471,,,,91.06,88.96,9.0458,0.0,0.0,-2.7881,0.0,,0.0,0.0,0.0,0.0,0.13,True,0.13,9.367,58.0,,,
1966-05-01,2.92,13.4,,,32.35,False,0,4.64,4.78,,4.9,3.9,34.2787,63712,,,"DTWEXM*1.1937 before 2006-01, DTWEXBGS after (ratio-splice on 2006 overlap)",6.7639,,,,86.13,83.18,9.0263,0.0,0.0,-2.6893,0.0,,0.0,0.0,0.0,0.0,0.14,True,0.14,9.5523,80.0,,,
1966-06-01,2.92,13.5,,,32.38,False,0,4.5,4.81,,5.17,3.8,34.4403,64111,,,"DTWEXM*1.1937 before 2006-01, DTWEXBGS after (ratio-splice on 2006 overlap)",6.7928,,,,84.74,83.75,9.0179,0.0,0.0,-2.378,0.7463,,0.0,0.0,0.0,0.0,0.31,True,0.31,9.223,112.0,,,
1966-07-01,2.92,13.5,,,32.45,False,0,4.8,5.02,,5.3,3.8,34.6288,64301,,,"DTWEXM*1.1937 before 2006-01, DTWEXBGS after (ratio-splice on 2006 overlap)",6.7208,,,,83.6,83.05,8.9985,0.0,0.0,-2.681,0.7463,,0.0,0.0,0.0,0.0,0.22,True,0.22,8.7988,121.0,,,
1966-08-01,2.92,13.5,,,32.65,False,0,4.96,5.22,,5.53,3.8,34.6557,64507,,,"DTWEXM*1.1937 before 2006-01, DTWEXBGS after (ratio-splice on 2006 overlap)",6.7467,,,,77.1,73.91,8.9433,0.0,0.0,-3.3691,0.7463,,0.0,0.0,0.0,0.0,0.26,True,0.26,8.4244,141.0,,,
1966-09-01,2.97,13.5,,,32.75,False,0,5.37,5.18,,5.4,3.7,34.9789,64643,,,"DTWEXM*1.1937 before 2006-01, DTWEXBGS after (ratio-splice on 2006 overlap)",6.7253,,,,76.56,75.03,9.0687,1.7123,1.7123,-1.7971,0.7463,,0.0,0.0,0.0,0.0,-0.19,True,-0.19,9.1597,138.0,,,
1966-10-01,2.97,13.6,,,32.85,False,0,5.35,5.01,,5.53,3.7,35.2212,64854,,,"DTWEXM*1.1937 before 2006-01, DTWEXBGS after (ratio-splice on 2006 overlap)",6.7581,,,,80.2,72.28,9.0411,1.7123,1.7123,-2.0032,1.4925,,0.0,0.0,0.738,0.738,-0.34,True,-0.34,8.8186,145.0,,,
1966-11-01,2.97,13.6,,,32.88,False,0,5.32,5.16,,5.76,3.6,34.9788,65019,,,"DTWEXM*1.1937 before 2006-01, DTWEXBGS after (ratio-splice on 2006 overlap)",6.7129,,,,80.45,78.89,9.0328,1.7123,1.7123,-1.7833,1.4925,,0.0,0.0,0.0,0.738,-0.16,True,-0.16,7.6221,166.0,,,
1966-12-01,2.97,13.6,,,32.92,False,0,4.96,4.84,,5.4,3.8,35.0596,65199,,,"DTWEXM*1.1937 before 2006-01, DTWEXBGS after (ratio-splice on 2006 overlap)",6.8117,,,,80.33,79.49,9.0219,1.7123,1.7123,-1.5936,1.4925,,0.0,0.0,0.0,0.738,-0.12,True,-0.12,6.5466,108.0,,,
1967-01-01,2.97,13.6,,,32.9,False,0,4.72,4.58,,4.94,3.9,35.225,65407,,,"DTWEXM*1.1937 before 2006-01, DTWEXBGS after (ratio-splice on 2006 overlap)",6.6775,,,,86.61,79.43,9.0274,1.7123,1.7123,-1.4411,1.4925,,0.0,0.0,0.0,0.738,-0.14,True,-0.14,6.0081,52.0,,,
1967-02-01,3.0,13.6,,,33.0,False,0,4.56,4.63,,5.0,3.8,34.8255,65429,,,"DTWEXM*1.1937 before 2006-01, DTWEXBGS after (ratio-splice on 2006 overlap)",6.8357,,,,86.78,85.61,9.0909,2.7397,2.7397,-0.1245,1.4925,,1.005,1.005,0.0,0.738,0.07,True,0.07,4.1308,40.0,,,
1967-03-01,3.0,13.6,,,33.0,False,0,4.26,4.54,,4.53,3.8,34.6292,65530,,,"DTWEXM*1.1937 before 2006-01, DTWEXBGS after (ratio-splice on 2006 overlap)",6.6559,,,,90.2,86.67,9.0909,2.7397,2.7397,0.1868,1.4925,,0.0,1.005,0.0,0.738,0.28,True,0.28,2.1456,-13.0,,,
1967-04-01,3.0,13.6,,,33.1,False,0,3.84,4.59,,4.05,3.8,34.9558,65466,,,"DTWEXM*1.1937 before 2006-01, DTWEXBGS after (ratio-splice on 2006 overlap)",6.6427,,,,94.01,87.86,9.0634,2.7397,2.7397,0.1945,1.4925,,0.0,1.005,0.0,0.738,0.75,True,0.75,2.9456,-62.0,,,
1967-05-01,3.0,13.6,,,33.1,False,0,3.6,4.85,,3.94,3.8,34.6508,65620,,,"DTWEXM*1.1937 before 2006-01, DTWEXBGS after (ratio-splice on 2006 overlap)",6.8897,,,,89.08,88.71,9.0634,2.7397,2.7397,0.4118,1.4925,,0.0,1.005,0.0,0.738,1.25,True,1.25,1.0855,-96.0,,,
1967-06-01,3.0,13.6,,,33.3,False,0,3.54,5.02,,3.98,3.9,34.6465,65750,,,"DTWEXM*1.1937 before 2006-01, DTWEXBGS after (ratio-splice on 2006 overlap)",6.7877,,,,90.64,87.19,9.009,2.7397,2.7397,-0.0987,0.7407,,0.0,1.005,0.0,0.738,1.48,True,1.48,0.5987,-119.0,,,
1967-07-01,3.0,13.6,,,33.4,False,0,4.21,5.16,,3.79,3.8,34.5676,65888,,,"DTWEXM*1.1937 before 2006-01, DTWEXBGS after (ratio-splice on 2006 overlap)",6.8088,,,,94.75,90.12,8.982,2.7397,2.7397,-0.1825,0.7407,,0.0,1.005,0.0,0.738,0.95,True,0.95,-0.1767,-151.0,,,
1967-08-01,3.07,13.7,,,33.5,False,0,4.27,5.28,,3.9,3.8,35.2299,66143,,,"DTWEXM*1.1937 before 2006-01, DTWEXBGS after (ratio-splice on 2006 overlap)",6.6104,,,,93.64,92.01,9.1642,5.137,5.137,2.4693,1.4815,,2.3065,3.3116,0.7326,1.4706,1.01,False,1.01,1.6569,-163.0,,,
1967-09-01,3.07,13.7,,,33.6,False,0,4.42,5.3,,3.99,3.8,35.1727,66164,,,"DTWEXM*1.1937 before 2006-01, DTWEXBGS after (ratio-splice on 2006 overlap)",6.633,,,,96.71,93.0,9.1369,3.367,3.367,0.7521,1.4815,,0.0,3.3116,0.0,1.4706,0.88,False,0.88,0.554,-141.0,,,
1967-10-01,3.07,13.7,,,33.7,False,0,4.56,5.48,,3.88,4.0,35.4591,66225,,,"DTWEXM*1.1937 before 2006-01, DTWEXBGS after (ratio-splice on 2006 overlap)",6.7161,,,,93.3,93.29,9.1098,3.367,3.367,0.7598,0.7353,,0.0,3.3116,0.0,0.7326,0.92,False,0.92,0.6754,-165.0,,,
1967-11-01,3.07,13.7,,,33.9,False,0,4.73,5.75,,4.13,3.9,35.9663,66703,,,"DTWEXM*1.1937 before 2006-01, DTWEXBGS after (ratio-splice on 2006 overlap)",6.8419,,,,94.0,90.09,9.056,3.367,3.367,0.2568,0.7353,,0.0,3.3116,0.0,0.7326,1.02,False,1.02,2.8231,-163.0,,,
1967-12-01,3.07,13.7,,,34.0,False,0,4.97,5.7,,4.51,3.8,36.3536,66900,,,"DTWEXM*1.1937 before 2006-01, DTWEXBGS after (ratio-splice on 2006 overlap)",6.7416,,,,96.47,93.41,9.0294,3.367,3.367,0.0836,0.7353,,0.0,3.3116,0.0,0.7326,0.73,False,0.73,3.6909,-89.0,,,
1968-01-01,3.07,13.7,,,34.1,False,0,5.0,5.53,,4.61,3.7,36.3145,66804,,,"DTWEXM*1.1937 before 2006-01, DTWEXBGS after (ratio-splice on 2006 overlap)",6.7056,-12.0555,,,92.24,91.27,9.0029,3.367,3.367,-0.2705,0.7353,,0.0,3.3116,0.0,0.7326,0.53,False,0.53,3.093,-33.0,,,
1968-02-01,3.07,13.7,,,34.2,False,0,4.98,5.56,,4.71,3.8,36.4446,67215,,,"DTWEXM*1.1937 before 2006-01, DTWEXBGS after (ratio-splice on 2006 overlap)",6.7279,-8.7353,,,89.36,86.73,8.9766,2.3333,2.3333,-1.2573,0.7353,,0.0,2.3065,0.0,0.7326,0.58,False,0.58,4.6492,-29.0,,,
1968-03-01,3.07,13.7,,,34.3,False,0,5.17,5.74,,5.05,3.7,36.5584,67295,,,"DTWEXM*1.1937 before 2006-01, DTWEXBGS after (ratio-splice on 2006 overlap)",6.614,-10.5723,,,90.2,86.99,8.9504,2.3333,2.3333,-1.5452,0.7353,,0.0,2.3065,0.0,0.7326,0.57,False,0.57,5.571,52.0,,,
1968-04-01,3.07,13.7,,,34.4,False,0,5.38,5.64,,5.76,3.5,36.6113,67556,,,"DTWEXM*1.1937 before 2006-01, DTWEXBGS after (ratio-splice on 2006 overlap)",6.5625,-10.6991,,,97.46,91.11,8.9244,2.3333,2.3333,-1.5339,0.7353,,0.0,2.3065,0.0,0.7326,0.26,False,0.26,4.736,171.0,,,
1968-05-01,3.07,13.7,,,34.5,False,0,5.66,5.87,,6.12,3.5,37.022,67652,,,"DTWEXM*1.1937 before 2006-01, DTWEXBGS after (ratio-splice on 2006 overlap)",6.4569,-9.9666,,,98.68,95.8,8.8986,2.3333,2.3333,-1.8193,0.7353,,0.0,2.3065,0.0,0.7326,0.21,True,0.21,6.8431,218.0,,,
1968-06-01,3.07,13.7,,,34.7,False,0,5.52,5.72,,6.07,3.7,37.158,67905,,,"DTWEXM*1.1937 before 2006-01, DTWEXBGS after (ratio-splice on 2006 overlap)",6.4534,-7.0186,,,99.58,98.72,8.8473,2.3333,2.3333,-1.7954,0.7353,,0.0,2.3065,0.0,0.7326,0.2,True,0.2,7.2489,209.0,,,
1968-07-01,3.07,13.8,,,34.9,False,0,5.31,5.5,,6.03,3.7,37.101,68126,,,"DTWEXM*1.1937 before 2006-01, DTWEXBGS after (ratio-splice on 2006 overlap)",6.4276,-11.6489,,,97.74,96.84,8.7966,2.3333,2.3333,-2.0649,1.4706,,0.0,2.3065,0.7273,1.4599,0.19,True,0.19,7.3288,224.0,,,
1968-08-01,3.07,13.8,,,35.0,False,0,5.09,5.42,,6.03,3.5,37.2045,68330,,,"DTWEXM*1.1937 before 2006-01, DTWEXBGS after (ratio-splice on 2006 overlap)",6.4727,-15.2798,,,98.86,95.79,8.7714,0.0,0.0,-4.2857,0.7299,,0.0,0.0,0.0,0.7273,0.33,True,0.33,5.6049,213.0,,,
1968-09-01,3.07,13.8,,,35.1,False,0,5.19,5.46,,5.78,3.4,37.3454,68484,,,"DTWEXM*1.1937 before 2006-01, DTWEXBGS after (ratio-splice on 2006 overlap)",6.4766,-14.5118,,,102.67,98.31,8.7464,0.0,0.0,-4.2735,0.7299,,0.0,0.0,0.0,0.7273,0.27,True,0.27,6.1772,179.0,,,
1968-10-01,3.07,13.8,,,35.3,False,0,5.35,5.58,,5.91,3.4,37.4196,68721,,,"DTWEXM*1.1937 before 2006-01, DTWEXBGS after (ratio-splice on 2006 overlap)",6.4031,-19.4413,,,103.41,101.8,8.6969,0.0,0.0,-4.5326,0.7299,,0.0,0.0,0.0,0.7273,0.23,True,0.23,5.5289,203.0,,,
1968-11-01,3.07,13.8,,,35.4,False,0,5.45,5.7,,5.82,3.4,37.9036,68984,,,"DTWEXM*1.1937 before 2006-01, DTWEXBGS after (ratio-splice on 2006 overlap)",6.3811,-8.1938,,,108.37,101.85,8.6723,0.0,0.0,-4.2373,0.7299,,0.0,0.0,0.0,0.7273,0.25,True,0.25,5.3864,169.0,,,
1968-12-01,3.07,13.8,,,35.6,False,0,5.96,6.03,,6.02,3.4,38.0233,69248,,,"DTWEXM*1.1937 before 2006-01, DTWEXBGS after (ratio-splice on 2006 overlap)",6.418,-15.8765,,,103.86,102.98,8.6236,0.0,0.0,-4.4944,0.7299,,0.0,0.0,0.0,0.7273,0.07,True,0.07,4.5929,151.0,,,
1969-01-01,3.07,13.8,,,35.7,False,0,6.14,6.04,,6.3,3.4,38.2533,69439,,,"DTWEXM*1.1937 before 2006-01, DTWEXBGS after (ratio-splice on 2006 overlap)",6.4096,-18.2399,,,103.01,96.63,8.5994,0.0,0.0,-4.4818,0.7299,,0.0,0.0,0.0,0.7273,-0.1,True,-0.1,5.3389,169.0,,,-6.1844
1969-02-01,3.07,13.8,,,35.8,False,0,6.12,6.19,,6.61,3.4,38.4981,69699,,,"DTWEXM*1.1937 before 2006-01, DTWEXBGS after (ratio-splice on 2006 overlap)",6.4379,-17.4503,,,98.13,97.36,8.5754,0.0,0.0,-4.4693,0.7299,,0.0,0.0,0.0,0.7273,0.07,True,0.07,5.6346,190.0,,,-8.715
1969-03-01,3.25,14.3,,,36.1,False,0,6.02,6.3,,6.79,3.4,38.8,69905,,,"DTWEXM*1.1937 before 2006-01, DTWEXBGS after (ratio-splice on 2006 overlap)",6.5716,-16.3346,,,101.51,97.06,9.0028,5.8632,5.8632,0.5847,4.3796,,5.6977,5.6977,3.5591,4.2864,0.28,True,0.28,6.1316,174.0,,,-5.7623
1969-04-01,3.35,14.5,,,36.3,False,0,6.11,6.17,,7.41,3.4,38.6573,70072,,,"DTWEXM*1.1937 before 2006-01, DTWEXBGS after (ratio-splice on 2006 overlap)",6.4826,-22.1786,,,103.69,99.08,9.2287,9.1205,9.1205,3.409,5.8394,,3.0305,8.7283,1.3889,5.6753,0.06,True,0.06,5.5884,165.0,,,-11.4795
1969-05-01,3.35,14.5,,,36.4,False,0,6.04,6.32,,8.67,3.4,38.5111,70328,,,"DTWEXM*1.1937 before 2006-01, DTWEXBGS after (ratio-splice on 2006 overlap)",6.4301,-27.0749,,,103.46,102.29,9.2033,9.1205,9.1205,3.4247,5.8394,,0.0,8.7283,0.0,5.6753,0.28,True,0.28,4.0222,255.0,,,-17.1083
1969-06-01,3.35,14.5,,,36.6,False,0,6.44,6.57,,8.9,3.5,38.8874,70636,,,"DTWEXM*1.1937 before 2006-01, DTWEXBGS after (ratio-splice on 2006 overlap)",6.457,-18.1059,,,97.71,95.21,9.153,9.1205,9.1205,3.4558,5.8394,,0.0,8.7283,0.0,5.6753,0.13,True,0.13,4.6542,283.0,,,-11.0873
1969-07-01,3.35,14.5,,,36.8,False,0,7.0,6.72,,8.61,3.5,39.0927,70729,,,"DTWEXM*1.1937 before 2006-01, DTWEXBGS after (ratio-splice on 2006 overlap)",6.4543,-25.8973,,,91.83,88.04,9.1033,9.1205,9.1205,3.4866,5.0725,,0.0,8.7283,0.0,4.948,-0.28,True,-0.28,5.3683,258.0,,,-14.2483
1969-08-01,3.35,14.5,,,36.9,False,0,6.98,6.69,,9.19,3.5,39.1825,71008,,,"DTWEXM*1.1937 before 2006-01, DTWEXBGS after (ratio-splice on 2006 overlap)",6.4437,-21.3085,,,95.51,91.48,9.0786,9.1205,9.1205,3.5018,5.0725,,0.0,8.7283,0.0,4.948,-0.29,True,-0.29,5.3166,316.0,,,-6.0287
1969-09-01,3.35,14.5,,,37.1,False,0,7.09,7.16,,9.15,3.7,39.1737,70914,,,"DTWEXM*1.1937 before 2006-01, DTWEXBGS after (ratio-splice on 2006 overlap)",6.4253,-13.751,,,93.12,91.77,9.0296,9.1205,9.1205,3.238,5.0725,,0.0,8.7283,0.0,4.948,0.07,True,0.07,4.8956,337.0,,,0.7608
1969-10-01,3.35,14.5,,,37.3,False,0,7.0,7.1,,9.0,3.7,39.1852,71121,,,"DTWEXM*1.1937 before 2006-01, DTWEXBGS after (ratio-splice on 2006 overlap)",6.4511,-5.9897,,,97.12,91.66,8.9812,9.1205,9.1205,3.2696,5.0725,,0.0,8.7283,0.0,4.948,0.1,True,0.1,4.7184,309.0,,,13.4516
1969-11-01,3.35,14.5,,,37.5,False,0,7.24,7.14,,8.85,3.5,38.8158,71086,,,"DTWEXM*1.1937 before 2006-01, DTWEXBGS after (ratio-splice on 2006 overlap)",6.4625,-0.2976,,,93.81,92.24,8.9333,9.1205,9.1205,3.0098,5.0725,,0.0,8.7283,0.0,4.948,-0.1,True,-0.1,2.4066,303.0,,,7.8962
1969-12-01,3.35,14.5,,,37.7,False,0,7.82,7.65,,8.97,3.5,38.7116,71241,,,"DTWEXM*1.1937 before 2006-01, DTWEXBGS after (ratio-splice on 2006 overlap)",6.4708,4.3539,,,92.06,88.62,8.8859,9.1205,9.1205,3.0422,5.0725,,0.0,8.7283,0.0,4.948,-0.17,True,-0.17,1.8102,295.0,,,20.2304
1970-01-01,3.35,14.5,,,37.9,False,1,7.87,7.79,,8.98,3.9,37.9948,71176,,,"DTWEXM*1.1937 before 2006-01, DTWEXBGS after (ratio-splice on 2006 overlap)",6.5214,25.883,,,85.02,84.42,8.8391,9.1205,9.1205,2.7863,5.0725,,0.0,8.7283,0.0,4.948,-0.08,True,-0.08,-0.6758,268.0,,,44.123
1970-02-01,3.35,14.5,,,38.1,False,1,7.13,7.24,,8.98,4.2,37.9698,71305,,,"DTWEXM*1.1937 before 2006-01, DTWEXBGS after (ratio-splice on 2006 overlap)",6.3722,40.1304,,,89.5,84.64,8.7927,9.1205,9.1205,2.5332,5.0725,,0.0,8.7283,0.0,4.948,0.11,True,0.11,-1.3723,237.0,,,57.5807
1970-03-01,3.35,14.5,,,38.3,False,1,6.63,7.07,,7.76,4.4,37.9205,71451,,,"DTWEXM*1.1937 before 2006-01, DTWEXBGS after (ratio-splice on 2006 overlap)",6.421,54.2107,,,89.63,86.19,8.7467,3.0769,3.0769,-2.8439,1.3986,,0.0,3.0305,0.0,1.3889,0.44,True,0.44,-2.2668,97.0,,,70.5453
1970-04-01,3.35,14.5,,,38.5,False,1,6.51,7.39,,8.1,4.6,37.823,71348,,,"DTWEXM*1.1937 before 2006-01, DTWEXBGS after (ratio-splice on 2006 overlap)",6.4308,55.5209,,,81.52,79.31,8.7013,0.0,0.0,-5.7143,0.0,,0.0,0.0,0.0,0.0,0.88,True,0.88,-2.1582,69.0,,,77.6995
1970-05-01,3.35,14.5,,,38.6,False,1,6.84,7.91,,7.95,4.8,37.7789,71124,,,"DTWEXM*1.1937 before 2006-01, DTWEXBGS after (ratio-splice on 2006 overlap)",6.3823,57.0653,,,76.55,68.61,8.6788,0.0,0.0,-5.6995,0.0,,0.0,0.0,0.0,0.0,1.07,True,1.07,-1.9013,-72.0,,,84.1402
1970-06-01,3.35,14.5,,,38.8,False,1,6.68,7.84,,7.61,4.9,37.6567,71029,,,"DTWEXM*1.1937 before 2006-01, DTWEXBGS after (ratio-splice on 2006 overlap)",6.3747,52.5629,,,72.72,72.25,8.634,0.0,0.0,-5.6701,0.0,,0.0,0.0,0.0,0.0,1.16,True,1.16,-3.1648,-129.0,,,70.6688
1970-07-01,3.31,14.3,,,38.9,False,1,6.45,7.46,,7.21,5.0,37.7491,71053,,,"DTWEXM*1.1937 before 2006-01, DTWEXBGS after (ratio-splice on 2006 overlap)",6.4302,48.1402,,,78.05,70.69,8.509,-1.194,-1.194,-6.528,-1.3793,,0.0,0.0,0.0,0.0,1.01,True,1.01,-3.437,-140.0,,,74.0375
1970-08-01,3.31,14.3,,,39.0,False,1,6.41,7.53,,6.62,5.1,37.6818,70937,,,"DTWEXM*1.1937 before 2006-01, DTWEXBGS after (ratio-splice on 2006 overlap)",6.3563,54.0583,,,81.52,74.13,8.4872,-1.194,-1.194,-6.5144,-1.3793,,0.0,0.0,0.0,0.0,1.12,False,1.12,-3.83,-257.0,,,75.3668
1970-09-01,3.31,14.3,,,39.2,False,1,6.12,7.39,,6.29,5.4,37.4221,70944,,,"DTWEXM*1.1937 before 2006-01, DTWEXBGS after (ratio-splice on 2006 overlap)",6.4027,59.3807,,,84.3,79.95,8.4439,-1.194,-1.194,-6.4872,-1.3793,,0.0,0.0,0.0,0.0,1.27,False,1.27,-4.4714,-286.0,,,73.1317
1970-10-01,3.31,14.3,,,39.4,False,1,5.91,7.33,,6.2,5.5,36.6735,70521,,,"DTWEXM*1.1937 before 2006-01, DTWEXBGS after (ratio-splice on 2006 overlap)",6.4408,59.8205,,,83.25,82.29,8.401,-1.194,-1.194,-6.4603,-1.3793,,0.0,0.0,0.0,0.0,1.42,False,1.42,-6.4098,-280.0,,,65.8102
1970-11-01,3.31,14.3,,,39.6,False,1,5.28,6.84,,5.6,5.9,36.4514,70409,,,"DTWEXM*1.1937 before 2006-01, DTWEXBGS after (ratio-splice on 2006 overlap)",6.4423,54.6776,,,87.2,82.23,8.3586,-1.194,-1.194,-6.4337,-1.3793,,0.0,0.0,0.0,0.0,1.56,False,1.56,-6.0913,-325.0,,,54.9752
1970-12-01,3.56,15.4,,,39.8,False,0,4.87,6.39,,4.9,6.1,37.2885,70792,,,"DTWEXM*1.1937 before 2006-01, DTWEXBGS after (ratio-splice on 2006 overlap)",6.4453,17.0178,,,92.15,86.11,8.9447,6.2687,6.2687,0.6615,6.2069,,6.08,6.08,6.0219,6.0219,1.52,False,1.52,-3.6762,-407.0,,,12.664
1971-01-01,3.56,15.6,,,39.9,False,0,4.44,6.24,,4.14,5.9,37.5753,70865,,,"DTWEXM*1.1937 before 2006-01, DTWEXBGS after (ratio-splice on 2006 overlap)",6.4488,8.2301,,,95.88,90.64,8.9223,6.2687,6.2687,0.9419,7.5862,,0.0,6.08,1.2903,7.3122,1.8,False,1.8,-1.1041,-484.0,,,-17.6529
1971-02-01,3.56,15.6,,,39.9,False,0,3.7,6.11,,3.72,5.9,37.5037,70807,,,"DTWEXM*1.1937 before 2006-01, DTWEXBGS after (ratio-splice on 2006 overlap)",6.4174,-15.7217,,,96.75,94.92,8.9223,6.2687,6.2687,1.4746,7.5862,,0.0,6.08,0.0,7.3122,2.41,False,2.41,-1.2276,-526.0,,,-55.8521
1971-03-01,3.56,15.6,,,40.0,False,0,3.38,5.7,,3.71,6.0,37.4631,70860,,,"DTWEXM*1.1937 before 2006-01, DTWEXBGS after (ratio-splice on 2006 overlap)",6.4076,-17.4743,,,100.31,96.11,8.9,6.2687,6.2687,1.7522,7.5862,,0.0,6.08,0.0,7.3122,2.32,False,2.32,-1.2062,-405.0,,,-71.685
1971-04-01,3.56,15.6,,,40.1,False,0,3.86,5.83,,4.16,5.9,37.6735,71036,,,"DTWEXM*1.1937 before 2006-01, DTWEXBGS after (ratio-splice on 2006 overlap)",6.3879,-22.7332,,,103.95,99.63,8.8778,6.2687,6.2687,2.0285,7.5862,,0.0,6.08,0.0,7.3122,1.97,False,1.97,-0.3953,-394.0,,,-78.2541
1971-05-01,3.56,15.6,,,40.3,False,0,4.14,6.39,,4.63,5.9,37.8646,71247,,,"DTWEXM*1.1937 before 2006-01, DTWEXBGS after (ratio-splice on 2006 overlap)",6.3233,-29.4612,,,99.63,98.68,8.8337,6.2687,6.2687,1.7859,7.5862,,0.0,6.08,0.0,7.3122,2.25,False,2.25,0.2268,-332.0,,,-86.5265
1971-06-01,3.56,15.6,,,40.5,False,0,4.75,6.52,,4.91,5.9,38.0234,71254,,,"DTWEXM*1.1937 before 2006-01, DTWEXBGS after (ratio-splice on 2006 overlap)",6.3304,-53.0541,,,98.7,96.92,8.7901,6.2687,6.2687,1.808,7.5862,,0.0,6.08,0.0,7.3122,1.77,False,1.77,0.9738,-270.0,,,-105.617
1971-07-01,3.56,15.6,,,40.6,False,0,5.4,6.73,,5.31,6.0,37.9131,71315,,,"DTWEXM*1.1937 before 2006-01, DTWEXBGS after (ratio-splice on 2006 overlap)",6.2527,-59.2732,,,95.58,95.08,8.7685,7.5529,7.5529,3.0494,9.0909,,0.0,6.08,0.0,7.3122,1.33,False,1.33,0.4344,-190.0,,,-107.4134
1971-08-01,3.56,15.6,,,40.7,False,0,4.94,6.58,,5.57,6.1,37.693,71373,,,"DTWEXM*1.1937 before 2006-01, DTWEXBGS after (ratio-splice on 2006 overlap)",6.2988,-63.2262,,,99.03,92.81,8.7469,7.5529,7.5529,3.0605,9.0909,,0.0,6.08,0.0,7.3122,1.64,False,1.64,0.0297,-105.0,,,-117.2845
1971-09-01,3.56,15.6,,,40.8,False,0,4.69,6.14,,5.55,6.0,38.3056,71614,,,"DTWEXM*1.1937 before 2006-01, DTWEXBGS after (ratio-splice on 2006 overlap)",6.3675,-49.7898,,,98.34,96.97,8.7255,7.5529,7.5529,3.3351,9.0909,,0.0,6.08,0.0,7.3122,1.45,False,1.45,2.3609,-74.0,,,-109.1704
1971-10-01,3.56,15.6,,,40.9,False,0,4.46,5.93,,5.2,5.8,38.5924,71642,,,"DTWEXM*1.1937 before 2006-01, DTWEXBGS after (ratio-splice on 2006 overlap)",6.3286,-59.5162,,,94.23,92.96,8.7042,7.5529,7.5529,3.6084,9.0909,,0.0,6.08,0.0,7.3122,1.47,False,1.47,5.2324,-100.0,,,-119.3367
1971-11-01,3.56,15.6,,,41.0,False,0,4.22,5.81,,4.91,6.0,38.7561,71847,,,"DTWEXM*1.1937 before 2006-01, DTWEXBGS after (ratio-splice on 2006 overlap)",6.2977,-43.2808,,,93.99,89.34,8.6829,7.5529,7.5529,3.8803,9.0909,,0.0,6.08,0.0,7.3122,1.59,False,1.59,6.3227,-69.0,,,-97.9585
1971-12-01,3.56,15.6,,,41.1,False,0,4.01,5.93,,4.14,6.0,39.2035,72109,,,"DTWEXM*1.1937 before 2006-01, DTWEXBGS after (ratio-splice on 2006 overlap)",6.1779,-47.7564,,,102.09,93.95,8.6618,0.0,0.0,-3.163,1.2987,,0.0,0.0,0.0,1.2903,1.92,False,1.92,5.1356,-76.0,,,-64.7742
1972-01-01,3.56,15.4,,,41.2,False,0,3.38,5.95,,3.51,5.8,40.1408,72441,,,"DTWEXM*1.1937 before 2006-01, DTWEXBGS after (ratio-splice on 2006 overlap)",6.1791,-59.7538,,,103.94,100.87,8.6408,0.0,0.0,-3.1553,-1.2821,,0.0,0.0,0.0,0.0,2.57,False,2.57,6.8276,-63.0,,,-67.984
1972-02-01,3.56,15.4,,,41.4,False,0,3.2,6.08,,3.3,5.7,40.5459,72648,,,"DTWEXM*1.1937 before 2006-01, DTWEXBGS after (ratio-splice on 2006 overlap)",6.194,-66.612,,,106.57,103.1,8.599,0.0,0.0,-3.6232,-1.2821,,0.0,0.0,0.0,0.0,2.88,False,2.88,8.1117,-42.0,,,-50.8903
1972-03-01,3.56,15.4,,,41.4,False,0,3.73,6.07,,3.83,5.8,40.8263,72944,,,"DTWEXM*1.1937 before 2006-01, DTWEXBGS after (ratio-splice on 2006 overlap)",6.2066,-69.1875,,,107.2,105.86,8.599,0.0,0.0,-3.3816,-1.2821,,0.0,0.0,0.0,0.0,2.34,False,2.34,8.9774,12.0,,,-51.7132
1972-04-01,3.56,15.4,,,41.5,False,0,3.71,6.19,,4.17,5.7,41.2348,73162,,,"DTWEXM*1.1937 before 2006-01, DTWEXBGS after (ratio-splice on 2006 overlap)",6.1794,-59.9862,,,107.67,106.18,8.5783,0.0,0.0,-3.3735,-1.2821,,0.0,0.0,0.0,0.0,2.48,False,2.48,9.4531,1.0,,,-37.253
1972-05-01,3.56,15.4,,,41.6,False,0,3.69,6.13,,4.27,5.7,41.2405,73469,,,"DTWEXM*1.1937 before 2006-01, DTWEXBGS after (ratio-splice on 2006 overlap)",6.1609,-63.9339,,,109.53,103.83,8.5577,0.0,0.0,-3.125,-1.2821,,0.0,0.0,0.0,0.0,2.44,False,2.44,8.9157,-36.0,,,-34.4727
1972-06-01,3.56,15.4,,,41.7,False,0,3.91,6.11,,4.46,5.7,41.3497,73758,,,"DTWEXM*1.1937 before 2006-01, DTWEXBGS after (ratio-splice on 2006 overlap)",6.0924,-66.6764,,,107.14,105.94,8.5372,0.0,0.0,-2.8777,-1.2821,,0.0,0.0,0.0,0.0,2.2,False,2.2,8.748,-45.0,,,-13.6224
1972-07-01,3.56,15.4,,,41.8,False,0,3.98,6.11,,4.55,5.6,41.3035,73709,,,"DTWEXM*1.1937 before 2006-01, DTWEXBGS after (ratio-splice on 2006 overlap)",6.1307,-56.4861,,,107.39,104.43,8.5167,0.0,0.0,-2.8708,-1.2821,,0.0,0.0,0.0,0.0,2.13,False,2.13,8.9426,-76.0,,,2.787
1972-08-01,3.56,15.6,,,41.9,False,0,4.02,6.21,,4.81,5.6,41.879,74141,,,"DTWEXM*1.1937 before 2006-01, DTWEXBGS after (ratio-splice on 2006 overlap)",6.2089,-62.8521,,,111.09,107.06,8.4964,0.0,0.0,-2.864,0.0,,0.0,0.0,0.0,0.0,2.19,False,2.19,11.1055,-76.0,,,0.3741
1972-09-01,3.56,15.6,,,42.1,False,0,4.66,6.55,,4.87,5.5,42.2132,74264,,,"DTWEXM*1.1937 before 2006-01, DTWEXBGS after (ratio-splice on 2006 overlap)",6.2092,-8.5095,,,110.55,107.35,8.4561,0.0,0.0,-3.0879,0.0,,0.0,0.0,0.0,0.0,1.89,False,1.89,10.2011,-68.0,,,41.2802
1972-10-01,3.56,15.6,,,42.2,False,0,4.74,6.48,,5.05,5.6,42.7494,74674,,,"DTWEXM*1.1937 before 2006-01, DTWEXBGS after (ratio-splice on 2006 overlap)",6.3027,-5.6192,,,111.58,106.27,8.436,0.0,0.0,-3.0806,0.0,,0.0,0.0,0.0,0.0,1.74,False,1.74,10.7716,-15.0,,,53.897
1972-11-01,3.56,15.6,,,42.4,False,0,4.78,6.28,,5.06,5.3,43.2548,74973,,,"DTWEXM*1.1937 before 2006-01, DTWEXBGS after (ratio-splice on 2006 overlap)",6.396,-4.4783,,,116.67,111.32,8.3962,0.0,0.0,-3.3019,0.0,,0.0,0.0,0.0,0.0,1.5,False,1.5,11.6077,15.0,,,38.8025
1972-12-01,3.56,15.6,,,42.5,False,0,5.07,6.36,,5.33,5.2,43.7367,75268,,,"DTWEXM*1.1937 before 2006-01, DTWEXBGS after (ratio-splice on 2006 overlap)",6.4508,9.5205,,,118.05,114.63,8.3765,0.0,0.0,-3.2941,0.0,,0.0,0.0,0.0,0.0,1.29,False,1.29,11.5633,119.0,,,57.2769
1973-01-01,3.56,15.6,,,42.7,False,0,5.41,6.46,,5.94,4.9,44.0529,75617,,129.1407,"DTWEXM*1.1937 before 2006-01, DTWEXBGS after (ratio-splice on 2006 overlap)",6.2829,20.9937,,,116.03,114.97,8.3372,0.0,0.0,-3.5129,1.2987,,0.0,0.0,0.0,0.0,1.05,False,1.05,9.7459,243.0,,,80.7475
1973-02-01,3.56,15.6,,,43.0,False,0,5.6,6.64,,6.58,5.0,44.6827,76014,,123.8383,"DTWEXM*1.1937 before 2006-01, DTWEXBGS after (ratio-splice on 2006 overlap)",6.3211,29.7362,,,111.68,109.8,8.2791,0.0,0.0,-3.7209,1.2987,,0.0,0.0,0.0,0.0,1.04,False,1.04,10.2028,328.0,,,96.3481
1973-03-01,3.56,15.7,,,43.4,False,0,6.09,6.71,,7.09,4.9,44.7045,76284,,119.3667,"DTWEXM*1.1937 before 2006-01, DTWEXBGS after (ratio-splice on 2006 overlap)",6.232,38.8503,,,111.52,107.41,8.2028,0.0,0.0,-4.6083,1.9481,,0.0,0.0,0.639,0.639,0.62,False,0.62,9.4993,326.0,,,108.0377
1973-04-01,3.56,16.0,,,43.7,False,0,6.26,6.67,,7.12,5.0,44.6387,76455,,120.3516,"DTWEXM*1.1937 before 2006-01, DTWEXBGS after (ratio-splice on 2006 overlap)",6.2702,43.2485,,,106.97,105.44,8.1465,0.0,0.0,-5.0343,3.8961,,0.0,0.0,1.8928,2.5318,0.41,False,0.41,8.2549,295.0,,,103.2347
1973-05-01,3.56,16.6,,,43.9,False,0,6.36,6.85,,7.84,4.9,44.9429,76648,,119.4385,"DTWEXM*1.1937 before 2006-01, DTWEXBGS after (ratio-splice on 2006 overlap)",6.3926,50.5229,,,104.95,101.36,8.1093,0.0,0.0,-5.2392,7.7922,,0.0,0.0,3.6814,6.2132,0.49,False,0.49,8.9776,357.0,,,114.4568
1973-06-01,3.56,17.1,,,44.2,False,0,7.19,6.9,,8.49,4.9,45.0035,76887,,117.2344,"DTWEXM*1.1937 before 2006-01, DTWEXBGS after (ratio-splice on 2006 overlap)",6.3366,57.9794,,,104.26,101.45,8.0543,0.0,0.0,-5.6561,11.039,,0.0,0.0,2.9676,9.1808,-0.29,True,-0.29,8.8363,403.0,,,124.6558
1973-07-01,3.56,17.2,,,44.2,False,0,8.01,7.13,,10.4,4.8,45.1636,76913,,114.9015,"DTWEXM*1.1937 before 2006-01, DTWEXBGS after (ratio-splice on 2006 overlap)",6.3107,59.4437,,,108.22,100.44,8.0543,0.0,0.0,-5.4299,11.6883,,0.0,0.0,0.5831,9.7638,-0.88,True,-0.88,9.3457,585.0,,,115.9298
1973-08-01,4.31,17.2,,,45.0,False,0,8.67,7.4,,10.5,4.8,45.1019,77168,,116.6175,"DTWEXM*1.1937 before 2006-01, DTWEXBGS after (ratio-splice on 2006 overlap)",6.3987,69.9609,,,104.25,99.74,9.5778,21.0674,21.0674,12.7272,10.2564,,19.1177,19.1177,0.0,9.7638,-1.27,True,-1.27,7.6957,569.0,,,132.813
1973-09-01,4.31,18.2,,,45.2,False,0,8.29,7.09,,10.78,4.8,45.4624,77276,,116.881,"DTWEXM*1.1937 before 2006-01, DTWEXBGS after (ratio-splice on 2006 overlap)",6.4427,81.3875,,,108.43,102.13,9.5354,21.0674,21.0674,12.7641,16.6667,,0.0,19.1177,5.6512,15.4151,-1.2,True,-1.2,7.6971,591.0,,,89.897
1973-10-01,4.31,18.2,,,45.6,False,0,7.22,6.79,,10.01,4.6,45.847,77607,,116.3649,"DTWEXM*1.1937 before 2006-01, DTWEXBGS after (ratio-splice on 2006 overlap)",6.5423,107.309,,,108.29,107.08,9.4518,21.0674,21.0674,12.0405,16.6667,,0.0,19.1177,0.0,15.4151,-0.43,True,-0.43,7.2459,496.0,,,112.9282
1973-11-01,4.31,19.0,,,45.9,False,0,7.83,6.73,,10.03,4.8,46.0553,77920,,119.8403,"DTWEXM*1.1937 before 2006-01, DTWEXBGS after (ratio-splice on 2006 overlap)",6.7511,104.3372,,,95.96,94.88,9.39,21.0674,21.0674,11.8357,21.7949,,0.0,19.1177,4.3017,19.7168,-1.1,True,-1.1,6.4744,497.0,,,108.8155
1973-12-01,4.31,19.9,,,46.3,False,1,7.45,6.74,,9.95,4.9,45.923,78031,,121.687,"DTWEXM*1.1937 before 2006-01, DTWEXBGS after (ratio-splice on 2006 overlap)",6.5138,114.3411,,,97.55,91.05,9.3089,21.0674,21.0674,11.131,27.5641,,0.0,19.1177,4.6281,24.3449,-0.71,True,-0.71,4.9988,462.0,,,104.8206
1974-01-01,10.11,24.3,,,46.8,False,1,7.77,6.99,,9.65,5.1,45.6204,78100,,126.3426,"DTWEXM*1.1937 before 2006-01, DTWEXBGS after (ratio-splice on 2006 overlap)",6.5687,105.8705,,,96.57,91.62,21.6026,183.9888,100.0,159.1094,55.7692,,85.2587,104.3764,19.9757,44.3205,-0.78,True,-0.78,3.5582,371.0,-2.1667,,84.8768
1974-02-01,10.11,27.5,,,47.3,False,1,7.12,6.96,,8.97,5.2,45.4759,78254,,123.648,"DTWEXM*1.1937 before 2006-01, DTWEXBGS after (ratio-splice on 2006 overlap)",6.7214,88.9283,,,96.22,89.53,21.3742,183.9888,100.0,158.1716,76.2821,,0.0,104.3764,12.371,56.6915,-0.16,True,-0.16,1.7752,239.0,-0.1536,,59.1922
1974-03-01,10.11,27.5,,,47.8,False,1,7.96,7.21,,9.35,5.1,45.4777,78296,,120.996,"DTWEXM*1.1937 before 2006-01, DTWEXBGS after (ratio-splice on 2006 overlap)",6.9226,98.5123,,,93.98,93.44,21.1506,183.9888,100.0,157.8475,75.1592,,0.0,104.3764,0.0,56.0525,-0.75,True,-0.75,1.7296,226.0,1.3649,,59.662
1974-04-01,10.11,27.5,,,48.1,False,1,8.33,7.51,,10.51,5.1,45.3451,78382,,119.2969,"DTWEXM*1.1937 before 2006-01, DTWEXBGS after (ratio-splice on 2006 overlap)",7.1805,86.5355,,,90.31,88.62,21.0187,183.9888,100.0,158.0106,71.875,,0.0,104.3764,0.0,54.1597,-0.82,True,-0.82,1.5825,339.0,-0.8764,,43.287
1974-05-01,10.11,27.5,,,48.6,False,1,8.23,7.58,,11.31,5.1,45.7044,78549,,118.2467,"DTWEXM*1.1937 before 2006-01, DTWEXBGS after (ratio-splice on 2006 overlap)",7.3287,104.2909,,,87.28,85.87,20.8025,183.9888,100.0,156.5248,65.6627,,0.0,104.3764,0.0,50.4783,-0.65,True,-0.65,1.6944,347.0,-0.9978,,53.768
1974-06-01,10.11,27.5,,,49.0,False,1,7.9,7.54,,11.93,5.4,45.6238,78604,,119.6804,"DTWEXM*1.1937 before 2006-01, DTWEXBGS after (ratio-splice on 2006 overlap)",7.4461,82.6199,,,86.0,85.13,20.6327,183.9888,100.0,156.1695,60.8187,,0.0,104.3764,0.0,47.5108,-0.36,True,-0.36,1.3783,344.0,2.0864,,24.6406
1974-07-01,10.11,30.6,,,49.3,False,1,7.55,7.81,,12.92,5.5,45.7221,78636,,120.7322,"DTWEXM*1.1937 before 2006-01, DTWEXBGS after (ratio-splice on 2006 overlap)",7.5061,62.3158,,,79.31,78.96,20.5071,183.9888,100.0,154.6106,77.907,,0.0,104.3764,10.6814,57.6091,0.26,True,0.26,1.2366,252.0,5.0745,,2.8721
1974-08-01,10.11,30.7,,,49.9,False,1,8.96,8.04,,12.01,5.5,45.2366,78619,,122.8742,"DTWEXM*1.1937 before 2006-01, DTWEXBGS after (ratio-splice on 2006 overlap)",7.279,58.9486,,,72.15,69.37,20.2605,134.5708,100.0,111.5368,78.4884,,0.0,85.2587,0.3263,57.9353,-0.92,True,-0.92,0.2987,151.0,5.3652,,-11.0123
1974-09-01,10.11,30.7,,,50.6,False,1,8.06,8.04,,11.34,5.9,45.2365,78610,,123.5265,"DTWEXM*1.1937 before 2006-01, DTWEXBGS after (ratio-splice on 2006 overlap)",7.4128,60.6954,,,63.54,62.52,19.9802,134.5708,100.0,109.5375,68.6813,,0.0,85.2587,0.0,52.2841,-0.02,True,-0.02,-0.4969,56.0,5.6857,,-20.6921
1974-10-01,11.16,30.8,,,51.0,False,1,7.46,7.9,,10.06,6.0,45.1133,78630,,122.9333,"DTWEXM*1.1937 before 2006-01, DTWEXBGS after (ratio-splice on 2006 overlap)",7.6314,61.848,,,73.9,60.96,21.8824,158.9327,100.0,131.5163,69.2308,,9.8811,95.1398,0.3252,52.6093,0.44,True,0.44,-1.6003,5.0,5.6447,,-45.4609
1974-11-01,11.16,31.5,,,51.5,False,1,7.47,7.68,,9.45,6.6,43.6278,78265,,122.2643,"DTWEXM*1.1937 before 2006-01, DTWEXBGS after (ratio-splice on 2006 overlap)",7.3206,59.2611,,,69.97,66.85,21.6699,158.9327,100.0,130.7769,65.7895,,0.0,95.1398,2.2473,50.5549,0.21,True,0.21,-5.2708,-58.0,2.0226,,-45.0761
1974-12-01,11.16,30.4,,,51.9,False,1,7.15,7.43,,8.53,7.2,42.0533,77652,,121.1959,"DTWEXM*1.1937 before 2006-01, DTWEXBGS after (ratio-splice on 2006 overlap)",7.6315,22.0963,,,68.56,64.13,21.5029,158.9327,100.0,130.9939,52.7638,,0.0,95.1398,0.0,45.9268,0.28,True,0.28,-8.4265,-142.0,-0.4035,,-92.2448
1975-01-01,11.16,30.4,,,52.3,False,1,6.26,7.5,,7.13,8.1,41.4676,77293,,119.8711,"DTWEXM*1.1937 before 2006-01, DTWEXBGS after (ratio-splice on 2006 overlap)",7.3288,-0.4699,,,76.98,68.65,21.3384,10.3858,10.3858,-1.2227,25.1029,,0.0,9.8811,0.0,25.9511,1.24,True,1.24,-9.1029,-252.0,-5.1222,,-106.3405
1975-02-01,11.16,31.2,,,52.6,False,1,5.5,7.39,,6.24,8.1,40.5165,76918,,118.4193,"DTWEXM*1.1937 before 2006-01, DTWEXBGS after (ratio-splice on 2006 overlap)",7.2974,-9.4193,,,81.59,76.0,21.2167,10.3858,10.3858,-0.7368,13.4545,,0.0,9.8811,0.0,13.5802,1.89,True,1.89,-10.9056,-273.0,-4.2288,,-98.3476
1975-03-01,11.16,31.4,,,52.8,False,1,5.49,7.73,,5.54,8.6,40.0638,76648,,117.5994,"DTWEXM*1.1937 before 2006-01, DTWEXBGS after (ratio-splice on 2006 overlap)",7.4197,-26.2241,,,83.36,80.08,21.1364,10.3858,10.3858,-0.0674,14.1818,,0.0,9.8811,0.0,13.5802,2.24,True,2.24,-11.9045,-381.0,-2.8072,,-124.7364
1975-04-01,11.16,31.7,,,53.0,False,0,5.61,8.23,,5.49,8.8,40.1573,76460,,119.3095,"DTWEXM*1.1937 before 2006-01, DTWEXBGS after (ratio-splice on 2006 overlap)",7.7085,-40.9795,,,87.3,79.66,21.0566,10.3858,10.3858,0.1803,15.2727,,0.0,9.8811,0.6329,14.2131,2.62,True,2.62,-11.4407,-502.0,0.0106,,-127.515
1975-05-01,11.16,31.9,,,53.1,False,0,5.23,8.06,,5.22,9.0,40.0253,76624,,119.5354,"DTWEXM*1.1937 before 2006-01, DTWEXBGS after (ratio-splice on 2006 overlap)",7.3511,-43.6469,,,91.15,86.94,21.0169,10.3858,10.3858,1.031,16.0,,0.0,9.8811,0.6289,14.842,2.83,False,2.83,-12.4257,-609.0,1.0899,,-147.9378
1975-06-01,11.16,34.9,,,53.5,False,0,5.34,7.86,,5.55,8.8,40.2772,76521,,119.7083,"DTWEXM*1.1937 before 2006-01, DTWEXBGS after (ratio-splice on 2006 overlap)",7.3822,-36.5038,,,95.19,89.3,20.8598,10.3858,10.3858,1.101,26.9091,,0.0,9.8811,8.9881,23.8301,2.52,False,2.52,-11.7189,-638.0,0.0233,,-119.1238
1975-07-01,11.16,34.1,,,54.0,False,0,6.13,8.06,,6.1,8.6,40.6994,76770,,122.8497,"DTWEXM*1.1937 before 2006-01, DTWEXBGS after (ratio-splice on 2006 overlap)",7.4918,-41.4897,,,88.75,87.68,20.6667,10.3858,10.3858,0.7781,11.4379,,0.0,9.8811,0.0,13.1487,1.93,False,1.93,-10.9853,-682.0,1.754,,-103.8054
1975-08-01,11.16,34.9,,,54.2,False,0,6.44,8.4,,6.14,8.4,41.0998,77153,,125.1319,"DTWEXM*1.1937 before 2006-01, DTWEXBGS after (ratio-splice on 2006 overlap)",7.6027,-45.2041,,,86.88,82.21,20.5904,10.3858,10.3858,1.6282,13.6808,,0.0,9.8811,0.0,12.8224,1.96,False,1.96,-9.1448,-587.0,1.8374,,-104.1527
1975-09-01,11.16,34.9,,,54.6,False,0,6.42,8.43,,6.24,8.4,41.6304,77228,,126.0357,"DTWEXM*1.1937 before 2006-01, DTWEXBGS after (ratio-splice on 2006 overlap)",7.518,-33.9967,,,83.87,81.57,20.4396,10.3858,10.3858,2.2989,13.6808,,0.0,9.8811,0.0,12.8224,2.01,False,2.01,-7.9717,-510.0,2.0313,,-94.6921
1975-10-01,11.16,35.2,,,54.9,False,0,5.96,8.14,,5.82,8.4,41.8135,77540,,125.9497,"DTWEXM*1.1937 before 2006-01, DTWEXBGS after (ratio-splice on 2006 overlap)",7.4936,-33.5898,,,89.04,82.57,20.3279,0.0,0.0,-7.1038,14.2857,,0.0,0.0,0.8559,13.3531,2.18,False,2.18,-7.3145,-424.0,2.4537,,-95.4378
1975-11-01,11.16,35.6,,,55.3,False,0,5.48,8.05,,5.22,8.3,41.8697,77685,,125.6692,"DTWEXM*1.1937 before 2006-01, DTWEXBGS after (ratio-splice on 2006 overlap)",7.2411,-23.694,,,91.24,87.63,20.1808,0.0,0.0,-6.8716,13.0159,,0.0,0.0,1.13,12.2358,2.57,False,2.57,-4.0298,-423.0,2.7849,,-82.9552
1975-12-01,11.16,35.8,,,55.6,False,0,5.44,8.0,,5.2,8.2,42.4414,78017,,126.5269,"DTWEXM*1.1937 before 2006-01, DTWEXBGS after (ratio-splice on 2006 overlap)",7.4444,-35.3185,,,90.19,86.15,20.0719,0.0,0.0,-6.6547,17.7632,,0.0,0.0,0.5602,12.796,2.56,False,2.56,0.9229,-333.0,4.3987,,-57.4148
1976-01-01,11.16,35.9,,,55.8,False,0,4.87,7.74,,4.87,7.9,43.0012,78503,,126.0787,"DTWEXM*1.1937 before 2006-01, DTWEXBGS after (ratio-splice on 2006 overlap)",7.5603,-45.6257,,,100.86,89.81,20.0,0.0,0.0,-6.2724,18.0921,,0.0,0.0,0.2789,13.075,2.87,False,2.87,3.6983,-226.0,5.1785,,-45.1557
1976-02-01,12.03,33.0,,,55.9,False,0,4.88,7.79,,4.77,7.7,43.4229,78816,,125.6542,"DTWEXM*1.1937 before 2006-01, DTWEXBGS after (ratio-splice on 2006 overlap)",7.2402,-49.8871,,,99.71,98.5,21.5206,7.7957,7.7957,1.4321,5.7692,,7.5068,7.5068,0.0,13.075,2.91,False,2.91,7.1734,-147.0,6.1096,,-40.4678
1976-03-01,12.1,33.1,,,56.0,False,0,5.0,7.73,,4.84,7.6,43.5168,79048,,126.5897,"DTWEXM*1.1937 before 2006-01, DTWEXBGS after (ratio-splice on 2006 overlap)",7.2473,-32.1601,,,102.77,98.23,21.6071,8.4229,8.4229,2.2273,5.414,,0.5802,8.0869,0.0,13.075,2.73,False,2.73,8.6188,-70.0,7.6449,,-5.936
1976-04-01,12.17,33.4,,,56.1,False,0,4.86,7.56,,4.82,7.7,43.7327,79292,,127.2891,"DTWEXM*1.1937 before 2006-01, DTWEXBGS after (ratio-splice on 2006 overlap)",7.2508,-28.5736,,,101.64,99.57,21.6934,9.0502,9.0502,3.0242,5.3628,,0.5768,8.6638,0.0,12.4421,2.7,False,2.7,8.9035,-67.0,6.6882,,12.4059
1976-05-01,12.17,33.5,,,56.4,False,0,5.2,7.9,,5.29,7.4,43.9186,79312,,127.5024,"DTWEXM*1.1937 before 2006-01, DTWEXBGS after (ratio-splice on 2006 overlap)",7.3484,-18.982,,,100.18,98.26,21.578,9.0502,9.0502,2.6696,5.0157,,0.0,8.6638,0.0,11.8131,2.7,False,2.7,9.7271,7.0,6.665,,24.6649
1976-06-01,12.17,33.8,,,56.7,False,0,5.41,7.86,,5.48,7.6,43.9637,79376,,127.8005,"DTWEXM*1.1937 before 2006-01, DTWEXBGS after (ratio-splice on 2006 overlap)",7.3389,-15.856,,,104.28,97.97,21.4638,9.0502,9.0502,2.8957,-3.1519,,0.0,8.6638,0.0,2.825,2.45,False,2.45,9.1528,-7.0,6.7599,,20.6478
1976-07-01,12.17,34.7,,,57.0,False,0,5.23,7.83,,5.31,7.8,44.2141,79547,,127.1839,"DTWEXM*1.1937 before 2006-01, DTWEXBGS after (ratio-splice on 2006 overlap)",7.3417,-21.1678,,,103.44,102.31,21.3509,9.0502,9.0502,3.3107,1.7595,,0.0,8.6638,0.0,2.825,2.6,False,2.6,8.6358,-79.0,3.528,,20.3219
1976-08-01,12.17,34.7,,,57.3,False,0,5.14,7.77,,5.29,7.8,44.5182,79704,,126.9948,"DTWEXM*1.1937 before 2006-01, DTWEXBGS after (ratio-splice on 2006 overlap)",7.4093,-23.6543,,,102.91,100.43,21.2391,9.0502,9.0502,3.1504,-0.5731,,0.0,8.6638,0.0,2.825,2.63,False,2.63,8.3173,-85.0,1.4888,,21.5499
1976-09-01,13.9,34.7,,,57.6,False,0,5.08,7.59,,5.25,7.6,44.6721,79892,,126.2166,"DTWEXM*1.1937 before 2006-01, DTWEXBGS after (ratio-splice on 2006 overlap)",7.5034,-24.3894,,,105.24,102.6,24.1319,24.552,24.552,18.0649,-0.5731,,13.2915,21.9553,0.0,2.825,2.51,False,2.51,7.3064,-99.0,0.1435,,9.6073
1976-10-01,13.9,36.1,,,57.9,False,0,4.92,7.41,,5.02,7.7,44.6585,79911,,126.7683,"DTWEXM*1.1937 before 2006-01, DTWEXBGS after (ratio-splice on 2006 overlap)",7.6139,-20.4808,,,102.9,99.21,24.0069,24.552,24.552,18.0985,2.5568,,0.0,21.9553,0.5556,2.5247,2.49,False,2.49,6.804,-80.0,0.6499,,13.1089
1976-11-01,13.9,36.1,,,58.1,False,0,4.75,7.29,,4.95,7.8,45.3392,80240,,127.6319,"DTWEXM*1.1937 before 2006-01, DTWEXBGS after (ratio-splice on 2006 overlap)",7.8553,-19.0538,,,102.1,98.18,23.9243,24.552,24.552,18.5495,1.4045,,0.0,21.9553,0.0,1.3947,2.54,False,2.54,8.2864,-27.0,1.5618,,4.6402
1976-12-01,13.9,36.1,,,58.4,False,0,4.35,6.87,,4.65,7.8,45.8294,80448,,128.6307,"DTWEXM*1.1937 before 2006-01, DTWEXBGS after (ratio-splice on 2006 overlap)",7.7837,-35.4582,,,107.46,101.62,23.8014,24.552,24.552,18.5803,0.838,,0.0,21.9553,0.0,0.8345,2.52,False,2.52,7.9828,-55.0,1.6627,,-0.1397
1977-01-01,13.9,35.8,,,58.7,False,0,4.62,7.21,,4.61,7.5,45.5087,80690,,127.8672,"DTWEXM*1.1937 before 2006-01, DTWEXBGS after (ratio-splice on 2006 overlap)",7.9095,-48.8423,,,102.03,100.91,23.6797,24.552,24.552,18.3986,-0.2786,,0.0,21.9553,0.0,0.5556,2.59,False,2.59,5.8312,-26.0,1.4186,,-3.2167
1977-02-01,13.9,37.4,,,59.3,False,0,4.67,7.39,,4.68,7.6,46.2277,80988,,128.0739,"DTWEXM*1.1937 before 2006-01, DTWEXBGS after (ratio-splice on 2006 overlap)",7.6505,-44.7556,,,99.82,98.82,23.4401,15.5445,15.5445,8.9197,13.3333,,0.0,14.4485,3.5378,4.0933,2.72,False,2.72,6.4593,-9.0,1.9257,,5.1315
1977-03-01,13.9,36.8,,,59.6,False,0,4.6,7.46,,4.69,7.4,46.8185,81391,,128.3222,"DTWEXM*1.1937 before 2006-01, DTWEXBGS after (ratio-splice on 2006 overlap)",7.3407,-45.0959,,,98.42,97.8,23.3221,14.876,14.876,7.9372,11.1782,,0.0,13.8683,0.0,4.0933,2.86,False,2.86,7.5872,-15.0,1.3686,,-12.9358
1977-04-01,13.9,37.0,,,60.0,False,0,4.54,7.37,,4.73,7.2,47.2684,81728,,127.6488,"DTWEXM*1.1937 before 2006-01, DTWEXBGS after (ratio-splice on 2006 overlap)",7.4561,-43.2193,,,98.44,96.53,23.1667,14.2153,14.2153,6.7913,10.7784,,0.0,13.2915,0.0,4.0933,2.83,False,2.83,8.0848,-9.0,0.2826,,-14.6457
1977-05-01,13.9,37.0,,,60.2,False,0,4.96,7.46,,5.35,7.0,47.6411,82088,,127.6497,"DTWEXM*1.1937 before 2006-01, DTWEXBGS after (ratio-splice on 2006 overlap)",7.3184,-35.4739,,,96.12,95.52,23.0897,14.2153,14.2153,7.0057,10.4478,,0.0,13.2915,0.0,4.0933,2.5,False,2.5,8.4759,6.0,0.1155,,-16.4919
1977-06-01,13.9,37.1,,,60.5,False,0,5.02,7.28,,5.39,7.2,48.0116,82488,,127.4426,"DTWEXM*1.1937 before 2006-01, DTWEXBGS after (ratio-splice on 2006 overlap)",7.447,-40.2518,,,100.48,95.89,22.9752,14.2153,14.2153,7.0414,9.7633,,0.0,13.2915,0.0,4.0933,2.26,False,2.26,9.2074,-9.0,-0.2801,,-24.3958
1977-07-01,13.9,36.9,,,60.8,False,0,5.19,7.33,,5.42,6.9,48.073,82834,,126.0248,"DTWEXM*1.1937 before 2006-01, DTWEXBGS after (ratio-splice on 2006 overlap)",7.5205,-44.0506,,,98.85,97.71,22.8618,14.2153,14.2153,7.0768,6.3401,,0.0,13.2915,0.0,4.0933,2.14,False,2.14,8.7278,11.0,-0.9114,,-22.8828
1977-08-01,14.85,37.3,,,61.1,False,0,5.49,7.4,,5.9,7.0,48.1205,83075,,127.0168,"DTWEXM*1.1937 before 2006-01, DTWEXBGS after (ratio-splice on 2006 overlap)",7.529,-46.7595,,,96.77,95.04,24.3044,22.0214,22.0214,14.4325,7.4928,,6.6111,19.9026,0.0,4.0933,1.91,False,1.91,8.0917,61.0,0.0174,,-23.1052
1977-09-01,14.85,37.6,,,61.3,False,0,5.81,7.34,,6.14,6.8,48.3189,83532,,127.3826,"DTWEXM*1.1937 before 2006-01, DTWEXBGS after (ratio-splice on 2006 overlap)",7.5241,-46.9219,,,96.53,94.44,24.2251,6.8345,6.8345,0.3861,8.3573,,0.0,6.6111,0.5333,4.6267,1.53,False,1.53,8.1635,89.0,0.9239,,-22.5325
1977-10-01,14.85,38.0,,,61.6,False,0,6.16,7.52,,6.47,6.8,48.3871,83800,,125.913,"DTWEXM*1.1937 before 2006-01, DTWEXBGS after (ratio-splice on 2006 overlap)",7.5797,-32.695,,,92.34,90.2,24.1071,6.8345,6.8345,0.4175,5.2632,,0.0,6.6111,1.0582,5.1293,1.36,False,1.36,8.3491,145.0,-0.6747,,-12.2141
1977-11-01,14.85,38.6,,,62.0,False,0,6.1,7.58,,6.51,6.8,48.4761,84173,,124.2259,"DTWEXM*1.1937 before 2006-01, DTWEXBGS after (ratio-splice on 2006 overlap)",7.2796,-33.1778,,,94.83,90.01,23.9516,6.8345,6.8345,0.1143,6.9252,,0.0,6.6111,1.5666,6.6959,1.48,False,1.48,6.9187,156.0,-2.6686,,-14.124
1977-12-01,14.85,39.3,,,62.3,False,0,6.07,7.69,,6.56,6.4,48.5629,84410,,121.927,"DTWEXM*1.1937 before 2006-01, DTWEXBGS after (ratio-splice on 2006 overlap)",7.515,-37.7521,,,95.1,91.76,23.8363,6.8345,6.8345,0.1467,8.8643,,0.0,6.6111,1.7972,8.4932,1.62,False,1.62,5.9645,191.0,-5.2116,,-2.294
1978-01-01,14.85,39.4,,,62.7,False,0,6.44,7.96,,6.7,6.4,47.8481,84594,,120.723,"DTWEXM*1.1937 before 2006-01, DTWEXBGS after (ratio-splice on 2006 overlap)",7.484,-38.2277,,,89.25,88.02,23.6842,6.8345,6.8345,0.0189,10.0559,,0.0,6.6111,0.2541,8.7473,1.52,False,1.52,5.1406,209.0,-5.5872,,10.6146
1978-02-01,14.85,39.5,,,63.0,False,0,6.45,8.03,,6.78,6.3,48.1044,84948,,120.5227,"DTWEXM*1.1937 before 2006-01, DTWEXBGS after (ratio-splice on 2006 overlap)",7.564,-38.5407,,,87.04,86.58,23.5714,6.8345,6.8345,0.5601,5.615,,0.0,6.6111,0.2535,5.463,1.58,False,1.58,4.0597,210.0,-5.896,,6.215
1978-03-01,14.85,40.0,,,63.4,False,0,6.29,8.04,,6.79,6.3,49.0265,85460,,119.4372,"DTWEXM*1.1937 before 2006-01, DTWEXBGS after (ratio-splice on 2006 overlap)",7.412,-39.0092,,,89.21,86.45,23.4227,6.8345,6.8345,0.4312,8.6957,,0.0,6.6111,1.2579,6.7209,1.75,False,1.75,4.7161,210.0,-6.924,,6.0867
1978-04-01,14.85,40.1,,,63.9,False,0,6.29,8.15,,6.89,6.1,50.0206,86162,,118.9501,"DTWEXM*1.1937 before 2006-01, DTWEXBGS after (ratio-splice on 2006 overlap)",7.2973,-39.6303,,,96.83,88.07,23.2394,6.8345,6.8345,0.3141,8.3784,,0.0,6.6111,0.2497,6.9706,1.86,False,1.86,5.8225,216.0,-6.8146,,3.589
1978-05-01,14.85,40.3,,,64.5,False,0,6.41,8.35,,7.36,6.0,50.254,86509,,120.0618,"DTWEXM*1.1937 before 2006-01, DTWEXBGS after (ratio-splice on 2006 overlap)",7.3725,-22.5314,,,97.24,94.57,23.0233,6.8345,6.8345,-0.2878,8.9189,,0.0,6.6111,0.4975,7.4681,1.94,False,1.94,5.4846,201.0,-5.9443,,12.9426
1978-06-01,14.85,40.8,,,65.0,False,0,6.73,8.46,,7.6,5.9,50.5801,86950,,117.8562,"DTWEXM*1.1937 before 2006-01, DTWEXBGS after (ratio-splice on 2006 overlap)",7.1749,-16.9698,,,95.53,93.99,22.8462,6.8345,6.8345,-0.5617,9.973,,0.0,6.6111,1.2331,8.7011,1.73,False,1.73,5.3497,221.0,-7.5221,,23.282
1978-07-01,14.85,41.2,,,65.5,False,0,7.01,8.64,,7.81,6.2,50.5384,87204,,114.8098,"DTWEXM*1.1937 before 2006-01, DTWEXBGS after (ratio-splice on 2006 overlap)",7.1769,-25.576,,,100.68,93.59,22.6718,6.8345,6.8345,-0.8315,11.6531,,0.0,6.6111,0.9756,9.6768,1.63,False,1.63,5.1285,239.0,-8.8991,,18.4747
1978-08-01,14.85,41.3,,,65.9,False,0,7.08,8.41,,8.04,5.9,50.7458,87483,,112.2491,"DTWEXM*1.1937 before 2006-01, DTWEXBGS after (ratio-splice on 2006 overlap)",7.1527,-26.0204,,,103.29,99.95,22.5341,0.0,0.0,-7.2838,10.7239,,0.0,0.0,0.2424,9.9192,1.33,False,1.33,5.4557,214.0,-11.6266,,20.7391
1978-09-01,14.85,41.7,,,66.5,False,0,7.85,8.42,,8.45,6.0,50.8744,87621,,112.4966,"DTWEXM*1.1937 before 2006-01, DTWEXBGS after (ratio-splice on 2006 overlap)",7.165,-13.7571,,,102.54,100.66,22.3308,0.0,0.0,-7.8195,10.9043,,0.0,0.0,0.9639,10.3497,0.57,False,0.57,5.2888,231.0,-11.6861,,33.1649
1978-10-01,14.85,41.9,,,67.1,False,0,7.99,8.64,,8.96,5.8,51.2559,87956,,109.8464,"DTWEXM*1.1937 before 2006-01, DTWEXBGS after (ratio-splice on 2006 overlap)",7.2057,-17.797,,,93.15,91.65,22.1311,0.0,0.0,-8.1967,10.2632,,0.0,0.0,0.4785,9.77,0.65,False,0.65,5.9289,249.0,-12.7601,,14.898
1978-11-01,14.85,42.3,,,67.5,False,0,8.64,8.81,,9.76,5.9,51.6514,88391,,112.5812,"DTWEXM*1.1937 before 2006-01, DTWEXBGS after (ratio-splice on 2006 overlap)",7.2268,-3.7769,,,94.7,91.77,22.0,0.0,0.0,-8.1481,9.5855,,0.0,0.0,0.9501,9.1535,0.17,True,0.17,6.5502,325.0,-9.3738,,29.401
1978-12-01,14.85,42.6,,,67.9,False,0,9.08,9.01,,10.03,6.0,51.909,88671,,112.8692,"DTWEXM*1.1937 before 2006-01, DTWEXBGS after (ratio-splice on 2006 overlap)",7.297,-6.7817,,,96.11,92.64,21.8704,0.0,0.0,-8.2474,8.3969,,0.0,0.0,0.7067,8.063,-0.07,True,-0.07,6.8902,347.0,-7.4289,,30.9704
1979-01-01,14.85,43.1,,,68.5,False,0,9.35,9.1,,10.07,5.9,51.6278,88808,,112.7527,"DTWEXM*1.1937 before 2006-01, DTWEXBGS after (ratio-splice on 2006 overlap)",7.4348,-16.0627,,,99.93,95.22,21.6788,0.0,0.0,-8.4672,9.3909,,0.0,0.0,1.1669,8.9757,-0.25,True,-0.25,7.8994,337.0,-6.6021,,22.1651
1979-02-01,15.85,43.9,,,69.2,False,0,9.32,9.1,,10.06,5.9,51.8752,89055,,113.4531,"DTWEXM*1.1937 before 2006-01, DTWEXBGS after (ratio-splice on 2006 overlap)",7.8337,-10.6137,,,96.28,95.38,22.9046,6.734,6.734,-2.8289,11.1392,,6.517,6.517,1.8391,10.5614,-0.22,True,-0.22,7.8388,328.0,-5.8658,,27.927
1979-03-01,15.85,44.2,,,69.9,False,0,9.48,9.12,,10.09,5.8,52.0446,89479,,113.5381,"DTWEXM*1.1937 before 2006-01, DTWEXBGS after (ratio-splice on 2006 overlap)",7.4713,7.284,,,101.59,95.98,22.6753,6.734,6.734,-3.1912,10.5,,0.0,6.517,0.681,9.9845,-0.36,True,-0.36,6.1561,330.0,-4.9392,,46.2932
1979-04-01,15.85,44.5,,,70.6,False,0,9.46,9.18,,10.01,5.8,51.4193,89417,,114.4573,"DTWEXM*1.1937 before 2006-01, DTWEXBGS after (ratio-splice on 2006 overlap)",7.7548,9.2602,,,101.76,100.14,22.4504,6.734,6.734,-3.3951,10.9726,,0.0,6.517,0.6764,10.4113,-0.28,True,-0.28,2.7962,312.0,-3.777,,48.8906
1979-05-01,18.1,45.8,,,71.4,False,0,9.61,9.25,,10.24,5.6,51.8856,89789,,115.355,"DTWEXM*1.1937 before 2006-01, DTWEXBGS after (ratio-splice on 2006 overlap)",7.7175,29.0618,,,99.08,97.49,25.3501,21.8855,21.8855,10.1067,13.6476,,13.2742,19.7912,2.8795,12.7933,-0.36,True,-0.36,3.2467,288.0,-3.9203,,51.5931
1979-06-01,19.1,48.6,,,72.2,False,0,9.06,8.91,,10.29,5.7,51.8965,90108,,115.1195,"DTWEXM*1.1937 before 2006-01, DTWEXBGS after (ratio-splice on 2006 overlap)",7.8759,46.3441,,,102.91,98.57,26.4543,28.6195,28.6195,15.7932,19.1176,,5.3776,25.1688,5.9339,17.4941,-0.15,True,-0.15,2.6026,269.0,-2.322,,63.3139
1979-07-01,21.75,50.5,,,73.0,False,0,9.24,8.95,,10.47,5.7,51.8097,90217,,112.6186,"DTWEXM*1.1937 before 2006-01, DTWEXBGS after (ratio-splice on 2006 overlap)",7.9629,54.3678,,,103.81,100.35,29.7945,46.4646,46.4646,31.4169,22.5728,,12.9925,38.1614,3.835,20.3535,-0.29,True,-0.29,2.5155,266.0,-1.9085,,79.9438
1979-08-01,26.5,52.6,,,73.7,False,0,9.52,9.03,,10.94,6.0,51.4684,90300,,113.1517,"DTWEXM*1.1937 before 2006-01, DTWEXBGS after (ratio-splice on 2006 overlap)",8.2818,37.2699,,,109.32,103.14,35.9566,78.4512,78.4512,59.5649,27.3608,,19.7531,57.9145,4.0743,24.1854,-0.49,True,-0.49,1.424,290.0,0.8041,,63.2903
1979-09-01,28.5,57.6,,,74.4,False,0,10.26,9.33,,11.43,5.9,51.4597,90327,,113.1349,"DTWEXM*1.1937 before 2006-01, DTWEXBGS after (ratio-splice on 2006 overlap)",8.4093,43.8357,,,109.32,105.38,38.3065,91.9192,91.9192,71.5407,38.1295,,7.2759,65.1904,9.0806,32.3021,-0.93,True,-0.93,1.1505,298.0,0.5673,,57.5928
1979-10-01,29.0,59.5,,,75.2,False,0,11.7,10.3,,13.77,6.0,51.8334,90481,,114.8247,"DTWEXM*1.1937 before 2006-01, DTWEXBGS after (ratio-splice on 2006 overlap)",8.5404,43.7605,,,101.82,99.06,38.5638,95.2862,95.2862,74.2514,42.0048,,1.7392,66.9296,3.2454,35.069,-1.4,True,-1.4,1.1267,481.0,4.5321,,61.5574
1979-11-01,31.0,61.4,,,76.0,False,0,11.79,10.65,,13.18,5.9,51.7531,90573,,116.5046,"DTWEXM*1.1937 before 2006-01, DTWEXBGS after (ratio-splice on 2006 overlap)",8.4173,49.2688,,,106.16,99.42,40.7895,108.7542,100.0,85.4067,45.1537,,6.6691,73.5987,3.1434,37.2623,-1.14,True,-1.14,0.1969,342.0,3.485,,53.0457
1979-12-01,32.5,64.2,,,76.9,False,0,12.04,10.39,,13.78,6.0,51.7878,90672,,114.5302,"DTWEXM*1.1937 before 2006-01, DTWEXBGS after (ratio-splice on 2006 overlap)",8.5399,35.455,,,107.94,105.07,42.2627,118.8552,100.0,93.2415,50.7042,,4.7253,78.324,4.4593,41.0149,-1.65,True,-1.65,-0.2335,375.0,1.4717,,42.2367
1980-01-01,32.5,70.0,,,78.0,False,0,12.0,10.8,,13.82,6.3,52.0679,90800,,113.4839,"DTWEXM*1.1937 before 2006-01, DTWEXBGS after (ratio-splice on 2006 overlap)",8.5076,34.8309,,,114.16,103.26,41.6667,118.8552,100.0,92.1998,62.413,,0.0,78.324,8.6492,48.4972,-1.2,True,-1.2,0.8524,375.0,0.6485,,50.8936
1980-02-01,37.0,70.2,,,79.0,False,1,12.86,12.41,,14.13,6.3,52.082,90883,,114.3866,"DTWEXM*1.1937 before 2006-01, DTWEXBGS after (ratio-splice on 2006 overlap)",9.0161,40.1842,,,113.66,111.33,46.8354,133.4385,100.0,104.4803,59.9089,,12.9678,84.7748,0.2853,46.9434,-0.45,True,-0.45,0.3986,407.0,0.8228,,50.7979
1980-03-01,38.0,71.3,,,80.1,False,1,15.2,12.75,,17.19,6.3,51.87,90994,,118.1026,"DTWEXM*1.1937 before 2006-01, DTWEXBGS after (ratio-splice on 2006 overlap)",9.5656,42.1596,,,102.09,94.23,47.4407,139.7476,100.0,109.218,61.3122,,2.6668,87.4417,1.5548,47.8172,-2.45,True,-2.45,-0.3355,710.0,4.0203,,34.8756
1980-04-01,39.5,72.8,,,80.9,False,1,13.2,11.47,,17.61,6.9,50.8397,90849,,119.1495,"DTWEXM*1.1937 before 2006-01, DTWEXBGS after (ratio-splice on 2006 overlap)",9.3263,60.4893,,,106.29,98.95,48.8257,149.2114,100.0,117.4823,63.5955,,3.8715,91.3131,2.082,49.2227,-1.73,True,-1.73,-1.1272,760.0,4.0995,,51.2291
1980-05-01,39.5,73.6,,,81.7,False,1,8.58,10.18,,10.98,7.5,49.589,90420,,113.8922,"DTWEXM*1.1937 before 2006-01, DTWEXBGS after (ratio-splice on 2006 overlap)",9.1642,63.6444,,,111.24,103.5,48.3476,118.232,100.0,90.7193,60.6987,,0.0,78.0389,1.0929,47.4361,1.6,True,1.6,-4.4263,74.0,-1.2681,,34.5826
1980-06-01,39.5,74.9,,,82.5,False,1,7.07,9.78,,9.47,7.6,48.9482,90101,,111.1929,"DTWEXM*1.1937 before 2006-01, DTWEXBGS after (ratio-splice on 2006 overlap)",9.2739,56.8822,,,114.24,109.77,47.8788,106.8063,100.0,80.9868,54.1152,,0.0,72.6612,1.7509,43.253,2.71,True,2.71,-5.6811,-82.0,-3.4109,,10.5381
1980-07-01,39.5,75.2,,,82.6,False,1,8.06,10.25,,9.03,7.8,48.6039,89840,,110.9878,"DTWEXM*1.1937 before 2006-01, DTWEXBGS after (ratio-splice on 2006 overlap)",9.1237,44.7674,,,121.67,113.54,47.8208,81.6092,81.6092,60.5021,48.9109,,0.0,59.6687,0.3997,39.8178,2.19,True,2.19,-6.1876,-144.0,-1.4481,,-9.6004
1980-08-01,38.0,77.3,,,83.2,False,0,9.13,11.1,,9.61,7.7,48.7563,90099,,112.4028,"DTWEXM*1.1937 before 2006-01, DTWEXBGS after (ratio-splice on 2006 overlap)",9.06,53.5191,,,122.38,119.42,45.6731,43.3962,43.3962,27.0229,46.9582,,0.0,39.9156,2.7543,38.4978,1.97,True,1.97,-5.2694,-133.0,-0.6619,,16.2492
1980-09-01,36.0,77.9,,,83.9,False,0,10.27,11.51,,10.87,7.5,49.5608,90213,,111.2047,"DTWEXM*1.1937 before 2006-01, DTWEXBGS after (ratio-splice on 2006 overlap)",8.9132,54.7668,,,125.46,121.79,42.9082,26.3158,26.3158,12.013,35.2431,,0.0,32.6397,0.7732,30.1903,1.24,True,1.24,-3.6901,-56.0,-1.7061,,10.9311
1980-10-01,36.0,79.0,,,84.7,False,0,11.62,11.75,,12.81,7.5,50.1908,90490,,111.5475,"DTWEXM*1.1937 before 2006-01, DTWEXBGS after (ratio-splice on 2006 overlap)",8.8548,54.6501,,,127.47,124.66,42.503,24.1379,24.1379,10.2146,32.7731,,0.0,30.9005,1.4022,28.3472,0.13,True,0.13,-3.169,-96.0,-2.8541,,10.8896
1980-11-01,36.0,81.9,,,85.6,False,0,13.73,12.68,,15.85,7.5,51.0311,90747,,114.1679,"DTWEXM*1.1937 before 2006-01, DTWEXBGS after (ratio-splice on 2006 overlap)",8.8023,64.4743,,,140.52,127.23,42.0561,16.129,16.129,3.1052,33.3876,,0.0,24.2313,3.6051,28.8089,-1.05,True,-1.05,-1.3951,267.0,-2.0057,,15.2055
1980-12-01,37.0,86.3,,,86.4,False,0,15.49,12.84,,18.9,7.2,51.3708,90943,,115.3295,"DTWEXM*1.1937 before 2006-01, DTWEXBGS after (ratio-splice on 2006 overlap)",9.0025,68.1107,,,135.76,125.32,42.8241,13.8462,13.8462,1.3283,34.4237,,0.0,19.5061,5.2331,29.5826,-2.65,True,-2.65,-0.8052,512.0,0.6979,,32.6557
1981-01-01,38.0,96.1,,,87.2,False,0,15.02,12.57,,19.08,7.5,51.0415,91033,,114.6233,"DTWEXM*1.1937 before 2006-01, DTWEXBGS after (ratio-splice on 2006 overlap)",9.1551,63.8005,,,129.55,128.57,43.578,16.9231,16.9231,4.5872,37.2857,,0.0,19.5061,10.756,31.6894,-2.45,True,-2.45,-1.9713,526.0,1.0041,,28.9696
1981-02-01,38.0,114.9,,,88.0,False,0,14.79,13.19,,15.93,7.4,50.824,91105,,118.3151,"DTWEXM*1.1937 before 2006-01, DTWEXBGS after (ratio-splice on 2006 overlap)",8.9322,61.61,,,131.27,124.66,43.1818,2.7027,2.7027,-7.801,63.6752,,0.0,6.5383,17.8673,49.2714,-1.6,True,-1.6,-2.4154,180.0,3.4343,,21.4258
1981-03-01,38.0,114.9,,,88.6,False,0,13.36,13.12,,14.7,7.4,51.0826,91210,,118.728,"DTWEXM*1.1937 before 2006-01, DTWEXBGS after (ratio-splice on 2006 overlap)",9.1965,50.0859,,,136.0,128.56,42.8894,0.0,0.0,-9.5937,61.1501,,0.0,3.8715,0.0,47.7166,-0.24,True,-0.24,-1.518,-249.0,0.5296,,7.9263
1981-04-01,38.0,114.9,,,89.1,False,0,13.69,13.68,,15.72,7.2,50.858,91283,,121.1897,"DTWEXM*1.1937 before 2006-01, DTWEXBGS after (ratio-splice on 2006 overlap)",9.0475,45.7335,,,132.81,131.58,42.6487,-3.7975,-3.7975,-12.6511,57.8297,,0.0,0.0,0.0,45.6346,-0.01,True,-0.01,0.036,-189.0,1.7123,,-14.7558
1981-05-01,38.0,114.5,,,89.7,False,0,16.3,14.1,,18.52,7.5,51.1495,91296,,125.0899,"DTWEXM*1.1937 before 2006-01, DTWEXBGS after (ratio-splice on 2006 overlap)",9.2747,35.6627,,,132.59,128.78,42.3634,-3.7975,-3.7975,-12.3774,55.5707,,0.0,0.0,0.0,44.5417,-2.2,True,-2.2,3.1469,754.0,9.8318,,-27.9817
1981-06-01,36.0,111.3,,,90.5,False,0,14.73,13.47,,19.1,7.5,51.4101,91490,,127.7689,"DTWEXM*1.1937 before 2006-01, DTWEXBGS after (ratio-splice on 2006 overlap)",9.5477,40.9164,,,131.21,128.77,39.779,-8.8608,-8.8608,-16.9173,48.5981,,0.0,0.0,0.0,42.7908,-1.26,True,-1.26,5.0296,963.0,14.9075,,-15.9658
1981-07-01,36.0,108.9,,,91.5,False,0,14.95,14.28,,19.04,7.2,51.7471,91601,,130.8803,"DTWEXM*1.1937 before 2006-01, DTWEXBGS after (ratio-splice on 2006 overlap)",9.1859,32.5654,,,130.92,125.96,39.3443,-8.8608,-8.8608,-17.7257,44.8138,,0.0,0.0,0.0,42.3911,-0.67,True,-0.67,6.467,1001.0,17.9231,,-12.202
1981-08-01,36.0,108.7,,,92.2,False,1,15.51,14.94,,17.82,7.4,51.6826,91565,,132.9216,"DTWEXM*1.1937 before 2006-01, DTWEXBGS after (ratio-splice on 2006 overlap)",8.9495,14.9701,,,122.79,122.29,39.0456,-5.2632,-5.2632,-14.5108,40.621,,0.0,0.0,0.0,39.6368,-0.57,True,-0.57,6.0019,821.0,18.2548,,-38.549
1981-09-01,36.0,108.7,,,93.1,False,1,14.7,15.32,,15.87,7.6,51.4337,91477,,129.3648,"DTWEXM*1.1937 before 2006-01, DTWEXBGS after (ratio-splice on 2006 overlap)",9.0867,12.8942,,,116.18,110.19,38.6681,0.0,0.0,-9.8818,39.5379,,0.0,0.0,0.0,38.8636,0.62,True,0.62,3.779,500.0,16.3303,,-41.8726
1981-10-01,35.0,107.5,,,93.4,False,1,13.54,15.15,,15.08,7.9,51.0281,91380,,128.5789,"DTWEXM*1.1937 before 2006-01, DTWEXBGS after (ratio-splice on 2006 overlap)",9.1909,15.4253,,,121.89,115.0,37.4732,-2.7778,-2.7778,-11.8338,36.0759,,0.0,0.0,0.0,37.4614,1.61,True,1.61,1.6682,227.0,15.2683,,-39.2248
1981-11-01,36.0,107.2,,,93.8,False,1,10.86,13.39,,13.31,8.3,50.435,91171,,125.9504,"DTWEXM*1.1937 before 2006-01, DTWEXBGS after (ratio-splice on 2006 overlap)",9.0379,14.4557,,,126.35,119.13,38.3795,0.0,0.0,-8.742,30.8913,,0.0,0.0,0.0,33.8563,2.53,True,2.53,-1.1681,-254.0,10.3204,,-50.0186
1981-12-01,35.0,107.3,,,94.1,False,1,10.85,13.72,,12.37,8.5,49.8987,90895,,125.8876,"DTWEXM*1.1937 before 2006-01, DTWEXBGS after (ratio-splice on 2006 overlap)",9.2719,7.5094,,,122.55,121.04,37.1945,-5.4054,-5.4054,-13.1459,24.3337,,0.0,0.0,0.0,28.6233,2.87,True,2.87,-2.8656,-653.0,9.1547,,-60.6013
1982-01-01,33.85,107.3,,,94.4,False,1,12.28,14.59,1.676,13.22,8.6,48.8685,90565,,127.8931,"DTWEXM*1.1937 before 2006-01, DTWEXBGS after (ratio-splice on 2006 overlap)",9.3435,2.9315,,1.0,120.4,113.63,35.8581,-10.9211,-10.9211,-17.7152,11.6545,,0.0,0.0,0.0,17.8673,2.31,True,1.676,-4.2573,-586.0,11.5768,,-60.8691
1982-02-01,31.56,105.0,,,94.7,False,1,13.48,14.43,0.1461,14.78,8.9,49.8636,90563,,131.8127,"DTWEXM*1.1937 before 2006-01, DTWEXBGS after (ratio-splice on 2006 overlap)",9.0986,-6.4117,,1.0,113.11,110.03,33.3263,-16.9474,-16.9474,-22.8233,-8.6162,,0.0,0.0,0.0,0.0,0.95,False,0.1461,-1.8897,-115.0,11.4082,,-68.0218
1982-03-01,28.48,101.6,,,94.7,False,1,12.68,13.86,0.5465,14.68,9.0,49.5323,90434,,134.0747,"DTWEXM*1.1937 before 2006-01, DTWEXBGS after (ratio-splice on 2006 overlap)",9.0065,2.8118,,1.0,111.96,104.46,30.0739,-25.0526,-25.0526,-29.8803,-11.5753,,0.0,0.0,0.0,0.0,1.18,False,0.5465,-3.0349,-2.0,12.9259,,-47.2741
1982-04-01,33.45,97.9,,,95.0,False,1,12.7,13.87,0.5271,14.94,9.3,49.075,90150,,135.6528,"DTWEXM*1.1937 before 2006-01, DTWEXBGS after (ratio-splice on 2006 overlap)",8.8585,10.7561,,1.0,116.44,111.48,35.2105,-11.9737,-11.9737,-17.4406,-14.7955,,0.0,0.0,0.0,0.0,1.17,False,0.5271,-3.5058,-78.0,11.9343,,-34.9774
1982-05-01,35.93,97.9,,,95.9,False,1,12.09,13.62,0.9085,14.45,9.4,48.7483,90107,,133.1295,"DTWEXM*1.1937 before 2006-01, DTWEXBGS after (ratio-splice on 2006 overlap)",8.5106,7.6073,,1.0,111.88,111.66,37.4661,-5.4474,-5.4474,-11.5603,-14.4978,,0.0,0.0,0.0,0.0,1.53,False,0.9085,-4.6945,-407.0,6.4271,,-28.0554
1982-06-01,35.07,97.9,,,97.0,False,1,12.47,14.3,1.2209,14.15,9.6,48.6214,89865,,139.6451,"DTWEXM*1.1937 before 2006-01, DTWEXBGS after (ratio-splice on 2006 overlap)",8.8228,-16.7372,,1.0,109.61,107.01,36.1546,-2.5833,-2.5833,-9.1113,-12.0395,,0.0,0.0,0.0,0.0,1.83,False,1.2209,-5.4244,-495.0,9.295,,-57.6536
1982-07-01,34.16,98.0,,,97.5,False,1,11.35,13.95,2.0829,12.59,9.8,48.4616,89521,,141.2395,"DTWEXM*1.1937 before 2006-01, DTWEXBGS after (ratio-splice on 2006 overlap)",8.7492,-41.0385,,1.0,107.09,105.57,35.0359,-5.1111,-5.1111,-10.9504,-10.0092,,0.0,0.0,0.0,0.0,2.6,False,2.0829,-6.3491,-645.0,7.915,,-73.6039
1982-08-01,33.95,98.0,,,97.7,False,1,8.68,13.06,4.0577,10.12,9.8,48.0192,89363,,141.6125,"DTWEXM*1.1937 before 2006-01, DTWEXBGS after (ratio-splice on 2006 overlap)",8.6486,-43.3853,,1.0,119.51,102.2,34.7492,-5.6944,-5.6944,-11.0034,-9.8436,,0.0,0.0,0.0,0.0,4.38,False,4.0577,-7.0883,-770.0,6.5383,,-58.3554
1982-09-01,35.63,97.9,,,97.7,False,1,7.92,12.34,4.1462,10.31,10.1,47.9008,89183,,142.6945,"DTWEXM*1.1937 before 2006-01, DTWEXBGS after (ratio-splice on 2006 overlap)",8.5907,-27.5827,,1.0,120.42,117.84,36.4688,-1.0278,-1.0278,-5.6877,-9.9356,,0.0,0.0,0.0,0.0,4.42,False,4.1462,-6.8688,-556.0,10.304,,-40.4768
1982-10-01,35.68,100.3,,,98.1,False,1,7.71,10.91,2.939,9.71,10.4,47.4371,88907,,145.0881,"DTWEXM*1.1937 before 2006-01, DTWEXBGS after (ratio-splice on 2006 overlap)",8.5756,-27.0179,,0.0,133.72,120.15,36.371,1.9429,1.9429,-2.9413,-6.6977,,0.0,0.0,0.0,0.0,3.2,False,2.939,-7.0373,-537.0,12.8398,,-42.4432
1982-11-01,34.15,100.0,,,98.0,False,1,8.07,10.55,2.2042,9.2,10.8,47.283,88786,,145.1037,"DTWEXM*1.1937 before 2006-01, DTWEXBGS after (ratio-splice on 2006 overlap)",8.654,-24.4259,,0.0,138.53,132.89,34.8469,-5.1389,-5.1389,-9.2044,-6.7164,,0.0,0.0,0.0,0.0,2.48,False,2.2042,-6.2496,-411.0,15.207,,-38.8817
1982-12-01,31.72,98.2,,,97.7,False,0,7.94,10.54,2.3373,8.95,10.8,46.9485,88771,,140.1785,"DTWEXM*1.1937 before 2006-01, DTWEXBGS after (ratio-splice on 2006 overlap)",8.1884,-19.6762,,0.0,140.64,134.79,32.4667,-9.3714,-9.3714,-12.7109,-8.4809,,0.0,0.0,0.0,0.0,2.6,False,2.3373,-5.9124,-342.0,11.3521,,-27.1856
1983-01-01,31.19,98.1,,,97.9,False,0,7.86,10.46,2.34,8.68,10.4,47.8234,88990,,138.091,"DTWEXM*1.1937 before 2006-01, DTWEXBGS after (ratio-splice on 2006 overlap)",8.2107,-17.6483,,0.0,145.3,138.08,31.859,-7.8582,-7.8582,-11.1523,-8.5741,,0.0,0.0,0.0,0.0,2.6,False,2.34,-2.1386,-454.0,7.9737,,-20.5798
1983-02-01,28.95,94.5,,,98.0,False,0,8.11,10.72,2.3305,8.51,10.4,47.5233,88917,,139.8399,"DTWEXM*1.1937 before 2006-01, DTWEXBGS after (ratio-splice on 2006 overlap)",8.0018,-12.7752,,0.0,148.06,141.9,29.5408,-8.27,-8.27,-11.3588,-10.0,,0.0,0.0,0.0,0.0,2.61,False,2.3305,-4.6934,-627.0,6.0899,,-6.3635
1983-03-01,28.82,92.5,,,98.1,False,0,8.35,10.51,1.847,8.77,10.3,47.9244,89090,,141.2268,"DTWEXM*1.1937 before 2006-01, DTWEXBGS after (ratio-splice on 2006 overlap)",8.2894,-9.8875,,0.0,152.96,148.07,29.3782,1.1938,1.1938,-2.3134,-8.9567,,0.0,0.0,0.0,0.0,2.16,False,1.847,-3.2462,-591.0,5.3345,,-12.6993
1983-04-01,30.61,92.5,,,98.8,False,0,8.21,10.4,1.8865,8.8,10.2,48.5311,89364,,141.8268,"DTWEXM*1.1937 before 2006-01, DTWEXBGS after (ratio-splice on 2006 overlap)",8.3094,-7.2008,,0.0,164.43,150.17,30.9818,-8.4903,-8.4903,-12.0099,-5.5158,,0.0,0.0,0.0,0.0,2.19,False,1.8865,-1.1083,-614.0,4.5513,,-17.9569
1983-05-01,30.0,92.4,,,99.2,False,0,8.19,10.38,1.8843,8.63,10.1,48.8239,89644,,141.3196,"DTWEXM*1.1937 before 2006-01, DTWEXBGS after (ratio-splice on 2006 overlap)",8.1883,-7.4087,,0.0,162.39,160.29,30.2419,-16.5043,-16.5043,-19.2819,-5.618,,0.0,0.0,0.0,0.0,2.19,False,1.8843,0.1551,-582.0,6.152,,-15.016
1983-06-01,31.0,92.4,,,99.4,False,0,8.79,10.85,1.7091,8.98,10.1,49.123,90021,,143.9758,"DTWEXM*1.1937 before 2006-01, DTWEXBGS after (ratio-splice on 2006 overlap)",8.2206,-22.3478,,0.0,167.64,160.8,31.1871,-11.6054,-11.6054,-13.7396,-5.618,,0.0,0.0,0.0,0.0,2.06,False,1.7091,1.0316,-517.0,3.1012,,-5.6105
1983-07-01,31.66,92.1,,,99.8,False,0,9.08,11.38,1.9275,9.37,9.4,49.8546,90437,,145.0254,"DTWEXM*1.1937 before 2006-01, DTWEXBGS after (ratio-splice on 2006 overlap)",8.2625,-33.6049,,0.0,162.56,161.5,31.7234,-7.3185,-7.3185,-9.4544,-6.0204,,0.0,0.0,0.0,0.0,2.3,False,1.9275,2.8744,-322.0,2.6805,,7.4336
1983-08-01,31.91,92.1,,,100.1,False,0,9.34,11.85,2.107,9.56,9.5,50.4443,90129,,147.3906,"DTWEXM*1.1937 before 2006-01, DTWEXBGS after (ratio-splice on 2006 overlap)",8.4425,-34.6508,,0.0,164.4,158.5,31.8781,-6.0088,-6.0088,-8.2624,-6.0204,,0.0,0.0,0.0,0.0,2.51,False,2.107,5.0503,-56.0,4.0803,,8.7345
1983-09-01,31.11,92.1,,,100.4,False,0,9.0,11.65,2.2924,9.45,9.2,51.178,91247,,147.0724,"DTWEXM*1.1937 before 2006-01, DTWEXBGS after (ratio-splice on 2006 overlap)",8.1674,-31.6356,,0.0,166.07,163.95,30.9861,-12.6859,-12.6859,-15.034,-5.9244,,0.0,0.0,0.0,0.0,2.65,False,2.2924,6.8416,-86.0,3.0681,,-4.0529
1983-10-01,30.41,92.1,,,100.8,False,0,8.64,11.54,2.553,9.48,8.8,51.5693,91520,,144.538,"DTWEXM*1.1937 before 2006-01, DTWEXBGS after (ratio-splice on 2006 overlap)",8.0506,-28.6692,,0.0,163.55,162.86,30.1687,-14.7702,-14.7702,-17.0531,-8.1755,,0.0,0.0,0.0,0.0,2.9,False,2.553,8.7109,-23.0,-0.3791,,-1.6513
1983-11-01,29.84,92.1,,,101.1,False,0,8.76,11.69,2.5789,9.34,8.5,51.7993,91875,,146.5511,"DTWEXM*1.1937 before 2006-01, DTWEXBGS after (ratio-splice on 2006 overlap)",7.9153,-21.2941,,0.0,166.4,161.63,29.5153,-12.6208,-12.6208,-15.3001,-7.9,,0.0,0.0,0.0,0.0,2.93,False,2.5789,9.5516,14.0,0.9975,,3.1318
1983-12-01,29.24,92.0,,,101.4,False,0,9.0,11.83,2.4719,9.47,8.3,52.0594,92230,,148.4179,"DTWEXM*1.1937 before 2006-01, DTWEXBGS after (ratio-splice on 2006 overlap)",8.4726,-31.6189,,0.0,164.93,161.58,28.8363,-7.8184,-7.8184,-11.182,-6.3136,,0.0,0.0,0.0,0.0,2.83,False,2.4719,10.8862,52.0,5.8778,,-11.9427
1984-01-01,29.69,92.1,,,102.1,False,0,8.9,11.67,2.4105,9.56,8.0,53.0985,92673,,149.6321,"DTWEXM*1.1937 before 2006-01, DTWEXBGS after (ratio-splice on 2006 overlap)",8.064,-29.7553,,0.0,163.41,162.03,29.0793,-4.8092,-4.8092,-8.725,-6.1162,,0.0,0.0,0.0,0.0,2.77,False,2.4105,11.0304,88.0,8.3576,,-12.107
1984-02-01,30.145,92.1,,,102.6,False,0,9.09,11.84,2.3826,9.59,7.8,53.3318,93157,,147.5581,"DTWEXM*1.1937 before 2006-01, DTWEXBGS after (ratio-splice on 2006 overlap)",7.4267,-23.127,,0.0,157.06,152.13,29.3811,4.1278,4.1278,-0.5407,-2.5397,,0.0,0.0,0.0,0.0,2.75,False,2.3826,12.2224,108.0,5.5193,,-10.3518
1984-03-01,30.761,92.1,,,102.9,False,0,9.52,12.32,2.4295,9.91,7.8,53.5929,93429,,144.9102,"DTWEXM*1.1937 before 2006-01, DTWEXBGS after (ratio-splice on 2006 overlap)",8.077,-18.8807,,0.0,159.18,153.77,29.8941,6.7349,6.7349,1.756,-0.4324,,0.0,0.0,0.0,0.0,2.8,False,2.4295,11.828,114.0,2.6082,,-8.9932
1984-04-01,30.618,91.9,,,103.3,False,0,9.69,12.63,2.5605,10.29,7.7,53.91,93792,,146.4458,"DTWEXM*1.1937 before 2006-01, DTWEXBGS after (ratio-splice on 2006 overlap)",7.9919,-14.9115,,0.0,160.05,154.12,29.6399,0.0261,0.0261,-4.3312,-0.6486,,0.0,0.0,0.0,0.0,2.94,False,2.5605,11.0834,149.0,3.2568,,-7.7107
1984-05-01,30.52,91.9,,,103.5,False,0,9.83,13.41,3.1855,10.32,7.4,54.2026,94098,,149.9262,"DTWEXM*1.1937 before 2006-01, DTWEXBGS after (ratio-splice on 2006 overlap)",7.9208,-15.5485,,0.0,150.55,148.68,29.4879,1.7333,1.7333,-2.4933,-0.5411,,0.0,0.0,0.0,0.0,3.58,False,3.1855,11.0165,169.0,6.0902,,-8.1398
1984-06-01,29.967,91.8,,,103.7,False,0,9.87,13.56,3.3024,11.06,7.2,54.4014,94479,,150.9909,"DTWEXM*1.1937 before 2006-01, DTWEXBGS after (ratio-splice on 2006 overlap)",7.7937,-24.4038,,0.0,153.18,148.53,28.8978,-3.3323,-3.3323,-7.3407,-0.6494,,0.0,0.0,0.0,0.0,3.69,False,3.3024,10.7453,208.0,4.8724,,-2.056
1984-07-01,28.752,91.7,,,104.1,False,0,10.12,13.36,2.8314,11.23,7.5,54.5521,94789,,156.0704,"DTWEXM*1.1937 before 2006-01, DTWEXBGS after (ratio-splice on 2006 overlap)",7.6525,-29.2953,,0.0,150.66,147.26,27.6196,-9.1851,-9.1851,-12.9363,-0.4343,,0.0,0.0,0.0,0.0,3.24,False,2.8314,9.4224,186.0,7.616,,4.3096
1984-08-01,29.25,91.5,,,104.4,False,0,10.47,12.72,1.8157,11.64,7.5,54.6083,95032,,155.846,"DTWEXM*1.1937 before 2006-01, DTWEXBGS after (ratio-splice on 2006 overlap)",7.6387,-28.4489,,0.0,166.68,150.66,28.0172,-8.3359,-8.3359,-12.1114,-0.6515,,0.0,0.0,0.0,0.0,2.25,False,1.8157,8.2546,208.0,5.7367,,6.202
1984-09-01,29.311,91.4,,,104.7,False,0,10.37,12.52,1.7268,11.3,7.3,54.4466,95344,,159.8567,"DTWEXM*1.1937 before 2006-01, DTWEXBGS after (ratio-splice on 2006 overlap)",7.6762,-25.3075,,0.0,166.1,163.06,27.9952,-5.7827,-5.7827,-9.6522,-0.76,,0.0,0.0,0.0,0.0,2.15,False,1.7268,6.3867,185.0,8.6925,,6.3281
1984-10-01,28.765,91.3,,,105.1,False,0,9.74,12.16,2.0359,9.99,7.4,54.4406,95629,,161.3038,"DTWEXM*1.1937 before 2006-01, DTWEXBGS after (ratio-splice on 2006 overlap)",7.5969,-24.038,,0.0,166.09,160.02,27.3692,-5.4094,-5.4094,-9.2794,-0.8686,,0.0,0.0,0.0,0.0,2.42,False,2.0359,5.5678,51.0,11.5995,,4.6312
1984-11-01,28.098,89.4,,,105.3,False,0,8.61,11.57,2.6479,9.43,7.2,54.624,95982,,159.2084,"DTWEXM*1.1937 before 2006-01, DTWEXBGS after (ratio-splice on 2006 overlap)",7.7584,-16.4951,,0.0,163.58,162.99,26.6838,-5.8378,-5.8378,-9.5936,-2.9316,,0.0,0.0,0.0,0.0,2.96,False,2.6479,5.4532,9.0,8.6368,,4.799
1984-12-01,25.429,88.6,,,105.5,False,0,8.06,11.5,3.162,8.38,7.3,54.6416,96107,,162.5233,"DTWEXM*1.1937 before 2006-01, DTWEXBGS after (ratio-splice on 2006 overlap)",7.3995,-19.6555,,0.0,167.24,161.54,24.1033,-13.0335,-13.0335,-16.4133,-3.6957,,0.0,0.0,0.0,0.0,3.44,False,3.162,4.9601,-109.0,9.5038,,11.9634
1985-01-01,25.641,86.1,,,105.7,False,0,7.76,11.38,3.3643,8.35,7.3,54.6322,96372,,165.88,"DTWEXM*1.1937 before 2006-01, DTWEXBGS after (ratio-splice on 2006 overlap)",7.7402,-23.2132,,0.0,179.63,163.36,24.2583,-13.6376,-13.6376,-16.579,-6.5147,,0.0,0.0,0.0,0.0,3.62,False,3.3643,2.8884,-121.0,10.8586,,6.5421
1985-02-01,27.271,83.9,,,106.3,False,0,8.27,11.51,2.9517,8.5,7.2,54.7825,96503,,171.3264,"DTWEXM*1.1937 before 2006-01, DTWEXBGS after (ratio-splice on 2006 overlap)",7.6757,-27.5453,,0.0,181.18,177.75,25.6548,-9.5339,-9.5339,-12.6828,-8.9034,,0.0,0.0,0.0,0.0,3.24,False,2.9517,2.7201,-109.0,16.1078,,-4.4182
1985-03-01,28.238,83.9,,,106.8,False,0,8.52,11.86,3.0252,8.58,7.2,54.8653,96842,,171.7757,"DTWEXM*1.1937 before 2006-01, DTWEXBGS after (ratio-splice on 2006 overlap)",7.3362,-25.8175,,0.0,180.66,176.53,26.4401,-8.2019,-8.2019,-11.5541,-8.9034,,0.0,0.0,0.0,0.0,3.34,False,3.0252,2.3742,-133.0,18.5394,,-6.9368
1985-04-01,28.805,84.2,,,107.0,False,0,7.95,11.43,3.2129,8.27,7.3,54.7459,97038,,165.3135,"DTWEXM*1.1937 before 2006-01, DTWEXBGS after (ratio-splice on 2006 overlap)",7.3585,-20.8368,,0.0,179.83,177.86,26.9206,-5.9214,-5.9214,-9.1745,-8.3787,,0.0,0.0,0.0,0.0,3.48,False,3.2129,1.5505,-202.0,12.8838,,-5.9253
1985-05-01,27.623,84.7,,,107.2,False,0,7.48,10.85,3.1136,7.97,7.2,54.8255,97312,,165.6317,"DTWEXM*1.1937 before 2006-01, DTWEXBGS after (ratio-splice on 2006 overlap)",7.3543,-24.8616,,0.0,189.55,178.35,25.7677,-9.4921,-9.4921,-12.616,-7.8346,,0.0,0.0,0.0,0.0,3.37,False,3.1136,1.1492,-235.0,10.4755,,-9.3131
1985-06-01,27.143,84.6,,,107.5,False,0,6.95,10.16,2.976,7.53,7.4,54.7989,97459,,163.7171,"DTWEXM*1.1937 before 2006-01, DTWEXBGS after (ratio-splice on 2006 overlap)",7.3697,-34.3683,,0.0,191.85,185.03,25.2493,-9.4237,-9.4237,-12.6255,-7.8431,,0.0,0.0,0.0,0.0,3.21,False,2.976,0.7307,-353.0,8.4285,,-9.9645
1985-07-01,27.329,84.4,,,107.7,False,0,7.08,10.31,2.9905,7.88,7.4,54.5396,97648,,157.9332,"DTWEXM*1.1937 before 2006-01, DTWEXBGS after (ratio-splice on 2006 overlap)",7.3204,-50.1154,,0.0,190.92,189.3,25.3751,-4.9492,-4.9492,-8.1264,-7.9607,,0.0,0.0,0.0,0.0,3.23,False,2.9905,-0.0229,-335.0,1.1936,,-20.82
1985-08-01,27.755,83.7,,,107.9,False,0,7.14,10.33,2.9614,7.9,7.1,54.7055,97840,,155.568,"DTWEXM*1.1937 before 2006-01, DTWEXBGS after (ratio-splice on 2006 overlap)",7.2308,-57.5768,,0.0,188.63,186.1,25.7229,-5.1111,-5.1111,-8.1891,-8.5246,,0.0,0.0,0.0,0.0,3.19,False,2.9614,0.178,-374.0,-0.1784,,-29.128
1985-09-01,28.289,83.9,,,108.1,False,0,7.1,10.37,3.04,7.92,7.1,54.8906,98045,,156.929,"DTWEXM*1.1937 before 2006-01, DTWEXBGS after (ratio-splice on 2006 overlap)",7.1278,-50.0293,,0.0,182.08,179.45,26.1693,-3.4867,-3.4867,-6.5223,-8.2057,,0.0,0.0,0.0,0.0,3.27,False,3.04,0.8155,-338.0,-1.8315,,-24.7218
1985-10-01,29.538,84.3,,,108.5,False,0,7.16,10.24,2.8359,7.99,7.1,54.7199,98233,,148.6942,"DTWEXM*1.1937 before 2006-01, DTWEXBGS after (ratio-splice on 2006 overlap)",7.1159,-36.9611,,0.0,189.82,181.16,27.224,2.6873,2.6873,-0.5306,-7.667,,0.0,0.0,0.0,0.0,3.08,False,2.8359,0.513,-200.0,-7.8173,,-12.923
1985-11-01,30.813,84.7,,,109.0,False,0,7.24,9.78,2.3053,8.05,7.0,54.9124,98443,,145.9672,"DTWEXM*1.1937 before 2006-01, DTWEXBGS after (ratio-splice on 2006 overlap)",7.1127,-36.1429,,0.0,202.17,189.37,28.2688,9.6626,9.6626,5.9401,-5.2573,,0.0,0.0,0.0,0.0,2.54,False,2.3053,0.528,-138.0,-8.3169,,-19.6477
1985-12-01,27.228,85.1,,,109.5,False,0,7.1,9.26,1.929,8.27,7.0,55.4412,98609,,144.9166,"DTWEXM*1.1937 before 2006-01, DTWEXBGS after (ratio-splice on 2006 overlap)",7.5552,-35.9942,,0.0,211.28,200.1,24.8658,7.0746,7.0746,3.1632,-3.9503,,0.0,0.0,0.0,0.0,2.16,False,1.929,1.4634,-11.0,-10.8333,,-16.3387
1986-01-01,22.945,84.3,22.9255,,109.9,False,0,7.07,9.19,1.8919,8.14,6.7,55.7481,98732,,143.4665,"DTWEXM*1.1937 before 2006-01, DTWEXBGS after (ratio-splice on 2006 overlap)",7.0213,-37.75,,0.0,211.78,202.6,20.8781,-10.5144,-10.5144,-13.9342,-2.0906,,0.0,0.0,0.0,0.0,2.12,False,1.8919,2.0426,-21.0,-13.5119,,-14.5368
1986-02-01,15.442,66.7,15.4547,,109.7,False,0,7.06,8.7,1.4137,7.86,7.2,55.3568,98847,,138.1266,"DTWEXM*1.1937 before 2006-01, DTWEXBGS after (ratio-splice on 2006 overlap)",6.9463,-51.7049,,0.0,226.92,210.82,14.0766,-43.3757,-43.3757,-45.1307,-20.5006,,0.0,0.0,0.0,0.0,1.64,False,1.4137,1.0483,-64.0,-19.3781,,-24.1596
1986-03-01,12.618,48.2,12.6125,,109.1,False,0,6.56,7.78,1.0145,7.48,7.2,54.9625,98934,,135.2215,"DTWEXM*1.1937 before 2006-01, DTWEXBGS after (ratio-splice on 2006 overlap)",6.5873,-55.3492,,0.0,238.9,222.18,11.5655,-55.3155,-55.3155,-56.2576,-42.5507,,0.0,0.0,0.0,0.0,1.22,False,1.0145,0.1772,-110.0,-21.2802,,-29.5316
1986-04-01,12.847,41.0,12.8436,,108.7,False,0,6.06,7.3,1.0636,6.99,7.1,55.0413,99121,,133.9568,"DTWEXM*1.1937 before 2006-01, DTWEXBGS after (ratio-splice on 2006 overlap)",6.1336,-61.5146,,0.0,235.52,226.3,11.8188,-55.4001,-55.4001,-56.0976,-51.3064,,0.0,0.0,0.0,0.0,1.24,False,1.0636,0.5396,-128.0,-18.968,,-40.6778
1986-05-01,15.444,40.0,15.3776,,109.0,False,0,6.15,7.71,1.3748,6.85,7.2,55.1226,99248,,130.7946,"DTWEXM*1.1937 before 2006-01, DTWEXBGS after (ratio-splice on 2006 overlap)",6.1557,-66.3534,,0.0,247.35,232.26,14.1688,-44.0901,-44.0901,-45.0134,-52.7745,,0.0,0.0,0.0,0.0,1.56,False,1.3748,0.5419,-112.0,-21.0329,,-41.4918
1986-06-01,13.469,41.0,13.4257,,109.4,False,0,6.21,7.8,1.4029,6.92,7.2,54.9005,99155,,131.6676,"DTWEXM*1.1937 before 2006-01, DTWEXBGS after (ratio-splice on 2006 overlap)",6.3389,-69.3162,,0.0,250.84,238.23,12.3117,-50.3776,-50.3776,-51.2394,-51.5366,,0.0,0.0,0.0,0.0,1.59,False,1.4029,0.1854,-61.0,-19.5761,,-34.9479
1986-07-01,11.575,37.2,11.5845,,109.5,False,0,5.83,7.3,1.3036,6.56,7.0,55.2592,99473,,128.1539,"DTWEXM*1.1937 before 2006-01, DTWEXBGS after (ratio-splice on 2006 overlap)",6.1676,-80.9438,,0.0,236.12,233.07,10.5708,-57.6457,-57.6457,-58.342,-55.9242,,0.0,0.0,0.0,0.0,1.47,False,1.3036,1.3194,-132.0,-18.8557,,-30.8284
1986-08-01,15.092,36.0,15.0967,,109.6,False,0,5.53,7.17,1.4805,6.17,6.9,55.1567,99588,,125.9697,"DTWEXM*1.1937 before 2006-01, DTWEXBGS after (ratio-splice on 2006 overlap)",5.7925,-78.2821,,0.0,252.93,231.92,13.7701,-45.6242,-45.6242,-46.4676,-56.9892,,0.0,0.0,0.0,0.0,1.64,False,1.4805,0.8248,-173.0,-19.026,,-20.7052
1986-09-01,14.913,42.5,14.8667,,110.0,False,0,5.21,7.45,2.0952,5.89,7.0,55.2975,99934,,125.8525,"DTWEXM*1.1937 before 2006-01, DTWEXBGS after (ratio-splice on 2006 overlap)",5.8113,-54.2442,,0.0,231.32,228.08,13.5573,-47.2834,-47.2834,-48.194,-49.3445,,0.0,0.0,0.0,0.0,2.24,False,2.0952,0.7413,-203.0,-19.8029,,-4.2148
1986-10-01,14.852,42.1,14.8968,,110.2,False,0,5.18,7.43,2.1032,5.85,7.0,55.5332,100121,,125.9371,"DTWEXM*1.1937 before 2006-01, DTWEXBGS after (ratio-splice on 2006 overlap)",5.7997,-48.7984,,0.0,243.98,231.32,13.4773,-49.719,-49.719,-50.4947,-50.0593,,0.0,0.0,0.0,0.0,2.25,False,2.1032,1.4863,-214.0,-15.3046,,-11.8373
1986-11-01,15.207,41.9,15.2216,,110.4,False,0,5.35,7.25,1.7506,6.04,6.9,55.7557,100308,,127.8402,"DTWEXM*1.1937 before 2006-01, DTWEXBGS after (ratio-splice on 2006 overlap)",5.8974,-51.1202,,0.0,249.22,235.51,13.7745,-50.6475,-50.6475,-51.2733,-50.5313,,0.0,0.0,0.0,0.0,1.9,False,1.7506,1.5357,-201.0,-12.4185,,-14.9773
1986-12-01,16.076,42.0,16.1076,,110.8,False,0,5.53,7.11,1.43,6.91,6.6,56.2845,100509,,126.6498,"DTWEXM*1.1937 before 2006-01, DTWEXBGS after (ratio-splice on 2006 overlap)",5.6822,-60.1128,,0.0,242.17,241.28,14.509,-40.9578,-40.9578,-41.6506,-50.6463,,0.0,0.0,0.0,0.0,1.58,False,1.43,1.5211,-136.0,-12.6051,,-24.1187
1987-01-01,18.656,50.4,18.6514,,111.4,False,0,5.43,7.08,1.5065,6.43,6.6,56.0882,100678,,121.5693,"DTWEXM*1.1937 before 2006-01, DTWEXBGS after (ratio-splice on 2006 overlap)",5.8832,-46.5185,-4.4875,0.0,274.08,242.17,16.7469,-18.6925,-18.6925,-19.7873,-40.2135,,0.0,0.0,0.0,0.0,1.65,False,1.5065,0.6101,-171.0,-15.2629,,-8.7685
1987-02-01,17.726,52.4,17.7489,,111.8,False,0,5.59,7.25,1.4995,6.1,6.6,56.8275,100919,,119.7211,"DTWEXM*1.1937 before 2006-01, DTWEXBGS after (ratio-splice on 2006 overlap)",5.9566,-41.7925,12.5171,0.0,284.2,273.16,15.8551,14.7908,14.7908,12.6347,-21.4393,,0.0,0.0,0.0,0.0,1.66,False,1.4995,2.6568,-176.0,-13.3251,,9.9124
1987-03-01,18.305,52.3,18.3029,,112.2,False,0,5.59,7.25,1.4827,6.13,6.6,56.9098,101164,,118.5411,"DTWEXM*1.1937 before 2006-01, DTWEXBGS after (ratio-splice on 2006 overlap)",6.0366,-35.086,65.815,0.0,291.7,282.3,16.3146,45.0705,45.0705,41.0623,8.5062,,0.0,0.0,0.0,0.0,1.66,False,1.4827,3.543,-135.0,-12.3356,,20.2632
1987-04-01,18.643,53.2,18.6771,,112.7,False,0,5.64,8.02,2.2071,6.37,6.3,57.2701,101499,,115.6337,"DTWEXM*1.1937 before 2006-01, DTWEXBGS after (ratio-splice on 2006 overlap)",6.0155,-25.1915,40.6297,0.0,288.36,275.67,16.5421,45.1156,45.1156,39.9651,29.7561,,0.0,0.0,0.0,0.0,2.38,False,2.2071,4.0493,-62.0,-13.6784,,36.3231
1987-05-01,19.415,54.7,19.4375,18.58,113.0,False,0,5.66,8.61,2.7665,6.85,6.3,57.6322,101728,,114.843,"DTWEXM*1.1937 before 2006-01, DTWEXBGS after (ratio-splice on 2006 overlap)",6.1639,-19.4455,28.2119,0.0,290.1,277.01,17.1814,25.7123,25.7123,21.2623,36.75,,0.0,0.0,0.0,0.0,2.95,False,2.7665,4.5528,0.0,-12.1959,,46.9079
1987-06-01,20.034,56.4,20.0732,18.8605,113.5,False,0,5.67,8.4,2.5477,6.73,6.2,57.9307,101900,,116.6811,"DTWEXM*1.1937 before 2006-01, DTWEXBGS after (ratio-splice on 2006 overlap)",6.1182,-30.7357,53.8813,0.0,304.0,286.93,17.6511,48.7416,48.7416,43.3685,37.561,,0.0,0.0,0.0,0.0,2.73,False,2.5477,5.5194,-19.0,-11.3821,,38.5805
1987-07-01,21.355,59.8,21.3422,19.8565,113.8,False,0,5.69,8.45,2.5677,6.58,6.1,58.3258,102247,,118.52,"DTWEXM*1.1937 before 2006-01, DTWEXBGS after (ratio-splice on 2006 overlap)",6.1169,-33.6821,82.6939,0.0,318.66,302.53,18.7654,84.4924,84.4924,77.5213,60.7527,,0.0,0.0,0.0,0.0,2.76,False,2.5677,5.5495,2.0,-7.5174,,47.2617
1987-08-01,20.274,61.1,20.311,18.9795,114.3,False,0,6.04,8.76,2.5271,6.73,6.0,58.7636,102420,,118.0585,"DTWEXM*1.1937 before 2006-01, DTWEXBGS after (ratio-splice on 2006 overlap)",6.0496,-18.8011,24.8263,0.0,329.8,314.51,17.7375,34.3361,34.3361,28.8122,69.7222,,0.0,0.0,0.0,0.0,2.72,False,2.5271,6.5394,56.0,-6.2802,,59.4809
1987-09-01,19.526,57.8,19.53,18.3132,114.7,False,0,6.4,9.42,2.8005,7.22,5.9,58.9951,102647,,115.581,"DTWEXM*1.1937 before 2006-01, DTWEXBGS after (ratio-splice on 2006 overlap)",5.9587,-22.3509,33.4694,0.0,321.83,308.56,17.0235,30.9327,30.9327,25.5676,36.0,,0.0,0.0,0.0,0.0,3.02,False,2.8005,6.6867,133.0,-8.1616,,31.8933
1987-10-01,19.848,56.9,19.8591,18.7577,115.0,False,0,6.13,9.52,3.169,7.29,6.0,59.781,103138,,115.12,"DTWEXM*1.1937 before 2006-01, DTWEXBGS after (ratio-splice on 2006 overlap)",6.1381,-17.3516,30.8852,0.0,251.79,216.46,17.2591,33.6386,33.6386,28.0606,35.1544,,0.0,0.0,0.0,0.0,3.39,False,3.169,7.6491,144.0,-8.5893,,31.4468
1987-11-01,18.92,56.6,18.854,17.781,115.4,False,0,5.69,8.86,2.9705,6.69,5.8,60.0726,103372,,110.4286,"DTWEXM*1.1937 before 2006-01, DTWEXBGS after (ratio-splice on 2006 overlap)",5.9379,-12.3419,21.1249,0.0,230.3,225.75,16.3951,24.4164,24.4164,19.0257,35.0835,,0.0,0.0,0.0,0.0,3.17,False,2.9705,7.7425,65.0,-13.6198,,38.7783
1987-12-01,17.241,54.1,17.2745,17.0541,115.6,False,0,5.77,8.99,3.0282,6.77,5.7,60.4095,103661,,107.0461,"DTWEXM*1.1937 before 2006-01, DTWEXBGS after (ratio-splice on 2006 overlap)",5.9198,-5.1545,-6.8966,0.0,247.08,221.24,14.9144,7.2468,7.2468,2.7937,28.8095,,0.0,0.0,0.0,0.0,3.22,False,3.0282,7.3288,-14.0,-15.4786,,54.9583
1988-01-01,17.16,50.1,17.1295,16.7494,116.0,False,0,5.81,8.67,2.6611,6.83,5.7,60.3976,103753,,106.974,"DTWEXM*1.1937 before 2006-01, DTWEXBGS after (ratio-splice on 2006 overlap)",6.0615,2.8588,-8.7144,0.0,257.07,240.17,14.7931,-8.0189,-8.0189,-11.6664,-0.5952,,0.0,0.0,0.0,0.0,2.86,False,2.6611,7.6833,40.0,-12.0058,,49.3773
1988-02-01,16.765,49.7,16.7957,15.7295,116.2,False,0,5.66,8.21,2.3695,6.58,5.7,60.7003,104214,,108.1129,"DTWEXM*1.1937 before 2006-01, DTWEXBGS after (ratio-splice on 2006 overlap)",5.8546,14.105,-8.1609,0.0,267.82,247.82,14.4277,-5.4214,-5.4214,-9.0027,-5.1527,,0.0,0.0,0.0,0.0,2.55,False,2.3695,6.815,48.0,-9.696,,55.8975
1988-03-01,16.217,47.2,16.1974,14.7313,116.5,False,0,5.7,8.37,2.5035,6.58,5.7,60.8501,104489,,106.3252,"DTWEXM*1.1937 before 2006-01, DTWEXBGS after (ratio-splice on 2006 overlap)",5.8427,19.1967,-8.5607,0.0,258.89,256.07,13.9202,-11.4067,-11.4067,-14.6767,-9.7514,,0.0,0.0,0.0,0.0,2.67,False,2.5035,6.9238,45.0,-10.3052,,54.2827
1988-04-01,17.875,49.1,17.8625,16.5953,117.2,False,0,5.91,8.72,2.6355,6.87,5.4,61.2031,104732,,105.0364,"DTWEXM*1.1937 before 2006-01, DTWEXBGS after (ratio-splice on 2006 overlap)",5.8137,11.6531,-5.8273,0.0,261.33,254.71,15.2517,-4.1195,-4.1195,-7.8009,-7.7068,,0.0,0.0,0.0,0.0,2.81,False,2.6355,6.8675,50.0,-9.1646,,36.8446
1988-05-01,17.438,51.5,17.4236,16.3141,117.5,False,0,6.26,9.09,2.6348,7.09,5.6,61.0797,104962,,105.4458,"DTWEXM*1.1937 before 2006-01, DTWEXBGS after (ratio-splice on 2006 overlap)",5.7839,5.2018,-12.0361,0.0,262.16,248.85,14.8409,-10.1828,-10.1828,-13.6227,-5.8501,-12.1954,0.0,0.0,0.0,0.0,2.83,False,2.6348,5.9819,24.0,-8.1826,,24.6473
1988-06-01,16.53,50.6,16.5277,15.5436,118.0,False,0,6.46,8.92,2.2573,7.51,5.4,61.2569,105326,,107.4016,"DTWEXM*1.1937 before 2006-01, DTWEXBGS after (ratio-splice on 2006 overlap)",5.9123,-5.1119,-27.4117,0.0,273.5,262.1,14.0085,-17.4903,-17.4903,-20.6368,-10.2837,-17.5862,0.0,0.0,0.0,0.0,2.46,False,2.2573,5.7417,78.0,-7.9528,,25.6238
1988-07-01,15.498,45.7,15.4975,14.9076,118.5,False,0,6.73,9.06,2.108,7.75,5.4,61.2659,105550,,110.7517,"DTWEXM*1.1937 before 2006-01, DTWEXBGS after (ratio-splice on 2006 overlap)",5.9024,-11.4723,-23.3973,0.0,272.02,262.48,13.0785,-27.4268,-27.4268,-30.3053,-23.5786,-24.9233,0.0,0.0,0.0,0.0,2.33,False,2.108,5.0408,117.0,-6.5544,,22.2098
1988-08-01,15.524,45.0,15.5235,14.8939,119.0,False,0,7.06,9.26,1.9609,8.01,5.6,61.5731,105674,,112.2166,"DTWEXM*1.1937 before 2006-01, DTWEXBGS after (ratio-splice on 2006 overlap)",5.9293,-9.4071,-21.4581,0.0,261.52,256.53,13.0454,-23.429,-23.429,-26.4533,-26.3502,-21.5264,0.0,0.0,0.0,0.0,2.2,False,1.9609,4.781,128.0,-4.9483,,9.394
1988-09-01,14.467,42.6,14.5355,13.1795,119.5,False,0,7.24,8.98,1.499,8.19,5.4,61.3807,106013,,112.2528,"DTWEXM*1.1937 before 2006-01, DTWEXBGS after (ratio-splice on 2006 overlap)",5.68,-4.8611,-32.2663,0.0,271.91,256.98,12.1063,-25.909,-25.909,-28.8851,-26.2976,-28.0325,0.0,0.0,0.0,0.0,1.74,False,1.499,4.0437,97.0,-2.8795,,17.4898
1988-10-01,13.798,39.3,13.7705,12.4057,119.9,False,0,7.35,8.8,1.1985,8.3,5.4,61.6453,106276,,108.9737,"DTWEXM*1.1937 before 2006-01, DTWEXBGS after (ratio-splice on 2006 overlap)",5.8734,-1.9537,-28.8118,0.0,278.97,268.84,11.5079,-30.4817,-30.4817,-33.3227,-30.9315,-33.8634,0.0,0.0,0.0,0.0,1.45,False,1.1985,3.1185,101.0,-5.339,,15.3979
1988-11-01,13.977,39.2,14.1414,13.0245,120.3,False,0,7.76,8.96,0.934,8.35,5.3,61.7944,106617,,105.999,"DTWEXM*1.1937 before 2006-01, DTWEXBGS after (ratio-splice on 2006 overlap)",5.6935,7.821,-14.6179,0.0,273.7,262.85,11.6185,-26.1258,-26.1258,-29.1348,-30.742,-26.75,0.0,0.0,0.0,0.0,1.2,False,0.934,2.8662,166.0,-4.0112,,20.1629
1988-12-01,16.266,44.3,16.3824,15.3067,120.7,False,0,8.07,9.11,0.7571,8.76,5.3,62.0743,106898,,105.5667,"DTWEXM*1.1937 before 2006-01, DTWEXBGS after (ratio-splice on 2006 overlap)",5.6103,11.2902,-1.2118,0.0,277.72,270.47,13.4764,-5.6551,-5.6551,-9.6415,-18.1146,-10.2464,0.0,0.0,0.0,0.0,1.04,False,0.7571,2.7559,199.0,-1.382,,16.4448
1989-01-01,17.983,49.7,18.0243,17.1719,121.2,False,0,8.27,9.09,0.533,9.12,5.4,62.2574,107161,,108.0864,"DTWEXM*1.1937 before 2006-01, DTWEXBGS after (ratio-splice on 2006 overlap)",5.3966,17.7551,-3.9548,0.0,297.47,273.81,14.8375,4.796,4.796,0.2998,-0.7984,2.5222,0.0,0.0,0.0,0.0,0.82,False,0.533,3.0793,229.0,1.04,,14.8963
1989-02-01,17.826,50.3,17.9365,16.8885,121.6,False,0,8.53,9.17,0.3321,9.36,5.2,61.9819,107427,,108.5895,"DTWEXM*1.1937 before 2006-01, DTWEXBGS after (ratio-splice on 2006 overlap)",6.0636,12.1902,18.6319,1.0,288.86,286.26,14.6595,6.3287,6.3287,1.6068,1.2072,7.3682,0.0,0.0,0.0,0.0,0.64,False,0.3321,2.1114,278.0,0.4409,,-1.9148
1989-03-01,19.445,53.9,19.4841,18.701,122.2,False,0,8.82,9.36,0.2155,9.85,5.0,62.1369,107621,,110.172,"DTWEXM*1.1937 before 2006-01, DTWEXBGS after (ratio-splice on 2006 overlap)",5.8134,17.5093,18.8856,1.0,294.87,286.46,15.9124,19.905,19.905,14.3121,14.1949,26.947,0.0,0.0,0.0,0.0,0.54,False,0.2155,2.1147,327.0,3.618,,-1.6874
1989-04-01,21.04,58.9,21.069,20.3195,123.1,False,0,8.65,9.18,0.213,9.84,5.2,62.1276,107791,,110.5429,"DTWEXM*1.1937 before 2006-01, DTWEXBGS after (ratio-splice on 2006 overlap)",5.9695,16.9399,17.0592,1.0,309.64,294.35,17.0918,17.7063,17.7063,12.0648,19.9593,22.4416,0.0,0.0,0.0,0.0,0.53,False,0.213,1.5105,297.0,5.2425,,5.2868
1989-05-01,20.032,59.5,20.1235,18.6332,123.7,False,0,8.43,8.86,0.1232,9.81,5.2,61.7744,107913,,114.0726,"DTWEXM*1.1937 before 2006-01, DTWEXBGS after (ratio-splice on 2006 overlap)",6.0279,21.4941,15.0693,1.0,320.52,304.06,16.194,14.8756,14.8756,9.1179,15.534,14.2153,0.0,0.0,0.0,0.0,0.43,False,0.1232,1.1374,272.0,8.1812,,16.2924
1989-06-01,20.005,58.3,20.0505,17.6709,124.1,False,0,8.15,8.28,-0.1573,9.53,5.3,61.7697,108027,,116.8838,"DTWEXM*1.1937 before 2006-01, DTWEXBGS after (ratio-splice on 2006 overlap)",5.8992,3.08,31.5824,1.0,317.98,314.38,16.1201,21.0224,21.0224,15.0737,15.2174,13.6858,0.0,0.0,0.0,0.0,0.13,True,-0.1573,0.8371,202.0,8.8287,,8.192
1989-07-01,19.644,59.9,19.7814,17.6229,124.5,False,0,7.88,8.02,-0.1285,9.24,5.2,61.1738,108069,,113.532,"DTWEXM*1.1937 before 2006-01, DTWEXBGS after (ratio-splice on 2006 overlap)",5.8092,1.0002,15.7197,1.0,346.08,317.26,15.7783,26.7518,26.7518,20.6433,31.0722,18.2138,0.0,0.0,0.0,0.0,0.14,True,-0.1285,-0.1503,149.0,2.5103,,12.4725
1989-08-01,18.522,53.5,18.5778,16.77,124.5,False,0,7.9,8.11,-0.0574,8.99,5.2,61.7732,108120,,114.2966,"DTWEXM*1.1937 before 2006-01, DTWEXBGS after (ratio-splice on 2006 overlap)",5.778,2.3793,29.7726,1.0,351.45,339.0,14.8771,19.312,19.312,14.0412,18.8889,12.5963,0.0,0.0,0.0,0.0,0.21,True,-0.0574,0.325,98.0,1.8536,,11.7864
1989-09-01,19.594,56.2,19.5914,17.7662,124.8,False,0,7.75,8.19,0.176,9.02,5.3,61.5796,108369,,115.9158,"DTWEXM*1.1937 before 2006-01, DTWEXBGS after (ratio-splice on 2006 overlap)",5.718,3.8534,55.1193,1.0,349.15,341.37,15.7003,35.4393,35.4393,29.6874,31.9249,34.8012,0.0,0.0,0.0,0.0,0.44,True,0.176,0.324,83.0,3.2632,,8.7145
1989-10-01,20.091,57.6,20.0977,18.9077,125.4,False,0,7.64,8.01,0.1081,8.84,5.3,61.4966,108476,,113.5227,"DTWEXM*1.1937 before 2006-01, DTWEXBGS after (ratio-splice on 2006 overlap)",5.7711,10.5586,45.1095,1.0,340.36,327.12,16.0215,45.6081,45.6081,39.2217,46.5649,52.4114,0.0,0.0,0.0,0.0,0.37,True,0.1081,-0.2412,54.0,4.1744,,12.5123
1989-11-01,19.82,57.6,19.8559,18.7273,125.9,False,0,7.69,7.87,-0.0695,8.55,5.4,61.7044,108752,,113.1391,"DTWEXM*1.1937 before 2006-01, DTWEXBGS after (ratio-splice on 2006 overlap)",5.7558,18.0984,28.3592,1.0,345.99,330.91,15.7427,41.8044,41.8044,35.497,46.9388,43.7845,0.0,0.0,0.0,0.0,0.18,True,-0.0695,-0.1456,20.0,6.736,,10.2774
1989-12-01,21.088,59.8,21.1,19.8389,126.3,False,0,7.63,7.84,-0.0435,8.45,5.4,62.0428,108836,,111.1444,"DTWEXM*1.1937 before 2006-01, DTWEXBGS after (ratio-splice on 2006 overlap)",6.2184,14.5097,23.1116,1.0,353.4,339.63,16.6968,29.6447,29.6447,23.8964,34.9887,29.6098,0.0,0.0,0.0,0.0,0.21,True,-0.0435,-0.0507,-31.0,5.2836,,3.2195
1990-01-01,22.641,64.3,22.8632,21.2518,127.5,False,0,7.64,8.21,0.3086,8.23,5.4,61.729,109196,,110.303,"DTWEXM*1.1937 before 2006-01, DTWEXBGS after (ratio-splice on 2006 overlap)",5.4413,16.438,29.7313,1.0,329.08,319.83,17.7576,25.9022,25.9022,19.6812,29.3763,23.7592,5.8477,5.8477,5.1048,5.1048,0.57,True,0.3086,-0.8487,-89.0,2.0508,,-1.3172
1990-02-01,22.108,65.0,22.113,19.8135,128.0,False,0,7.74,8.47,0.4711,8.24,5.3,62.2896,109436,,110.3534,"DTWEXM*1.1937 before 2006-01, DTWEXBGS after (ratio-splice on 2006 overlap)",5.7561,13.0008,16.0474,1.0,331.89,322.1,17.2719,24.0211,24.0211,17.82,29.2247,17.3195,0.0,5.8477,1.0828,6.1875,0.73,True,0.4711,0.4964,-112.0,1.6243,,0.8106
1990-03-01,20.418,60.0,20.3877,18.3873,128.6,False,0,7.9,8.59,0.4186,8.28,5.2,62.5999,109640,,112.5779,"DTWEXM*1.1937 before 2006-01, DTWEXBGS after (ratio-splice on 2006 overlap)",5.6539,12.4463,-1.5012,1.0,339.94,331.08,15.8771,5.0039,5.0039,-0.2218,11.3173,-1.6773,0.0,5.8477,0.0,6.1875,0.69,True,0.4186,0.7451,-157.0,2.1837,,-5.063
1990-04-01,18.582,52.6,18.4255,16.6121,128.9,False,0,7.77,8.79,0.745,8.26,5.4,62.4359,109674,,112.5723,"DTWEXM*1.1937 before 2006-01, DTWEXBGS after (ratio-splice on 2006 overlap)",5.6764,2.6074,-4.6883,1.0,330.8,327.76,14.4158,-11.6825,-11.6825,-15.6565,-10.6961,-18.2455,0.0,5.8477,0.0,6.1875,1.02,True,0.745,0.4962,-158.0,1.8358,,-14.3325
1990-05-01,18.237,54.5,18.1995,16.3523,129.1,False,0,7.74,8.76,0.7514,8.18,5.4,62.6258,109828,,111.032,"DTWEXM*1.1937 before 2006-01, DTWEXBGS after (ratio-splice on 2006 overlap)",5.6279,-6.299,-11.3198,1.0,361.23,330.8,14.1263,-8.9607,-8.9607,-12.7687,-8.4034,-12.2411,0.0,5.8477,0.0,6.1875,1.02,True,0.7514,1.3782,-163.0,-2.6655,,-27.7931
1990-06-01,16.871,47.9,16.6952,15.1048,129.9,False,0,7.73,8.48,0.4933,8.29,5.2,62.8382,109850,,111.0174,"DTWEXM*1.1937 before 2006-01, DTWEXBGS after (ratio-splice on 2006 overlap)",5.6091,-15.1301,-16.2162,1.0,358.02,351.23,12.9877,-15.6661,-15.6661,-19.4316,-17.8388,-14.5219,0.0,5.8477,0.0,6.1875,0.75,False,0.4933,1.7298,-124.0,-5.019,,-18.2101
1990-07-01,18.638,46.3,18.4541,17.1691,130.5,False,0,7.62,8.47,0.5967,8.15,5.5,62.7284,109815,,107.9887,"DTWEXM*1.1937 before 2006-01, DTWEXBGS after (ratio-splice on 2006 overlap)",5.5918,-25.1143,14.852,0.0,356.15,350.09,14.282,-5.1212,-5.1212,-9.4834,-22.7045,-2.5749,0.0,5.8477,0.0,6.1875,0.85,False,0.5967,2.5413,-109.0,-4.8826,,-26.1144
1990-08-01,27.174,75.2,27.3074,27.1674,131.6,False,1,7.45,8.75,1.0583,8.13,5.7,62.9475,109607,,105.2545,"DTWEXM*1.1937 before 2006-01, DTWEXBGS after (ratio-splice on 2006 overlap)",5.9637,-16.1015,41.4948,0.0,322.56,306.18,20.6489,46.712,46.712,38.7967,40.5607,61.9999,18.2498,24.0975,14.5764,20.7639,1.3,False,1.0583,1.901,-86.0,-7.9111,,-18.4808
1990-09-01,33.687,91.0,33.5075,34.899,132.5,False,1,7.36,8.89,1.2953,8.2,5.9,62.9523,109522,,103.8741,"DTWEXM*1.1937 before 2006-01, DTWEXBGS after (ratio-splice on 2006 overlap)",6.1084,-18.7012,98.1454,0.0,306.05,295.98,25.4242,71.9251,71.9251,61.934,61.9217,96.4349,21.4851,45.5826,19.0708,39.8348,1.53,False,1.2953,2.2291,-82.0,-10.3883,,-22.5546
1990-10-01,35.922,118.0,36.0396,36.0226,133.4,False,1,7.17,8.72,1.3195,8.11,5.9,62.5845,109377,,100.7683,"DTWEXM*1.1937 before 2006-01, DTWEXBGS after (ratio-splice on 2006 overlap)",6.291,-14.6881,76.8152,0.0,304.0,294.51,26.928,78.7965,78.7965,68.074,104.8611,90.5179,6.4238,52.0064,25.9825,65.8173,1.55,False,1.3195,1.769,-73.0,-11.2351,,-25.2467
1990-11-01,32.3,97.3,32.3323,33.0673,133.7,False,1,7.06,8.39,1.1015,7.81,6.2,61.7887,109222,,99.9965,"DTWEXM*1.1937 before 2006-01, DTWEXBGS after (ratio-splice on 2006 overlap)",6.1959,-9.7277,42.2005,0.0,322.22,301.61,24.1586,62.9667,62.9667,53.4593,68.9236,76.5728,0.0,52.0064,0.0,65.8173,1.33,False,1.1015,0.1366,-74.0,-11.6163,,-27.8261
1990-12-01,27.337,79.3,27.281,28.2735,134.2,False,1,6.74,8.08,1.1255,7.31,6.3,61.3352,109168,,101.5788,"DTWEXM*1.1937 before 2006-01, DTWEXBGS after (ratio-splice on 2006 overlap)",6.2854,-0.4542,31.6081,0.0,330.22,321.97,20.3703,29.633,29.633,22.0018,32.6087,42.5151,0.0,52.0064,0.0,65.8173,1.34,False,1.1255,-1.1405,-114.0,-8.6065,,-14.9639
1991-01-01,24.959,87.9,25.2341,23.5664,134.7,False,1,6.22,8.09,1.6824,6.91,6.4,61.1355,109058,,101.4768,"DTWEXM*1.1937 before 2006-01, DTWEXBGS after (ratio-splice on 2006 overlap)",6.1703,0.1699,-2.2321,0.0,343.93,309.35,18.5293,10.2381,10.2381,4.3456,36.703,10.891,0.0,46.1587,0.0,60.7125,1.87,False,1.6824,-0.9615,-132.0,-8.0018,,-16.2681
1991-02-01,20.523,64.2,20.4775,19.536,134.8,False,1,5.94,7.85,1.7384,6.25,6.6,60.6838,108735,,99.9973,"DTWEXM*1.1937 before 2006-01, DTWEXBGS after (ratio-splice on 2006 overlap)",5.7206,9.9227,-7.8834,0.0,367.07,340.37,15.2248,-7.1694,-7.1694,-11.8522,-1.2308,-1.4006,0.0,46.1587,0.0,59.6297,1.91,False,1.7384,-2.578,-199.0,-9.3844,,-3.0781
1991-03-01,19.86,54.1,19.9015,19.0825,134.8,False,1,5.91,8.11,2.0165,6.12,6.8,60.3346,108568,,105.2527,"DTWEXM*1.1937 before 2006-01, DTWEXBGS after (ratio-splice on 2006 overlap)",5.6427,17.8598,-0.7583,0.0,375.22,363.73,14.7329,-2.7329,-2.7329,-7.2066,-9.8333,3.781,0.0,46.1587,0.0,59.6297,2.2,False,2.0165,-3.6187,-216.0,-6.5067,,5.4135
1991-04-01,20.823,56.3,20.83,19.18,135.1,False,0,5.65,8.04,2.2136,5.91,6.7,60.4938,108350,,107.2747,"DTWEXM*1.1937 before 2006-01, DTWEXBGS after (ratio-splice on 2006 overlap)",5.6768,10.4044,14.6995,0.0,375.34,370.27,15.413,12.0601,12.0601,6.9174,7.0342,15.458,0.0,46.1587,0.0,59.6297,2.39,False,2.2136,-3.1106,-235.0,-4.706,,7.7971
1991-05-01,21.24,58.8,21.2323,19.1868,135.6,False,0,5.46,8.07,2.4341,5.78,6.9,61.0633,108253,,108.0062,"DTWEXM*1.1937 before 2006-01, DTWEXBGS after (ratio-splice on 2006 overlap)",5.9544,14.2367,27.0871,0.0,389.83,365.83,15.6637,16.4665,16.4665,10.8837,7.8899,17.3343,0.0,46.1587,0.0,59.6297,2.61,False,2.4341,-2.495,-240.0,-2.7251,,20.5356
1991-06-01,20.195,56.2,20.189,18.1675,136.0,False,0,5.57,8.28,2.533,5.9,6.9,61.5581,108330,,110.1585,"DTWEXM*1.1937 before 2006-01, DTWEXBGS after (ratio-splice on 2006 overlap)",5.7607,16.4177,24.6061,0.0,371.16,367.98,14.8493,19.7024,19.7024,14.3334,17.3278,20.2766,0.0,46.1587,0.0,59.6297,2.71,False,2.533,-2.0371,-239.0,-0.7737,,31.5478
1991-07-01,21.42,59.3,21.403,19.397,136.2,False,0,5.58,8.27,2.5218,5.82,6.8,61.7305,108290,,109.9221,"DTWEXM*1.1937 before 2006-01, DTWEXBGS after (ratio-splice on 2006 overlap)",5.7413,7.9415,-26.6892,0.0,387.81,370.92,15.7269,14.9265,14.9265,10.1168,28.0778,12.976,0.0,46.1587,0.0,59.6297,2.69,False,2.5218,-1.5908,-233.0,1.7904,,33.0558
1991-08-01,21.688,60.4,21.6936,19.7727,136.6,False,0,5.33,7.9,2.4023,5.66,6.9,61.7298,108300,,108.5111,"DTWEXM*1.1937 before 2006-01, DTWEXBGS after (ratio-splice on 2006 overlap)",5.6285,2.7773,-29.2923,0.0,395.43,374.09,15.877,-20.1884,-20.1884,-23.1098,-19.6809,-27.2189,0.0,27.9089,0.0,45.0533,2.57,False,2.4023,-1.9345,-247.0,3.0941,,18.8788
1991-09-01,21.857,60.4,21.8865,20.5019,137.0,False,0,5.22,7.65,2.2765,5.45,6.9,62.2195,108335,,106.4112,"DTWEXM*1.1937 before 2006-01, DTWEXBGS after (ratio-splice on 2006 overlap)",5.6842,5.8828,-39.4723,0.0,387.86,382.77,15.954,-35.1174,-35.1174,-37.2486,-33.6264,-41.2536,0.0,6.4238,0.0,25.9825,2.43,False,2.2765,-1.1641,-275.0,2.4424,,24.584
1991-10-01,23.228,66.3,23.2309,22.2061,137.2,False,0,4.99,7.53,2.3832,5.21,7.0,62.1855,108361,,105.3577,"DTWEXM*1.1937 before 2006-01, DTWEXBGS after (ratio-splice on 2006 overlap)",5.5734,10.2222,-28.1395,0.0,392.45,376.11,16.93,-35.3377,-35.3377,-37.1286,-43.8136,-38.3551,0.0,0.0,0.0,0.0,2.54,False,2.3832,-0.6375,-290.0,4.5544,,24.9103
1991-11-01,22.465,64.0,22.461,21.1086,137.8,False,0,4.56,7.42,2.7279,4.81,7.0,62.0871,108300,,103.491,"DTWEXM*1.1937 before 2006-01, DTWEXBGS after (ratio-splice on 2006 overlap)",5.7124,10.8171,-20.9713,0.0,375.22,371.63,16.3026,-30.4489,-30.4489,-32.5183,-34.224,-36.1648,0.0,0.0,0.0,0.0,2.86,False,2.7279,0.4829,-300.0,3.4945,,20.5448
1991-12-01,19.517,55.1,19.4981,18.411,138.2,False,0,4.07,7.09,2.9043,4.43,7.3,61.7852,108330,,102.0721,"DTWEXM*1.1937 before 2006-01, DTWEXBGS after (ratio-splice on 2006 overlap)",5.5441,5.3739,-29.7248,0.0,417.09,371.36,14.1223,-28.6059,-28.6059,-30.6723,-30.517,-34.8827,0.0,0.0,0.0,0.0,3.02,False,2.9043,0.7337,-288.0,0.4857,,5.8282
1992-01-01,18.82,51.3,18.7855,18.1636,138.3,False,0,3.8,7.03,3.1262,4.03,7.3,61.4616,108365,,102.1855,"DTWEXM*1.1937 before 2006-01, DTWEXBGS after (ratio-splice on 2006 overlap)",5.408,2.4964,-11.8715,0.0,408.78,408.64,13.6081,-24.5963,-24.5963,-26.5591,-41.6382,-22.9256,0.0,0.0,0.0,0.0,3.23,False,3.1262,0.5334,-288.0,0.6983,,2.3266
1992-02-01,18.995,53.5,19.0125,18.0535,138.6,False,0,3.84,7.34,3.3879,4.06,7.4,61.8955,108312,,104.2932,"DTWEXM*1.1937 before 2006-01, DTWEXBGS after (ratio-splice on 2006 overlap)",5.2323,-10.8612,-5.5106,0.0,412.7,406.34,13.7049,-7.4453,-7.4453,-9.9829,-16.6667,-7.5886,0.0,0.0,0.0,0.0,3.5,False,3.3879,1.9967,-219.0,4.296,,-20.7839
1992-03-01,18.916,51.0,18.9218,17.6309,139.1,False,0,4.04,7.54,3.4036,3.98,7.4,62.4232,108367,,106.9646,"DTWEXM*1.1937 before 2006-01, DTWEXBGS after (ratio-splice on 2006 overlap)",5.606,-18.1914,-3.8955,0.0,403.69,401.94,13.5988,-4.7533,-4.7533,-7.6976,-5.7301,-7.6069,0.0,0.0,0.0,0.0,3.5,False,3.4036,3.4617,-214.0,1.6264,,-36.0512
1992-04-01,20.243,56.0,20.23,18.919,139.4,False,0,3.75,7.48,3.6414,3.73,7.4,62.897,108516,,106.5385,"DTWEXM*1.1937 before 2006-01, DTWEXBGS after (ratio-splice on 2006 overlap)",5.613,-22.0102,-3.8674,0.0,414.95,392.41,14.5215,-2.7854,-2.7854,-5.7841,-0.5329,-1.3605,0.0,0.0,0.0,0.0,3.73,False,3.6414,3.9726,-218.0,-0.6863,,-32.4146
1992-05-01,20.94,59.2,20.9755,19.8885,139.7,False,0,3.63,7.39,3.673,3.82,7.6,63.104,108646,,105.2278,"DTWEXM*1.1937 before 2006-01, DTWEXBGS after (ratio-splice on 2006 overlap)",5.5214,-14.3457,8.2152,0.0,415.35,409.85,14.9893,-1.4124,-1.4124,-4.3058,0.6803,3.6571,0.0,0.0,0.0,0.0,3.76,False,3.673,3.3419,-196.0,-2.5724,,-28.5824
1992-06-01,22.375,64.3,22.3845,21.1582,140.1,False,0,3.66,7.26,3.5168,3.76,7.8,63.1363,108706,,102.913,"DTWEXM*1.1937 before 2006-01, DTWEXBGS after (ratio-splice on 2006 overlap)",5.4775,-22.3531,4.4476,0.0,408.14,399.92,15.9707,10.7948,10.7948,7.5524,14.4128,16.4617,0.0,0.0,0.0,0.0,3.6,False,3.5168,2.5638,-214.0,-6.5773,,-38.7708
1992-07-01,21.759,61.9,21.7752,20.2365,140.5,False,0,3.21,6.84,3.565,3.25,7.7,63.7176,108793,,100.5097,"DTWEXM*1.1937 before 2006-01, DTWEXBGS after (ratio-splice on 2006 overlap)",5.527,-31.7828,2.1048,0.0,424.21,407.2,15.4868,1.5826,1.5826,-1.5263,4.3845,4.3283,0.0,0.0,0.0,0.0,3.63,False,3.565,3.219,-257.0,-8.5628,,-39.7244
1992-08-01,21.35,60.5,21.339,19.7381,140.8,False,0,3.13,6.59,3.3867,3.3,7.6,63.3613,108916,,99.562,"DTWEXM*1.1937 before 2006-01, DTWEXBGS after (ratio-splice on 2006 overlap)",5.4017,-31.738,-0.4638,0.0,414.03,408.3,15.1634,-1.5585,-1.5585,-4.4949,0.1656,-0.1752,0.0,0.0,0.0,0.0,3.46,False,3.3867,2.643,-236.0,-8.2472,,-34.5152
1992-09-01,21.902,63.1,21.8814,20.27,141.1,False,0,2.91,6.42,3.4467,3.22,7.6,63.5703,108951,,100.3988,"DTWEXM*1.1937 before 2006-01, DTWEXBGS after (ratio-splice on 2006 overlap)",5.6259,-33.1072,-5.1694,0.0,417.8,412.71,15.5223,0.2059,0.2059,-2.7058,4.4702,-1.1311,0.0,0.0,0.0,0.0,3.51,False,3.4467,2.171,-223.0,-5.6501,,-38.99
1992-10-01,21.688,63.4,21.6859,20.2618,141.7,False,0,2.86,6.59,3.6562,3.1,7.3,63.9995,109139,,102.9184,"DTWEXM*1.1937 before 2006-01, DTWEXBGS after (ratio-splice on 2006 overlap)",5.4823,-32.5161,-11.2065,0.0,418.68,396.8,15.3056,-6.6299,-6.6299,-9.5951,-4.3741,-8.7556,0.0,0.0,0.0,0.0,3.73,False,3.6562,2.9171,-211.0,-2.3152,,-42.7383
1992-11-01,20.342,58.5,20.3385,19.2143,142.1,False,0,3.13,6.87,3.6674,3.09,7.4,64.2422,109283,,107.3407,"DTWEXM*1.1937 before 2006-01, DTWEXBGS after (ratio-splice on 2006 overlap)",5.697,-19.7524,-2.4976,0.0,431.35,415.58,14.3153,-9.4503,-9.4503,-12.1903,-8.5938,-8.974,0.0,0.0,0.0,0.0,3.74,False,3.6674,3.4711,-172.0,3.7198,,-30.5694
1992-12-01,19.407,53.8,19.4141,18.1395,142.3,False,0,3.22,6.77,3.4786,2.92,7.4,64.3507,109502,,107.6603,"DTWEXM*1.1937 before 2006-01, DTWEXBGS after (ratio-splice on 2006 overlap)",5.5438,-7.9503,8.5794,0.0,435.71,428.61,13.6381,-0.5636,-0.5636,-3.4286,-2.3593,-1.4743,0.0,0.0,0.0,0.0,3.55,False,3.4786,4.1523,-151.0,5.4747,,-13.3242
1993-01-01,19.075,52.0,19.032,17.386,142.8,False,0,3.0,6.6,3.5289,3.02,7.3,64.5978,109790,,109.2227,"DTWEXM*1.1937 before 2006-01, DTWEXBGS after (ratio-splice on 2006 overlap)",5.2411,-12.5752,3.9487,0.0,438.78,426.88,13.3578,1.3549,1.3549,-1.839,1.3645,-4.2813,0.0,0.0,0.0,0.0,3.6,False,3.5289,5.1027,-101.0,6.8868,,-15.0716
1993-02-01,20.053,56.1,20.0861,18.4663,143.1,False,0,2.93,6.26,3.2663,3.03,7.1,64.9089,110047,,109.2031,"DTWEXM*1.1937 before 2006-01, DTWEXBGS after (ratio-splice on 2006 overlap)",5.7011,-10.4144,11.8192,0.0,443.38,428.25,14.0133,5.5699,5.5699,2.2501,4.8598,2.2866,0.0,0.0,0.0,0.0,3.33,False,3.2663,4.8685,-103.0,4.7078,,0.4468
1993-03-01,20.347,58.1,20.3222,18.7852,143.3,False,0,2.95,5.98,2.9609,3.07,7.0,64.8522,110004,,107.9532,"DTWEXM*1.1937 before 2006-01, DTWEXBGS after (ratio-splice on 2006 overlap)",5.6335,-2.2986,3.2845,0.0,451.67,441.07,14.1989,7.565,7.565,4.4124,13.9216,6.5471,0.0,0.0,0.0,0.0,3.03,False,2.9609,3.8912,-91.0,0.9242,,15.8928
1993-04-01,20.27,57.7,20.2525,18.6745,143.8,False,0,2.87,5.97,3.039,2.96,7.1,65.0301,110300,,105.3519,"DTWEXM*1.1937 before 2006-01, DTWEXBGS after (ratio-splice on 2006 overlap)",5.4218,1.7301,-1.6284,0.0,440.19,432.3,14.096,0.1334,0.1334,-2.9305,3.0357,-1.2926,0.0,0.0,0.0,0.0,3.1,False,3.039,3.3914,-77.0,-1.1137,,23.7403
1993-05-01,19.94,57.9,19.9495,18.5079,144.2,False,0,2.96,6.04,3.0105,3.0,7.1,64.784,110571,,104.9596,"DTWEXM*1.1937 before 2006-01, DTWEXBGS after (ratio-splice on 2006 overlap)",5.3206,7.8082,-9.198,0.0,450.19,436.86,13.828,-4.7755,-4.7755,-7.7472,-2.1959,-6.9417,0.0,0.0,0.0,0.0,3.08,False,3.0105,2.6623,-82.0,-0.2549,,22.1539
1993-06-01,19.07,52.9,19.0941,17.6527,144.3,False,0,3.07,5.96,2.8182,3.04,7.0,64.9301,110742,,105.5934,"DTWEXM*1.1937 before 2006-01, DTWEXBGS after (ratio-splice on 2006 overlap)",5.4324,4.4678,-14.0639,0.0,450.53,442.5,13.2155,-14.7709,-14.7709,-17.2516,-17.7294,-16.5678,0.0,0.0,0.0,0.0,2.89,False,2.8182,2.8412,-72.0,2.6045,,26.8209
1993-07-01,17.866,50.2,17.89,16.7755,144.5,False,0,3.04,5.81,2.6943,3.06,6.9,65.1052,111054,,107.3318,"DTWEXM*1.1937 before 2006-01, DTWEXBGS after (ratio-splice on 2006 overlap)",5.357,-7.0179,-17.7819,0.0,448.13,441.4,12.364,-17.8914,-17.8914,-20.1643,-18.9015,-17.1031,0.0,0.0,0.0,0.0,2.77,False,2.6943,2.1777,-19.0,6.7875,,24.7649
1993-08-01,18.009,48.3,18.0109,16.6962,144.8,False,0,3.02,5.68,2.5873,3.03,6.8,65.0267,111200,,106.8371,"DTWEXM*1.1937 before 2006-01, DTWEXBGS after (ratio-splice on 2006 overlap)",5.4696,-6.3374,-15.0047,0.0,463.56,446.94,12.4372,-15.6487,-15.6487,-17.9789,-20.1653,-15.4113,0.0,0.0,0.0,0.0,2.66,False,2.5873,2.6284,-27.0,7.307,,25.4006
1993-09-01,17.514,46.5,17.5043,16.0118,145.0,False,0,2.95,5.36,2.3514,3.09,6.7,65.3717,111448,,106.2051,"DTWEXM*1.1937 before 2006-01, DTWEXBGS after (ratio-splice on 2006 overlap)",5.4527,-4.1711,-13.5734,0.0,458.93,449.64,12.0786,-20.0347,-20.0347,-22.1855,-26.3074,-21.0073,0.0,0.0,0.0,0.0,2.41,False,2.3514,2.8337,-13.0,5.7832,,28.9361
1993-10-01,18.145,51.8,18.1533,16.6067,145.6,False,0,3.02,5.33,2.242,2.99,6.8,65.8509,111734,,107.2996,"DTWEXM*1.1937 before 2006-01, DTWEXBGS after (ratio-splice on 2006 overlap)",5.4624,-7.7198,-19.8394,0.0,467.83,456.4,12.4622,-16.3362,-16.3362,-18.5772,-18.2965,-18.0396,0.0,0.0,0.0,0.0,2.31,False,2.242,2.8928,-11.0,4.257,,24.7963
1993-11-01,16.699,46.0,16.609,15.1964,146.0,False,0,3.1,5.72,2.5445,3.02,6.6,66.1518,111987,,108.6129,"DTWEXM*1.1937 before 2006-01, DTWEXBGS after (ratio-splice on 2006 overlap)",5.3051,-13.3014,-24.2977,0.0,461.79,454.36,11.4377,-17.9088,-17.9088,-20.1016,-21.3675,-20.9111,0.0,0.0,0.0,0.0,2.62,False,2.5445,2.9725,-7.0,1.1852,,6.451
1993-12-01,14.51,38.9,14.5148,13.7257,146.3,False,0,3.06,5.77,2.6464,2.96,6.5,66.5436,112325,,109.409,"DTWEXM*1.1937 before 2006-01, DTWEXBGS after (ratio-splice on 2006 overlap)",5.4254,-18.4797,-27.6758,0.0,466.45,461.45,9.918,-25.2332,-25.2332,-27.2774,-27.6952,-24.3326,0.0,0.0,0.0,0.0,2.71,False,2.6464,3.4077,4.0,1.6242,,-10.5294
1994-01-01,15.0,39.3,15.0267,14.2915,146.3,False,0,2.98,5.75,2.706,3.05,6.6,66.7351,112601,,109.8322,"DTWEXM*1.1937 before 2006-01, DTWEXBGS after (ratio-splice on 2006 overlap)",5.4394,-18.9662,-25.2208,0.0,481.61,464.36,10.2529,-21.363,-21.363,-23.2443,-24.4231,-17.7988,0.0,0.0,0.0,0.0,2.77,False,2.706,3.3086,3.0,0.558,,-6.3911
1994-02-01,14.78,37.8,14.7811,13.802,146.7,False,0,3.25,5.97,2.6426,3.25,6.6,66.774,112782,,108.7296,"DTWEXM*1.1937 before 2006-01, DTWEXBGS after (ratio-splice on 2006 overlap)",5.3706,-25.0455,-29.3717,0.0,467.14,464.26,10.075,-26.2953,-26.2953,-28.104,-32.6203,-25.2585,0.0,0.0,0.0,0.0,2.72,False,2.6426,2.8734,22.0,-0.4335,,-14.6312
1994-03-01,14.66,39.6,14.6809,13.8226,147.1,False,0,3.5,6.48,2.8917,3.34,6.5,67.4552,113245,,108.0864,"DTWEXM*1.1937 before 2006-01, DTWEXBGS after (ratio-splice on 2006 overlap)",5.1657,-25.6747,-27.6908,0.0,445.77,436.16,9.966,-27.9501,-27.9501,-29.8113,-31.8417,-26.4176,0.0,0.0,0.0,0.0,2.98,False,2.8917,4.0137,27.0,0.1234,,-23.3761
1994-04-01,16.38,42.7,16.42,15.2316,147.2,False,0,3.68,6.97,3.1916,3.56,6.4,67.8541,113589,,108.072,"DTWEXM*1.1937 before 2006-01, DTWEXBGS after (ratio-splice on 2006 overlap)",5.1337,-13.4522,-17.6241,0.0,450.91,435.86,11.1277,-19.1909,-19.1909,-21.0574,-25.9965,-18.4365,0.0,0.0,0.0,0.0,3.29,False,3.1916,4.3426,60.0,2.5819,,-15.1822
1994-05-01,17.88,48.9,17.889,16.188,147.5,False,0,4.14,7.18,2.9157,4.01,6.1,68.1663,113922,,107.1327,"DTWEXM*1.1937 before 2006-01, DTWEXBGS after (ratio-splice on 2006 overlap)",5.1997,-0.5538,-9.4059,0.0,456.5,440.78,12.122,-10.331,-10.331,-12.3371,-15.544,-12.5346,0.0,0.0,0.0,0.0,3.04,False,2.9157,5.2209,101.0,2.0704,,-8.362
1994-06-01,19.07,52.9,19.06,16.7632,147.9,False,0,4.14,7.1,2.8523,4.25,6.1,68.6265,114239,,106.1429,"DTWEXM*1.1937 before 2006-01, DTWEXBGS after (ratio-splice on 2006 overlap)",5.3919,-9.8866,5.0434,0.0,444.27,439.83,12.8938,0.0,0.0,-2.4341,0.0,-5.0391,0.0,0.0,0.0,0.0,2.96,False,2.8523,5.6929,121.0,0.5204,,-14.3545
1994-07-01,19.65,56.2,19.6545,17.5995,148.4,False,0,4.33,7.3,2.8415,4.26,6.1,68.7178,114608,,103.6888,"DTWEXM*1.1937 before 2006-01, DTWEXBGS after (ratio-splice on 2006 overlap)",5.2112,-5.9092,13.155,0.0,458.26,443.58,13.2412,9.9854,9.9854,7.095,11.9522,4.9124,0.0,0.0,0.0,0.0,2.97,False,2.8415,5.5489,120.0,-3.3941,,1.1088
1994-08-01,18.38,54.4,18.3835,16.8927,149.0,False,0,4.48,7.24,2.6243,4.47,6.0,69.1785,114902,,104.0584,"DTWEXM*1.1937 before 2006-01, DTWEXBGS after (ratio-splice on 2006 overlap)",5.2975,-0.6665,-1.7857,0.0,475.49,456.08,12.3356,2.0601,2.0601,-0.8168,12.6294,1.1771,0.0,0.0,0.0,0.0,2.76,False,2.6243,6.3848,144.0,-2.6008,,5.6709
1994-09-01,17.46,48.3,17.4457,15.895,149.3,False,0,4.62,7.46,2.7057,4.73,5.9,69.3961,115246,,102.6112,"DTWEXM*1.1937 before 2006-01, DTWEXBGS after (ratio-splice on 2006 overlap)",5.1686,3.0082,-1.4493,0.0,462.71,458.47,11.6946,-0.3083,-0.3083,-3.1796,3.871,-0.7296,0.0,0.0,0.0,0.0,2.84,False,2.7057,6.1562,164.0,-3.3839,,7.1794
1994-10-01,17.71,49.3,17.7162,16.4905,149.4,False,0,4.95,7.74,2.642,4.76,5.8,69.9544,115457,,101.5265,"DTWEXM*1.1937 before 2006-01, DTWEXBGS after (ratio-splice on 2006 overlap)",5.1487,19.3446,3.7714,0.0,472.35,449.27,11.8541,-2.3974,-2.3974,-4.8799,-4.8263,-0.6997,0.0,0.0,0.0,0.0,2.79,False,2.642,6.2315,177.0,-5.3803,,27.0644
1994-11-01,18.1,49.1,18.0695,17.1914,149.8,False,0,5.29,7.96,2.506,5.29,5.6,70.4326,115867,,102.3144,"DTWEXM*1.1937 before 2006-01, DTWEXBGS after (ratio-splice on 2006 overlap)",5.017,22.1846,17.5781,0.0,453.69,444.18,12.0828,8.3897,8.3897,5.6402,6.7391,13.1281,0.0,0.0,0.0,0.0,2.67,False,2.506,6.4712,227.0,-5.799,,35.4859
1994-12-01,17.16,47.1,17.1595,15.932,150.1,False,0,5.6,7.81,2.049,5.45,5.5,71.1523,116174,,104.3609,"DTWEXM*1.1937 before 2006-01, DTWEXBGS after (ratio-splice on 2006 overlap)",5.0996,28.9479,25.229,0.0,459.27,442.88,11.4324,18.2633,18.2633,15.2693,21.0797,16.0741,0.0,0.0,0.0,0.0,2.21,False,2.049,6.9258,249.0,-4.614,,47.4275
1995-01-01,17.99,48.4,18.0395,16.5519,150.5,False,0,5.71,7.78,1.878,5.53,5.6,71.2734,116505,,103.9317,"DTWEXM*1.1937 before 2006-01, DTWEXBGS after (ratio-splice on 2006 overlap)",5.0668,30.0432,21.2598,0.0,470.42,457.2,11.9535,19.9333,19.9333,16.5864,23.1552,15.8164,0.0,0.0,0.0,0.0,2.07,False,1.878,6.8005,248.0,-5.3723,,49.0094
1995-02-01,18.53,51.0,18.57,17.1145,150.9,False,0,5.77,7.47,1.53,5.92,5.4,71.193,116694,,102.8568,"DTWEXM*1.1937 before 2006-01, DTWEXBGS after (ratio-splice on 2006 overlap)",5.2218,28.5945,27.7241,0.0,487.39,469.29,12.2797,25.3721,25.3721,21.8826,34.9206,24.0001,0.0,0.0,0.0,0.0,1.7,False,1.53,6.6178,267.0,-5.4013,,53.64
1995-03-01,18.55,50.6,18.5391,17.0065,151.2,False,0,5.73,7.2,1.2943,5.98,5.4,71.3113,116908,,99.1489,"DTWEXM*1.1937 before 2006-01, DTWEXBGS after (ratio-splice on 2006 overlap)",4.9535,38.4105,29.77,0.0,500.71,479.7,12.2685,26.5348,26.5348,23.1036,27.7778,23.0341,0.0,0.0,0.0,0.0,1.47,False,1.2943,5.7165,264.0,-8.2688,,64.0852
1995-04-01,19.87,55.3,19.8963,18.6483,151.8,False,0,5.65,7.06,1.2247,6.05,5.8,71.1882,117066,,95.8947,"DTWEXM*1.1937 before 2006-01, DTWEXBGS after (ratio-splice on 2006 overlap)",5.1225,40.9631,22.8727,0.0,514.71,500.2,13.0896,21.3065,21.3065,17.6305,29.5082,22.432,0.0,0.0,0.0,0.0,1.41,False,1.2247,4.9136,249.0,-11.2678,,54.4152
1995-05-01,19.74,56.0,19.7418,18.3509,152.1,False,0,5.67,6.63,0.785,6.01,5.6,71.5378,117046,,96.5241,"DTWEXM*1.1937 before 2006-01, DTWEXBGS after (ratio-splice on 2006 overlap)",5.157,40.5307,3.1694,0.0,533.4,513.03,12.9783,10.4027,10.4027,7.0637,14.5194,13.3612,0.0,0.0,0.0,0.0,0.96,False,0.785,4.946,200.0,-9.9023,,41.0845
1995-06-01,18.42,53.3,18.4459,17.3127,152.4,False,0,5.47,6.17,0.5291,6.0,5.6,71.7749,117291,,96.4303,"DTWEXM*1.1937 before 2006-01, DTWEXBGS after (ratio-splice on 2006 overlap)",5.1311,29.0637,-10.2736,0.0,544.75,526.0,12.0866,-3.4085,-3.4085,-6.2606,0.7561,3.2783,0.0,0.0,0.0,0.0,0.7,False,0.5291,4.5877,175.0,-9.1505,,38.9503
1995-07-01,17.3,48.3,17.3255,15.8543,152.6,False,0,5.42,6.28,0.685,5.85,5.7,71.4748,117382,,96.5588,"DTWEXM*1.1937 before 2006-01, DTWEXBGS after (ratio-splice on 2006 overlap)",5.1869,27.286,-13.202,0.0,562.06,542.51,11.3368,-11.9593,-11.9593,-14.3824,-14.0569,-9.9164,0.0,0.0,0.0,0.0,0.86,False,0.685,4.0121,159.0,-6.8764,,33.1952
1995-08-01,18.03,49.1,18.0209,16.0964,152.9,False,0,5.4,6.49,0.9226,5.74,5.7,72.4223,117646,,99.6702,"DTWEXM*1.1937 before 2006-01, DTWEXBGS after (ratio-splice on 2006 overlap)",5.2145,33.1192,1.6477,0.0,561.88,553.04,11.792,-1.9042,-1.9042,-4.4064,-9.7426,-4.7142,0.0,0.0,0.0,0.0,1.09,False,0.9226,4.689,127.0,-4.217,,33.7857
1995-09-01,18.23,51.4,18.2255,16.6995,153.1,False,0,5.28,6.2,0.7635,5.8,5.6,72.7144,117873,,101.4591,"DTWEXM*1.1937 before 2006-01, DTWEXBGS after (ratio-splice on 2006 overlap)",4.9238,29.2978,-2.3385,0.0,584.41,561.01,11.9073,4.4101,4.4101,1.8186,6.4182,5.0615,0.0,0.0,0.0,0.0,0.92,False,0.7635,4.7817,107.0,-1.1228,,26.2896
1995-10-01,17.44,48.3,17.4332,16.1109,153.5,False,0,5.28,6.04,0.6005,5.76,5.5,72.5866,118026,,100.4359,"DTWEXM*1.1937 before 2006-01, DTWEXBGS after (ratio-splice on 2006 overlap)",4.8824,13.3874,-2.6982,0.0,581.5,571.55,11.3616,-1.5246,-1.5246,-4.1549,-2.0284,-2.3017,0.0,0.0,0.0,0.0,0.76,False,0.6005,3.7627,100.0,-1.0742,,-5.9571
1995-11-01,17.99,49.0,17.9925,16.8609,153.7,False,0,5.36,5.93,0.4124,5.8,5.6,72.7779,118165,,100.8831,"DTWEXM*1.1937 before 2006-01, DTWEXBGS after (ratio-splice on 2006 overlap)",5.0123,9.7417,1.1628,0.0,605.37,581.04,11.7046,-0.6077,-0.6077,-3.1297,-0.2037,-1.9222,0.0,0.0,0.0,0.0,0.57,False,0.4124,3.3299,51.0,-1.3989,,-12.4429
1995-12-01,19.04,52.2,19.0265,17.9253,153.9,False,0,5.14,5.71,0.4175,5.6,5.6,73.0305,118325,,101.7545,"DTWEXM*1.1937 before 2006-01, DTWEXBGS after (ratio-splice on 2006 overlap)",4.9946,7.8223,10.4579,1.0,615.93,605.05,12.3717,10.9557,10.9557,8.2161,10.828,12.5111,0.0,0.0,0.0,0.0,0.57,False,0.4175,2.6397,15.0,-2.4974,,-21.1255
1996-01-01,18.88,56.0,18.8545,17.8532,154.7,False,0,5.0,5.65,0.5019,5.56,5.6,72.6125,118317,,103.1943,"DTWEXM*1.1937 before 2006-01, DTWEXBGS after (ratio-splice on 2006 overlap)",5.1438,2.7986,-3.8961,1.0,636.02,597.29,12.2043,4.9472,4.9472,2.0979,15.7025,7.8618,0.0,0.0,0.0,0.0,0.65,False,0.5019,1.8788,3.0,-0.7095,,-27.2445
1996-02-01,19.07,52.8,19.0935,17.999,155.0,False,0,4.83,5.81,0.841,5.22,5.5,73.6752,118738,,103.4216,"DTWEXM*1.1937 before 2006-01, DTWEXBGS after (ratio-splice on 2006 overlap)",5.1707,-4.8106,6.9907,1.0,640.43,633.71,12.3032,2.9142,2.9142,0.1919,3.5294,5.1684,0.0,0.0,0.0,0.0,0.98,False,0.841,3.4866,-70.0,0.5491,,-33.405
1996-03-01,21.36,57.7,21.3324,19.8519,155.5,False,0,4.96,6.27,1.171,5.31,5.5,73.585,118992,,103.3381,"DTWEXM*1.1937 before 2006-01, DTWEXBGS after (ratio-splice on 2006 overlap)",5.252,-8.587,11.7893,1.0,645.5,627.63,13.7363,15.1482,15.1482,11.9641,14.0316,16.7311,4.8587,4.8587,0.0,0.0,1.31,False,1.171,3.1884,-67.0,4.2251,,-46.9975
1996-04-01,23.57,66.0,23.4971,20.9005,156.1,False,0,4.95,6.51,1.4236,5.22,5.6,74.3172,119158,,103.9645,"DTWEXM*1.1937 before 2006-01, DTWEXBGS after (ratio-splice on 2006 overlap)",5.2669,-3.8049,2.0458,1.0,654.17,624.14,15.0993,18.621,18.621,15.3534,19.349,12.077,9.8455,14.7041,13.0937,13.0937,1.56,False,1.4236,4.3954,-83.0,8.4153,,-44.7679
1996-05-01,21.25,61.0,21.1655,19.1548,156.4,False,0,5.02,6.74,1.5832,5.24,5.6,74.8726,119497,,104.4594,"DTWEXM*1.1937 before 2006-01, DTWEXBGS after (ratio-splice on 2006 overlap)",5.3046,-6.6201,4.6585,1.0,669.12,630.07,13.587,7.6494,7.6494,4.6898,8.9286,4.3805,0.0,14.7041,0.0,13.0937,1.72,False,1.5832,4.6616,-77.0,8.2211,,-47.1508
1996-06-01,20.45,57.7,20.4235,18.4565,156.7,False,0,5.09,6.91,1.6805,5.27,5.3,75.4433,119770,,104.7423,"DTWEXM*1.1937 before 2006-01, DTWEXBGS after (ratio-splice on 2006 overlap)",5.1685,-17.3013,18.9312,0.0,670.63,658.75,13.0504,11.0206,11.0206,7.9741,8.2552,6.6065,0.0,14.7041,0.0,13.0937,1.82,False,1.6805,5.111,-73.0,8.6196,,-46.365
1996-07-01,21.32,59.9,21.3023,19.5709,157.0,False,0,5.15,6.87,1.5673,5.4,5.5,75.4549,120019,,104.2699,"DTWEXM*1.1937 before 2006-01, DTWEXBGS after (ratio-splice on 2006 overlap)",5.0172,-30.233,16.3161,0.0,639.95,605.88,13.5796,23.237,23.237,19.7832,24.0166,23.4421,0.0,14.7041,0.0,13.0937,1.72,False,1.5673,5.5685,-45.0,7.986,,-57.5191
1996-08-01,21.96,62.0,21.9032,20.5124,157.2,False,0,5.05,6.64,1.4464,5.22,5.1,75.8411,120198,,103.6535,"DTWEXM*1.1937 before 2006-01, DTWEXBGS after (ratio-splice on 2006 overlap)",5.0976,-33.1,24.3712,0.0,651.99,639.49,13.9695,21.797,21.797,18.4654,26.2729,27.4349,0.0,14.7041,0.0,13.0937,1.59,False,1.4464,4.7206,-52.0,3.9965,,-66.2192
1996-09-01,23.99,67.2,23.9715,22.6305,157.7,False,0,5.09,6.83,1.5945,5.3,5.2,76.3158,120400,,104.4722,"DTWEXM*1.1937 before 2006-01, DTWEXBGS after (ratio-splice on 2006 overlap)",4.9277,-38.5474,37.9704,0.0,687.33,643.97,15.2124,31.5963,31.5963,27.7577,30.7393,35.5157,1.7662,16.4704,1.8019,14.8956,1.74,False,1.5945,4.9528,-50.0,2.9697,,-67.8452
1996-10-01,24.9,72.0,24.8791,24.1626,158.2,False,0,4.99,6.53,1.4105,5.24,5.2,76.3384,120665,,104.8227,"DTWEXM*1.1937 before 2006-01, DTWEXBGS after (ratio-splice on 2006 overlap)",5.0821,-29.2568,31.0598,0.0,705.27,684.44,15.7396,42.7752,42.7752,38.5335,49.0683,49.9767,3.7231,20.1934,6.8993,21.7949,1.54,False,1.4105,5.1687,-52.0,4.3678,,-42.6442
1996-11-01,23.71,68.5,23.705,22.7595,158.7,False,0,5.03,6.2,1.0342,5.31,5.4,77.0397,120947,,103.7666,"DTWEXM*1.1937 before 2006-01, DTWEXBGS after (ratio-splice on 2006 overlap)",5.1521,-4.7883,28.5947,0.0,757.02,701.3,14.9401,31.7954,31.7954,27.6431,39.7959,34.984,0.0,20.1934,0.0,21.7949,1.17,False,1.0342,5.8559,-49.0,2.8582,,-14.5299
1996-12-01,25.39,70.9,25.2286,23.783,159.1,False,0,4.91,6.3,1.2619,5.29,5.4,77.5333,121143,,105.5637,"DTWEXM*1.1937 before 2006-01, DTWEXBGS after (ratio-splice on 2006 overlap)",5.1296,-2.3525,30.1508,0.0,740.74,716.69,15.9585,33.3508,33.3508,28.9924,35.8238,32.6787,1.9488,22.1422,0.0,21.7949,1.39,False,1.2619,6.1656,-31.0,3.7435,,-10.1748
1997-01-01,25.17,73.4,25.1318,23.5376,159.4,False,0,5.03,6.58,1.4133,5.25,5.3,77.6562,121356,,107.4741,"DTWEXM*1.1937 before 2006-01, DTWEXBGS after (ratio-splice on 2006 overlap)",5.1875,-4.0058,35.4459,0.0,786.16,729.55,15.7905,33.3157,33.3157,29.3848,31.0714,31.8399,0.0,22.1422,1.9258,23.7207,1.55,False,1.4133,6.946,-31.0,4.1474,,-6.8045
1997-02-01,22.21,64.5,22.1763,20.8505,159.7,False,0,5.01,6.42,1.2774,5.19,5.2,78.5833,121673,,110.6561,"DTWEXM*1.1937 before 2006-01, DTWEXBGS after (ratio-splice on 2006 overlap)",5.1546,-5.6858,4.3702,0.0,790.82,773.43,13.9073,16.4657,16.4657,13.038,22.1591,15.8424,0.0,22.1422,0.0,23.7207,1.41,False,1.2774,6.6618,-3.0,6.9951,,-0.8752
1997-03-01,20.99,56.3,20.965,19.133,159.8,False,0,5.14,6.69,1.41,5.39,5.2,79.082,121991,,111.601,"DTWEXM*1.1937 before 2006-01, DTWEXBGS after (ratio-splice on 2006 overlap)",4.965,-3.2455,-5.0397,0.0,757.12,756.13,13.1352,-1.7322,-1.7322,-4.3765,-2.4263,-3.6213,0.0,17.2835,0.0,23.7207,1.55,False,1.41,7.4703,8.0,7.996,,5.3414
1997-04-01,19.72,56.1,19.6955,17.5559,159.9,False,0,5.16,6.89,1.5809,5.51,5.1,79.1747,122289,,112.9348,"DTWEXM*1.1937 before 2006-01, DTWEXBGS after (ratio-splice on 2006 overlap)",5.0831,-9.5296,-2.9313,0.0,801.34,733.54,12.3327,-16.3343,-16.3343,-18.3226,-15.0,-16.0024,0.0,7.4381,0.0,10.6269,1.73,False,1.5809,6.5362,29.0,8.6282,,-5.7247
1997-05-01,20.83,60.2,20.819,19.0229,159.9,False,0,5.05,6.71,1.5143,5.5,4.9,79.6133,122560,,111.005,"DTWEXM*1.1937 before 2006-01, DTWEXBGS after (ratio-splice on 2006 overlap)",4.8899,-16.9657,6.2215,0.0,848.28,793.21,13.0269,-1.9765,-1.9765,-4.1221,-1.3115,-0.6886,0.0,7.4381,0.0,10.6269,1.66,False,1.5143,6.3317,26.0,6.2662,,-10.3456
1997-06-01,19.17,51.8,19.26,17.58,160.2,False,0,4.93,6.49,1.4229,5.56,5.0,79.9792,122816,,110.3812,"DTWEXM*1.1937 before 2006-01, DTWEXBGS after (ratio-splice on 2006 overlap)",4.8014,-17.459,-7.7281,0.0,885.14,838.82,11.9663,-6.2592,-6.2592,-8.3072,-10.2253,-4.749,0.0,7.4381,0.0,10.6269,1.56,False,1.4229,6.0123,29.0,5.3836,,-0.1577
1997-07-01,19.63,54.9,19.6636,18.4645,160.4,False,0,5.05,6.22,1.0259,5.52,4.9,80.6624,123114,,111.6133,"DTWEXM*1.1937 before 2006-01, DTWEXBGS after (ratio-splice on 2006 overlap)",4.8497,-12.29,-3.6277,0.0,954.31,884.54,12.2382,-7.9268,-7.9268,-9.8785,-8.3472,-5.6531,0.0,7.4381,0.0,10.6269,1.17,False,1.0259,6.9015,12.0,7.0427,,17.943
1997-08-01,19.93,54.9,19.9529,18.5955,160.8,False,0,5.14,6.3,1.019,5.54,4.8,81.4694,123087,,113.9651,"DTWEXM*1.1937 before 2006-01, DTWEXBGS after (ratio-splice on 2006 overlap)",4.804,-15.8678,-11.6404,0.0,899.47,893.34,12.3943,-9.2441,-9.2441,-11.2759,-11.4516,-9.345,0.0,7.4381,0.0,10.6269,1.16,False,1.019,7.4212,32.0,9.9481,,17.2322
1997-09-01,19.79,53.3,19.8033,18.461,161.2,False,0,4.95,6.21,1.1238,5.54,4.9,82.2156,123575,,113.4659,"DTWEXM*1.1937 before 2006-01, DTWEXBGS after (ratio-splice on 2006 overlap)",4.9092,-15.7203,-13.2238,0.0,947.28,899.47,12.2767,-17.5073,-17.5073,-19.2984,-20.6845,-18.4244,0.0,5.6718,0.0,8.8251,1.26,False,1.1238,7.7308,24.0,8.6087,,22.8271
1997-10-01,21.26,57.3,21.3252,19.8652,161.5,False,0,4.97,6.03,0.9168,5.5,4.7,82.9446,123924,,112.718,"DTWEXM*1.1937 before 2006-01, DTWEXBGS after (ratio-splice on 2006 overlap)",5.0659,-13.6815,-8.2609,0.0,914.62,855.27,13.1641,-14.6185,-14.6185,-16.3631,-20.4167,-17.7853,0.0,1.9488,0.0,1.9258,1.06,False,0.9168,8.6538,26.0,7.532,,15.5753
1997-11-01,20.17,56.4,20.1939,19.1742,161.7,False,0,5.14,5.88,0.5939,5.52,4.6,83.5978,124225,,113.4096,"DTWEXM*1.1937 before 2006-01, DTWEXBGS after (ratio-splice on 2006 overlap)",4.8595,-20.4377,-19.2827,0.0,955.4,900.61,12.4737,-14.9304,-14.9304,-16.5087,-17.6642,-15.753,0.0,1.9488,0.0,1.9258,0.74,False,0.5939,8.5126,21.0,9.293,,-15.6494
1997-12-01,18.32,50.8,18.3327,17.1819,161.8,False,0,5.16,5.81,0.5041,5.5,4.7,83.9538,124549,,116.0995,"DTWEXM*1.1937 before 2006-01, DTWEXBGS after (ratio-splice on 2006 overlap)",4.8804,-20.4969,-31.8533,0.0,970.43,924.92,11.3226,-27.8456,-27.8456,-29.0497,-28.3498,-27.7555,0.0,0.0,0.0,1.9258,0.65,False,0.5041,8.281,21.0,9.9805,,-18.1445
1998-01-01,16.71,43.4,16.724,15.1867,162.0,False,0,5.04,5.54,0.3655,5.56,4.6,84.3218,124806,,117.5614,"DTWEXM*1.1937 before 2006-01, DTWEXBGS after (ratio-splice on 2006 overlap)",4.5308,-27.0666,-29.7551,1.0,980.28,912.83,10.3148,-33.6114,-33.6114,-34.6769,-40.8719,-35.4792,0.0,0.0,0.0,0.0,0.5,False,0.3655,8.5835,31.0,9.3858,,-23.0608
1998-02-01,16.06,43.2,16.06,14.0695,162.0,False,0,5.09,5.57,0.3447,5.51,4.6,84.4583,125017,,116.4479,"DTWEXM*1.1937 before 2006-01, DTWEXBGS after (ratio-splice on 2006 overlap)",4.5459,-42.9101,-26.8246,1.0,1049.34,980.28,9.9136,-27.6902,-27.6902,-28.7168,-33.0233,-32.5221,0.0,0.0,0.0,0.0,0.48,False,0.3447,7.4761,32.0,5.2341,,-37.2243
1998-03-01,15.02,35.8,15.1155,13.1032,162.0,False,0,5.03,5.65,0.4855,5.49,4.7,84.488,125165,,116.8986,"DTWEXM*1.1937 before 2006-01, DTWEXBGS after (ratio-splice on 2006 overlap)",4.5354,-35.8803,-22.6044,1.0,1101.75,1030.87,9.2716,-28.4421,-28.4421,-29.4139,-36.4121,-31.5153,0.0,0.0,0.0,0.0,0.62,False,0.4855,6.8359,10.0,4.7469,,-32.6348
1998-04-01,15.44,38.1,15.3538,13.5265,162.2,False,0,4.95,5.64,0.5548,5.45,4.3,84.7779,125445,,117.4513,"DTWEXM*1.1937 before 2006-01, DTWEXBGS after (ratio-splice on 2006 overlap)",4.3641,-42.8063,-23.7255,1.0,1111.75,1076.7,9.5191,-21.7039,-21.7039,-22.8141,-32.0856,-22.9519,0.0,0.0,0.0,0.0,0.69,False,0.5548,7.077,-6.0,3.9992,,-33.2767
1998-05-01,14.86,38.3,14.914,14.3632,162.6,False,0,5.0,5.65,0.5125,5.49,4.4,85.3367,125845,,117.8994,"DTWEXM*1.1937 before 2006-01, DTWEXBGS after (ratio-splice on 2006 overlap)",4.4828,-43.1936,-26.5217,1.0,1090.8199,1074.39,9.139,-28.6606,-28.6606,-29.8452,-36.3787,-24.4953,0.0,0.0,0.0,0.0,0.65,False,0.5125,7.189,-1.0,6.2108,,-26.2279
1998-06-01,13.66,33.6,13.7218,12.2064,162.8,False,0,4.98,5.5,0.3723,5.56,4.5,84.8248,126076,,119.9303,"DTWEXM*1.1937 before 2006-01, DTWEXBGS after (ratio-splice on 2006 overlap)",4.5728,-52.1038,-26.3646,1.0,1133.84,1074.67,8.3907,-28.7428,-28.7428,-29.8808,-35.1351,-30.5668,0.0,0.0,0.0,0.0,0.52,False,0.3723,6.0586,0.0,8.651,,-34.6448
1998-07-01,14.08,35.9,14.1727,12.0796,163.2,False,0,4.96,5.46,0.3668,5.54,4.5,84.4986,126212,,120.6838,"DTWEXM*1.1937 before 2006-01, DTWEXBGS after (ratio-splice on 2006 overlap)",4.4584,-58.7502,-30.1517,1.0,1120.67,1114.3,8.6275,-28.2731,-28.2731,-29.5037,-34.6084,-34.5795,0.0,0.0,0.0,0.0,0.5,False,0.3668,4.7559,2.0,8.1267,,-46.4602
1998-08-01,13.36,30.4,13.4719,11.914,163.4,False,0,4.9,5.34,0.301,5.55,4.5,86.248,126546,,122.5301,"DTWEXM*1.1937 before 2006-01, DTWEXBGS after (ratio-splice on 2006 overlap)",4.3949,-63.7123,-32.1593,1.0,957.28,957.28,8.1763,-32.9654,-32.9654,-34.032,-44.6266,-35.9307,0.0,0.0,0.0,0.0,0.44,False,0.301,5.8655,1.0,7.5155,,-47.8445
1998-09-01,14.95,36.0,15.0314,13.3436,163.5,False,0,4.61,4.81,0.0676,5.51,4.6,86.2021,126744,,117.737,"DTWEXM*1.1937 before 2006-01, DTWEXBGS after (ratio-splice on 2006 overlap)",4.3432,-54.8663,-23.9549,1.0,1017.01,939.98,9.1437,-24.4568,-24.4568,-25.5195,-32.4578,-27.7197,0.0,0.0,0.0,0.0,0.2,True,0.0676,4.8488,-3.0,3.7642,,-39.146
1998-10-01,14.39,35.2,14.4609,12.7023,163.9,False,0,3.96,4.53,0.4595,5.07,4.5,86.7914,126949,,113.7925,"DTWEXM*1.1937 before 2006-01, DTWEXBGS after (ratio-splice on 2006 overlap)",4.1875,-42.8626,-30.4515,1.0,1098.67,923.32,8.7797,-32.3142,-32.3142,-33.3053,-38.5689,-36.0577,0.0,0.0,0.0,0.0,0.57,True,0.4595,4.6378,-43.0,0.9532,,-29.1811
1998-11-01,12.85,32.7,13.0021,11.039,164.1,False,0,4.41,4.83,0.2963,4.83,4.4,86.7256,127222,,114.8336,"DTWEXM*1.1937 before 2006-01, DTWEXBGS after (ratio-splice on 2006 overlap)",4.0928,-45.3936,-41.2403,1.0,1163.63,1098.67,7.8306,-36.2915,-36.2915,-37.2233,-42.0213,-42.4276,0.0,0.0,0.0,0.0,0.42,True,0.2963,3.7415,-69.0,1.2557,,-24.9559
1998-12-01,11.28,26.1,11.3473,9.8243,164.4,False,0,4.39,4.65,0.1482,4.68,4.4,87.1185,127595,,113.8869,"DTWEXM*1.1937 before 2006-01, DTWEXBGS after (ratio-splice on 2006 overlap)",4.0886,-57.5951,-31.0227,1.0,1229.23,1136.89,6.8613,-38.4279,-38.4279,-39.4017,-48.622,-42.8219,0.0,0.0,0.0,0.0,0.26,True,0.1482,3.7696,-82.0,-1.9058,,-37.0981
1999-01-01,12.47,30.2,12.5147,11.1145,164.7,False,0,4.34,4.72,0.2758,4.63,4.3,87.4949,127699,,112.9891,"DTWEXM*1.1937 before 2006-01, DTWEXBGS after (ratio-splice on 2006 overlap)",4.1275,-63.1834,-26.1671,1.0,1279.64,1205.46,7.5713,-25.374,-25.374,-26.5974,-30.4147,-26.8141,0.0,0.0,0.0,0.0,0.38,True,0.2758,3.7631,-93.0,-3.8893,,-36.1169
1999-02-01,12.01,26.2,12.0137,10.2716,164.7,False,0,4.44,5.0,0.4437,4.76,4.4,88.027,128117,,114.635,"DTWEXM*1.1937 before 2006-01, DTWEXBGS after (ratio-splice on 2006 overlap)",3.9825,-58.9917,-19.4372,1.0,1238.33,1211.89,7.292,-25.2179,-25.2179,-26.4439,-39.3519,-26.994,0.0,0.0,0.0,0.0,0.56,True,0.4437,4.2254,-75.0,-1.5569,,-16.0815
1999-03-01,14.66,33.3,14.6765,12.5113,164.8,False,0,4.44,5.23,0.6661,4.81,4.2,88.2267,128234,,117.0261,"DTWEXM*1.1937 before 2006-01, DTWEXBGS after (ratio-splice on 2006 overlap)",4.1366,-44.331,2.0833,1.0,1286.37,1216.03,8.8956,-2.3968,-2.3968,-4.0551,-6.9832,-4.5171,0.0,0.0,0.0,0.0,0.79,False,0.6661,4.4251,-68.0,0.1091,,-8.4507
1999-04-01,17.34,42.4,17.3124,15.2945,165.9,False,0,4.29,5.18,0.7755,4.74,4.3,88.4295,128595,,117.1782,"DTWEXM*1.1937 before 2006-01, DTWEXBGS after (ratio-splice on 2006 overlap)",4.3471,-49.3805,21.1277,1.0,1335.1801,1282.5601,10.4521,12.3057,12.3057,9.801,11.2861,13.0706,0.0,0.0,0.0,0.0,0.89,False,0.7755,4.3073,-71.0,-0.2325,,-6.5742
1999-05-01,17.75,47.2,17.7185,15.2253,166.0,False,0,4.5,5.54,0.9085,4.74,4.2,88.9886,128813,,117.2401,"DTWEXM*1.1937 before 2006-01, DTWEXBGS after (ratio-splice on 2006 overlap)",4.2939,-35.2625,13.2392,1.0,1301.84,1277.3101,10.6928,19.4482,19.4482,17.0017,23.2376,6.0022,0.0,0.0,0.0,0.0,1.04,False,0.9085,4.2794,-75.0,-0.5591,,7.931
1999-06-01,17.89,48.8,17.9232,15.8632,166.0,False,0,4.57,5.9,1.1841,4.76,4.3,88.9188,129084,,118.2506,"DTWEXM*1.1937 before 2006-01, DTWEXBGS after (ratio-splice on 2006 overlap)",4.3416,-42.3137,35.2694,1.0,1372.71,1277.47,10.7771,30.9663,30.9663,28.4417,45.2381,29.9583,0.0,0.0,0.0,0.0,1.33,False,1.1841,4.8264,-80.0,-1.4006,,9.79
1999-07-01,20.07,53.7,20.1033,19.08,166.7,False,0,4.55,5.79,1.1062,4.99,4.3,89.4333,129422,,118.5982,"DTWEXM*1.1937 before 2006-01, DTWEXBGS after (ratio-splice on 2006 overlap)",4.4707,-43.7909,45.2229,1.0,1328.72,1328.49,12.0396,42.5426,42.5426,39.5498,49.5822,57.9527,0.0,0.0,0.0,0.0,1.24,False,1.1062,5.84,-55.0,-1.7282,,14.9592
1999-08-01,21.26,57.2,21.2786,20.219,167.1,False,0,4.72,5.94,1.0655,5.07,4.2,89.7924,129572,,116.1754,"DTWEXM*1.1937 before 2006-01, DTWEXBGS after (ratio-splice on 2006 overlap)",4.4726,-37.042,63.5894,0.0,1320.41,1267.73,12.7229,59.1317,59.1317,55.6082,88.1579,69.7083,0.0,0.0,0.0,0.0,1.22,False,1.0655,4.1095,-48.0,-5.1862,,26.6704
1999-09-01,23.88,65.5,23.7967,22.5432,167.8,False,0,4.68,5.92,1.0929,5.22,4.2,89.4299,129771,,114.5897,"DTWEXM*1.1937 before 2006-01, DTWEXBGS after (ratio-splice on 2006 overlap)",4.5032,-28.1652,53.2792,0.0,1282.71,1256.26,14.2312,59.7324,59.7324,55.6392,81.9444,68.9433,0.0,0.0,0.0,0.0,1.24,False,1.0929,3.7445,-29.0,-2.6732,,26.7011
1999-10-01,22.64,60.9,22.6914,22.0024,168.1,False,0,4.86,6.11,1.0885,5.2,4.1,90.523,130178,,113.3563,"DTWEXM*1.1937 before 2006-01, DTWEXBGS after (ratio-splice on 2006 overlap)",4.5388,-12.6149,51.8467,0.0,1362.9301,1233.7,13.4682,57.3315,57.3315,53.4005,73.0114,73.2161,0.0,0.0,0.0,0.0,1.25,False,1.0885,4.2995,13.0,-0.3834,,30.2477
1999-11-01,24.97,66.7,25.0024,24.5841,168.4,False,0,5.07,6.03,0.8065,5.42,4.1,90.9618,130466,,114.551,"DTWEXM*1.1937 before 2006-01, DTWEXBGS after (ratio-splice on 2006 overlap)",4.2629,-13.0029,118.7335,0.0,1388.91,1346.41,14.8278,94.3191,94.3191,89.3572,103.9755,122.7012,0.0,0.0,0.0,0.0,0.96,False,0.8065,4.8846,59.0,-0.2461,,32.3907
1999-12-01,26.08,71.0,26.1024,25.4732,168.8,False,0,5.2,6.28,0.9186,5.3,4.0,91.6634,130783,,115.0359,"DTWEXM*1.1937 before 2006-01, DTWEXBGS after (ratio-splice on 2006 overlap)",4.4978,-12.4034,119.234,0.0,1469.25,1387.38,15.4502,131.2057,100.0,125.179,172.0307,159.2876,2.6813,2.6813,0.0,0.0,1.08,False,0.9186,5.2169,62.0,1.0089,,45.1917
2000-01-01,27.18,72.2,27.2595,25.511,169.3,False,0,5.32,6.66,1.162,5.45,4.0,91.538,131011,,114.847,"DTWEXM*1.1937 before 2006-01, DTWEXBGS after (ratio-splice on 2006 overlap)",4.446,-10.4713,120.8466,0.0,1394.46,1350.14,16.0543,117.9631,100.0,112.0409,139.0728,129.529,4.1313,6.8126,0.0,0.0,1.34,False,1.162,4.621,82.0,1.6443,,52.7121
2000-02-01,29.35,83.5,29.366,27.7757,170.0,False,0,5.55,6.52,0.7925,5.73,4.1,91.8239,131120,,117.5264,"DTWEXM*1.1937 before 2006-01, DTWEXBGS after (ratio-splice on 2006 overlap)",4.51,-9.1276,148.3347,0.0,1366.42,1325.0699,17.2647,144.3797,100.0,136.7608,218.7023,170.4133,7.6811,14.4937,14.5407,14.5407,0.97,False,0.7925,4.3133,97.0,2.5223,,49.8641
2000-03-01,29.89,86.9,29.8417,27.4861,171.0,False,0,5.69,6.26,0.3926,5.85,4.0,92.1504,131604,,117.9668,"DTWEXM*1.1937 before 2006-01, DTWEXBGS after (ratio-splice on 2006 overlap)",4.5779,5.5469,61.2245,1.0,1498.58,1346.62,17.4795,103.8881,100.0,96.4957,160.961,119.69,1.8231,16.3169,3.9911,18.5318,0.57,False,0.3926,4.4473,104.0,0.8038,,49.8779
2000-04-01,25.74,69.6,25.7221,22.7644,170.9,False,0,5.66,5.99,0.1689,6.02,3.8,92.6989,131884,,118.7955,"DTWEXM*1.1937 before 2006-01, DTWEXBGS after (ratio-splice on 2006 overlap)",4.6054,8.6298,39.5008,1.0,1452.4301,1339.4,15.0614,48.4429,48.4429,44.0999,64.1509,48.8407,0.0,16.3169,0.0,18.5318,0.33,False,0.1689,4.828,128.0,1.3802,,58.0102
2000-05-01,28.78,79.6,28.7882,27.7376,171.2,False,0,5.79,6.44,0.4459,6.27,4.0,92.9499,132105,,122.4903,"DTWEXM*1.1937 before 2006-01, DTWEXBGS after (ratio-splice on 2006 overlap)",4.6545,4.6415,72.2849,1.0,1420.6,1361.09,16.8107,62.1408,62.1408,57.216,68.6441,82.1815,0.0,16.3169,0.0,18.5318,0.65,False,0.4459,4.4515,153.0,4.4782,,39.904
2000-06-01,31.83,89.8,31.8223,29.7955,172.2,False,0,5.69,6.1,0.2355,6.53,4.0,92.9862,132063,,119.4163,"DTWEXM*1.1937 before 2006-01, DTWEXBGS after (ratio-splice on 2006 overlap)",4.9015,3.4087,67.822,1.0,1454.6,1420.6,18.4843,77.9206,77.9206,71.5147,84.0164,87.8277,6.2885,22.6054,3.2827,21.8145,0.41,False,0.2355,4.5743,177.0,0.9858,,45.7224
2000-07-01,29.77,83.3,29.6968,28.6824,172.7,False,0,5.96,6.05,-0.0885,6.54,4.0,92.8048,132228,,120.4933,"DTWEXM*1.1937 before 2006-01, DTWEXBGS after (ratio-splice on 2006 overlap)",4.8194,5.0917,33.4304,1.0,1430.83,1413.89,17.238,48.3308,48.3308,43.1775,55.121,50.3269,0.0,22.6054,0.0,21.8145,0.09,True,-0.0885,3.7698,155.0,1.5979,,48.8826
2000-08-01,31.22,89.3,31.2639,30.1961,172.7,False,0,6.09,5.83,-0.4513,6.5,4.1,92.5521,132234,,122.4066,"DTWEXM*1.1937 before 2006-01, DTWEXBGS after (ratio-splice on 2006 overlap)",4.7525,6.5457,50.8892,1.0,1517.6801,1425.4301,18.0776,46.8485,46.8485,42.0868,56.1189,49.3448,0.0,22.6054,0.0,21.8145,-0.26,True,-0.4513,3.0734,143.0,5.3636,,43.5876
2000-09-01,33.88,97.4,33.884,33.1448,173.6,False,0,6.0,5.8,-0.376,6.52,3.9,92.9792,132337,,124.3476,"DTWEXM*1.1937 before 2006-01, DTWEXBGS after (ratio-splice on 2006 overlap)",4.8979,10.5479,25.8972,1.0,1436.51,1419.4399,19.5161,41.876,41.876,37.1359,48.7023,47.0279,6.2416,28.8469,8.1241,29.9386,-0.2,True,-0.376,3.9688,130.0,8.5155,,38.7131
2000-10-01,33.08,93.1,33.1086,30.9609,173.9,False,0,6.11,5.74,-0.5562,6.51,3.9,92.6179,132352,,126.3409,"DTWEXM*1.1937 before 2006-01, DTWEXBGS after (ratio-splice on 2006 overlap)",4.8275,11.8165,51.459,1.0,1429.4,1305.79,19.0224,46.1131,46.1131,41.2398,52.8736,40.7162,0.0,28.8469,0.0,29.9386,-0.37,True,-0.5562,2.3142,131.0,11.4548,,24.4314
2000-11-01,34.4,98.8,34.4171,32.5523,174.2,False,0,6.17,5.72,-0.639,6.51,3.9,92.6438,132556,,127.4984,"DTWEXM*1.1937 before 2006-01, DTWEXBGS after (ratio-splice on 2006 overlap)",4.8742,11.114,30.0697,1.0,1314.95,1294.9,19.7474,37.7653,37.7653,33.1784,48.1259,32.4119,1.5232,30.3701,1.4271,31.3658,-0.45,True,-0.639,1.8491,109.0,11.3027,,24.117
2000-12-01,28.46,78.8,28.4365,25.66,174.6,False,0,5.77,5.24,-0.6965,6.4,3.9,92.3415,132716,,125.0678,"DTWEXM*1.1937 before 2006-01, DTWEXBGS after (ratio-splice on 2006 overlap)",5.2171,4.2617,-0.3357,1.0,1320.28,1254.0699,16.3001,9.1258,9.1258,5.5007,10.9859,0.7335,0.0,27.6888,0.0,31.3658,-0.53,True,-0.6965,0.7398,110.0,8.7207,,16.6651
2001-01-01,29.58,75.4,29.5857,25.6245,175.6,False,0,5.15,5.16,-0.1243,5.98,4.2,91.902,132703,,123.7134,"DTWEXM*1.1937 before 2006-01, DTWEXBGS after (ratio-splice on 2006 overlap)",5.0176,1.1462,3.5081,1.0,1366.01,1274.62,16.8451,8.83,8.83,4.9255,4.4321,0.4451,0.0,23.5575,0.0,31.3658,0.01,True,-0.1243,0.3976,53.0,7.7202,,11.6175
2001-02-01,29.61,80.7,29.6095,27.5035,176.0,False,0,4.88,5.1,0.0937,5.49,4.2,91.3034,132788,,125.3592,"DTWEXM*1.1937 before 2006-01, DTWEXBGS after (ratio-splice on 2006 overlap)",4.9516,-4.6328,-9.1664,1.0,1239.9399,1215.4399,16.8239,0.8859,0.8859,-2.5534,-3.3533,-0.98,0.0,15.8764,0.0,16.8251,0.22,True,0.0937,-0.5668,-24.0,6.6647,,4.4948
2001-03-01,27.24,73.1,27.2445,24.4973,176.1,False,0,4.42,4.89,0.35,5.31,4.3,91.1162,132751,,128.3272,"DTWEXM*1.1937 before 2006-01, DTWEXBGS after (ratio-splice on 2006 overlap)",4.928,-2.9821,0.0379,1.0,1160.33,1081.1899,15.4685,-8.8658,-8.8658,-11.5052,-15.8803,-10.8739,0.0,14.0533,0.0,12.834,0.47,True,0.35,-1.1223,-54.0,8.7825,,-8.529
2001-04-01,27.41,74.5,27.49,25.6571,176.4,False,1,3.87,5.14,1.175,4.8,4.4,90.7891,132458,,129.6999,"DTWEXM*1.1937 before 2006-01, DTWEXBGS after (ratio-splice on 2006 overlap)",4.77,-7.2728,11.555,1.0,1249.46,1091.99,15.5385,6.488,6.488,3.1678,7.0402,12.7071,0.0,14.0533,0.0,12.834,1.27,True,1.175,-2.0602,-122.0,9.1791,,-15.9026
2001-05-01,28.64,77.7,28.6291,28.3136,177.3,False,1,3.62,5.39,1.6882,4.21,4.3,90.3555,132408,,129.8159,"DTWEXM*1.1937 before 2006-01, DTWEXBGS after (ratio-splice on 2006 overlap)",4.9541,-6.9938,-6.4888,1.0,1255.8199,1232.0,16.1534,-0.4864,-0.4864,-3.9102,-2.3869,2.0767,0.0,14.0533,0.0,12.834,1.77,True,1.6882,-2.7912,-206.0,5.9805,,-11.6353
2001-06-01,27.6,77.0,27.599,27.849,177.7,False,1,3.49,5.28,1.719,3.97,4.5,89.8784,132300,,131.0003,"DTWEXM*1.1937 before 2006-01, DTWEXBGS after (ratio-splice on 2006 overlap)",4.781,-12.0824,-17.2316,1.0,1224.38,1203.03,15.5318,-13.2893,-13.2893,-15.9731,-14.2539,-6.5326,0.0,7.7647,0.0,9.5513,1.79,True,1.719,-3.3422,-256.0,9.7005,,-15.4911
2001-07-01,26.45,72.8,26.4248,24.6136,177.4,False,1,3.51,5.24,1.6429,3.77,4.6,89.3028,132172,,131.0906,"DTWEXM*1.1937 before 2006-01, DTWEXBGS after (ratio-splice on 2006 overlap)",4.675,-24.926,-2.9091,1.0,1211.23,1165.54,14.9098,-11.1522,-11.1522,-13.5061,-12.605,-14.1855,0.0,7.7647,0.0,9.5513,1.73,True,1.6429,-3.7735,-277.0,8.795,,-30.0177
2001-08-01,27.47,72.6,27.3739,25.68,177.4,False,1,3.36,4.97,1.5335,3.65,4.9,89.2003,132021,,128.1497,"DTWEXM*1.1937 before 2006-01, DTWEXBGS after (ratio-splice on 2006 overlap)",4.4708,-45.5956,-19.4621,1.0,1133.58,1124.87,15.4848,-12.0115,-12.0115,-14.3427,-18.701,-14.9559,0.0,7.7647,0.0,9.5513,1.61,False,1.5335,-3.6215,-285.0,4.6919,,-52.1413
2001-09-01,25.88,73.0,26.1995,25.6195,178.1,False,1,2.64,4.73,2.0394,3.07,5.0,88.7485,131763,,127.6594,"DTWEXM*1.1937 before 2006-01, DTWEXBGS after (ratio-splice on 2006 overlap)",4.7324,-49.4618,-22.538,0.0,1040.9399,944.75,14.5312,-23.6128,-23.6128,-25.5428,-25.0513,-22.7042,0.0,1.5232,0.0,1.4271,2.09,False,2.0394,-4.5502,-345.0,2.6633,,-60.0097
2001-10-01,22.21,56.9,22.1696,20.5378,177.6,False,1,2.16,4.57,2.3691,2.49,5.3,88.5052,131452,,128.681,"DTWEXM*1.1937 before 2006-01, DTWEXBGS after (ratio-splice on 2006 overlap)",4.3727,-54.1178,-35.1682,0.0,1059.78,1026.76,12.5056,-32.8597,-32.8597,-34.2585,-38.8829,-33.6653,0.0,1.5232,0.0,1.4271,2.41,False,2.3691,-4.4405,-402.0,1.8522,,-65.9342
2001-11-01,19.67,51.3,19.635,18.7973,177.5,False,1,1.87,4.65,2.745,2.09,5.5,87.97,131144,,130.3685,"DTWEXM*1.1937 before 2006-01, DTWEXBGS after (ratio-splice on 2006 overlap)",4.0001,-58.8039,-43.7247,0.0,1139.45,1054.3101,11.0817,-42.8198,-42.8198,-43.8828,-48.0769,-42.2551,0.0,0.0,0.0,0.0,2.78,False,2.745,-5.0449,-442.0,2.2511,,-69.918
2001-12-01,19.33,45.4,19.3889,18.7053,177.4,False,0,1.69,5.09,3.3675,1.82,5.7,87.9324,130983,,131.0399,"DTWEXM*1.1937 before 2006-01, DTWEXBGS after (ratio-splice on 2006 overlap)",3.9572,-56.844,-24.8211,0.0,1148.08,1114.53,10.8963,-32.0801,-32.0801,-33.1521,-42.3858,-27.1034,0.0,0.0,0.0,0.0,3.4,False,3.3675,-4.7748,-458.0,4.7751,,-61.1057
2002-01-01,19.67,48.6,19.7148,19.4168,177.7,False,0,1.65,5.04,3.351,1.73,5.7,88.5176,130859,,132.9525,"DTWEXM*1.1937 before 2006-01, DTWEXBGS after (ratio-splice on 2006 overlap)",3.8207,-50.072,-32.1981,0.0,1130.2,1081.66,11.0692,-33.5024,-33.5024,-34.2882,-35.5438,-24.2257,0.0,0.0,0.0,0.0,3.39,False,3.351,-3.6826,-425.0,7.4682,,-51.2182
2002-02-01,20.74,53.5,20.7237,20.2755,178.0,False,0,1.72,4.91,3.1547,1.74,5.7,88.5278,130737,,133.8925,"DTWEXM*1.1937 before 2006-01, DTWEXBGS after (ratio-splice on 2006 overlap)",3.8518,-47.0089,-22.9572,0.0,1106.73,1074.36,11.6517,-29.9561,-29.9561,-30.7431,-33.7051,-26.2803,0.0,0.0,0.0,0.0,3.19,False,3.1547,-3.04,-375.0,6.8071,,-42.3761
2002-03-01,24.42,65.0,24.531,23.6967,178.5,False,0,1.79,5.28,3.459,1.73,5.7,89.1686,130722,,132.6915,"DTWEXM*1.1937 before 2006-01, DTWEXBGS after (ratio-splice on 2006 overlap)",4.1072,-36.7453,-4.3431,0.0,1147.39,1106.73,13.6807,-10.3524,-10.3524,-11.5578,-11.0807,-3.2681,0.0,0.0,0.0,0.0,3.49,False,3.459,-2.1375,-358.0,3.4009,,-33.7632
2002-04-01,26.27,70.7,26.1791,25.7286,179.3,False,0,1.71,5.21,3.4659,1.75,5.9,89.604,130616,,131.7309,"DTWEXM*1.1937 before 2006-01, DTWEXBGS after (ratio-splice on 2006 overlap)",4.201,-35.9076,-4.0393,0.0,1076.92,1063.46,14.6514,-4.1591,-4.1591,-5.7092,-5.1007,0.2786,0.0,0.0,0.0,0.0,3.5,False,3.4659,-1.3053,-305.0,1.5659,,-28.6348
2002-05-01,27.02,77.1,27.0414,25.3455,179.5,False,0,1.73,5.16,3.4041,1.75,5.8,89.964,130632,,128.094,"DTWEXM*1.1937 before 2006-01, DTWEXBGS after (ratio-splice on 2006 overlap)",4.3642,-40.0259,-11.7872,0.0,1067.14,1048.96,15.0529,-5.6564,-5.6564,-6.8127,-0.7722,-10.4832,0.0,0.0,0.0,0.0,3.43,False,3.4041,-0.4333,-246.0,-1.3264,,-33.0321
2002-06-01,25.52,63.6,25.5185,24.0817,179.6,False,0,1.7,4.93,3.1945,1.75,5.8,90.7061,130674,,124.7596,"DTWEXM*1.1937 before 2006-01, DTWEXBGS after (ratio-splice on 2006 overlap)",4.31,-43.6652,-0.6674,0.0,989.82,952.92,14.2094,-7.5362,-7.5362,-8.5144,-17.4026,-13.5279,0.0,0.0,0.0,0.0,3.23,False,3.1945,0.9209,-222.0,-4.7639,,-31.5828
2002-07-01,26.94,68.3,26.9662,25.7361,180.0,False,0,1.68,4.65,2.9395,1.73,5.8,90.6769,130584,,121.7235,"DTWEXM*1.1937 before 2006-01, DTWEXBGS after (ratio-splice on 2006 overlap)",4.3561,-44.4293,1.0471,0.0,911.62,775.68,14.9667,1.8526,1.8526,0.3813,-6.1813,4.5603,0.0,0.0,0.0,0.0,2.97,False,2.9395,1.5387,-204.0,-7.1455,,-19.5033
2002-08-01,28.38,72.8,28.385,26.6514,180.5,False,0,1.62,4.26,2.61,1.74,5.7,90.5762,130581,,123.4237,"DTWEXM*1.1937 before 2006-01, DTWEXBGS after (ratio-splice on 2006 overlap)",4.3318,-43.1352,8.5425,0.0,916.07,833.44,15.723,3.3127,3.3127,1.5384,0.2755,3.7826,0.0,0.0,0.0,0.0,2.64,False,2.61,1.5425,-191.0,-3.6879,,2.4604
2002-09-01,29.67,77.5,29.6635,28.3995,180.8,False,0,1.63,3.87,2.211,1.75,5.7,90.6531,130502,,123.6486,"DTWEXM*1.1937 before 2006-01, DTWEXBGS after (ratio-splice on 2006 overlap)",4.3618,-26.6159,41.4239,0.0,815.28,800.2,16.4104,14.6445,14.6445,12.9325,6.1644,10.8512,0.0,0.0,0.0,0.0,2.24,False,2.211,2.1461,-132.0,-3.1418,,22.8459
2002-10-01,28.85,76.7,28.8365,27.543,181.2,False,0,1.58,3.94,2.3309,1.75,5.7,90.4643,130617,,124.2454,"DTWEXM*1.1937 before 2006-01, DTWEXBGS after (ratio-splice on 2006 overlap)",4.5554,-12.2779,23.1536,0.0,885.76,768.63,15.9216,29.8964,29.8964,27.3157,34.7979,34.1089,0.0,0.0,0.0,0.0,2.36,False,2.3309,2.2135,-74.0,-3.447,,41.8399
2002-11-01,26.27,67.6,26.3521,24.3352,181.5,False,0,1.23,4.05,2.7937,1.34,5.9,90.9711,130616,,122.4896,"DTWEXM*1.1937 before 2006-01, DTWEXBGS after (ratio-splice on 2006 overlap)",4.4816,-5.5507,43.7667,0.0,936.31,872.05,14.4738,33.5536,33.5536,30.6103,31.7739,29.4615,0.0,0.0,0.0,0.0,2.82,False,2.7937,3.4115,-75.0,-6.0435,,53.2532
2002-12-01,29.42,72.9,29.461,28.3345,181.8,False,0,1.19,4.03,2.8214,1.24,6.0,90.4652,130465,,121.2817,"DTWEXM*1.1937 before 2006-01, DTWEXBGS after (ratio-splice on 2006 overlap)",4.4256,7.6474,48.1253,0.0,879.82,869.45,16.1826,52.1987,52.1987,48.5151,60.5727,51.4788,0.0,0.0,0.0,0.0,2.84,False,2.8214,2.8804,-58.0,-7.4468,,64.4915
2003-01-01,32.94,86.1,32.9471,31.1836,182.6,False,0,1.17,4.05,2.8595,1.24,5.8,91.2361,130573,,118.1443,"DTWEXM*1.1937 before 2006-01, DTWEXBGS after (ratio-splice on 2006 overlap)",4.7048,9.0395,73.6269,0.0,855.7,840.34,18.0394,67.4631,67.4631,62.9693,77.1605,60.6012,0.0,0.0,0.0,0.0,2.88,False,2.8595,3.0711,-49.0,-11.138,,59.1114
2003-02-01,35.87,95.2,35.8284,32.771,183.6,False,0,1.17,3.9,2.7174,1.26,5.9,91.3445,130441,,116.8182,"DTWEXM*1.1937 before 2006-01, DTWEXBGS after (ratio-splice on 2006 overlap)",4.9095,7.47,72.0168,0.0,841.15,806.29,19.537,72.9508,72.9508,67.6756,77.9439,61.6286,4.1845,4.1845,0.0,0.0,2.73,False,2.7174,3.1817,-48.0,-12.7522,,54.4789
2003-03-01,33.55,95.1,33.5133,30.6124,183.9,False,0,1.13,3.81,2.6562,1.25,5.9,91.1044,130235,,115.938,"DTWEXM*1.1937 before 2006-01, DTWEXBGS after (ratio-splice on 2006 overlap)",4.8322,17.4681,20.7445,0.0,848.18,788.9,18.2436,37.3874,37.3874,33.3532,46.3077,29.1843,0.0,4.1845,0.0,0.0,2.68,False,2.6562,2.1709,-48.0,-12.6259,,54.2134
2003-04-01,28.25,76.1,28.1705,25.0677,183.2,False,0,1.13,3.96,2.8062,1.26,6.0,90.5617,130173,,115.5751,"DTWEXM*1.1937 before 2006-01, DTWEXBGS after (ratio-splice on 2006 overlap)",4.7574,28.9599,-3.7979,0.0,916.92,847.85,15.4203,7.5371,7.5371,5.2478,7.6379,-2.5688,0.0,4.1845,0.0,0.0,2.83,False,2.8062,1.0688,-49.0,-12.2642,,64.8675
2003-05-01,28.14,74.0,28.1086,25.8577,182.9,False,0,1.07,3.57,2.481,1.26,6.1,90.537,130197,,110.1224,"DTWEXM*1.1937 before 2006-01, DTWEXBGS after (ratio-splice on 2006 overlap)",4.4024,37.0686,17.8628,0.0,963.59,902.83,15.3855,4.1451,4.1451,2.2091,-4.0208,2.0212,0.0,4.1845,0.0,0.0,2.5,False,2.481,0.6369,-49.0,-14.03,,77.0945
2003-06-01,30.72,82.3,30.6624,27.6529,183.1,False,0,0.92,3.33,2.3981,1.22,6.3,90.6527,130186,,108.8789,"DTWEXM*1.1937 before 2006-01, DTWEXBGS after (ratio-splice on 2006 overlap)",4.2691,32.7722,13.0484,0.0,974.5,963.59,16.7777,20.3762,20.3762,18.0752,29.4025,14.8295,0.0,4.1845,0.0,0.0,2.41,False,2.3981,-0.0589,-53.0,-12.7291,,76.4374
2003-07-01,30.76,82.4,30.7545,28.3487,183.7,False,0,0.9,3.98,3.055,1.01,6.2,91.1185,130184,,111.0162,"DTWEXM*1.1937 before 2006-01, DTWEXBGS after (ratio-splice on 2006 overlap)",4.3857,35.1974,11.4109,0.0,990.31,962.1,16.7447,14.1797,14.1797,11.8799,20.6442,10.1515,0.0,4.1845,0.0,0.0,3.08,False,3.055,0.487,-72.0,-8.7965,,79.6267
2003-08-01,31.59,83.8,31.5738,29.8881,184.5,False,0,0.95,4.45,3.4762,1.03,6.1,90.9197,130153,,112.4796,"DTWEXM*1.1937 before 2006-01, DTWEXBGS after (ratio-splice on 2006 overlap)",4.6179,39.1262,12.1865,0.0,1008.01,960.84,17.122,11.3108,11.3108,8.8975,15.1099,12.1447,0.0,4.1845,0.0,0.0,3.5,False,3.4762,0.3792,-71.0,-8.8671,,82.2614
2003-09-01,28.29,75.0,28.3114,27.1123,185.1,False,0,0.94,4.27,3.319,1.01,6.1,91.5059,130252,,110.4835,"DTWEXM*1.1937 before 2006-01, DTWEXBGS after (ratio-splice on 2006 overlap)",4.678,46.4235,-4.3891,0.0,995.97,990.36,15.2836,-4.6512,-4.6512,-6.8662,-3.2258,-4.5327,0.0,4.1845,0.0,0.0,3.33,False,3.319,0.9407,-74.0,-10.6471,,73.0395
2003-10-01,30.33,81.7,30.3383,29.6078,184.9,False,0,0.92,4.29,3.3486,1.01,6.0,91.6186,130439,,106.1481,"DTWEXM*1.1937 before 2006-01, DTWEXBGS after (ratio-splice on 2006 overlap)",4.5771,99.1816,8.9013,0.0,1050.71,995.97,16.4035,5.13,5.13,3.0262,6.5189,7.4966,0.0,4.1845,0.0,0.0,3.37,False,3.3486,1.276,-74.0,-14.5658,,111.4595
2003-11-01,31.09,80.4,31.1083,28.7525,185.0,False,0,0.93,4.3,3.3478,1.0,5.8,92.2329,130480,,105.7619,"DTWEXM*1.1937 before 2006-01, DTWEXBGS after (ratio-splice on 2006 overlap)",4.5553,101.3602,12.2917,0.0,1058.2,1031.2,16.8054,18.3479,18.3479,16.1089,18.9349,18.1517,0.0,4.1845,0.0,0.0,3.37,False,3.3478,1.387,-34.0,-13.6565,,106.9109
2003-12-01,32.15,83.3,32.129,29.8071,185.5,False,0,0.9,4.27,3.3532,0.98,5.7,92.2602,130589,,103.0855,"DTWEXM*1.1937 before 2006-01, DTWEXBGS after (ratio-splice on 2006 overlap)",4.6312,109.3639,-0.5202,0.0,1111.92,1053.41,17.3315,9.2794,9.2794,7.0997,14.2661,5.1973,0.0,4.1845,0.0,0.0,3.37,False,3.3532,1.9842,-26.0,-15.0032,,101.7165
2004-01-01,34.27,90.9,34.31,31.281,186.3,False,0,0.88,4.15,3.25,1.0,5.7,92.4006,130756,,100.9628,"DTWEXM*1.1937 before 2006-01, DTWEXBGS after (ratio-splice on 2006 overlap)",4.817,121.7189,2.251,0.0,1131.13,1105.08,18.3951,4.0376,4.0376,1.9714,5.5749,0.3121,0.0,4.1845,0.0,0.0,3.27,False,3.25,1.2764,-24.0,-14.5428,,112.6794
2004-02-01,34.74,89.9,34.6847,30.8585,186.7,False,0,0.93,4.08,3.1395,1.01,5.6,92.958,130821,,101.5288,"DTWEXM*1.1937 before 2006-01, DTWEXBGS after (ratio-splice on 2006 overlap)",4.8331,125.8084,-3.2448,0.0,1144.9399,1124.4399,18.6074,-3.1503,-3.1503,-4.7584,-5.5672,-5.836,0.0,0.0,0.0,0.0,3.15,False,3.1395,1.7664,-25.0,-13.0882,,118.3383
2004-03-01,36.76,96.6,36.7413,33.6343,187.1,False,0,0.94,3.83,2.873,1.0,5.8,92.5861,131140,,103.3782,"DTWEXM*1.1937 before 2006-01, DTWEXBGS after (ratio-splice on 2006 overlap)",4.6476,119.7272,17.9479,0.0,1126.21,1087.16,19.6472,9.5678,9.5678,7.6939,1.5773,9.8717,2.4509,2.4509,1.4599,1.4599,2.89,False,2.873,1.6264,-25.0,-10.8331,,102.2591
2004-04-01,36.69,98.4,36.75,33.5909,187.4,False,0,0.94,4.35,3.3895,1.0,5.6,92.93,131412,,104.5574,"DTWEXM*1.1937 before 2006-01, DTWEXBGS after (ratio-splice on 2006 overlap)",4.7008,106.3643,47.7624,0.0,1107.3,1107.23,19.5784,29.8761,29.8761,26.9653,29.3035,34.0006,0.0,2.4509,1.8462,3.3061,3.41,False,3.3895,2.6151,-26.0,-9.533,,77.4044
2004-05-01,40.28,106.5,40.275,37.5676,188.2,False,0,1.02,4.72,3.676,1.0,5.6,93.6013,131697,,106.3316,"DTWEXM*1.1937 before 2006-01, DTWEXBGS after (ratio-splice on 2006 overlap)",4.8101,83.922,36.4569,0.0,1120.6801,1076.3199,21.4028,43.1414,43.1414,39.1104,43.9189,45.2859,9.1445,11.5954,7.9104,11.2165,3.7,False,3.676,3.3846,-26.0,-3.4424,,46.8534
2004-06-01,38.02,99.2,38.0252,35.1836,188.9,False,0,1.27,4.73,3.4457,1.03,5.6,92.871,131794,,104.6519,"DTWEXM*1.1937 before 2006-01, DTWEXBGS after (ratio-splice on 2006 overlap)",4.8997,62.2729,16.6509,0.0,1140.84,1113.3199,20.1271,23.763,23.763,19.963,20.5346,27.2333,0.0,11.5954,0.0,11.2165,3.46,False,3.4457,2.447,-19.0,-3.8823,,29.5007
2004-07-01,40.69,105.5,40.7781,38.2214,189.1,False,0,1.33,4.5,3.1405,1.26,5.5,93.5649,131854,,103.3268,"DTWEXM*1.1937 before 2006-01, DTWEXBGS after (ratio-splice on 2006 overlap)",4.8088,88.7109,44.2428,0.0,1101.72,1078.78,21.5177,32.2822,32.2822,28.5047,28.034,34.8258,1.0127,12.6081,0.0,11.2165,3.17,False,3.1405,2.6849,25.0,-6.9263,,53.5135
2004-08-01,44.94,119.3,44.9032,42.7441,189.2,False,0,1.48,4.28,2.7782,1.43,5.4,93.6277,131939,,103.6284,"DTWEXM*1.1937 before 2006-01, DTWEXBGS after (ratio-splice on 2006 overlap)",4.7778,98.6706,31.9275,0.0,1104.24,1060.72,23.7526,42.2602,42.2602,38.7263,42.3628,43.0138,9.9346,22.5427,11.3496,22.5661,2.8,False,2.7782,2.9785,40.0,-7.8691,,59.5445
2004-09-01,45.95,118.3,45.9357,43.1968,189.8,False,0,1.65,4.13,2.4443,1.61,5.4,93.7467,132089,,103.0889,"DTWEXM*1.1937 before 2006-01, DTWEXBGS after (ratio-splice on 2006 overlap)",4.8409,97.8445,75.1856,0.0,1114.58,1099.1801,24.2097,62.4249,62.4249,58.4028,57.7333,59.3257,2.2226,24.7653,0.0,22.5661,2.48,False,2.4443,2.4488,60.0,-6.693,,51.421
2004-10-01,53.13,139.9,53.2805,49.7767,190.8,False,0,1.76,4.1,2.3025,1.76,5.5,94.5465,132429,,100.734,"DTWEXM*1.1937 before 2006-01, DTWEXBGS after (ratio-splice on 2006 overlap)",5.0339,106.6603,72.6576,0.0,1130.2,1090.29,27.8459,75.1731,75.1731,69.7563,71.2362,68.12,14.5188,39.284,15.9287,38.4948,2.34,False,2.3025,3.1957,75.0,-5.1005,,7.4787
2004-11-01,48.46,125.0,48.469,43.1105,191.7,False,0,2.07,4.19,2.0865,1.93,5.4,94.7813,132503,,96.8155,"DTWEXM*1.1937 before 2006-01, DTWEXBGS after (ratio-splice on 2006 overlap)",5.1619,122.0238,52.3869,0.0,1173.8199,1127.6,25.2791,55.8701,55.8701,50.4223,55.4726,49.9364,0.0,39.284,0.0,38.4948,2.12,False,2.0865,2.763,93.0,-8.459,,20.6636
2004-12-01,43.33,108.7,43.1495,39.6022,191.7,False,0,2.19,4.23,2.0082,2.16,5.4,95.5365,132630,,95.7789,"DTWEXM*1.1937 before 2006-01, DTWEXBGS after (ratio-splice on 2006 overlap)",5.075,126.0675,31.4338,0.0,1211.92,1173.78,22.603,34.7745,34.7745,30.4156,30.4922,32.8614,0.0,39.284,0.0,38.4948,2.04,False,2.0082,3.5512,118.0,-7.0879,,16.7036
2005-01-01,46.84,119.6,46.837,44.509,191.6,False,0,2.33,4.22,1.8505,2.28,5.3,95.8801,132781,,96.8982,"DTWEXM*1.1937 before 2006-01, DTWEXBGS after (ratio-splice on 2006 overlap)",4.9719,105.9166,43.4731,0.0,1181.27,1163.75,24.4468,36.6793,36.6793,32.8985,31.5732,42.2879,0.0,39.284,0.0,38.4948,1.89,False,1.8505,3.7657,128.0,-4.0258,,-15.8023
2005-02-01,47.97,123.9,48.1489,45.475,192.4,False,0,2.54,4.17,1.5858,2.5,5.4,96.5761,133034,,97.8032,"DTWEXM*1.1937 before 2006-01, DTWEXBGS after (ratio-splice on 2006 overlap)",4.9573,106.3285,38.8144,0.0,1203.6,1180.95,24.9324,38.0829,38.0829,33.9921,37.8198,47.3662,0.0,39.284,0.0,38.4948,1.63,False,1.5858,3.8922,149.0,-3.6695,,-19.4799
2005-03-01,54.31,145.0,54.1868,53.1045,193.1,False,0,2.74,4.5,1.7018,2.63,5.2,96.4456,133154,,96.6894,"DTWEXM*1.1937 before 2006-01, DTWEXBGS after (ratio-splice on 2006 overlap)",5.1498,109.3004,55.3215,0.0,1180.59,1163.6899,28.1253,47.7421,47.7421,43.1515,50.1035,57.8878,2.1967,39.0298,3.5806,40.6155,1.76,False,1.7018,4.1686,163.0,-6.4702,,-10.4268
2005-04-01,53.04,137.5,52.979,51.8838,193.7,False,0,2.78,4.34,1.5043,2.79,5.2,96.6532,133520,,98.2949,"DTWEXM*1.1937 before 2006-01, DTWEXBGS after (ratio-splice on 2006 overlap)",5.1265,105.9839,31.235,0.0,1156.85,1136.15,27.3826,44.5626,44.5626,39.8607,39.7358,54.4579,0.0,39.0298,0.0,38.7693,1.56,False,1.5043,4.0065,179.0,-5.9895,,-0.3805
2005-05-01,49.83,135.2,49.8338,48.6455,193.6,False,0,2.84,4.14,1.2424,3.0,5.1,96.7402,133689,,99.6808,"DTWEXM*1.1937 before 2006-01, DTWEXBGS after (ratio-splice on 2006 overlap)",5.0763,85.021,28.2759,0.0,1191.5,1146.1801,25.7386,23.709,23.709,20.2585,26.9484,29.4877,0.0,29.8853,0.0,30.8589,1.3,False,1.2424,3.3535,200.0,-6.2548,,1.099
2005-06-01,56.26,147.6,56.3523,54.3545,193.7,False,0,2.97,4.0,0.9618,3.04,5.0,97.1753,133948,,101.4965,"DTWEXM*1.1937 before 2006-01, DTWEXBGS after (ratio-splice on 2006 overlap)",5.0289,56.32,59.073,0.0,1191.33,1188.3,29.0449,47.9748,47.9748,44.3078,48.7903,54.4881,3.5275,33.4129,1.7772,32.6361,1.03,False,0.9618,4.6347,201.0,-3.0151,,-5.9529
2005-07-01,58.7,161.7,58.9955,57.52,194.9,False,0,3.22,4.18,0.89,3.26,5.0,96.8676,134300,,102.437,"DTWEXM*1.1937 before 2006-01, DTWEXBGS after (ratio-splice on 2006 overlap)",5.3254,34.4938,41.8127,0.0,1234.1801,1183.55,30.118,44.2615,44.2615,39.9684,53.2701,50.4918,4.2456,36.6457,9.1237,41.7598,0.96,False,0.89,3.5298,200.0,-0.8611,,-54.2171
2005-08-01,64.97,172.1,64.9852,63.9835,196.1,False,0,3.44,4.26,0.7443,3.5,4.9,97.1833,134502,,100.5887,"DTWEXM*1.1937 before 2006-01, DTWEXBGS after (ratio-splice on 2006 overlap)",5.6598,33.4571,62.1692,0.0,1220.33,1201.0699,33.1311,44.5705,44.5705,39.4837,44.2582,49.6896,10.1486,36.8597,6.2333,36.6434,0.82,False,0.7443,3.7976,207.0,-2.9334,,-65.2135
2005-09-01,65.57,171.3,65.5867,62.9082,198.8,False,0,3.42,4.2,0.7048,3.62,5.0,95.3005,134552,,100.0523,"DTWEXM*1.1937 before 2006-01, DTWEXBGS after (ratio-splice on 2006 overlap)",6.1784,56.1953,33.6766,0.0,1228.8101,1205.35,32.9829,42.6986,42.6986,36.2384,44.8014,45.6315,0.9193,35.5564,0.0,36.6434,0.78,False,0.7048,1.6574,201.0,-2.9456,,-41.6492
2005-10-01,62.37,170.4,62.26,58.5386,199.1,False,0,3.71,4.46,0.671,3.78,5.0,96.4572,134641,,101.6011,"DTWEXM*1.1937 before 2006-01, DTWEXBGS after (ratio-splice on 2006 overlap)",6.0905,68.1931,17.37,0.0,1207.01,1168.2,31.326,17.3913,17.3913,12.4975,21.8013,17.6024,0.0,21.0377,0.0,20.7148,0.75,False,0.671,2.0209,202.0,0.8608,,-38.4673
2005-11-01,58.3,153.8,58.3225,55.2418,198.1,False,0,3.88,4.54,0.5605,4.0,5.0,97.5414,134997,,103.3416,"DTWEXM*1.1937 before 2006-01, DTWEXBGS after (ratio-splice on 2006 overlap)",5.5923,60.7934,15.3289,0.0,1249.48,1201.0699,29.4296,20.3054,20.3054,16.4187,23.04,28.1402,0.0,21.0377,0.0,20.7148,0.66,False,0.5605,2.9121,207.0,6.7407,,-61.2304
2005-12-01,59.43,162.6,59.4119,56.8557,198.1,False,0,3.89,4.47,0.4962,4.16,4.9,98.0452,135159,,102.4274,"DTWEXM*1.1937 before 2006-01, DTWEXBGS after (ratio-splice on 2006 overlap)",5.5884,49.4877,39.7574,0.0,1248.29,1246.59,30.0,37.1567,37.1567,32.7256,49.586,43.5672,0.0,21.0377,0.0,20.7148,0.58,False,0.4962,2.6259,200.0,6.9414,,-76.5799
2006-01-01,65.51,171.9,65.485,62.9852,199.3,False,0,4.24,4.42,0.08,4.29,4.7,98.1999,135427,,100.0,"DTWEXM*1.1937 before 2006-01, DTWEXBGS after (ratio-splice on 2006 overlap)",5.3706,35.1219,43.9236,1.0,1280.08,1245.74,32.87,39.8591,39.8591,34.4556,43.7291,41.5112,0.0,21.0377,0.0,20.7148,0.18,True,0.08,2.4195,201.0,3.2011,,-70.7947
2006-02-01,61.63,160.2,61.6311,60.21,199.4,False,0,4.43,4.57,0.0295,4.49,4.8,98.2413,135733,,100.2112,"DTWEXM*1.1937 before 2006-01, DTWEXBGS after (ratio-splice on 2006 overlap)",5.5959,42.9748,17.567,1.0,1280.66,1253.61,30.9077,28.4761,28.4761,23.9659,29.2978,32.4024,0.0,21.0377,0.0,20.7148,0.14,True,0.0295,1.7242,199.0,2.4621,,-63.3537
2006-03-01,62.9,167.3,62.6852,62.0648,199.7,False,0,4.51,4.72,0.0961,4.59,4.7,98.4628,136038,,100.4281,"DTWEXM*1.1937 before 2006-01, DTWEXBGS after (ratio-splice on 2006 overlap)",5.5371,49.138,19.7794,1.0,1294.87,1268.42,31.4972,15.8166,15.8166,11.9889,15.3793,16.8728,0.0,18.841,0.0,17.1342,0.21,True,0.0961,2.0915,196.0,3.8667,,-60.1625
2006-04-01,69.69,187.1,69.4437,70.26,200.7,False,0,4.6,4.99,0.2689,4.79,4.7,98.7618,136210,,99.7435,"DTWEXM*1.1937 before 2006-01, DTWEXBGS after (ratio-splice on 2006 overlap)",5.6704,43.5094,39.7703,1.0,1310.61,1280.74,34.7235,31.3914,31.3914,26.8087,36.0727,35.418,6.0939,24.9348,8.3568,25.4909,0.39,True,0.2689,2.1816,200.0,1.4737,,-62.4745
2006-05-01,70.94,191.9,70.8441,69.777,201.3,False,0,4.72,5.11,0.2736,4.94,4.6,98.7869,136249,,97.5118,"DTWEXM*1.1937 before 2006-01, DTWEXBGS after (ratio-splice on 2006 overlap)",5.8071,42.4378,38.2769,1.0,1270.09,1245.34,35.2409,42.364,42.364,36.9184,41.9379,43.4398,1.7778,26.7126,2.5331,28.0241,0.39,True,0.2736,2.1157,194.0,-2.1759,,-42.5832
2006-06-01,70.96,187.2,70.9509,68.5559,201.8,False,0,4.79,5.11,0.1886,4.99,4.6,99.0997,136337,,98.6927,"DTWEXM*1.1937 before 2006-01, DTWEXBGS after (ratio-splice on 2006 overlap)",5.7303,53.062,29.198,1.0,1270.2,1219.29,35.1635,26.1287,26.1287,21.066,26.8293,26.1273,0.0282,23.2133,0.0,26.2468,0.32,True,0.1886,1.9803,195.0,-2.7624,,-3.258
2006-07-01,74.41,202.0,74.4111,73.6743,202.9,False,0,4.95,5.09,0.011,5.24,4.7,99.0489,136529,,98.4387,"DTWEXM*1.1937 before 2006-01, DTWEXBGS after (ratio-splice on 2006 overlap)",6.187,64.2073,26.1164,1.0,1276.66,1224.54,36.6732,26.7632,26.7632,21.7651,24.9227,28.0846,4.7474,23.7151,5.1293,22.2525,0.14,True,0.011,2.2518,198.0,-3.9032,,29.7135
2006-08-01,73.05,198.7,73.043,73.2304,203.8,False,0,4.96,4.88,-0.2139,5.25,4.7,99.4836,136692,,97.7138,"DTWEXM*1.1937 before 2006-01, DTWEXBGS after (ratio-splice on 2006 overlap)",6.065,82.8963,4.4059,1.0,1303.8199,1261.3,35.844,12.4365,12.4365,8.1884,15.4561,14.4521,0.0,13.5665,0.0,16.0192,-0.08,True,-0.2139,2.367,175.0,-2.8581,,49.4392
2006-09-01,63.87,172.2,63.798,61.9586,202.8,False,0,4.81,4.72,-0.211,5.25,4.5,99.3183,136826,,97.9814,"DTWEXM*1.1937 before 2006-01, DTWEXBGS after (ratio-splice on 2006 overlap)",5.6435,92.6709,-3.1414,1.0,1335.85,1290.9301,31.4941,-2.5926,-2.5926,-4.5139,0.5254,-1.5095,0.0,12.6472,0.0,16.0192,-0.09,True,-0.211,4.2159,163.0,-2.0699,,36.4756
2006-10-01,58.88,155.9,58.8932,57.8082,201.9,False,0,4.92,4.73,-0.3171,5.25,4.4,99.2044,136843,,98.3157,"DTWEXM*1.1937 before 2006-01, DTWEXBGS after (ratio-splice on 2006 overlap)",5.3292,93.0074,-3.785,1.0,1377.9399,1327.1,29.163,-5.5956,-5.5956,-6.9049,-8.5094,-1.2477,0.0,12.6472,0.0,16.0192,-0.19,True,-0.3171,2.8481,147.0,-3.2336,,24.8143
2006-11-01,59.37,154.3,59.0825,58.7614,202.0,False,0,4.94,4.6,-0.4781,5.25,4.5,99.1627,137060,,97.5133,"DTWEXM*1.1937 before 2006-01, DTWEXBGS after (ratio-splice on 2006 overlap)",5.1478,97.0653,9.7803,1.0,1400.63,1360.98,29.3911,1.8353,1.8353,-0.1308,0.3251,6.3712,0.0,12.6472,0.0,16.0192,-0.34,True,-0.4781,1.6622,125.0,-5.6398,,36.2719
2006-12-01,62.03,162.7,61.959,62.4721,203.1,False,0,4.85,4.56,-0.4085,5.24,4.4,100.1735,137249,,96.7951,"DTWEXM*1.1937 before 2006-01, DTWEXBGS after (ratio-splice on 2006 overlap)",5.2285,100.1118,4.6252,1.0,1418.3,1385.9301,30.5416,4.3749,4.3749,1.8054,0.0615,9.8783,0.0,12.6472,0.0,16.0192,-0.29,True,-0.4085,2.1707,108.0,-5.4988,,50.6241
2007-01-01,54.57,146.6,54.5062,53.6814,203.437,False,0,4.98,4.76,-0.3457,5.25,4.6,99.8346,137472,,97.8338,"DTWEXM*1.1937 before 2006-01, DTWEXBGS after (ratio-splice on 2006 overlap)",5.3414,102.9749,-14.2162,1.0,1438.24,1403.97,26.824,-16.6997,-16.6997,-18.3937,-14.7179,-14.7714,0.0,12.6472,0.0,16.0192,-0.22,True,-0.3457,1.6647,96.0,-2.1662,,67.853
2007-02-01,59.26,157.5,59.2789,57.5558,204.226,False,0,5.03,4.72,-0.4405,5.26,4.5,100.7753,137560,,97.4764,"DTWEXM*1.1937 before 2006-01, DTWEXBGS after (ratio-splice on 2006 overlap)",5.5509,101.3075,0.5207,1.0,1406.8199,1389.42,29.0169,-3.8455,-3.8455,-6.1177,-1.6854,-4.4083,0.0,12.6472,0.0,16.0192,-0.31,True,-0.4405,2.5794,77.0,-2.729,,58.3327
2007-03-01,60.56,156.3,60.4418,62.0505,205.288,False,0,4.94,4.56,-0.5155,5.26,4.4,100.9547,137784,,97.0118,"DTWEXM*1.1937 before 2006-01, DTWEXBGS after (ratio-splice on 2006 overlap)",5.4683,116.2122,0.4417,1.0,1420.86,1363.98,29.5,-3.7202,-3.7202,-6.341,-6.575,-0.0231,0.0,12.6472,0.0,16.0192,-0.38,True,-0.5155,2.5308,67.0,-3.4018,,67.0743
2007-04-01,63.97,167.8,63.977,67.4858,205.904,False,0,4.87,4.69,-0.3129,5.25,4.5,101.6334,137847,,95.6322,"DTWEXM*1.1937 before 2006-01, DTWEXBGS after (ratio-splice on 2006 overlap)",5.8246,127.6925,-8.2694,1.0,1482.37,1416.37,31.0679,-8.2078,-8.2078,-10.5277,-10.3153,-3.9485,0.0,6.5534,0.0,7.6624,-0.18,True,-0.3129,2.9076,46.0,-4.1219,,84.1832
2007-05-01,63.46,169.9,63.4545,67.2123,206.755,False,0,4.73,4.75,-0.1214,5.25,4.4,101.7306,137992,,94.7225,"DTWEXM*1.1937 before 2006-01, DTWEXBGS after (ratio-splice on 2006 overlap)",5.6485,138.116,-10.2733,1.0,1530.62,1476.7,30.6933,-10.5441,-10.5441,-12.9043,-11.4643,-3.6755,0.0,4.7756,0.0,5.1293,0.02,True,-0.1214,2.9798,31.0,-2.8604,,95.6782
2007-06-01,67.48,177.4,67.489,71.0457,207.234,False,0,4.61,5.1,0.361,5.25,4.6,101.7893,138070,,94.4449,"DTWEXM*1.1937 before 2006-01, DTWEXBGS after (ratio-splice on 2006 overlap)",5.7073,127.6898,-2.1929,1.0,1503.35,1484.1801,32.5622,-4.9042,-4.9042,-7.3977,-5.235,3.6318,0.0,4.7474,0.0,5.1293,0.49,True,0.361,2.714,26.0,-4.3041,,74.6278
2007-07-01,74.18,200.4,74.1176,76.93,207.603,False,0,4.82,5.0,0.0433,5.26,4.7,101.6672,138044,1220.7868,93.2059,"DTWEXM*1.1937 before 2006-01, DTWEXBGS after (ratio-splice on 2006 overlap)",5.7306,140.6562,6.6849,1.0,1455.27,1454.25,35.7317,-0.3091,-0.3091,-2.5675,-0.7921,4.4191,0.0,0.0,0.0,0.0,0.18,True,0.0433,2.6434,2.0,-5.3158,,76.4489
2007-08-01,72.39,197.9,72.3561,70.7609,207.667,False,0,4.2,4.67,0.3578,5.02,4.6,101.863,138013,1198.8742,93.7603,"DTWEXM*1.1937 before 2006-01, DTWEXBGS after (ratio-splice on 2006 overlap)",5.6904,149.8466,5.3846,1.0,1473.99,1370.6,34.8587,-0.9035,-0.9035,-2.7488,-0.4026,-3.3723,0.0,0.0,0.0,0.0,0.47,True,0.3578,2.3918,-23.0,-4.046,,66.9504
2007-09-01,79.93,214.5,79.9147,77.1732,208.547,False,0,3.89,4.52,0.5274,4.94,4.7,102.0894,138099,1177.7958,92.4366,"DTWEXM*1.1937 before 2006-01, DTWEXBGS after (ratio-splice on 2006 overlap)",5.7755,167.123,29.6696,1.0,1526.75,1439.29,38.3271,25.1448,25.1448,21.6962,24.5645,24.5561,7.1561,7.1561,6.0042,6.0042,0.63,True,0.5274,2.7901,-31.0,-5.659,,74.452
2007-10-01,86.2,223.3,85.7987,82.34,209.19,False,0,3.9,4.53,0.525,4.76,4.7,101.8015,138175,1194.565,90.4002,"DTWEXM*1.1937 before 2006-01, DTWEXBGS after (ratio-splice on 2006 overlap)",5.6088,186.5267,61.2053,1.0,1549.38,1489.5601,41.2066,46.3995,46.3995,41.2976,43.2328,42.4366,7.5519,14.708,4.0206,10.0248,0.63,True,0.525,2.6179,-49.0,-8.0511,,93.5193
2007-11-01,94.62,252.6,94.7724,92.4143,210.834,False,0,3.27,4.15,0.794,4.49,4.7,102.3446,138290,1197.2658,89.053,"DTWEXM*1.1937 before 2006-01, DTWEXBGS after (ratio-splice on 2006 overlap)",6.0135,187.0339,40.7019,1.0,1481.14,1406.1,44.8789,59.3734,59.3734,52.6956,63.7071,57.2705,9.3199,24.0279,12.3291,22.354,0.88,True,0.794,3.2088,-76.0,-8.676,,89.9685
2007-12-01,91.73,246.8,91.687,90.9268,211.445,False,0,3.0,4.1,1.031,4.24,5.0,102.3803,138395,1190.0582,90.005,"DTWEXM*1.1937 before 2006-01, DTWEXBGS after (ratio-splice on 2006 overlap)",6.0334,180.1504,57.6828,1.0,1468.36,1435.65,43.3824,47.8801,47.8801,42.0437,51.6902,45.5479,0.0,24.0279,0.0,22.354,1.1,True,1.031,2.203,-100.0,-7.0149,,80.0386
2008-01-01,92.95,253.5,92.9705,92.1781,212.174,False,1,2.75,3.74,0.9243,3.94,5.0,102.2448,138391,1207.8534,89.3971,"DTWEXM*1.1937 before 2006-01, DTWEXBGS after (ratio-splice on 2006 overlap)",5.9912,148.1734,57.5898,1.0,1378.55,1270.05,43.8084,70.3317,70.3317,63.3177,72.9195,71.7132,0.0,24.0279,0.3557,22.7096,0.99,False,0.9243,2.4142,-131.0,-8.6235,,45.1985
2008-02-01,95.35,257.0,95.386,94.9865,212.687,False,1,2.12,3.74,1.5635,2.98,4.9,101.8438,138329,1233.2517,88.6434,"DTWEXM*1.1937 before 2006-01, DTWEXBGS after (ratio-splice on 2006 overlap)",6.0701,143.8804,64.2408,1.0,1330.63,1316.75,44.8311,60.9011,60.9011,54.5002,63.1746,65.0338,0.7685,24.7964,1.3712,24.0808,1.62,False,1.5635,1.0603,-228.0,-9.0617,,42.5729
2008-03-01,105.56,297.7,105.454,103.6355,213.448,False,1,1.26,3.51,2.2265,2.61,5.1,101.5336,138259,1244.4168,86.8399,"DTWEXM*1.1937 before 2006-01, DTWEXBGS after (ratio-splice on 2006 overlap)",6.2659,159.6416,53.6157,0.0,1322.7,1256.98,49.4547,74.3065,74.3065,67.6428,90.4671,67.0181,10.1725,34.9689,14.701,38.7819,2.25,False,2.2265,0.5734,-265.0,-10.4852,,43.4293
2008-04-01,112.57,314.4,112.5805,109.0714,213.942,False,1,1.29,3.68,2.3632,2.28,5.0,100.8785,138040,1289.0226,86.5475,"DTWEXM*1.1937 before 2006-01, DTWEXBGS after (ratio-splice on 2006 overlap)",6.1468,162.315,76.4706,0.0,1385.59,1324.35,52.6171,75.9731,75.9731,69.3616,87.3659,61.6212,6.4296,41.3985,5.458,44.2398,2.39,False,2.3632,-0.7428,-297.0,-9.4996,,34.6225
2008-05-01,125.39,349.5,125.3976,122.7971,215.208,False,1,1.73,3.88,2.1157,1.98,5.4,100.2674,137851,1308.5558,86.8245,"DTWEXM*1.1937 before 2006-01, DTWEXBGS after (ratio-splice on 2006 overlap)",6.2947,188.7818,98.9222,0.0,1400.38,1373.0699,58.2646,97.589,97.589,89.8281,105.7092,82.7005,10.7854,52.1839,10.5838,54.8236,2.15,False,2.1157,-1.4383,-327.0,-8.3381,,50.6658
2008-06-01,133.93,367.5,133.88,132.3224,217.463,False,1,1.86,4.1,2.209,2.0,5.6,100.0335,137700,1317.342,87.0728,"DTWEXM*1.1937 before 2006-01, DTWEXBGS after (ratio-splice on 2006 overlap)",6.7055,182.2216,98.6093,0.0,1280.0,1272.0,61.5875,98.4736,98.4736,89.1378,107.159,86.2496,6.5888,58.7727,5.022,59.8456,2.24,False,2.209,-1.7249,-325.0,-7.8057,,54.5318
2008-07-01,133.44,384.3,133.3709,132.7182,219.016,False,1,1.63,4.01,2.3527,2.01,5.8,99.676,137497,1337.1622,86.4538,"DTWEXM*1.1937 before 2006-01, DTWEXBGS after (ratio-splice on 2006 overlap)",6.7942,168.0042,62.3349,0.0,1267.38,1200.4399,60.9271,79.8868,79.8868,70.5128,91.7665,72.5181,0.0,58.7727,4.47,64.3156,2.38,False,2.3527,-1.9585,-325.0,-7.2443,9.5328,27.348
2008-08-01,116.61,321.6,116.6662,113.2433,218.69,False,1,1.72,3.89,2.1329,2.0,6.1,98.1111,137211,1385.677,88.945,"DTWEXM*1.1937 before 2006-01, DTWEXBGS after (ratio-splice on 2006 overlap)",6.5175,149.4973,57.4894,0.0,1282.83,1247.45,53.3221,61.0858,61.0858,52.9663,62.5063,60.0367,0.0,58.7727,0.0,64.3156,2.17,False,2.1329,-3.6833,-302.0,-5.1358,15.5815,-0.3493
2008-09-01,103.9,291.5,104.1143,97.2348,218.877,False,1,1.13,3.69,2.5395,1.81,6.1,93.7895,136760,1403.2245,91.2651,"DTWEXM*1.1937 before 2006-01, DTWEXBGS after (ratio-splice on 2006 overlap)",6.4667,109.8302,25.3891,0.0,1166.36,1106.42,47.4696,29.9887,29.9887,23.8539,35.8974,25.9956,0.0,51.6166,0.0,58.3114,2.56,False,2.5395,-8.13,-313.0,-1.2673,19.1399,-57.2927
2008-10-01,76.65,215.6,76.6087,71.5822,216.995,False,1,0.67,3.81,3.1282,0.97,6.5,94.7219,136291,1478.7302,98.04,"DTWEXM*1.1937 before 2006-01, DTWEXBGS after (ratio-splice on 2006 overlap)",6.2118,9.6378,-27.1891,0.0,968.75,839.8,35.3234,-11.0789,-11.0789,-14.2773,-3.4483,-13.0651,0.0,44.0647,0.0,54.2907,3.14,False,3.1282,-6.9543,-379.0,8.4511,23.7882,-176.889
2008-11-01,57.44,150.9,57.3095,52.4526,213.153,False,1,0.19,3.53,3.3328,0.39,6.8,93.4715,135541,1538.2205,100.7667,"DTWEXM*1.1937 before 2006-01, DTWEXBGS after (ratio-splice on 2006 overlap)",5.1997,-67.6007,-39.3163,0.0,896.24,741.02,26.9478,-39.294,-39.294,-39.9545,-40.2613,-43.2419,0.0,34.7448,0.0,41.9616,3.34,False,3.3328,-8.6698,-410.0,13.1536,28.4778,-254.6345
2008-12-01,41.02,104.5,41.1218,39.9468,211.398,False,1,0.03,2.42,2.3823,0.16,7.3,90.8357,134847,1596.2588,99.6622,"DTWEXM*1.1937 before 2006-01, DTWEXBGS after (ratio-splice on 2006 overlap)",4.6513,-76.3483,-55.2389,0.0,903.25,815.69,19.4042,-55.2818,-55.2818,-55.2719,-57.658,-56.0671,0.0,34.7448,0.0,41.9616,2.39,False,2.3823,-11.2762,-408.0,10.7297,34.1328,-256.4987
2009-01-01,41.74,94.9,41.71,43.4395,211.933,False,1,0.13,2.52,2.388,0.15,7.8,88.57,134079,1647.8432,100.3521,"DTWEXM*1.1937 before 2006-01, DTWEXBGS after (ratio-splice on 2006 overlap)",4.7282,-56.7128,-54.478,0.0,825.88,804.3,19.6949,-55.0941,-55.0941,-55.0431,-62.5641,-52.8744,0.0,34.7448,0.0,41.606,2.39,False,2.388,-13.3746,-379.0,12.2543,36.4274,-204.8862
2009-02-01,39.16,95.9,39.0874,43.3247,212.705,False,1,0.3,2.87,2.5747,0.22,8.3,88.031,133318,1684.4132,102.9737,"DTWEXM*1.1937 before 2006-01, DTWEXBGS after (ratio-splice on 2006 overlap)",4.788,12.7336,-56.9688,0.0,735.09,734.52,18.4105,-58.9303,-58.9303,-58.9337,-62.6848,-54.3885,0.0,33.9763,0.0,40.2347,2.57,False,2.5747,-13.5627,-276.0,16.1662,36.5831,-131.1467
2009-03-01,47.98,122.6,47.9391,46.5405,212.495,False,1,0.21,2.82,2.6036,0.18,8.7,86.6528,132494,1715.88,103.4397,"DTWEXM*1.1937 before 2006-01, DTWEXBGS after (ratio-splice on 2006 overlap)",4.8121,20.5255,-50.8125,0.0,797.87,666.79,22.5794,-54.5472,-54.5472,-54.3433,-58.8176,-55.0922,0.0,23.8038,0.0,25.5337,2.61,False,2.6036,-14.656,-243.0,19.1155,37.8863,-139.116
2009-04-01,49.79,132.5,49.6467,50.1819,212.709,False,1,0.16,2.93,2.769,0.15,9.0,85.9344,131822,1763.3258,100.7162,"DTWEXM*1.1937 before 2006-01, DTWEXBGS after (ratio-splice on 2006 overlap)",4.703,4.0184,-55.7168,0.0,872.81,783.32,23.4076,-55.7697,-55.7697,-55.5134,-57.8562,-53.9917,0.0,17.3742,0.0,20.0757,2.77,False,2.769,-14.814,-213.0,16.3709,36.7956,-158.2966
2009-05-01,59.16,157.5,59.0285,57.3025,213.022,False,1,0.18,3.29,3.116,0.18,9.4,85.0665,131466,1820.3952,97.5519,"DTWEXM*1.1937 before 2006-01, DTWEXBGS after (ratio-splice on 2006 overlap)",4.7173,46.6307,-47.6638,0.0,919.14,866.1,27.7718,-52.8192,-52.8192,-52.335,-54.9356,-53.3356,0.0,6.5888,0.0,9.492,3.11,False,3.116,-15.1604,-180.0,12.3553,39.1148,-142.1511
2009-06-01,69.68,189.2,69.6409,68.6095,214.79,False,1,0.18,3.72,3.5432,0.21,9.5,84.7459,131008,1872.2135,96.0426,"DTWEXM*1.1937 before 2006-01, DTWEXBGS after (ratio-splice on 2006 overlap)",5.1632,86.8557,-50.1143,0.0,919.32,888.86,32.441,-47.9728,-47.9728,-47.3254,-48.517,-48.1497,0.0,0.0,0.0,4.47,3.54,False,3.5432,-15.2825,-179.0,10.3015,42.1205,-95.3659
2009-07-01,64.09,160.6,64.1523,64.4355,214.726,False,0,0.18,3.56,3.3786,0.16,9.5,85.7027,130662,1924.6372,95.6606,"DTWEXM*1.1937 before 2006-01, DTWEXBGS after (ratio-splice on 2006 overlap)",5.0454,74.1999,-44.2216,0.0,987.48,869.32,29.8473,-51.9709,-51.9709,-51.0114,-58.2097,-51.4494,0.0,0.0,0.0,0.0,3.38,False,3.3786,-14.0187,-185.0,10.6494,43.9345,-93.8043
2009-08-01,71.06,188.6,71.0448,72.5086,215.445,False,0,0.17,3.59,3.4152,0.16,9.6,86.6426,130472,1968.3608,94.373,"DTWEXM*1.1937 before 2006-01, DTWEXBGS after (ratio-splice on 2006 overlap)",5.2548,51.5445,-39.4461,0.0,1020.62,978.51,32.9829,-39.0618,-39.0618,-38.144,-41.3557,-35.971,0.0,0.0,0.0,0.0,3.42,False,3.4152,-11.6893,-184.0,6.1027,42.0505,-97.9528
2009-09-01,69.46,188.3,69.4081,67.6462,215.861,False,0,0.12,3.4,3.2786,0.15,9.8,87.4063,130246,2007.064,93.6638,"DTWEXM*1.1937 before 2006-01, DTWEXBGS after (ratio-splice on 2006 overlap)",5.2872,38.232,-30.0298,0.0,1057.08,991.97,32.1781,-33.1473,-33.1473,-32.2132,-35.4031,-30.43,0.0,0.0,0.0,0.0,3.28,False,3.2786,-6.8059,-166.0,2.6283,43.0323,-71.5982
2009-10-01,75.82,201.3,75.7155,72.7695,216.509,False,0,0.07,3.39,3.3133,0.12,10.0,87.6419,130061,2055.3865,92.2598,"DTWEXM*1.1937 before 2006-01, DTWEXBGS after (ratio-splice on 2006 overlap)",5.4367,53.6271,17.0999,0.0,1036.1899,1019.95,35.0193,-1.0828,-1.0828,-0.8608,-6.6327,1.6588,0.0,0.0,0.0,0.0,3.32,False,3.3133,-7.4745,-85.0,-5.8958,38.9967,43.9893
2009-11-01,78.08,213.8,77.99,76.662,217.234,False,0,0.05,3.4,3.3505,0.12,9.9,88.0221,130057,2102.0052,91.7996,"DTWEXM*1.1937 before 2006-01, DTWEXBGS after (ratio-splice on 2006 overlap)",5.3476,89.5861,39.8116,0.0,1095.63,1029.38,35.9428,35.9331,35.9331,33.3795,41.6832,46.1547,0.0,0.0,0.0,0.0,3.35,False,3.3505,-5.83,-27.0,-8.8988,36.6518,157.1868
2009-12-01,74.3,195.4,74.47,74.4564,217.347,False,0,0.05,3.59,3.5355,0.12,9.9,88.3793,129808,2124.0936,92.2586,"DTWEXM*1.1937 before 2006-01, DTWEXBGS after (ratio-splice on 2006 overlap)",5.6145,79.8676,78.0045,0.0,1115.1,1085.89,34.185,81.1312,81.1312,76.1734,86.9856,86.3887,0.0,0.0,0.0,0.0,3.54,False,3.5355,-2.7042,-4.0,-7.4287,33.067,156.2159
2010-01-01,78.22,217.6,78.3258,76.1674,217.488,False,0,0.06,3.73,3.6716,0.11,9.8,89.3426,129802,2123.9992,92.4403,"DTWEXM*1.1937 before 2006-01, DTWEXBGS after (ratio-splice on 2006 overlap)",5.5956,67.9646,75.2044,0.0,1073.87,1071.59,35.9652,87.3982,87.3982,82.6117,129.294,75.3413,0.0,0.0,0.0,0.0,3.67,False,3.6716,0.8723,-4.0,-7.884,28.8957,124.6774
2010-02-01,76.42,204.8,76.3874,73.7521,217.281,False,0,0.11,3.69,3.5821,0.13,9.8,89.6779,129706,2139.9342,93.8867,"DTWEXM*1.1937 before 2006-01, DTWEXBGS after (ratio-splice on 2006 overlap)",5.46,51.4212,84.6225,0.0,1104.49,1044.5,35.171,95.1481,95.1481,91.0382,113.5558,70.2309,0.0,0.0,0.0,0.0,3.58,False,3.5821,1.8708,-9.0,-8.8246,27.0433,38.6876
2010-03-01,81.24,223.3,81.2035,78.8274,217.353,False,0,0.15,3.73,3.577,0.16,9.9,90.2928,129866,2175.5798,93.1499,"DTWEXM*1.1937 before 2006-01, DTWEXBGS after (ratio-splice on 2006 overlap)",5.2609,69.5791,68.1104,0.0,1169.4301,1105.36,37.377,69.3206,69.3206,65.5361,82.137,69.3739,0.0,0.0,0.0,0.0,3.58,False,3.577,4.2007,-2.0,-9.9477,26.7909,49.0535
2010-04-01,84.48,233.1,84.2929,84.8176,217.403,False,0,0.16,3.85,3.6845,0.2,9.9,90.5991,130120,2212.5925,92.6391,"DTWEXM*1.1937 before 2006-01, DTWEXBGS after (ratio-splice on 2006 overlap)",5.2395,64.4712,70.9434,0.0,1186.6899,1170.6899,38.8587,69.6726,69.6726,66.0092,75.9245,69.0203,0.0,0.0,0.0,0.0,3.69,False,3.6845,5.4282,5.0,-8.0197,25.4784,60.4528
2010-05-01,73.84,205.1,73.7435,75.9455,217.29,False,0,0.16,3.42,3.26,0.2,9.6,91.823,130642,2219.6748,95.5306,"DTWEXM*1.1937 before 2006-01, DTWEXBGS after (ratio-splice on 2006 overlap)",5.3228,87.8984,11.597,0.0,1089.41,1040.78,33.9822,24.8141,24.8141,22.3625,30.2222,32.5344,0.0,0.0,0.0,0.0,3.26,False,3.26,7.9426,2.0,-2.072,21.9337,41.2677
2010-06-01,75.35,206.5,75.3359,74.7609,217.199,False,0,0.12,3.2,3.0805,0.18,9.4,91.9928,130510,2213.9612,96.0606,"DTWEXM*1.1937 before 2006-01, DTWEXBGS after (ratio-splice on 2006 overlap)",5.2936,66.3619,8.2641,0.0,1030.71,1028.33,34.6917,8.1372,8.1372,6.9378,9.1438,8.9658,0.0,0.0,0.0,0.0,3.08,False,3.0805,8.5513,-3.0,0.0188,18.2537,-20.4938
2010-07-01,76.37,208.1,76.3195,75.58,217.605,False,0,0.16,3.01,2.8538,0.18,9.4,92.3421,130415,2241.0252,94.4547,"DTWEXM*1.1937 before 2006-01, DTWEXBGS after (ratio-splice on 2006 overlap)",5.3632,18.2975,17.8625,0.0,1101.6,1010.91,35.0957,19.1606,19.1606,17.584,29.5766,17.2957,0.0,0.0,0.0,0.0,2.85,False,2.8538,7.747,2.0,-1.2606,16.4388,-55.9024
2010-08-01,76.82,211.8,76.5991,77.0395,217.923,False,0,0.16,2.7,2.5436,0.19,9.5,92.6805,130415,2297.9905,93.6822,"DTWEXM*1.1937 before 2006-01, DTWEXBGS after (ratio-splice on 2006 overlap)",5.3788,42.4769,2.8012,0.0,1049.33,1039.7,35.251,8.1058,8.1058,6.8766,12.3012,6.2489,0.0,0.0,0.0,0.0,2.54,False,2.5436,6.9687,3.0,-0.732,16.7464,-9.0676
2010-09-01,75.31,207.1,75.2419,77.8405,218.275,False,0,0.15,2.65,2.4957,0.19,9.5,92.9537,130341,2387.8858,92.7626,"DTWEXM*1.1937 before 2006-01, DTWEXBGS after (ratio-splice on 2006 overlap)",5.3645,53.6349,13.4686,0.0,1141.2,1049.72,34.5023,8.4221,8.4221,7.223,9.9841,15.07,0.0,0.0,0.0,0.0,2.5,False,2.4957,6.3467,4.0,-0.9622,18.9741,15.4029
2010-10-01,81.9,224.0,81.8929,82.6648,219.035,False,0,0.13,2.54,2.4055,0.19,9.4,92.6903,130620,2483.49,90.2291,"DTWEXM*1.1937 before 2006-01, DTWEXBGS after (ratio-splice on 2006 overlap)",5.4706,52.4909,2.0165,0.0,1183.26,1131.87,37.3913,8.019,8.019,6.7733,11.2767,13.598,0.0,0.0,0.0,0.0,2.41,False,2.4055,5.7603,7.0,-2.201,20.8284,-1.1362
2010-11-01,84.14,237.1,84.2529,85.2748,219.59,False,0,0.14,2.76,2.62,0.19,9.8,92.7709,130749,2553.289,90.5095,"DTWEXM*1.1937 before 2006-01, DTWEXBGS after (ratio-splice on 2006 overlap)",5.5781,37.5365,8.9778,0.0,1180.55,1173.0,38.3169,7.7613,7.7613,6.6051,10.898,11.2347,0.0,0.0,0.0,0.0,2.62,False,2.62,5.395,7.0,-1.4053,21.4692,-52.0496
2010-12-01,89.04,243.9,89.1459,91.4468,220.472,False,0,0.14,3.29,3.15,0.18,9.3,93.6787,130830,2567.0622,91.1835,"DTWEXM*1.1937 before 2006-01, DTWEXBGS after (ratio-splice on 2006 overlap)",5.9364,23.953,15.1027,0.0,1257.64,1186.6,40.3861,19.8385,19.8385,18.1399,24.8209,22.8193,0.0,0.0,0.0,0.0,3.15,False,3.15,5.9962,6.0,-1.1654,20.8545,-55.9146
2011-01-01,89.42,251.9,89.1705,96.5235,221.187,False,0,0.15,3.39,3.242,0.17,9.1,93.4814,130837,2561.0135,90.1112,"DTWEXM*1.1937 before 2006-01, DTWEXBGS after (ratio-splice on 2006 overlap)",5.7759,-13.3406,22.282,0.0,1286.12,1257.62,40.4273,14.3186,14.3186,12.4068,15.7629,26.7255,0.0,0.0,0.0,0.0,3.24,False,3.242,4.6325,6.0,-2.5196,20.5751,-81.3052
2011-02-01,89.58,241.5,88.5784,103.7163,221.898,False,0,0.13,3.58,3.4442,0.16,9.0,93.1102,131057,2569.8315,89.3967,"DTWEXM*1.1937 before 2006-01, DTWEXBGS after (ratio-splice on 2006 overlap)",5.661,-30.5796,23.3642,0.0,1327.22,1289.14,40.3699,17.2206,17.2206,14.7816,17.9199,40.6283,0.0,0.0,0.0,0.0,3.45,False,3.4442,3.8274,3.0,-4.7824,20.0893,-82.0008
2011-03-01,102.94,283.7,102.8565,114.6435,223.046,False,0,0.1,3.41,3.3139,0.14,9.0,94.0788,131283,2585.5856,88.4872,"DTWEXM*1.1937 before 2006-01, DTWEXBGS after (ratio-splice on 2006 overlap)",5.9211,-7.4886,25.624,0.0,1325.83,1249.05,46.1519,26.711,26.711,23.4768,27.0488,45.4361,0.0,0.0,0.0,0.0,3.31,False,3.3139,4.193,-2.0,-5.0055,18.8458,-77.0677
2011-04-01,110.04,311.0,109.5325,123.2589,224.093,False,0,0.06,3.46,3.3965,0.1,9.1,93.7749,131597,2611.5758,86.9214,"DTWEXM*1.1937 before 2006-01, DTWEXBGS after (ratio-splice on 2006 overlap)",5.9866,-18.3807,31.7416,0.0,1363.61,1294.7,49.1046,30.2557,30.2557,26.3671,33.4191,45.3223,0.0,0.0,0.0,0.0,3.4,False,3.3965,3.5053,-10.0,-6.172,18.0324,-82.8519
2011-05-01,101.33,290.1,100.9005,114.989,224.806,False,0,0.04,3.17,3.1276,0.09,9.0,93.888,131703,2646.6573,86.9464,"DTWEXM*1.1937 before 2006-01, DTWEXBGS after (ratio-splice on 2006 overlap)",6.0531,-17.8365,41.2655,0.0,1345.2,1311.8,45.0744,37.2291,37.2291,32.6411,41.4432,51.41,0.0,0.0,0.0,0.0,3.13,False,3.1276,2.2489,-11.0,-8.9858,19.2363,-105.7348
2011-06-01,96.29,277.7,96.2641,113.8332,224.806,False,0,0.04,3.0,2.965,0.09,9.1,94.172,131931,2652.1602,86.9413,"DTWEXM*1.1937 before 2006-01, DTWEXBGS after (ratio-splice on 2006 overlap)",5.9655,-11.8671,30.6374,0.0,1320.64,1258.0699,42.8325,27.7903,27.7903,23.4661,34.4794,52.263,0.0,0.0,0.0,0.0,2.96,False,2.965,2.3689,-9.0,-9.4934,19.7925,-78.229
2011-07-01,97.19,284.2,97.3035,116.9735,225.395,False,0,0.04,3.0,2.9655,0.07,9.0,94.636,131992,2659.1208,86.3178,"DTWEXM*1.1937 before 2006-01, DTWEXBGS after (ratio-splice on 2006 overlap)",6.0709,-16.8039,21.3443,0.0,1292.28,1282.86,43.1199,27.262,27.262,22.8636,36.569,54.7678,0.0,0.0,0.0,0.0,2.96,False,2.9655,2.4841,-11.0,-8.6146,18.6564,-35.1014
2011-08-01,86.33,245.2,86.333,110.2195,226.106,False,0,0.02,2.3,2.2787,0.1,9.0,95.2749,132125,2661.6152,86.8982,"DTWEXM*1.1937 before 2006-01, DTWEXBGS after (ratio-splice on 2006 overlap)",5.9673,-15.3973,20.0622,0.0,1218.89,1101.54,38.1812,12.3796,12.3796,8.3125,15.7696,43.0688,0.0,0.0,0.0,0.0,2.28,False,2.2787,2.7993,-9.0,-7.2415,15.8236,-57.8742
2011-09-01,85.61,268.9,85.5152,112.8338,226.597,False,0,0.01,1.98,1.9614,0.08,9.0,95.1961,132344,2639.107,89.7253,"DTWEXM*1.1937 before 2006-01, DTWEXBGS after (ratio-splice on 2006 overlap)",5.9797,12.8383,-3.2365,0.0,1131.42,1114.22,37.7807,13.6768,13.6768,9.5019,29.8407,44.9552,0.0,0.0,0.0,0.0,1.97,False,1.9614,2.4124,-11.0,-3.2743,10.5207,-40.7966
2011-10-01,86.41,265.2,86.3224,109.55,226.75,False,0,0.02,2.15,2.133,0.07,8.8,95.8568,132553,2614.2068,90.6098,"DTWEXM*1.1937 before 2006-01, DTWEXBGS after (ratio-splice on 2006 overlap)",5.954,24.811,12.3583,0.0,1253.3,1074.77,38.108,5.5067,5.5067,1.9169,18.3929,32.5232,0.0,0.0,0.0,0.0,2.13,False,2.133,3.4162,-12.0,0.422,5.2634,-27.6799
2011-11-01,97.21,302.6,97.1605,110.7681,227.169,False,0,0.01,2.01,1.9995,0.08,8.6,95.8485,132690,2647.1858,91.2649,"DTWEXM*1.1937 before 2006-01, DTWEXBGS after (ratio-splice on 2006 overlap)",5.8722,12.638,15.6888,0.0,1246.96,1158.66,42.7919,15.5336,15.5336,11.6791,27.6255,29.8955,0.0,0.0,0.0,0.0,2.0,False,1.9995,3.3174,-11.0,0.8345,3.6775,-24.8984
2011-12-01,98.57,283.5,98.5629,107.8705,227.223,False,0,0.01,1.98,1.9667,0.07,8.5,96.3571,132888,2632.2952,92.2056,"DTWEXM*1.1937 before 2006-01, DTWEXBGS after (ratio-splice on 2006 overlap)",5.7498,14.5875,8.1528,0.0,1257.6,1202.37,43.3803,10.7031,10.7031,7.414,16.2362,17.9598,0.0,0.0,0.0,0.0,1.97,False,1.9667,2.8591,-11.0,1.1209,2.5412,-9.3655
2012-01-01,100.24,291.7,100.2735,110.686,227.842,False,0,0.03,1.97,1.932,0.08,8.3,96.9318,133246,2595.2792,91.6463,"DTWEXM*1.1937 before 2006-01, DTWEXBGS after (ratio-splice on 2006 overlap)",5.5925,-44.1883,8.2097,0.0,1312.41,1258.86,43.9954,12.1002,12.1002,8.8259,15.7999,14.6726,0.0,0.0,0.0,0.0,1.94,False,1.932,3.691,-9.0,1.7035,1.338,-30.8478
2012-02-01,102.25,295.3,102.204,119.327,228.329,False,0,0.09,1.97,1.8755,0.1,8.3,97.2435,133509,2634.4372,89.9605,"DTWEXM*1.1937 before 2006-01, DTWEXBGS after (ratio-splice on 2006 overlap)",5.7822,-83.394,7.4777,0.0,1365.6801,1312.45,44.7819,14.1438,14.1438,10.9289,22.2774,15.0513,0.0,0.0,0.0,0.0,1.88,False,1.8755,4.4391,-6.0,0.6307,2.514,-52.8145
2012-03-01,106.19,305.4,106.1577,125.4455,228.807,False,0,0.08,2.17,2.0886,0.13,8.2,96.74,133748,2655.1698,90.5112,"DTWEXM*1.1937 before 2006-01, DTWEXBGS after (ratio-splice on 2006 overlap)",5.6204,-63.3487,-2.9758,0.0,1408.47,1340.03,46.4103,3.1572,3.1572,0.5598,7.6489,9.4222,0.0,0.0,0.0,0.0,2.09,False,2.0886,2.8287,-1.0,2.2873,2.6912,-55.8601
2012-04-01,103.33,297.8,103.321,119.4217,229.187,False,0,0.08,2.05,1.969,0.14,8.2,97.4359,133825,2684.8952,90.8156,"DTWEXM*1.1937 before 2006-01, DTWEXBGS after (ratio-splice on 2006 overlap)",5.8193,-46.1144,-7.4963,0.0,1397.91,1357.38,45.0855,-6.0978,-6.0978,-8.1849,-4.2444,-3.1131,0.0,0.0,0.0,0.0,1.97,False,1.969,3.904,4.0,4.4802,2.8075,-27.7337
2012-05-01,94.7,273.0,94.6545,110.3395,228.713,False,0,0.09,1.8,1.7136,0.16,8.2,97.6609,133932,2704.6666,92.4928,"DTWEXM*1.1937 before 2006-01, DTWEXBGS after (ratio-splice on 2006 overlap)",5.7346,-38.1282,-13.7388,0.0,1310.33,1291.98,41.4056,-6.543,-6.543,-8.1395,-5.8945,-4.0434,0.0,0.0,0.0,0.0,1.71,False,1.7136,4.0185,7.0,6.3791,2.1918,-20.2917
2012-06-01,82.41,241.4,82.3033,95.1557,228.524,False,0,0.09,1.62,1.531,0.16,8.2,97.6663,134013,2727.7698,93.8809,"DTWEXM*1.1937 before 2006-01, DTWEXBGS after (ratio-splice on 2006 overlap)",5.5497,-53.9901,-10.766,0.0,1362.16,1266.74,36.0619,-14.4148,-14.4148,-15.8072,-13.0717,-16.4078,0.0,0.0,0.0,0.0,1.53,False,1.531,3.7106,7.0,7.982,2.8509,-42.123
2012-07-01,87.93,247.6,87.8952,102.6186,228.59,False,0,0.1,1.53,1.4295,0.16,8.2,97.8713,134157,2743.434,93.4062,"DTWEXM*1.1937 before 2006-01, DTWEXBGS after (ratio-splice on 2006 overlap)",5.5724,-41.9004,-7.2647,0.0,1379.3199,1325.41,38.4662,-9.5277,-9.5277,-10.7923,-12.8783,-12.2719,0.0,0.0,0.0,0.0,1.43,False,1.4295,3.4187,9.0,8.2119,3.1707,-25.0965
2012-08-01,94.16,271.3,94.1313,113.3561,229.918,False,0,0.1,1.68,1.5757,0.13,8.1,97.4525,134339,2775.5784,92.5283,"DTWEXM*1.1937 before 2006-01, DTWEXBGS after (ratio-splice on 2006 overlap)",5.8068,-75.1432,8.4786,0.0,1406.58,1354.65,40.9537,9.0698,9.0698,7.2615,10.6444,2.8457,0.0,0.0,0.0,0.0,1.58,False,1.5757,2.2856,3.0,6.4789,4.2817,-59.746
2012-09-01,94.72,282.3,94.5137,112.8637,231.015,False,0,0.11,1.72,1.6179,0.14,7.8,97.381,134517,2804.1412,90.9802,"DTWEXM*1.1937 before 2006-01, DTWEXBGS after (ratio-splice on 2006 overlap)",5.8179,-82.7841,12.5931,0.0,1440.67,1396.5601,41.0017,10.6413,10.6413,8.5253,4.9833,0.0265,0.0,0.0,0.0,0.0,1.61,False,1.6179,2.2952,6.0,1.3986,6.2534,-95.6225
2012-10-01,89.57,268.4,89.4913,111.7109,231.638,False,0,0.1,1.75,1.6414,0.16,7.8,97.7193,134669,2819.9114,90.7566,"DTWEXM*1.1937 before 2006-01, DTWEXBGS after (ratio-splice on 2006 overlap)",5.9394,-53.097,-6.4649,0.0,1412.16,1403.28,38.6681,3.657,3.657,1.4696,1.2066,1.9725,0.0,0.0,0.0,0.0,1.65,False,1.6414,1.943,9.0,0.162,7.8687,-77.908
2012-11-01,86.66,256.6,86.5314,109.0586,231.249,False,0,0.09,1.65,1.5605,0.16,7.7,98.0777,134825,2838.7082,91.4751,"DTWEXM*1.1937 before 2006-01, DTWEXBGS after (ratio-splice on 2006 overlap)",5.7012,-45.4574,-11.6367,0.0,1416.1801,1343.35,37.4748,-10.8528,-10.8528,-12.4256,-15.2016,-1.5433,0.0,0.0,0.0,0.0,1.56,False,1.5605,2.3258,8.0,0.2303,7.2349,-58.0955
2012-12-01,88.25,252.4,87.8595,109.494,231.221,False,0,0.07,1.72,1.649,0.16,7.9,98.3101,135074,2872.8342,90.8804,"DTWEXM*1.1937 before 2006-01, DTWEXBGS after (ratio-splice on 2006 overlap)",5.4466,-63.2997,-7.0829,0.0,1426.1899,1398.11,38.1669,-10.4697,-10.4697,-12.0178,-10.97,1.505,0.0,0.0,0.0,0.0,1.65,False,1.649,2.0268,9.0,-1.4372,9.138,-77.8872
2013-01-01,94.69,270.0,94.7567,112.96,231.679,False,0,0.07,1.91,1.8405,0.14,8.0,98.3342,135257,2906.27,90.8255,"DTWEXM*1.1937 before 2006-01, DTWEXBGS after (ratio-splice on 2006 overlap)",5.661,-73.808,0.0205,0.0,1498.11,1426.1899,40.8712,-5.5367,-5.5367,-7.1012,-7.4391,2.0545,0.0,0.0,0.0,0.0,1.84,False,1.8405,1.4468,6.0,-0.8956,11.9829,-29.6196
2013-02-01,95.32,275.0,95.3089,116.0505,232.937,False,0,0.1,1.98,1.8853,0.15,7.7,98.7941,135546,2954.143,91.5509,"DTWEXM*1.1937 before 2006-01, DTWEXBGS after (ratio-splice on 2006 overlap)",5.9014,-77.5692,-14.0549,0.0,1514.6801,1485.01,40.9209,-6.7775,-6.7775,-8.6216,-6.8744,-2.7458,0.0,0.0,0.0,0.0,1.88,False,1.8853,1.5946,5.0,1.7679,12.1356,5.8249
2013-03-01,93.05,271.6,92.9385,108.474,232.282,False,0,0.09,1.96,1.8705,0.14,7.5,99.1921,135689,2953.3388,92.4132,"DTWEXM*1.1937 before 2006-01, DTWEXBGS after (ratio-splice on 2006 overlap)",5.9273,-60.9069,-7.7419,0.0,1569.1899,1501.48,40.0591,-12.374,-12.374,-13.685,-11.0675,-13.529,0.0,0.0,0.0,0.0,1.87,False,1.8705,2.5347,1.0,2.1014,11.2298,2.4418
2013-04-01,92.07,276.5,92.0214,102.2482,231.797,False,0,0.06,1.76,1.6991,0.15,7.6,99.1065,135873,2953.218,92.0478,"DTWEXM*1.1937 before 2006-01, DTWEXBGS after (ratio-splice on 2006 overlap)",5.6457,-60.7734,-11.1259,0.0,1597.5699,1536.03,39.7201,-10.8971,-10.8971,-11.9004,-7.1525,-14.3805,0.0,0.0,0.0,0.0,1.7,False,1.6991,1.7146,1.0,1.3568,9.9938,-14.659
2013-05-01,94.8,276.8,94.5095,102.5586,231.893,False,0,0.04,1.93,1.8841,0.11,7.5,99.1839,136096,2959.864,92.529,"DTWEXM*1.1937 before 2006-01, DTWEXBGS after (ratio-splice on 2006 overlap)",5.5611,-63.2725,6.2529,0.0,1630.74,1581.28,40.8809,0.1056,0.1056,-1.2672,1.3919,-7.0518,0.0,0.0,0.0,0.0,1.89,False,1.8841,1.5595,-5.0,0.0391,9.4354,-25.1443
2013-06-01,95.8,276.6,95.7725,102.9195,232.445,False,0,0.05,2.3,2.2495,0.09,7.5,99.3897,136279,2960.4815,93.2836,"DTWEXM*1.1937 before 2006-01, DTWEXBGS after (ratio-splice on 2006 overlap)",5.5508,-53.3907,23.9835,0.0,1606.28,1560.33,41.2141,16.248,16.248,14.2871,14.5816,8.159,0.0,0.0,0.0,0.0,2.25,False,2.2495,1.7646,-7.0,-0.6362,8.5312,0.5994
2013-07-01,104.61,303.0,104.6709,107.9332,232.9,False,0,0.04,2.58,2.5468,0.09,7.3,99.0814,136391,2934.3298,93.8724,"DTWEXM*1.1937 before 2006-01, DTWEXBGS after (ratio-splice on 2006 overlap)",5.4798,-35.6755,19.3233,0.0,1685.73,1604.5699,44.9163,18.9696,18.9696,16.768,22.3748,5.179,0.0,0.0,0.0,0.0,2.54,False,2.5468,1.2364,-7.0,0.4991,6.9583,6.2249
2013-08-01,106.57,304.1,106.5727,111.2805,233.456,False,0,0.04,2.74,2.6936,0.08,7.2,99.6543,136646,2922.5905,93.7149,"DTWEXM*1.1937 before 2006-01, DTWEXBGS after (ratio-splice on 2006 overlap)",5.5196,-38.9187,14.1317,0.0,1632.97,1627.47,45.6489,13.1797,13.1797,11.4645,12.0899,-1.8311,0.0,0.0,0.0,0.0,2.7,False,2.6936,2.2594,-5.0,1.2824,5.2966,36.2246
2013-09-01,106.29,304.8,106.2895,111.5965,233.544,False,0,0.02,2.81,2.7935,0.08,7.2,100.161,136821,2928.6595,93.4706,"DTWEXM*1.1937 before 2006-01, DTWEXBGS after (ratio-splice on 2006 overlap)",5.5339,4.6757,11.0436,0.0,1681.55,1633.41,45.5118,12.2149,12.2149,10.9998,7.9702,-1.1228,0.0,0.0,0.0,0.0,2.79,False,2.7935,2.8548,-6.0,2.7373,4.4405,87.4599
2013-10-01,100.54,285.9,100.5383,109.0765,233.669,False,0,0.05,2.62,2.5686,0.09,7.2,100.082,137041,2950.0584,92.4993,"DTWEXM*1.1937 before 2006-01, DTWEXBGS after (ratio-splice on 2006 overlap)",5.5123,16.1719,11.6665,0.0,1756.54,1646.47,43.0267,12.2474,12.2474,11.2718,6.5201,-2.3582,0.0,0.0,0.0,0.0,2.57,False,2.5686,2.4178,-7.0,1.9201,4.6153,69.269
2013-11-01,93.86,260.1,93.864,107.792,234.1,False,0,0.07,2.72,2.6505,0.08,6.9,100.3158,137317,2972.8768,93.3737,"DTWEXM*1.1937 before 2006-01, DTWEXBGS after (ratio-splice on 2006 overlap)",5.6311,-2.7485,5.6025,0.0,1805.8101,1746.2,40.094,8.3083,8.3083,6.9893,1.364,-1.1614,0.0,0.0,0.0,0.0,2.65,False,2.6505,2.282,-8.0,2.0755,4.7264,42.7089
2013-12-01,97.63,270.2,97.6252,110.7567,234.719,False,0,0.07,2.9,2.8352,0.09,6.7,100.5175,137372,3012.934,93.534,"DTWEXM*1.1937 before 2006-01, DTWEXBGS after (ratio-splice on 2006 overlap)",5.6706,30.5999,6.9041,0.0,1848.36,1767.99,41.5944,10.6289,10.6289,8.9802,7.0523,1.1532,0.0,0.0,0.0,0.0,2.83,False,2.8352,2.2453,-7.0,2.9199,4.8767,93.8996
2014-01-01,94.62,261.1,94.6171,108.1177,235.288,False,0,0.04,2.86,2.8148,0.07,6.6,100.1599,137561,2992.0088,94.4647,"DTWEXM*1.1937 before 2006-01, DTWEXBGS after (ratio-splice on 2006 overlap)",5.9117,-8.6313,-0.1024,0.0,1782.59,1770.45,40.2145,-0.0739,-0.0739,-1.6067,-3.2963,-4.2867,0.0,0.0,0.0,0.0,2.82,False,2.8148,1.8566,-7.0,4.0068,2.9501,65.1767
2014-02-01,100.82,284.4,100.8174,108.9005,235.547,False,0,0.05,2.71,2.6568,0.07,6.7,100.9168,137712,2966.5188,94.6456,"DTWEXM*1.1937 before 2006-01, DTWEXBGS after (ratio-splice on 2006 overlap)",5.767,-34.1772,11.7896,0.0,1859.45,1737.92,42.8025,5.77,5.77,4.598,3.4182,-6.1611,0.0,0.0,0.0,0.0,2.66,False,2.6568,2.1486,-8.0,3.3803,0.4189,43.3919
2014-03-01,100.8,282.4,100.8038,107.481,236.028,False,0,0.05,2.72,2.671,0.08,6.7,101.8942,137985,2911.711,94.4408,"DTWEXM*1.1937 before 2006-01, DTWEXBGS after (ratio-splice on 2006 overlap)",5.6951,-7.8227,4.6035,0.0,1872.34,1834.4399,42.7068,8.3289,8.3289,6.6096,3.9764,-0.9155,0.0,0.0,0.0,0.0,2.67,False,2.671,2.7241,-6.0,2.1941,-1.4095,53.0841
2014-04-01,102.07,289.9,102.069,107.7552,236.468,False,0,0.03,2.71,2.6743,0.09,6.2,101.9928,138298,2956.8584,93.9956,"DTWEXM*1.1937 before 2006-01, DTWEXBGS after (ratio-splice on 2006 overlap)",5.6656,-42.8932,7.3482,0.0,1883.95,1814.36,43.1644,10.8613,10.8613,8.6714,4.8463,5.386,0.0,0.0,0.0,0.0,2.68,False,2.6743,2.9123,-6.0,2.116,0.1233,17.8803
2014-05-01,102.18,286.7,102.1771,109.5391,236.918,False,0,0.03,2.56,2.5267,0.09,6.3,102.3836,138513,2940.0628,93.67,"DTWEXM*1.1937 before 2006-01, DTWEXBGS after (ratio-splice on 2006 overlap)",5.5398,-48.2127,10.5055,0.0,1923.5699,1859.79,43.1288,7.7848,7.7848,5.4987,3.5766,6.8063,0.0,0.0,0.0,0.0,2.53,False,2.5267,3.226,-2.0,1.2332,-0.669,15.0598
2014-06-01,105.79,292.6,105.7943,111.7952,237.231,False,0,0.04,2.6,2.5629,0.1,6.1,102.735,138849,2973.4225,93.8274,"DTWEXM*1.1937 before 2006-01, DTWEXBGS after (ratio-splice on 2006 overlap)",5.4082,-56.5802,10.0768,0.0,1960.23,1915.98,44.5937,10.428,10.428,8.2002,5.7845,8.624,0.0,0.0,0.0,0.0,2.56,False,2.5629,3.3658,1.0,0.5829,0.4371,-3.1895
2014-07-01,103.59,280.4,103.5886,106.7682,237.498,False,0,0.03,2.54,2.5159,0.09,6.2,102.9632,139072,2976.4398,93.6039,"DTWEXM*1.1937 before 2006-01, DTWEXBGS after (ratio-splice on 2006 overlap)",5.3442,-70.14,-6.5366,0.0,1930.67,1930.67,43.6172,-0.9751,-0.9751,-2.8922,-7.4587,-1.0794,0.0,0.0,0.0,0.0,2.51,False,2.5159,3.9178,0.0,-0.2861,1.4351,-34.4645
2014-08-01,96.54,269.2,96.5362,101.6081,237.46,False,0,0.03,2.42,2.3871,0.09,6.1,102.7688,139269,2996.917,94.5808,"DTWEXM*1.1937 before 2006-01, DTWEXBGS after (ratio-splice on 2006 overlap)",5.3456,-53.5859,-9.8148,0.0,2003.37,1904.78,40.6553,-9.4117,-9.4117,-10.9391,-11.4765,-8.6919,0.0,0.0,0.0,0.0,2.39,False,2.3871,3.1253,1.0,0.924,2.5432,-14.6672
2014-09-01,93.21,257.2,93.2119,97.0914,237.477,False,0,0.02,2.53,2.5143,0.09,5.9,103.0641,139563,3018.3482,96.1209,"DTWEXM*1.1937 before 2006-01, DTWEXBGS after (ratio-splice on 2006 overlap)",5.2262,-35.3561,-10.932,0.0,1972.29,1964.04,39.2501,-12.306,-12.306,-13.7583,-15.6168,-12.9978,0.0,0.0,0.0,0.0,2.51,False,2.5143,2.8984,1.0,2.8354,3.0625,-40.0318
2014-10-01,84.4,225.7,84.397,87.4252,237.43,False,0,0.02,2.3,2.2873,0.09,5.7,103.0764,139798,2978.969,97.4396,"DTWEXM*1.1937 before 2006-01, DTWEXBGS after (ratio-splice on 2006 overlap)",5.2144,-37.13,-16.3672,0.0,2018.05,1820.66,35.5473,-16.0533,-16.0533,-17.3831,-21.0563,-19.8496,0.0,0.0,0.0,0.0,2.28,False,2.2873,2.9919,0.0,5.3409,0.98,-53.3019
2014-11-01,75.79,211.7,75.7895,79.4379,236.983,False,0,0.02,2.33,2.3039,0.09,5.8,103.7126,140089,2979.4972,99.1147,"DTWEXM*1.1937 before 2006-01, DTWEXBGS after (ratio-splice on 2006 overlap)",5.1424,-17.7157,-28.365,0.0,2067.5601,2001.01,31.9812,-19.2521,-19.2521,-20.2344,-18.6082,-26.3045,0.0,0.0,0.0,0.0,2.31,False,2.3039,3.3861,1.0,6.1484,0.2227,-14.9672
2014-12-01,59.29,168.9,59.2905,62.335,236.252,False,0,0.03,2.21,2.1782,0.12,5.6,103.7044,140364,2974.4812,101.4441,"DTWEXM*1.1937 before 2006-01, DTWEXBGS after (ratio-splice on 2006 overlap)",4.7726,-55.3956,-45.5536,0.0,2058.8999,1972.5601,25.0961,-39.2707,-39.2707,-39.6648,-37.4907,-43.719,0.0,0.0,0.0,0.0,2.18,False,2.1782,3.1705,3.0,8.4569,-1.2763,-85.9955
2015-01-01,47.22,120.1,47.219,47.7595,234.747,False,0,0.03,1.88,1.854,0.11,5.7,102.8905,140568,2953.7712,103.7607,"DTWEXM*1.1937 before 2006-01, DTWEXBGS after (ratio-splice on 2006 overlap)",4.466,-77.2504,-51.3588,0.0,1994.99,1988.12,20.1153,-50.0951,-50.0951,-49.9801,-54.0023,-55.8264,0.0,0.0,0.0,0.0,1.85,False,1.854,2.7262,4.0,9.8407,-1.278,-68.6192
2015-02-01,50.58,130.3,50.5842,58.0955,235.342,False,0,0.02,1.98,1.9574,0.11,5.5,102.2335,140827,2934.569,105.1685,"DTWEXM*1.1937 before 2006-01, DTWEXBGS after (ratio-splice on 2006 overlap)",4.739,-106.9369,-51.4608,0.0,2104.5,1980.9,21.4921,-49.8314,-49.8314,-49.7877,-54.1842,-46.6527,0.0,0.0,0.0,0.0,1.96,False,1.9574,1.3047,4.0,11.1183,-1.077,-72.7597
2015-03-01,47.82,127.5,47.8236,55.8855,235.976,False,0,0.03,2.04,2.015,0.11,5.4,101.8914,140923,2907.7087,107.3647,"DTWEXM*1.1937 before 2006-01, DTWEXBGS after (ratio-splice on 2006 overlap)",4.6279,-100.4844,-53.0176,0.0,2067.8899,2039.6899,20.2648,-52.5595,-52.5595,-52.5491,-54.8513,-48.0043,0.0,0.0,0.0,0.0,2.01,False,2.015,-0.0027,3.0,13.6847,-0.1375,-92.6617
2015-04-01,54.45,143.0,54.4529,59.5243,236.222,False,0,0.02,1.94,1.9118,0.12,5.4,101.3355,141196,2963.2088,106.3523,"DTWEXM*1.1937 before 2006-01, DTWEXBGS after (ratio-splice on 2006 overlap)",4.45,-97.7863,-40.4217,0.0,2085.51,2048.3799,23.0504,-46.6543,-46.6543,-46.5987,-50.6726,-44.7597,0.0,0.0,0.0,0.0,1.92,False,1.9118,-0.6445,3.0,13.1461,0.2148,-54.8931
2015-05-01,59.27,165.4,59.265,64.075,237.001,False,0,0.02,2.2,2.181,0.12,5.6,100.8883,141538,2991.7375,105.4065,"DTWEXM*1.1937 before 2006-01, DTWEXBGS after (ratio-splice on 2006 overlap)",4.5579,-97.0002,-42.2118,0.0,2107.3899,2067.9299,25.0083,-41.9945,-41.9945,-42.0148,-42.309,-41.5049,0.0,0.0,0.0,0.0,2.18,False,2.181,-1.4605,3.0,12.5296,1.7576,-48.7875
2015-06-01,59.82,164.6,59.8195,61.4777,237.657,False,0,0.02,2.36,2.3486,0.13,5.3,100.571,141709,3024.6582,106.179,"DTWEXM*1.1937 before 2006-01, DTWEXBGS after (ratio-splice on 2006 overlap)",4.6271,-81.3323,-43.9238,0.0,2063.1101,2056.3201,25.1707,-43.454,-43.454,-43.5554,-43.7457,-45.0086,0.0,0.0,0.0,0.0,2.34,False,2.3486,-2.1064,3.0,13.1642,1.7231,-24.7521
2015-07-01,50.9,143.4,50.9009,56.5613,238.034,False,0,0.03,2.32,2.2923,0.13,5.2,101.2228,141991,3009.0986,108.1236,"DTWEXM*1.1937 before 2006-01, DTWEXBGS after (ratio-splice on 2006 overlap)",4.5831,-48.0186,-52.0411,0.0,2103.8401,2044.02,21.3835,-50.864,-50.864,-50.9746,-48.8588,-47.0242,0.0,0.0,0.0,0.0,2.29,False,2.2923,-1.6903,4.0,15.5119,1.0972,22.1214
2015-08-01,42.87,115.4,42.8676,46.515,238.033,False,0,0.07,2.17,2.0952,0.14,5.1,101.0367,142125,3019.138,109.9767,"DTWEXM*1.1937 before 2006-01, DTWEXBGS after (ratio-splice on 2006 overlap)",4.5506,-39.0086,-49.7241,0.0,1972.1801,1867.01,18.0101,-55.5935,-55.5935,-55.7004,-57.1322,-54.2212,0.0,0.0,0.0,0.0,2.1,False,2.0952,-1.6854,5.0,16.2781,0.7415,14.5773
2015-09-01,45.48,117.6,45.4795,47.6232,237.498,False,0,0.02,2.17,2.1486,0.14,5.0,100.7547,142275,3008.1422,110.8513,"DTWEXM*1.1937 before 2006-01, DTWEXBGS after (ratio-splice on 2006 overlap)",4.2878,-56.7699,-50.5758,0.0,1920.03,1871.91,19.1496,-51.207,-51.207,-51.2113,-54.2768,-50.9502,0.0,0.0,0.0,0.0,2.15,False,2.1486,-2.2407,5.0,15.3249,-0.3381,-21.4138
2015-10-01,46.22,121.5,46.2236,48.43,237.733,False,0,0.02,2.07,2.0533,0.12,5.0,100.2675,142579,2980.513,109.9036,"DTWEXM*1.1937 before 2006-01, DTWEXBGS after (ratio-splice on 2006 overlap)",4.2227,-68.096,-42.5117,0.0,2079.3601,1893.7,19.442,-45.237,-45.237,-45.3068,-46.1675,-44.6041,0.0,0.0,0.0,0.0,2.05,False,2.0533,-2.7251,3.0,12.7915,0.0518,-30.966
2015-11-01,42.44,111.7,42.4435,44.2676,238.017,False,0,0.12,2.26,2.1368,0.12,5.1,99.5298,142808,2984.3578,111.6916,"DTWEXM*1.1937 before 2006-01, DTWEXBGS after (ratio-splice on 2006 overlap)",4.0948,-98.9454,-38.6867,0.0,2080.4099,2019.39,17.8307,-44.0032,-44.0032,-44.2464,-47.2367,-44.2739,0.0,0.0,0.0,0.0,2.14,False,2.1368,-4.0331,3.0,12.6893,0.1631,-81.2297
2015-12-01,37.19,93.3,37.1886,38.0055,237.761,False,0,0.23,2.24,2.0141,0.24,5.0,99.0417,143077,2999.6718,112.7857,"DTWEXM*1.1937 before 2006-01, DTWEXBGS after (ratio-splice on 2006 overlap)",3.9335,-110.1388,-30.5332,0.0,2043.9399,1993.26,15.6418,-37.2744,-37.2744,-37.6725,-44.7602,-39.0303,0.0,0.0,0.0,0.0,2.01,False,2.0141,-4.4961,12.0,11.1802,0.8469,-54.7432
2016-01-01,31.68,75.1,31.6832,30.6995,237.652,False,0,0.26,2.09,1.8279,0.34,4.8,99.5607,143210,2960.4712,115.2344,"DTWEXM*1.1937 before 2006-01, DTWEXBGS after (ratio-splice on 2006 overlap)",3.9357,-139.4897,-23.7081,0.0,1940.24,1812.29,13.3304,-32.9098,-32.9098,-33.7299,-37.4688,-35.7206,0.0,0.0,0.0,0.0,1.83,False,1.8279,-3.2363,23.0,11.0578,0.2268,-62.2392
2016-02-01,30.32,69.5,30.323,32.1815,237.336,False,0,0.31,1.78,1.465,0.38,4.9,99.0445,143406,2945.1552,114.2817,"DTWEXM*1.1937 before 2006-01, DTWEXBGS after (ratio-splice on 2006 overlap)",3.7174,-162.1999,-34.3098,0.0,1932.23,1810.1,12.7751,-40.0554,-40.0554,-40.559,-46.6616,-44.6059,0.0,0.0,0.0,0.0,1.47,False,1.465,-3.1193,27.0,8.6653,0.3607,-55.263
2016-03-01,37.55,91.5,37.5464,38.2105,238.08,False,0,0.29,1.89,1.5918,0.36,5.0,98.3096,143662,2939.7492,111.8934,"DTWEXM*1.1937 before 2006-01, DTWEXBGS after (ratio-splice on 2006 overlap)",3.7864,-140.1117,-22.5901,0.0,2059.74,1937.09,15.772,-21.4764,-21.4764,-22.1703,-28.2353,-31.6272,0.0,0.0,0.0,0.0,1.6,False,1.5918,-3.5153,25.0,4.218,1.1019,-39.6273
2016-04-01,40.75,105.3,40.7552,41.5833,238.992,False,0,0.23,1.81,1.5771,0.37,5.1,98.6421,143854,2926.999,110.0171,"DTWEXM*1.1937 before 2006-01, DTWEXBGS after (ratio-splice on 2006 overlap)",3.9448,-94.2889,-22.8782,0.0,2065.3,2033.8,17.0508,-25.1607,-25.1607,-26.0281,-26.3636,-30.1406,0.0,0.0,0.0,0.0,1.58,False,1.5771,-2.6579,25.0,3.4459,-1.222,3.4974
2016-05-01,46.71,118.3,46.7124,46.7424,239.557,False,0,0.27,1.81,1.5295,0.37,4.8,98.4184,143900,2904.2512,111.1405,"DTWEXM*1.1937 before 2006-01, DTWEXBGS after (ratio-splice on 2006 overlap)",4.0189,-92.3361,-18.4927,0.0,2096.95,2025.91,19.4985,-21.1912,-21.1912,-22.032,-28.4764,-27.0505,0.0,0.0,0.0,0.0,1.54,False,1.5295,-2.4482,25.0,5.4399,-2.9243,4.6641
2016-06-01,48.76,128.5,48.7573,48.2473,240.222,False,0,0.27,1.64,1.3714,0.38,4.9,98.8833,144147,2921.7014,111.5596,"DTWEXM*1.1937 before 2006-01, DTWEXBGS after (ratio-splice on 2006 overlap)",4.1284,-94.4097,-15.2266,0.0,2098.8601,1991.6801,20.2979,-18.4888,-18.4888,-19.3591,-21.932,-21.5207,0.0,0.0,0.0,0.0,1.37,False,1.3714,-1.6781,25.0,5.0675,-3.4039,-13.0773
2016-07-01,44.65,120.6,44.6515,44.9519,240.101,False,0,0.3,1.5,1.203,0.39,4.8,98.9992,144520,2902.287,112.4773,"DTWEXM*1.1937 before 2006-01, DTWEXBGS after (ratio-splice on 2006 overlap)",4.0371,-79.0263,-14.4035,0.0,2173.6001,2074.02,18.5963,-12.279,-12.279,-13.0342,-15.8996,-20.5253,0.0,0.0,0.0,0.0,1.2,False,1.203,-2.1967,26.0,4.0266,-3.5496,-31.0077
2016-08-01,44.72,115.3,44.7243,45.843,240.545,False,0,0.3,1.56,1.257,0.4,4.9,98.85,144661,2875.8666,111.4384,"DTWEXM*1.1937 before 2006-01, DTWEXBGS after (ratio-splice on 2006 overlap)",4.0397,-84.0493,-1.5425,0.0,2170.95,2147.5801,18.5911,4.3154,4.3154,3.226,-0.0867,-1.4446,0.0,0.0,0.0,0.0,1.26,False,1.257,-2.1643,26.0,1.329,-4.7454,-45.0407
2016-09-01,45.18,117.7,45.1824,46.5677,241.176,False,0,0.29,1.63,1.3362,0.4,5.0,98.7457,144967,2830.2292,112.3169,"DTWEXM*1.1937 before 2006-01, DTWEXBGS after (ratio-splice on 2006 overlap)",4.0415,-63.434,6.6369,0.0,2168.27,2119.1201,18.7332,-0.6596,-0.6596,-2.1746,0.085,-2.2163,0.0,0.0,0.0,0.0,1.34,False,1.3362,-1.994,26.0,1.3221,-5.9144,-6.6641
2016-10-01,49.78,132.8,49.7752,49.5224,241.741,False,0,0.33,1.76,1.433,0.4,4.9,98.7611,145065,2807.837,113.4747,"DTWEXM*1.1937 before 2006-01, DTWEXBGS after (ratio-splice on 2006 overlap)",4.0002,-58.7035,0.4936,0.0,2126.1499,2114.72,20.5923,7.7023,7.7023,5.9166,9.3004,2.2556,0.0,0.0,0.0,0.0,1.43,False,1.433,-1.5024,28.0,3.2493,-5.7935,9.3925
2016-11-01,45.66,121.1,45.661,44.7341,242.026,False,0,0.45,2.14,1.6895,0.41,4.7,98.3491,145183,2796.4672,116.1075,"DTWEXM*1.1937 before 2006-01, DTWEXBGS after (ratio-splice on 2006 overlap)",3.9805,-37.6198,21.7595,0.0,2198.8101,2083.79,18.8657,7.5872,7.5872,5.8051,8.4154,1.0538,0.0,0.0,0.0,0.0,1.69,False,1.6895,-1.1863,29.0,3.9537,-6.2958,61.3256
2016-12-01,51.97,138.7,51.9705,53.3085,242.637,False,0,0.51,2.49,1.98,0.54,4.7,99.0214,145408,2840.5688,117.9048,"DTWEXM*1.1937 before 2006-01, DTWEXBGS after (ratio-splice on 2006 overlap)",4.2381,-39.8089,44.7616,0.0,2238.8301,2187.4399,21.4188,39.7419,39.7419,36.9336,48.6602,40.2654,0.0,0.0,0.0,0.0,1.98,False,1.98,-0.0205,30.0,4.5388,-5.304,70.3299
2017-01-01,52.5,138.4,52.504,54.5767,243.618,False,0,0.51,2.43,1.9135,0.65,4.7,98.7611,145628,2855.5308,117.7858,"DTWEXM*1.1937 before 2006-01, DTWEXBGS after (ratio-splice on 2006 overlap)",4.0195,-54.6278,66.8248,0.0,2278.8701,2245.1299,21.5501,65.7197,65.7197,61.6614,84.2876,77.7771,0.0,0.0,0.0,0.0,1.92,False,1.9135,-0.8031,31.0,2.2141,-3.5447,84.8619
2017-02-01,53.47,143.3,53.4684,54.8695,244.006,False,0,0.52,2.42,1.8926,0.66,4.6,98.3646,145846,2847.3098,116.1204,"DTWEXM*1.1937 before 2006-01, DTWEXBGS after (ratio-splice on 2006 overlap)",4.0081,-72.3931,64.9359,0.0,2363.6399,2271.6499,21.9134,76.3522,76.3522,71.5316,106.1871,70.5001,0.0,0.0,0.0,0.0,1.9,False,1.8926,-0.6865,28.0,1.6089,-3.3223,89.8068
2017-03-01,49.33,131.0,49.3278,51.5891,243.892,False,0,0.74,2.48,1.7339,0.79,4.4,99.0137,145970,2869.8248,115.6558,"DTWEXM*1.1937 before 2006-01, DTWEXBGS after (ratio-splice on 2006 overlap)",4.1347,-31.4411,42.9299,0.0,2362.72,2322.25,20.2262,31.3715,31.3715,28.2409,43.1694,35.0131,0.0,0.0,0.0,0.0,1.74,False,1.7339,0.7162,43.0,3.3625,-2.3786,108.6707
2017-04-01,51.06,139.6,51.0605,52.3079,244.193,False,0,0.8,2.3,1.4889,0.9,4.4,100.0224,146175,2887.907,114.7698,"DTWEXM*1.1937 before 2006-01, DTWEXBGS after (ratio-splice on 2006 overlap)",4.1468,-24.5896,7.1258,0.0,2384.2,2328.95,20.9097,25.3006,25.3006,22.6319,32.5736,25.7905,0.0,0.0,0.0,0.0,1.5,False,1.4889,1.3993,53.0,4.32,-1.3356,69.6993
2017-05-01,48.48,128.9,48.4764,50.3265,244.004,False,0,0.89,2.3,1.4005,0.91,4.4,100.1408,146380,2912.8298,114.2591,"DTWEXM*1.1937 before 2006-01, DTWEXBGS after (ratio-splice on 2006 overlap)",4.0852,-47.1054,-1.6497,0.0,2411.8,2352.72,19.8685,3.7893,3.7893,1.8978,8.9603,7.6679,0.0,0.0,0.0,0.0,1.41,False,1.4005,1.7501,54.0,2.806,0.2954,45.2307
2017-06-01,45.18,123.8,45.1777,46.3682,244.163,False,0,0.98,2.19,1.1877,1.04,4.3,100.3471,146583,2962.2325,112.7603,"DTWEXM*1.1937 before 2006-01, DTWEXBGS after (ratio-splice on 2006 overlap)",4.0294,-59.3396,-4.6613,0.0,2423.4099,2405.7,18.504,-7.3421,-7.3421,-8.8377,-3.6576,-3.8947,0.0,0.0,0.0,0.0,1.21,False,1.1877,1.4803,66.0,1.0762,1.3872,35.0701
2017-07-01,46.63,124.7,46.6305,48.4786,244.243,False,0,1.07,2.32,1.2315,1.15,4.3,100.1068,146772,2997.9532,111.0606,"DTWEXM*1.1937 before 2006-01, DTWEXBGS after (ratio-splice on 2006 overlap)",3.9515,-54.0184,22.0763,0.0,2470.3,2407.7,19.0916,4.4345,4.4345,2.6634,3.3997,7.8454,0.0,0.0,0.0,0.0,1.25,False,1.2315,1.1188,76.0,-1.2596,3.2962,25.0078
2017-08-01,48.04,130.6,48.037,51.7043,245.183,False,0,1.01,2.21,1.177,1.16,4.4,99.6925,146919,3015.4716,109.9059,"DTWEXM*1.1937 before 2006-01, DTWEXBGS after (ratio-splice on 2006 overlap)",4.0167,-31.1136,2.0294,0.0,2471.6499,2417.3501,19.5935,7.424,7.424,5.3919,13.2697,12.7856,0.0,0.0,0.0,0.0,1.2,False,1.177,0.8523,76.0,-1.3752,4.8544,52.9356
2017-09-01,49.82,134.9,49.822,56.1529,246.435,False,0,1.03,2.2,1.1555,1.15,4.3,99.7954,147008,3046.1002,108.8542,"DTWEXM*1.1937 before 2006-01, DTWEXBGS after (ratio-splice on 2006 overlap)",4.2959,-13.7095,9.7727,0.0,2519.3601,2446.55,20.2163,10.27,10.27,7.9168,14.6134,20.5832,0.0,0.0,0.0,0.0,1.17,False,1.1555,1.063,75.0,-3.0829,7.6273,49.7245
2017-10-01,51.58,142.4,51.5777,57.5077,246.626,False,0,1.07,2.36,1.2667,1.15,4.2,101.0247,147149,3038.3895,110.8892,"DTWEXM*1.1937 before 2006-01, DTWEXBGS after (ratio-splice on 2006 overlap)",4.2104,-5.1404,11.5764,0.0,2575.26,2520.3999,20.9143,3.6159,3.6159,1.5636,7.2289,16.1247,0.0,0.0,0.0,0.0,1.29,False,1.2667,2.292,75.0,-2.2785,8.211,53.563
2017-11-01,56.64,159.0,56.6386,62.7141,247.284,False,0,1.23,2.35,1.1029,1.16,4.2,101.2664,147372,3044.0982,111.1635,"DTWEXM*1.1937 before 2006-01, DTWEXBGS after (ratio-splice on 2006 overlap)",4.2657,-7.3095,26.7388,0.0,2647.5801,2557.45,22.9048,24.0473,24.0473,21.4097,31.2964,40.1931,0.0,0.0,0.0,0.0,1.12,False,1.1029,2.9663,75.0,-4.2581,8.8551,30.3103
2017-12-01,57.88,162.8,57.8815,64.3737,247.805,False,0,1.32,2.4,1.061,1.3,4.1,101.4644,147523,3033.8638,110.8758,"DTWEXM*1.1937 before 2006-01, DTWEXBGS after (ratio-splice on 2006 overlap)",4.4658,3.3836,11.9422,0.0,2673.6101,2605.52,23.3571,11.3719,11.3719,9.0493,17.3756,20.7569,0.0,0.0,0.0,0.0,1.08,False,1.061,2.4671,76.0,-5.9616,6.8048,43.1925
2018-01-01,63.7,179.1,63.6986,69.0773,248.859,False,0,1.41,2.58,1.1514,1.41,4.0,101.4625,147660,3019.161,108.3568,"DTWEXM*1.1937 before 2006-01, DTWEXBGS after (ratio-splice on 2006 overlap)",4.4668,-23.3657,23.1617,0.0,2823.8101,2682.3601,25.5968,21.3333,21.3333,18.778,29.4075,26.5692,6.2845,6.2845,7.9578,7.9578,1.17,False,1.1514,2.7353,76.0,-8.0052,5.7303,31.262
2018-02-01,62.23,172.0,62.2295,65.3175,249.529,False,0,1.57,2.86,1.2711,1.42,4.1,101.7085,148054,3063.5922,107.6501,"DTWEXM*1.1937 before 2006-01, DTWEXBGS after (ratio-splice on 2006 overlap)",4.2238,-33.3998,13.6751,0.0,2713.8301,2532.6899,24.939,16.383,16.383,13.807,20.0279,19.0415,0.0,6.2845,0.0,7.9578,1.29,False,1.2711,3.3995,76.0,-7.2944,7.596,38.9933
2018-03-01,62.73,173.9,62.7248,66.0167,249.577,False,0,1.7,2.84,1.1157,1.51,4.0,102.2067,148280,3098.1922,107.9472,"DTWEXM*1.1937 before 2006-01, DTWEXBGS after (ratio-splice on 2006 overlap)",4.4174,-30.6739,34.1398,0.0,2640.8701,2585.8899,25.1345,27.164,27.164,24.2674,32.7481,27.9662,0.0,6.2845,0.0,7.9578,1.14,False,1.1157,3.2248,72.0,-6.6652,7.9575,0.7671
2018-04-01,66.25,185.3,66.2538,72.106,250.227,False,0,1.76,2.87,1.081,1.69,4.0,103.3329,148420,3077.468,107.9434,"DTWEXM*1.1937 before 2006-01, DTWEXBGS after (ratio-splice on 2006 overlap)",4.4962,-32.9598,40.0327,0.0,2648.05,2553.8,26.476,29.7493,29.7493,26.6205,32.7364,37.8492,3.9251,10.2095,3.4032,11.3609,1.11,False,1.081,3.3098,79.0,-5.9479,6.564,-8.3703
2018-05-01,69.98,198.1,69.9782,76.9752,250.792,False,0,1.86,2.98,1.0782,1.7,3.8,102.4024,148742,3034.93,111.047,"DTWEXM*1.1937 before 2006-01, DTWEXBGS after (ratio-splice on 2006 overlap)",4.351,-19.4577,34.9587,0.0,2705.27,2594.6201,27.9036,44.3482,44.3482,40.4412,53.685,52.9516,5.4774,15.6869,6.6796,18.0405,1.12,False,1.0782,2.2584,79.0,-2.8112,4.1918,27.6477
2018-06-01,67.87,188.5,67.8733,74.4048,251.018,False,0,1.9,2.91,0.9771,1.82,4.0,103.198,148960,3039.3115,112.8444,"DTWEXM*1.1937 before 2006-01, DTWEXBGS after (ratio-splice on 2006 overlap)",4.4256,-14.9214,65.6907,0.0,2718.3701,2691.99,27.0379,50.2213,50.2213,46.119,52.2617,60.4651,0.0,15.6869,0.0,18.0405,1.01,False,0.9771,2.841,78.0,0.0746,2.6021,44.4182
2018-07-01,70.98,204.0,70.9814,74.2541,251.214,False,0,1.96,2.89,0.8943,1.91,3.8,103.3646,149020,3036.3532,113.0595,"DTWEXM*1.1937 before 2006-01, DTWEXBGS after (ratio-splice on 2006 overlap)",4.355,5.084,39.1755,0.0,2816.29,2698.95,28.2548,52.2196,52.2196,47.9956,63.5926,53.1689,1.4189,17.1058,2.9348,20.9753,0.93,False,0.8943,3.2543,76.0,1.7999,1.2809,59.1024
2018-08-01,68.06,189.3,68.0557,72.5283,251.663,False,0,2.03,2.89,0.8165,1.91,3.8,104.0327,149277,3057.3372,113.8316,"DTWEXM*1.1937 before 2006-01, DTWEXBGS after (ratio-splice on 2006 overlap)",4.4234,8.6416,47.7782,0.0,2901.52,2796.3401,27.0441,41.6736,41.6736,38.0257,44.9464,40.275,0.0,17.1058,0.0,20.9753,0.86,False,0.8165,4.3536,75.0,3.5719,1.3884,39.7552
2018-09-01,70.23,195.2,70.2321,78.891,252.182,False,0,2.13,3.0,0.8389,1.95,3.7,104.1004,149358,3060.5078,114.0787,"DTWEXM*1.1937 before 2006-01, DTWEXBGS after (ratio-splice on 2006 overlap)",4.4194,-8.1001,41.728,0.0,2913.98,2864.1201,27.8489,40.9675,40.9675,37.755,44.6998,40.4933,0.0,17.1058,0.0,20.9753,0.87,False,0.8389,4.3138,80.0,4.7995,0.473,5.6094
2018-10-01,70.75,204.1,70.7487,81.0322,252.772,False,0,2.25,3.15,0.8591,2.19,3.8,103.9856,149527,3055.2518,114.8313,"DTWEXM*1.1937 before 2006-01, DTWEXBGS after (ratio-splice on 2006 overlap)",4.4983,-1.6163,20.1435,0.0,2711.74,2603.54,27.9897,37.1656,37.1656,33.8305,43.3287,40.9066,0.0,17.1058,0.049,21.0243,0.9,False,0.8591,2.9309,104.0,3.555,0.555,3.5242
2018-11-01,56.96,157.4,56.9635,64.7482,252.594,False,0,2.33,3.12,0.743,2.2,3.8,104.0681,149617,3037.0682,116.169,"DTWEXM*1.1937 before 2006-01, DTWEXBGS after (ratio-splice on 2006 overlap)",4.391,-27.3206,-11.3013,0.0,2760.1699,2631.0901,22.55,0.565,0.565,-1.5491,-1.0063,3.2434,0.0,17.1058,0.0,21.0243,0.79,False,0.743,2.7667,104.0,4.5028,-0.2309,-20.0111
2018-12-01,49.52,136.7,49.5228,57.3624,252.767,False,0,2.37,2.83,0.4205,2.27,3.9,104.0936,149809,3025.1522,116.2118,"DTWEXM*1.1937 before 2006-01, DTWEXBGS after (ratio-splice on 2006 overlap)",4.2394,-15.8948,-24.1814,1.0,2506.8501,2346.5801,19.5912,-14.4437,-14.4437,-16.1232,-16.0319,-10.8916,0.0,17.1058,0.0,21.0243,0.46,False,0.4205,2.5913,97.0,4.8126,-0.2871,-19.2783
2019-01-01,51.38,141.5,51.3757,59.4095,252.561,False,0,2.37,2.71,0.29,2.4,4.0,103.4021,150060,3023.8076,114.4425,"DTWEXM*1.1937 before 2006-01, DTWEXBGS after (ratio-splice on 2006 overlap)",4.0385,-38.4325,-18.7566,1.0,2704.1001,2443.96,20.3436,-19.3407,-19.3407,-20.523,-20.9939,-13.9955,0.0,10.8214,0.0,13.0666,0.34,False,0.29,1.9116,99.0,5.6164,0.1539,-15.0667
2019-02-01,54.95,150.6,54.9547,63.9605,253.319,False,0,2.39,2.68,0.2384,2.4,3.8,102.8371,150067,3043.819,114.413,"DTWEXM*1.1937 before 2006-01, DTWEXBGS after (ratio-splice on 2006 overlap)",4.1424,-91.0396,-9.9339,1.0,2784.49,2681.8301,21.692,-11.6985,-11.6985,-13.0196,-12.4419,-2.0775,0.0,10.8214,0.0,13.0666,0.29,False,0.2384,1.1096,98.0,6.2823,-0.6454,-57.6399
2019-03-01,58.15,158.9,58.1514,66.1386,254.277,False,0,2.4,2.57,0.1171,2.41,3.8,102.8757,150295,3072.9418,114.7835,"DTWEXM*1.1937 before 2006-01, DTWEXBGS after (ratio-splice on 2006 overlap)",4.2418,-83.4566,-8.0928,1.0,2834.3999,2722.27,22.8688,-7.3011,-7.3011,-9.0146,-8.6256,0.1847,0.0,10.8214,0.0,13.0666,0.17,True,0.1171,0.6546,90.0,6.333,-0.815,-52.7826
2019-04-01,63.86,176.7,63.8624,71.2333,255.233,False,0,2.38,2.53,0.0995,2.42,3.7,102.274,150591,3059.405,114.9038,"DTWEXM*1.1937 before 2006-01, DTWEXBGS after (ratio-splice on 2006 overlap)",4.3016,-70.8488,-6.1324,1.0,2945.8301,2848.6299,25.0203,-3.6075,-3.6075,-5.4981,-4.6411,-1.2103,0.0,6.8963,0.0,9.6634,0.15,True,0.0995,-1.0247,73.0,6.4482,-0.5869,-37.889
2019-05-01,60.83,171.0,60.8268,71.3177,255.296,False,0,2.35,2.4,-0.0082,2.39,3.6,102.392,150618,3056.319,115.9574,"DTWEXM*1.1937 before 2006-01, DTWEXBGS after (ratio-splice on 2006 overlap)",4.2025,-41.4248,-21.2456,1.0,2752.0601,2750.52,23.8272,-13.0752,-13.0752,-14.6087,-13.68,-7.3498,0.0,1.4189,0.0,2.9838,0.05,True,-0.0082,-0.0102,69.0,4.4219,0.7048,-21.9671
2019-06-01,54.66,153.4,54.6575,64.2205,255.213,False,0,2.17,2.07,-0.1455,2.38,3.6,102.4375,150838,3046.0085,115.4271,"DTWEXM*1.1937 before 2006-01, DTWEXBGS after (ratio-splice on 2006 overlap)",4.0531,-28.7229,-16.7501,1.0,2941.76,2728.8101,21.4174,-19.4637,-19.4637,-20.7875,-18.6207,-13.6876,0.0,1.4189,0.0,2.9838,-0.1,True,-0.1455,-0.7369,56.0,2.2887,0.2203,-13.8015
2019-07-01,57.35,162.3,57.3581,63.9191,255.802,False,0,2.1,2.06,-0.0859,2.4,3.7,101.9408,150937,3031.357,115.0776,"DTWEXM*1.1937 before 2006-01, DTWEXBGS after (ratio-splice on 2006 overlap)",4.1067,17.7631,-17.714,1.0,2980.3799,2952.22,22.4197,-19.2026,-19.2026,-20.6518,-20.4412,-13.9184,0.0,0.0,0.0,0.049,-0.04,True,-0.0859,-1.3775,49.0,1.785,-0.1645,12.6792
2019-08-01,54.81,156.9,54.8059,59.0418,256.036,False,0,1.95,1.63,-0.3641,2.13,3.6,102.639,151169,3028.9458,117.1004,"DTWEXM*1.1937 before 2006-01, DTWEXBGS after (ratio-splice on 2006 overlap)",4.0712,23.6529,-21.0013,1.0,2926.46,2822.1201,21.4071,-19.4681,-19.4681,-20.8436,-17.1157,-18.5947,0.0,0.0,0.0,0.049,-0.32,True,-0.3641,-1.3397,22.0,2.8716,-0.9286,15.0113
2019-09-01,56.95,156.2,56.947,62.8267,256.43,False,0,1.89,1.7,-0.235,2.04,3.5,102.2917,151365,3014.1115,117.3239,"DTWEXM*1.1937 before 2006-01, DTWEXBGS after (ratio-splice on 2006 overlap)",4.043,36.5679,-26.1368,1.0,2976.74,2891.8501,22.2088,-18.9093,-18.9093,-20.2526,-19.9795,-20.3627,0.0,0.0,0.0,0.049,-0.19,True,-0.235,-1.7375,9.0,2.8448,-1.516,44.668
2019-10-01,53.96,146.1,53.963,59.713,257.155,False,0,1.65,1.71,0.0282,1.83,3.6,101.4281,151460,2977.626,116.7463,"DTWEXM*1.1937 before 2006-01, DTWEXBGS after (ratio-splice on 2006 overlap)",4.0589,15.3477,-19.6729,1.0,3037.5601,2855.9399,20.9835,-23.7314,-23.7314,-25.0314,-28.4174,-26.3095,0.0,0.0,0.0,0.0,0.06,True,0.0282,-2.4595,-36.0,1.6677,-2.5407,16.964
2019-11-01,57.03,155.9,57.0489,63.2119,257.879,False,0,1.54,1.81,0.24,1.55,3.6,101.9372,151667,2968.1448,116.5595,"DTWEXM*1.1937 before 2006-01, DTWEXBGS after (ratio-splice on 2006 overlap)",4.118,-9.9866,6.8186,1.0,3140.98,3050.72,22.115,0.1229,0.1229,-1.929,-0.953,-2.3727,0.0,0.0,0.0,0.0,0.27,True,0.24,-2.0476,-65.0,0.3361,-2.2694,17.334
2019-12-01,59.88,162.8,59.8167,67.2171,258.63,False,0,1.54,1.86,0.2976,1.55,3.6,101.7003,151794,2960.9412,115.9096,"DTWEXM*1.1937 before 2006-01, DTWEXBGS after (ratio-splice on 2006 overlap)",3.9926,-12.8274,32.7976,1.0,3230.78,3070.3301,23.1528,20.9208,20.9208,18.1796,19.0929,17.1799,0.0,0.0,0.0,0.0,0.32,True,0.2976,-2.2992,-72.0,-0.26,-2.1226,3.0673
2020-01-01,57.52,158.7,57.519,63.6455,259.127,False,0,1.52,1.76,0.2052,1.55,3.6,101.0338,152031,2968.9586,115.2794,"DTWEXM*1.1937 before 2006-01, DTWEXBGS after (ratio-splice on 2006 overlap)",3.8559,-80.6605,-2.8076,1.0,3225.52,3214.6399,22.1976,11.9502,11.9502,9.1135,12.1555,7.13,0.0,0.0,0.0,0.0,0.24,True,0.2052,-2.2904,-85.0,0.7313,-1.8139,-42.2281
2020-02-01,50.54,136.0,50.5426,55.657,259.25,False,0,1.52,1.5,-0.0405,1.58,3.5,101.3735,152293,2996.6275,116.7105,"DTWEXM*1.1937 before 2006-01, DTWEXBGS after (ratio-splice on 2006 overlap)",3.8447,-122.4546,-19.0794,1.0,2954.22,2855.8401,19.4947,-8.0255,-8.0255,-10.1296,-9.6946,-12.9822,0.0,0.0,0.0,0.0,-0.02,True,-0.0405,-1.4232,-82.0,2.0081,-1.5504,-31.4149
2020-03-01,29.21,89.8,29.2077,32.0114,258.076,False,1,0.29,0.87,0.5745,0.65,4.4,97.4078,150895,2933.1483,121.0227,"DTWEXM*1.1937 before 2006-01, DTWEXBGS after (ratio-splice on 2006 overlap)",3.567,-95.3166,-65.4073,1.0,2584.5901,2191.8601,11.3184,-49.7678,-49.7678,-50.5073,-43.4865,-51.5996,0.0,0.0,0.0,0.0,0.58,True,0.5745,-5.3151,-176.0,5.4356,-4.5492,-11.8601
2020-04-01,16.55,46.0,16.5476,18.3785,256.032,False,1,0.14,0.66,0.5195,0.05,14.8,84.5619,130426,2856.3616,123.2803,"DTWEXM*1.1937 before 2006-01, DTWEXBGS after (ratio-splice on 2006 overlap)",3.3945,-84.3884,-69.664,1.0,2912.4299,2447.49,6.464,-74.0839,-74.0839,-74.1648,-73.9672,-74.1996,0.0,0.0,0.0,0.0,0.52,True,0.5195,-17.3183,-237.0,7.2901,-6.6367,-13.5395
2020-05-01,28.56,62.5,28.5625,29.3789,255.802,False,0,0.13,0.67,0.5465,0.05,13.2,85.9604,133040,2910.5672,122.615,"DTWEXM*1.1937 before 2006-01, DTWEXBGS after (ratio-splice on 2006 overlap)",3.3053,-114.726,-39.6198,1.0,3044.3101,2766.6399,11.1649,-53.0495,-53.0495,-53.1424,-63.4503,-58.8055,0.0,0.0,0.0,0.0,0.54,True,0.5465,-16.0477,-234.0,5.7414,-4.7689,-73.3013
2020-06-01,38.31,94.3,38.3073,40.2668,257.042,False,0,0.16,0.73,0.5691,0.08,11.0,91.5934,137671,2956.159,119.6766,"DTWEXM*1.1937 before 2006-01, DTWEXBGS after (ratio-splice on 2006 overlap)",3.4272,-29.8782,-33.6431,1.0,3100.29,2965.6599,14.9042,-29.9122,-29.9122,-30.4109,-38.5267,-37.2991,0.0,0.0,0.0,0.0,0.57,True,0.5691,-10.5861,-230.0,3.6816,-2.9497,-1.1553
2020-07-01,40.71,100.0,40.7105,43.2422,258.352,False,0,0.13,0.62,0.4968,0.09,10.2,95.0256,139255,2952.159,118.69,"DTWEXM*1.1937 before 2006-01, DTWEXBGS after (ratio-splice on 2006 overlap)",3.4878,5.192,-31.4881,1.0,3271.1201,3101.1699,15.7576,-29.0148,-29.0148,-29.7155,-38.3857,-32.3486,0.0,0.0,0.0,0.0,0.49,True,0.4968,-6.7835,-231.0,3.1392,-2.6126,-12.5712
2020-08-01,42.34,104.4,42.339,44.736,259.316,False,0,0.1,0.65,0.5457,0.1,8.4,95.9549,140821,2968.9182,116.9453,"DTWEXM*1.1937 before 2006-01, DTWEXBGS after (ratio-splice on 2006 overlap)",3.4428,-2.4504,-24.8103,1.0,3500.3101,3284.53,16.3276,-22.7513,-22.7513,-23.7284,-33.4608,-24.23,0.0,0.0,0.0,0.0,0.55,False,0.5457,-6.5122,-203.0,-0.1324,-1.9818,-26.1033
2020-09-01,39.63,101.1,39.6343,40.9095,259.997,False,0,0.11,0.68,0.571,0.09,7.8,95.9669,141770,2969.4948,116.3431,"DTWEXM*1.1937 before 2006-01, DTWEXBGS after (ratio-splice on 2006 overlap)",3.4981,-9.726,-25.9567,0.0,3363.0,3209.45,15.2425,-30.4126,-30.4126,-31.3673,-35.2753,-34.8851,0.0,0.0,0.0,0.0,0.57,False,0.571,-6.1831,-195.0,-0.836,-1.4803,-46.2939
2020-10-01,39.4,102.8,39.3959,40.1895,260.319,False,0,0.1,0.79,0.6867,0.09,6.9,96.7394,142460,2967.8652,115.7798,"DTWEXM*1.1937 before 2006-01, DTWEXBGS after (ratio-splice on 2006 overlap)",3.4151,4.8041,-35.0228,0.0,3269.96,3233.9399,15.1353,-26.983,-26.983,-27.8704,-29.6372,-32.6955,0.0,0.0,0.0,0.0,0.69,False,0.6867,-4.6227,-174.0,-0.8278,-0.3278,-10.5436
2020-11-01,40.94,106.8,40.9374,42.6924,260.911,False,0,0.09,0.87,0.7789,0.09,6.7,97.0816,142733,2996.1548,114.0984,"DTWEXM*1.1937 before 2006-01, DTWEXBGS after (ratio-splice on 2006 overlap)",3.3207,-27.6265,-22.2299,0.0,3621.6299,3279.74,15.6912,-28.2132,-28.2132,-29.0474,-31.4945,-32.4615,0.0,0.0,0.0,0.0,0.78,False,0.7789,-4.7633,-146.0,-2.1114,0.9437,-17.64
2020-12-01,47.02,122.6,47.025,49.9936,262.045,False,0,0.09,0.93,0.8464,0.09,6.7,98.363,142548,3042.2694,111.8992,"DTWEXM*1.1937 before 2006-01, DTWEXBGS after (ratio-splice on 2006 overlap)",3.598,-22.6141,-20.9192,0.0,3756.0701,3633.3999,17.9435,-21.4763,-21.4763,-22.4996,-24.6929,-25.6237,0.0,0.0,0.0,0.0,0.84,False,0.8464,-3.2815,-146.0,-3.4599,2.7467,-9.7867
2021-01-01,52.0,138.3,52.0084,54.774,262.687,False,0,0.08,1.08,0.9974,0.09,6.4,98.8822,142863,3083.9322,111.4873,"DTWEXM*1.1937 before 2006-01, DTWEXBGS after (ratio-splice on 2006 overlap)",3.6244,6.0336,-2.1205,0.0,3714.24,3662.71,19.7954,-9.5967,-9.5967,-10.8218,-12.8544,-13.9389,0.0,0.0,0.0,0.0,1.0,False,0.9974,-2.1296,-146.0,-3.2895,3.8725,86.6942
2021-02-01,59.04,155.4,59.0463,62.2765,263.579,False,0,0.04,1.26,1.2153,0.08,6.2,95.6149,143380,3094.286,112.0171,"DTWEXM*1.1937 before 2006-01, DTWEXBGS after (ratio-splice on 2006 overlap)",3.8903,-4.1557,26.4639,0.0,3811.1499,3725.6201,22.3994,16.8184,16.8184,14.8997,14.2647,11.8934,0.0,0.0,0.0,0.0,1.22,False,1.2153,-5.6806,-150.0,-4.0215,3.2589,118.2989
2021-03-01,62.33,169.1,62.333,65.41,264.961,False,0,0.03,1.61,1.5796,0.07,6.1,98.3856,144232,3122.082,113.3366,"DTWEXM*1.1937 before 2006-01, DTWEXBGS after (ratio-splice on 2006 overlap)",3.8486,25.1499,319.7872,0.0,3972.8899,3723.3401,23.5242,113.3858,100.0,107.841,88.3073,104.3337,0.0,0.0,0.0,0.0,1.58,False,1.5796,1.0038,-58.0,-6.351,6.4413,120.4666
2021-04-01,61.72,165.6,61.7167,64.8065,266.614,False,0,0.02,1.64,1.6141,0.07,6.1,98.5587,144587,3111.296,112.6323,"DTWEXM*1.1937 before 2006-01, DTWEXBGS after (ratio-splice on 2006 overlap)",3.7707,45.1058,322.2074,0.0,4181.1699,3992.78,23.1496,272.9305,100.0,258.1288,260.0,252.6213,0.0,0.0,0.0,0.0,1.62,False,1.6141,16.5521,2.0,-8.6373,8.9251,129.4941
2021-05-01,65.17,177.0,65.1695,68.5342,268.383,False,0,0.02,1.62,1.603,0.06,5.8,99.4333,145065,3092.4508,111.2123,"DTWEXM*1.1937 before 2006-01, DTWEXBGS after (ratio-splice on 2006 overlap)",3.8933,62.6725,96.9409,0.0,4204.1099,4056.8799,24.2825,128.1863,100.0,117.4896,183.2,133.2766,0.0,0.0,0.0,0.0,1.6,False,1.603,15.6734,1.0,-9.2996,6.2491,177.3986
2021-06-01,71.38,194.0,71.3782,73.1641,270.654,False,0,0.04,1.52,1.4832,0.08,5.9,99.7987,145820,3098.167,111.5777,"DTWEXM*1.1937 before 2006-01, DTWEXBGS after (ratio-splice on 2006 overlap)",4.0335,60.875,85.329,0.0,4297.5,4164.3999,26.3732,86.3221,86.3221,76.9514,105.7264,81.6982,0.562,0.562,0.0,0.0,1.48,False,1.4832,8.9584,0.0,-6.7673,4.8038,90.7532
2021-07-01,72.49,200.244,72.4852,75.1659,271.903,False,0,0.05,1.32,1.2662,0.1,5.4,100.2519,146762,3086.1398,113.0633,"DTWEXM*1.1937 before 2006-01, DTWEXBGS after (ratio-splice on 2006 overlap)",3.9908,68.9499,79.7471,0.0,4395.2598,4233.1299,26.6602,78.0644,78.0644,69.1901,100.244,73.8255,1.5431,2.105,0.0,0.0,1.27,False,1.2662,5.4999,1.0,-4.7407,4.5384,63.758
2021-08-01,67.73,185.763,67.7305,70.7471,272.676,False,0,0.05,1.28,1.2286,0.09,5.1,100.0437,147314,3065.7702,113.4025,"DTWEXM*1.1937 before 2006-01, DTWEXBGS after (ratio-splice on 2006 overlap)",4.0828,84.2634,59.2877,0.0,4522.6802,4367.73,24.839,59.9669,59.9669,52.1292,77.9339,58.1436,0.0,2.105,0.0,0.0,1.23,False,1.2286,4.2612,-1.0,-3.0295,3.2622,86.7139
2021-09-01,71.65,194.123,71.6462,74.4886,273.91,False,0,0.04,1.37,1.3329,0.08,4.7,98.8579,147771,3053.1356,113.4437,"DTWEXM*1.1937 before 2006-01, DTWEXBGS after (ratio-splice on 2006 overlap)",4.1129,98.186,92.7235,0.0,4307.54,4305.9102,26.1582,80.7974,80.7974,71.6139,92.0109,82.0813,0.0,2.105,0.0,0.0,1.33,False,1.3329,3.0125,-1.0,-2.4921,2.8167,107.9119
2021-10-01,81.48,220.924,81.4767,83.5381,276.55,False,0,0.05,1.58,1.5305,0.08,4.5,100.1861,148572,3066.721,114.0635,"DTWEXM*1.1937 before 2006-01, DTWEXBGS after (ratio-splice on 2006 overlap)",4.1522,109.0865,124.0408,0.0,4605.3799,4278.9399,29.463,106.802,100.0,94.6646,114.9066,107.8603,11.6909,13.7959,7.9209,7.9209,1.53,False,1.5305,3.5629,-1.0,-1.4824,3.3309,104.2824
2021-11-01,79.15,223.073,79.1475,81.05,278.919,False,0,0.05,1.56,1.508,0.08,4.1,100.8654,149230,3060.1562,114.9898,"DTWEXM*1.1937 before 2006-01, DTWEXBGS after (ratio-splice on 2006 overlap)",4.3306,53.3656,45.1075,0.0,4567.0,4560.0,28.3774,93.3317,93.3317,80.8495,108.8699,89.8465,0.0,13.7959,0.968,8.8889,1.51,False,1.508,3.8975,-1.0,0.7813,2.1361,80.9922
2021-12-01,71.71,197.098,71.7118,74.1705,280.845,False,0,0.06,1.47,1.4064,0.08,3.9,100.5726,149816,3029.5484,115.8045,"DTWEXM*1.1937 before 2006-01, DTWEXBGS after (ratio-splice on 2006 overlap)",4.278,54.6951,56.1567,0.0,4766.1802,4495.1201,25.5337,52.5096,52.5096,42.3005,60.7651,48.3598,0.0,13.7959,0.0,8.8889,1.41,False,1.4064,2.2464,-1.0,3.49,-0.4181,77.3092
2022-01-01,83.22,226.752,83.222,86.5052,282.543,False,0,0.15,1.76,1.6185,0.08,4.0,100.1856,150006,3035.9012,115.0373,"DTWEXM*1.1937 before 2006-01, DTWEXBGS after (ratio-splice on 2006 overlap)",4.4369,6.7465,70.9356,0.0,4515.5498,4222.6201,29.4539,60.0385,60.0385,48.7916,63.9566,57.9312,2.113,15.909,1.6358,10.5247,1.61,False,1.6185,1.3181,-1.0,3.1842,-1.5575,0.7129
2022-02-01,91.64,254.864,91.6411,97.129,284.5,False,0,0.33,1.93,1.6195,0.08,3.9,100.8064,150825,3049.825,114.9977,"DTWEXM*1.1937 before 2006-01, DTWEXBGS after (ratio-splice on 2006 overlap)",4.5569,10.337,56.182,0.0,4373.9399,4114.6499,32.2109,55.2168,55.2168,43.8028,64.0051,55.9641,9.638,25.547,11.6873,22.212,1.6,False,1.6195,5.4296,0.0,2.6609,-1.4369,14.4926
2022-03-01,108.5,281.88,108.5026,117.2452,287.674,False,0,0.44,2.13,1.6804,0.2,3.7,101.3907,151315,3034.593,116.2908,"DTWEXM*1.1937 before 2006-01, DTWEXBGS after (ratio-splice on 2006 overlap)",4.9034,38.866,69.8429,0.0,4530.4102,4157.8701,37.7163,74.0735,74.0735,60.3297,66.6943,79.2466,16.8882,42.4352,10.0751,32.2871,1.69,False,1.6804,3.0544,13.0,2.6066,-2.8023,13.7161
2022-04-01,101.78,283.471,101.7775,104.5753,288.561,False,0,0.76,2.75,1.984,0.33,3.7,101.44,151623,3036.2765,117.1688,"DTWEXM*1.1937 before 2006-01, DTWEXBGS after (ratio-splice on 2006 overlap)",4.7907,28.2947,60.9077,0.0,4131.9302,4124.2798,35.2716,64.906,64.906,52.3638,71.1781,61.3654,0.0,42.4352,0.5628,32.85,1.99,False,1.984,2.9234,26.0,4.0277,-2.4112,-16.8111
2022-05-01,109.55,289.411,109.5524,113.3376,291.298,False,0,0.98,2.9,1.9052,0.77,3.6,101.3335,151924,3012.4842,119.6962,"DTWEXM*1.1937 before 2006-01, DTWEXBGS after (ratio-splice on 2006 overlap)",4.9686,55.7073,72.4928,0.0,4132.1499,3810.3201,37.6075,68.0988,68.0988,54.8753,63.509,65.3738,0.9631,43.3983,2.0738,34.9238,1.92,False,1.9052,1.911,71.0,7.6286,-2.5859,-6.9652
2022-06-01,114.84,326.056,114.8371,122.711,294.957,False,0,1.49,3.14,1.6048,1.21,3.6,101.018,152358,2991.8292,120.0257,"DTWEXM*1.1937 before 2006-01, DTWEXBGS after (ratio-splice on 2006 overlap)",5.1529,33.7679,47.3339,0.0,3785.3799,3636.8701,38.9345,60.8854,60.8854,47.6292,68.0701,67.7202,4.7159,47.5522,11.9221,46.8459,1.65,False,1.6048,1.2218,113.0,7.5714,-3.4323,-27.1071
2022-07-01,101.62,275.308,101.619,111.9257,294.913,False,0,2.23,2.9,0.598,1.68,3.5,101.223,153072,2963.7782,122.7512,"DTWEXM*1.1937 before 2006-01, DTWEXBGS after (ratio-splice on 2006 overlap)",4.8081,19.9522,39.9889,1.0,4130.29,3721.5601,34.4576,40.1849,40.1849,29.2472,37.4863,48.9049,0.0,46.0091,0.0,46.8459,0.67,False,0.598,0.9687,158.0,8.5685,-3.9649,-48.9977
2022-08-01,93.67,258.826,93.6652,100.4464,295.097,False,0,2.63,2.9,0.1761,2.33,3.6,101.0963,153362,2984.8528,122.3178,"DTWEXM*1.1937 before 2006-01, DTWEXBGS after (ratio-splice on 2006 overlap)",4.5545,-18.5375,30.0375,1.0,3955.0,3954.53,31.7421,38.2991,38.2991,27.7914,39.3313,41.9794,0.0,46.0091,0.0,46.8459,0.27,False,0.1761,1.0521,224.0,7.8616,-2.6394,-102.8009
2022-09-01,84.26,241.987,84.2581,89.7648,296.349,False,0,3.13,3.52,0.2971,2.56,3.5,101.2918,153582,2972.1345,125.5946,"DTWEXM*1.1937 before 2006-01, DTWEXBGS after (ratio-splice on 2006 overlap)",4.4318,-13.6211,6.4615,1.0,3585.6201,3584.1299,28.4327,17.5994,17.5994,8.695,24.6565,20.508,0.0,46.0091,0.0,46.8459,0.39,False,0.2971,2.462,248.0,10.7109,-2.653,-111.8071
2022-10-01,87.55,247.665,87.5548,93.3319,298.007,False,0,3.72,3.98,0.111,3.08,3.6,101.2529,153939,2919.0618,127.4806,"DTWEXM*1.1937 before 2006-01, DTWEXBGS after (ratio-splice on 2006 overlap)",4.5528,5.8627,4.5422,1.0,3871.98,3491.5801,29.3785,7.4497,7.4497,-0.2869,12.1042,11.7238,0.0,34.3182,0.0,38.925,0.26,False,0.111,1.0648,300.0,11.7629,-4.8149,-103.2238
2022-11-01,84.37,241.614,84.3705,91.4155,298.786,False,0,4.15,3.89,-0.432,3.78,3.6,100.9552,154242,2901.187,124.8527,"DTWEXM*1.1937 before 2006-01, DTWEXBGS after (ratio-splice on 2006 overlap)",4.5472,-27.6279,21.6813,1.0,4080.1101,3698.1499,28.2376,6.5951,6.5951,-0.4927,8.3116,12.789,0.0,34.3182,0.0,37.957,-0.26,True,-0.432,0.089,370.0,8.5772,-5.1948,-80.9935
2022-12-01,76.44,209.831,76.4371,80.924,298.832,False,0,4.25,3.62,-0.7419,4.1,3.5,99.7664,154342,2902.5815,122.2343,"DTWEXM*1.1937 before 2006-01, DTWEXBGS after (ratio-splice on 2006 overlap)",4.3585,-16.2754,4.3342,1.0,3839.5,3764.49,25.5796,6.596,6.596,0.1799,6.4602,9.1054,0.0,34.3182,0.0,37.957,-0.63,True,-0.7419,-0.8016,402.0,5.5523,-4.191,-70.9704
2023-01-01,78.12,207.365,78.123,82.5014,300.42,False,0,4.54,3.53,-1.156,4.33,3.5,100.505,154776,2917.268,119.8101,"DTWEXM*1.1937 before 2006-01, DTWEXBGS after (ratio-splice on 2006 overlap)",4.1303,-63.545,-9.9464,1.0,4076.6001,3794.3301,26.0036,-6.1283,-6.1283,-11.7143,-8.5499,-4.6284,0.0,32.2052,0.0,36.3212,-1.01,True,-1.156,0.3188,425.0,4.1489,-3.9077,-70.2916
2023-02-01,76.83,214.227,76.8326,82.585,301.45,False,0,4.65,3.75,-1.0411,4.57,3.6,100.6416,155066,2933.9632,120.3084,"DTWEXM*1.1937 before 2006-01, DTWEXBGS after (ratio-splice on 2006 overlap)",4.2165,-96.0369,-16.1431,1.0,3970.1499,3943.0801,25.4868,-16.1611,-16.1611,-20.8752,-15.9446,-14.9739,0.0,22.5672,0.0,24.6339,-0.9,True,-1.0411,-0.1635,449.0,4.618,-3.799,-106.3739
2023-03-01,73.28,198.961,73.2778,78.4343,301.821,False,0,4.69,3.66,-1.1957,4.65,3.5,101.0205,155134,2915.1542,120.745,"DTWEXM*1.1937 before 2006-01, DTWEXBGS after (ratio-splice on 2006 overlap)",4.2542,-19.7815,-29.8024,1.0,4109.3101,3808.8601,24.2793,-32.4608,-32.4608,-35.6265,-29.4164,-33.1023,0.0,5.679,0.0,14.5588,-1.03,True,-1.1957,-0.3651,445.0,3.8302,-3.9359,-58.6476
2023-04-01,79.45,221.208,79.4463,84.6383,302.845,False,0,4.92,3.46,-1.6135,4.83,3.4,101.253,155375,2928.0915,119.2451,"DTWEXM*1.1937 before 2006-01, DTWEXBGS after (ratio-splice on 2006 overlap)",4.1289,-15.1106,-24.696,1.0,4169.48,4049.3501,26.2345,-21.9395,-21.9395,-25.6213,-21.9645,-19.0647,0.0,5.679,0.0,13.9959,-1.46,True,-1.6135,-0.1843,450.0,1.7721,-3.5631,-43.4053
2023-05-01,71.58,199.51,71.5782,75.466,303.334,False,0,5.14,3.57,-1.7345,5.06,3.6,100.9286,155655,2966.986,119.6293,"DTWEXM*1.1937 before 2006-01, DTWEXBGS after (ratio-splice on 2006 overlap)",3.9406,-19.5281,-40.7533,1.0,4179.8301,4048.28,23.5978,-34.66,-34.66,-37.2526,-31.0634,-33.4149,0.0,4.7159,0.0,11.9221,-1.57,True,-1.7345,-0.3996,429.0,-0.0559,-1.5103,-75.2354
2023-06-01,70.25,191.18,70.2481,74.8391,304.014,False,0,5.16,3.75,-1.6676,5.08,3.6,100.1196,155880,2991.485,119.297,"DTWEXM*1.1937 before 2006-01, DTWEXBGS after (ratio-splice on 2006 overlap)",3.9392,-46.4901,-36.7129,1.0,4450.3799,4171.6401,23.1075,-38.8279,-38.8279,-40.6503,-41.3659,-39.0119,0.0,0.0,0.0,0.0,-1.41,True,-1.6676,-0.8893,387.0,-0.6072,-0.0115,-80.2581
2023-07-01,76.07,207.341,76.0695,80.1081,304.609,False,0,5.25,3.9,-1.589,5.12,3.5,100.9067,156043,2996.039,118.0492,"DTWEXM*1.1937 before 2006-01, DTWEXBGS after (ratio-splice on 2006 overlap)",3.9822,-50.4803,-17.4654,1.0,4588.96,4385.0498,24.973,-25.1427,-25.1427,-27.5255,-24.6876,-28.4274,0.0,0.0,0.0,0.0,-1.35,True,-1.589,-0.3125,344.0,-3.8305,1.0885,-70.4325
2023-08-01,81.39,224.147,81.3861,86.1477,306.082,False,0,5.3,4.17,-1.3913,5.33,3.7,100.8393,156261,3008.6754,119.8563,"DTWEXM*1.1937 before 2006-01, DTWEXBGS after (ratio-splice on 2006 overlap)",4.1455,-40.7442,-9.2637,1.0,4507.6602,4335.3101,26.5909,-13.1099,-13.1099,-16.2283,-13.3986,-14.2351,0.0,0.0,0.0,0.0,-1.13,True,-1.3913,-0.2542,300.0,-2.0123,0.7981,-22.2067
2023-09-01,89.43,247.165,89.425,93.7224,307.276,False,0,5.32,4.38,-1.1765,5.33,3.7,101.0211,156417,3001.586,121.6455,"DTWEXM*1.1937 before 2006-01, DTWEXBGS after (ratio-splice on 2006 overlap)",4.2025,-21.7994,9.8777,1.0,4288.0498,4238.6299,29.1041,6.1358,6.1358,2.3615,2.1398,4.4089,0.0,0.0,0.0,0.0,-0.94,True,-1.1765,-0.2672,277.0,-3.1443,0.9909,-8.1782
2023-10-01,85.64,238.834,85.6395,90.5959,307.696,False,0,5.34,4.8,-0.8067,5.33,3.9,100.4689,156576,2992.2575,123.4971,"DTWEXM*1.1937 before 2006-01, DTWEXBGS after (ratio-splice on 2006 overlap)",4.1383,7.5693,-8.3315,1.0,4193.7998,4103.7798,27.8327,-2.1816,-2.1816,-5.2618,-3.5657,-2.9315,0.0,0.0,0.0,0.0,-0.54,True,-0.8067,-0.7743,225.0,-3.1248,2.5075,1.7066
2023-11-01,77.69,215.826,77.685,82.94,308.148,False,0,5.27,4.5,-1.02,5.33,3.7,100.8639,156703,2974.6924,121.2221,"DTWEXM*1.1937 before 2006-01, DTWEXBGS after (ratio-splice on 2006 overlap)",3.9966,5.5863,-1.0334,1.0,4567.7998,4197.7402,25.2119,-7.9175,-7.9175,-10.7151,-10.6732,-9.2714,0.0,0.0,0.0,0.0,-0.77,True,-1.02,-0.0904,155.0,-2.9079,2.5336,33.2142
2023-12-01,71.9,193.028,71.9,77.6311,308.741,False,0,5.24,4.02,-1.422,5.33,3.8,100.6031,156857,2959.56,119.8331,"DTWEXM*1.1937 before 2006-01, DTWEXBGS after (ratio-splice on 2006 overlap)",3.8836,38.2098,-9.6519,1.0,4769.8301,4546.5,23.2881,-5.9393,-5.9393,-8.9582,-8.0079,-4.0692,0.0,0.0,0.0,0.0,-1.22,True,-1.422,0.8387,123.0,-1.9644,1.963,54.4852
2024-01-01,74.15,201.535,74.1524,80.1241,309.698,False,0,5.22,4.06,-1.3957,5.33,3.7,99.2223,157032,2942.7482,120.2274,"DTWEXM*1.1937 before 2006-01, DTWEXBGS after (ratio-splice on 2006 overlap)",3.8786,-7.0156,-5.4067,1.0,4845.6499,4682.1099,23.9427,-5.0819,-5.0819,-7.9255,-2.8115,-2.8816,0.0,0.0,0.0,0.0,-1.16,True,-1.3957,-1.2763,100.0,0.3483,0.8734,56.5294
2024-02-01,77.25,212.353,77.249,83.4781,310.967,False,0,5.24,4.21,-1.233,5.33,3.9,100.285,157238,2940.6012,121.0659,"DTWEXM*1.1937 before 2006-01, DTWEXBGS after (ratio-splice on 2006 overlap)",3.8171,19.3987,3.9769,1.0,5096.27,4853.52,24.8419,0.5467,0.5467,-2.5305,-0.8748,1.0814,0.0,0.0,0.0,0.0,-1.03,True,-1.233,-0.3543,76.0,0.6297,0.2262,115.4357
2024-03-01,81.28,215.952,81.278,85.4085,312.345,False,0,5.24,4.21,-1.26,5.33,3.9,100.4575,157466,2933.208,120.6588,"DTWEXM*1.1937 before 2006-01, DTWEXBGS after (ratio-splice on 2006 overlap)",3.9149,24.7394,21.2944,1.0,5254.3501,5056.8198,26.0225,10.917,10.917,7.1798,8.5399,8.8917,0.0,0.0,0.0,0.0,-1.03,True,-1.26,-0.5573,68.0,-0.0714,0.6193,44.5209
2024-04-01,85.35,234.282,85.3473,89.9381,313.023,False,0,5.24,4.54,-0.9045,5.33,3.9,100.2434,157530,2955.5492,122.1428,"DTWEXM*1.1937 before 2006-01, DTWEXBGS after (ratio-splice on 2006 overlap)",3.977,-0.7777,12.3234,1.0,5035.6899,4953.5601,27.2664,7.4261,7.4261,3.9331,5.9103,6.2617,0.0,0.0,0.0,0.0,-0.7,True,-0.9045,-0.9971,50.0,2.43,0.9377,14.3329
2024-05-01,80.02,217.159,80.0245,81.7462,313.175,False,0,5.25,4.48,-0.9727,5.33,3.9,100.863,157608,2940.2508,121.8583,"DTWEXM*1.1937 before 2006-01, DTWEXBGS after (ratio-splice on 2006 overlap)",3.9559,8.3901,7.7678,1.0,5277.5098,5011.0498,25.5512,11.791,11.791,8.2782,8.8462,8.3219,0.0,0.0,0.0,0.0,-0.77,True,-0.9727,-0.065,27.0,1.8633,-0.9011,27.9182
2024-06-01,79.77,216.608,79.7674,82.246,313.044,False,0,5.24,4.31,-1.2011,5.33,4.1,100.894,157695,2926.514,123.7095,"DTWEXM*1.1937 before 2006-01, DTWEXBGS after (ratio-splice on 2006 overlap)",3.8605,10.0111,19.8871,1.0,5460.48,5234.3198,25.482,13.5516,13.5516,10.2761,13.3006,9.8971,0.0,0.0,0.0,0.0,-0.93,True,-1.2011,0.7735,25.0,3.6988,-2.1719,56.5012
2024-07-01,81.8,224.405,81.8005,85.153,313.569,False,0,5.2,4.25,-1.1832,5.33,4.2,99.9757,157748,2924.4636,123.3824,"DTWEXM*1.1937 before 2006-01, DTWEXBGS after (ratio-splice on 2006 overlap)",3.8262,10.1639,-1.0104,1.0,5522.2998,5390.9502,26.0868,7.5325,7.5325,4.4599,8.2299,6.2977,0.0,0.0,0.0,0.0,-0.95,True,-1.1832,-0.9226,21.0,4.5178,-2.389,60.6442
2024-08-01,76.68,213.906,76.6832,80.3552,314.062,False,0,5.05,3.87,-1.4245,5.33,4.2,100.4309,157757,2921.6025,122.6137,"DTWEXM*1.1937 before 2006-01, DTWEXBGS after (ratio-splice on 2006 overlap)",3.7428,-1.3218,-7.6007,1.0,5648.3999,5119.2598,24.4156,-5.787,-5.787,-8.1808,-4.5689,-6.7239,0.0,0.0,0.0,0.0,-1.18,True,-1.4245,-0.405,0.0,2.3006,-2.8941,39.4224
2024-09-01,70.24,185.951,70.236,74.0167,314.732,False,0,4.72,3.72,-1.1985,5.13,4.1,99.8084,157912,2938.3478,121.8849,"DTWEXM*1.1937 before 2006-01, DTWEXBGS after (ratio-splice on 2006 overlap)",3.725,12.1791,-24.8059,1.0,5762.48,5402.6201,22.3174,-21.4581,-21.4581,-23.3188,-24.7665,-21.0256,0.0,0.0,0.0,0.0,-1.0,True,-1.1985,-1.2004,-20.0,0.1967,-2.1068,33.9785
2024-10-01,71.99,195.992,71.985,75.6326,315.631,False,0,4.51,4.1,-0.6227,4.83,4.1,99.4695,157945,2932.8542,123.5953,"DTWEXM*1.1937 before 2006-01, DTWEXBGS after (ratio-splice on 2006 overlap)",3.6557,-4.3884,-19.1306,1.0,5705.4502,5674.0,22.8083,-15.9388,-15.9388,-18.0521,-17.938,-16.5165,0.0,0.0,0.0,0.0,-0.41,True,-0.6227,-0.9947,-50.0,0.0795,-1.9852,-11.9577
2024-11-01,69.95,189.72,69.95,74.3452,316.528,False,0,4.42,4.36,-0.2642,4.64,4.2,99.2925,158079,2934.0568,126.3113,"DTWEXM*1.1937 before 2006-01, DTWEXBGS after (ratio-splice on 2006 overlap)",3.5685,-12.4321,-8.3266,1.0,6032.3799,5696.5098,22.0992,-9.9627,-9.9627,-12.3464,-12.0959,-10.3626,0.0,0.0,0.0,0.0,-0.06,True,-0.2642,-1.5579,-69.0,4.1983,-1.366,-18.0184
2024-12-01,70.12,189.942,70.1181,73.8595,317.604,False,0,4.27,4.39,0.0005,4.48,4.1,100.3273,158316,2912.578,127.5758,"DTWEXM*1.1937 before 2006-01, DTWEXBGS after (ratio-splice on 2006 overlap)",3.7866,-46.3453,-2.5165,1.0,5881.6299,5832.2998,22.0778,-2.4757,-2.4757,-5.1972,-1.5987,-4.8583,0.0,0.0,0.0,0.0,0.12,True,0.0005,-0.2741,-85.0,6.4612,-1.5875,-84.5551
2025-01-01,75.74,211.855,75.7425,79.2705,318.961,False,0,4.21,4.63,0.2862,4.33,4.0,100.0647,158268,2876.8282,128.837,"DTWEXM*1.1937 before 2006-01, DTWEXBGS after (ratio-splice on 2006 overlap)",3.9541,-63.3044,-7.1511,1.0,6040.5298,5773.3101,23.7458,2.1443,2.1443,-0.8221,5.1207,-1.0654,0.0,0.0,0.0,0.0,0.42,True,0.2862,0.849,-100.0,7.1611,-2.2401,-56.2887
2025-02-01,71.53,203.762,71.5332,75.438,319.679,False,0,4.22,4.45,0.1189,4.33,4.2,101.0993,158310,2921.2055,127.8758,"DTWEXM*1.1937 before 2006-01, DTWEXBGS after (ratio-splice on 2006 overlap)",3.8402,-67.5367,-9.8325,1.0,5954.5,5837.6602,22.3756,-7.4045,-7.4045,-9.928,-4.0456,-9.6314,0.0,0.0,0.0,0.0,0.23,True,0.1189,0.812,-100.0,5.6249,-0.6596,-86.9354
2025-03-01,68.24,190.263,68.239,72.7329,319.785,False,0,4.2,4.28,-0.0552,4.33,4.2,101.0404,158377,2935.0562,126.243,"DTWEXM*1.1937 before 2006-01, DTWEXBGS after (ratio-splice on 2006 overlap)",3.6184,-13.3191,-12.7897,1.0,5611.8501,5488.73,21.3393,-16.0433,-16.0433,-17.9966,-11.8957,-14.8412,0.0,0.0,0.0,0.0,0.08,True,-0.0552,0.5802,-100.0,4.6281,0.063,-38.0585
2025-04-01,63.54,178.033,63.5367,68.1345,320.302,False,0,4.21,4.28,-0.0433,4.33,4.2,101.1279,158485,2932.3942,124.1402,"DTWEXM*1.1937 before 2006-01, DTWEXBGS after (ratio-splice on 2006 overlap)",3.6643,-25.0049,-29.183,1.0,5569.0601,4835.04,19.8375,-25.5536,-25.5536,-27.2454,-24.0091,-24.2429,0.0,0.0,0.0,0.0,0.07,True,-0.0433,0.8824,-100.0,1.6353,-0.7834,-24.2272
2025-05-01,62.17,174.359,62.1676,64.453,320.62,False,0,4.25,4.42,0.0624,4.33,4.3,100.9655,158498,2910.7082,122.3422,"DTWEXM*1.1937 before 2006-01, DTWEXBGS after (ratio-splice on 2006 overlap)",3.5799,-26.4924,-20.6661,1.0,5911.6899,5578.6401,19.3906,-22.3069,-22.3069,-24.111,-19.7091,-21.1547,0.0,0.0,0.0,0.0,0.17,True,0.0624,0.1016,-100.0,0.397,-1.0048,-34.8825
2025-06-01,68.17,186.387,68.169,71.4448,321.435,False,0,4.23,4.38,-0.0375,4.33,4.1,101.4785,158478,2885.0637,120.5939,"DTWEXM*1.1937 before 2006-01, DTWEXBGS after (ratio-splice on 2006 overlap)",3.6471,-3.7621,-19.7628,1.0,6204.9502,5861.4302,21.208,-14.5418,-14.5418,-16.7727,-13.9519,-13.1328,0.0,0.0,0.0,0.0,0.15,True,-0.0375,0.5793,-100.0,-2.5185,-1.4164,-13.7732
2025-07-01,68.39,188.522,68.3909,71.0413,322.169,False,0,4.25,4.39,-0.0205,4.33,4.3,101.894,158542,2889.7024,120.1127,"DTWEXM*1.1937 before 2006-01, DTWEXBGS after (ratio-splice on 2006 overlap)",3.5416,3.767,-11.4189,1.0,6339.3901,6177.9702,21.228,-16.3936,-16.3936,-18.6254,-15.9903,-16.5722,0.0,0.0,0.0,0.0,0.14,True,-0.0205,1.9188,-100.0,-2.6501,-1.1886,-6.3969
2025-08-01,64.86,181.631,64.8643,67.87,323.291,False,0,4.12,4.26,-0.04,4.33,4.3,101.6247,158472,2853.6015,120.5758,"DTWEXM*1.1937 before 2006-01, DTWEXBGS after (ratio-splice on 2006 overlap)",3.5202,13.0697,-15.1147,1.0,6460.2598,6212.6899,20.0624,-15.4147,-15.4147,-17.8294,-15.0884,-15.5376,0.0,0.0,0.0,0.0,0.14,True,-0.04,1.1887,-100.0,-1.662,-2.3275,14.3916
2025-09-01,63.96,178.79,63.959,67.9855,324.245,False,0,3.92,4.12,0.0548,4.22,4.4,101.668,158548,2807.788,120.0291,"DTWEXM*1.1937 before 2006-01, DTWEXBGS after (ratio-splice on 2006 overlap)",3.6194,18.9549,-12.6763,1.0,6688.46,6360.5801,19.7258,-8.9408,-8.9408,-11.6124,-3.851,-8.1485,0.0,0.0,0.0,0.0,0.2,True,0.0548,1.8632,-91.0,-1.5226,-4.4433,6.7758
2025-10-01,60.89,169.133,60.8945,64.5435,324.6537,True,0,3.82,4.06,0.0841,4.09,,101.2195,158408,2768.5624,120.7618,"DTWEXM*1.1937 before 2006-01, DTWEXBGS after (ratio-splice on 2006 overlap)",3.5654,12.7776,-14.2599,1.0,6840.2002,6550.7798,18.7554,-15.4188,-15.4188,-17.7695,-13.7041,-14.6618,0.0,0.0,0.0,0.0,0.24,True,0.0841,1.7593,-74.0,-2.2926,-5.6018,17.166
2025-11-01,60.06,166.872,60.0622,63.797,325.063,False,0,3.78,4.09,0.1567,3.88,4.5,101.0344,158449,2752.7685,121.4177,"DTWEXM*1.1937 before 2006-01, DTWEXBGS after (ratio-splice on 2006 overlap)",3.6219,21.8174,-16.778,1.0,6849.0898,6521.9199,18.4764,-14.1387,-14.1387,-16.3931,-12.043,-14.1882,0.0,0.0,0.0,0.0,0.31,True,0.1567,1.7543,-76.0,-3.8743,-6.1788,34.2495
2025-12-01,57.97,160.883,57.9723,62.5443,326.031,False,0,3.59,4.14,0.4636,3.72,4.4,101.4941,158432,2751.2308,120.1883,"DTWEXM*1.1937 before 2006-01, DTWEXBGS after (ratio-splice on 2006 overlap)",3.6944,28.541,-19.2042,1.0,6845.5,6720.4302,17.7805,-17.3274,-17.3274,-19.4643,-15.2989,-15.3199,0.0,0.0,0.0,0.0,0.55,True,0.4636,1.163,-76.0,-5.7906,-5.5397,74.8863
2026-01-01,60.04,168.113,60.037,66.6024,326.588,False,0,3.57,4.21,0.548,3.64,4.3,101.0388,158592,2769.662,119.2298,"DTWEXM*1.1937 before 2006-01, DTWEXBGS after (ratio-splice on 2006 overlap)",3.6231,1.055,-12.2568,1.0,6939.0298,6789.0498,18.384,-20.7288,-20.7288,-22.5801,-20.6471,-15.9808,0.0,0.0,0.0,0.0,0.64,True,0.548,0.9735,-69.0,-7.4568,-3.7252,64.3594
2026-02-01,64.51,182.399,64.5084,70.887,327.46,False,0,3.6,4.13,0.4379,3.64,4.4,101.9053,158436,2788.3422,117.906,"DTWEXM*1.1937 before 2006-01, DTWEXBGS after (ratio-splice on 2006 overlap)",3.599,14.8041,-5.7698,1.0,6878.8799,6775.5,19.7001,-9.8141,-9.8141,-11.957,-10.4843,-6.0328,0.0,0.0,0.0,0.0,0.53,True,0.4379,0.7972,-69.0,-7.7965,-4.5482,82.3408
2026-03-01,91.38,260.305,91.3836,103.1345,330.293,False,0,3.61,4.25,0.5268,3.64,4.3,101.7543,158650,2725.9975,119.9199,"DTWEXM*1.1937 before 2006-01, DTWEXBGS after (ratio-splice on 2006 overlap)",3.9056,14.4006,46.838,1.0,6528.52,6316.9102,27.6663,33.9097,33.9097,29.6495,36.8133,41.7991,2.157,2.157,5.1798,5.1798,0.64,True,0.5268,0.7065,-69.0,-5.0087,-7.1228,27.7197
2026-04-01,100.32,282.097,100.3167,117.2875,332.407,False,0,3.61,4.32,0.6227,3.64,4.3,102.5198,158798,2718.713,119.0363,"DTWEXM*1.1937 before 2006-01, DTWEXBGS after (ratio-splice on 2006 overlap)",4.0703,31.6121,70.1488,1.0,7209.0098,6474.9399,30.1799,57.8848,57.8848,52.1352,58.4521,72.1411,9.3338,11.4909,8.0397,13.2195,0.71,False,0.6227,1.3764,-69.0,-4.1114,-7.2869,56.617
2026-05-01,102.13,298.066,102.134,107.1395,333.979,False,0,3.6,4.48,0.7985,3.63,4.3,102.5099,158861,2689.957,118.7792,"DTWEXM*1.1937 before 2006-01, DTWEXBGS after (ratio-splice on 2006 overlap)",4.0869,53.4634,44.9515,0.0,7580.0601,7174.1201,30.5798,64.2754,64.2754,57.7044,70.9496,66.2288,1.7881,13.279,5.5064,18.7259,0.88,False,0.7985,1.5296,-70.0,-2.9123,-7.5841,79.9558
2026-06-01,84.81,245.891,84.8071,85.3991,332.568,False,0,3.66,4.47,0.6595,3.63,4.2,102.7868,158892,2637.1528,120.0834,"DTWEXM*1.1937 before 2006-01, DTWEXBGS after (ratio-splice on 2006 overlap)",3.8763,44.6349,6.9415,0.0,7499.3599,7237.8501,25.5016,24.4096,24.4096,20.2448,31.925,19.5316,0.0,13.279,0.0,18.7259,0.81,False,0.6595,1.2892,-70.0,-0.4233,-8.5929,48.397
2026-07-01,80.46,232.927,80.4564,83.7587,332.813,False,0,3.73,4.6,0.7327,3.63,4.1,102.9939,158913,2620.0884,120.597,"DTWEXM*1.1937 before 2006-01, DTWEXBGS after (ratio-splice on 2006 overlap)",3.822,44.5453,27.0609,0.0,7489.7202,7313.9199,24.1757,17.6488,17.6488,13.8861,23.5543,17.9014,0.0,13.279,0.0,18.7259,0.87,False,0.7327,1.0795,-70.0,0.4033,-9.3302,40.7783
2026-08-01,83.9,245.017,83.8976,91.076,334.131,False,0,3.72,4.68,0.8076,3.63,4.1,,159075,2607.3395,118.8512,"DTWEXM*1.1937 before 2006-01, DTWEXBGS after (ratio-splice on 2006 overlap)",,50.6441,36.8396,0.0,7686.1401,7504.7798,25.1099,29.3555,29.3555,25.1589,34.8982,34.1918,0.0,13.279,0.0,18.7259,0.96,False,0.8076,,-70.0,-1.4303,-8.6299,37.5744
