flag,symbol,month,bucket,r
quiet_before_catalyst,CRSP,2026-04,M,-1.01298
quiet_before_catalyst,CRSP,2026-05,M,0.38914
quiet_before_catalyst,CRSP,2026-05,M,0.34041
quiet_before_catalyst,CRSP,2026-05,M,0.77283
quiet_before_catalyst,NTLA,2026-03,M,0.25335
quiet_before_catalyst,NTLA,2026-03,M,0.5897
quiet_before_catalyst,NTLA,2026-03,M,0.55185
quiet_before_catalyst,NTLA,2026-03,M,1.07372
quiet_before_catalyst,NTLA,2026-04,M,0.65344
quiet_before_catalyst,ILMN,2022-08,L,-0.39829
quiet_before_catalyst,ILMN,2022-10,L,1.24024
quiet_before_catalyst,ILMN,2022-10,L,0.98779
quiet_before_catalyst,ILMN,2022-10,L,0.91195
quiet_before_catalyst,ILMN,2022-11,L,0.55872
quiet_before_catalyst,ILMN,2022-11,L,-0.09891
quiet_before_catalyst,ILMN,2024-01,L,-0.00686
quiet_before_catalyst,ILMN,2024-01,L,-0.08471
quiet_before_catalyst,ILMN,2026-06,L,1.22479
quiet_before_catalyst,ILMN,2026-06,L,1.351
quiet_before_catalyst,ILMN,2026-07,L,0.13382
quiet_before_catalyst,ILMN,2026-07,L,-0.16126
quiet_before_catalyst,NTRA,2025-03,L,0.21905
quiet_before_catalyst,NTRA,2025-03,L,-1.01206
quiet_before_catalyst,NTRA,2025-04,L,0.30465
quiet_before_catalyst,NTRA,2025-04,L,0.31593
quiet_before_catalyst,NTRA,2025-05,L,0.62482
quiet_before_catalyst,NTRA,2025-05,L,0.4639
quiet_before_catalyst,NTRA,2025-05,L,0.59897
quiet_before_catalyst,NTRA,2025-05,L,0.45989
quiet_before_catalyst,IONS,2016-11,M,2.98353
quiet_before_catalyst,IONS,2016-11,M,0.15022
quiet_before_catalyst,IONS,2016-12,M,0.0991
quiet_before_catalyst,IONS,2016-12,M,0.28049
quiet_before_catalyst,IONS,2016-12,M,-0.09167
quiet_before_catalyst,IONS,2017-02,M,-0.66227
quiet_before_catalyst,IONS,2017-02,M,-0.73925
quiet_before_catalyst,IONS,2017-02,M,-1.01475
quiet_before_catalyst,IONS,2017-02,M,-0.81114
quiet_before_catalyst,IONS,2017-03,M,-1.01226
quiet_before_catalyst,IONS,2018-05,M,-0.32999
quiet_before_catalyst,IONS,2018-05,M,-0.59048
quiet_before_catalyst,IONS,2018-06,M,-1.01762
quiet_before_catalyst,IONS,2018-06,M,-1.01785
quiet_before_catalyst,IONS,2018-06,M,-0.1698
quiet_before_catalyst,IONS,2018-08,M,0.19505
quiet_before_catalyst,IONS,2018-09,M,0.78941
quiet_before_catalyst,IONS,2018-09,M,0.91001
quiet_before_catalyst,IONS,2020-05,M,0.44803
quiet_before_catalyst,IONS,2020-05,M,0.25853
quiet_before_catalyst,IONS,2020-05,M,0.52633
quiet_before_catalyst,IONS,2020-05,M,0.31377
quiet_before_catalyst,IONS,2020-06,M,-0.13118
quiet_before_catalyst,IONS,2021-06,M,-0.06618
quiet_before_catalyst,IONS,2021-06,M,-0.38248
quiet_before_catalyst,IONS,2021-07,M,-0.40102
quiet_before_catalyst,IONS,2023-03,M,-1.0237
quiet_before_catalyst,IONS,2023-03,M,0.74893
quiet_before_catalyst,IONS,2023-03,M,0.75799
quiet_before_catalyst,IONS,2023-04,M,0.42312
quiet_before_catalyst,IONS,2023-06,M,0.36177
quiet_before_catalyst,IONS,2023-06,M,0.31469
quiet_before_catalyst,IONS,2023-06,M,0.33386
quiet_before_catalyst,IONS,2023-07,M,0.36576
quiet_before_catalyst,IONS,2023-11,M,0.83744
quiet_before_catalyst,IONS,2023-11,M,0.40096
quiet_before_catalyst,IONS,2023-11,M,0.12125
quiet_before_catalyst,IONS,2023-11,M,0.30551
quiet_before_catalyst,IONS,2023-12,M,-0.09777
quiet_before_catalyst,IONS,2024-04,M,-1.02776
quiet_before_catalyst,IONS,2024-05,M,-1.02171
quiet_before_catalyst,IONS,2024-05,M,0.82701
quiet_before_catalyst,IONS,2024-06,M,0.77428
quiet_before_catalyst,IONS,2024-06,M,1.98293
quiet_before_catalyst,IONS,2024-06,M,1.81435
quiet_before_catalyst,IONS,2024-07,M,0.13055
quiet_before_catalyst,IONS,2024-07,M,-0.19702
quiet_before_catalyst,IONS,2024-07,M,-0.65957
quiet_before_catalyst,IONS,2024-12,M,-0.74071
quiet_before_catalyst,IONS,2024-12,M,-1.01666
quiet_before_catalyst,IONS,2024-12,M,-0.77573
quiet_before_catalyst,IONS,2025-01,M,-0.61474
quiet_before_catalyst,IONS,2025-01,M,-0.04121
quiet_before_catalyst,IONS,2025-02,M,0.0767
quiet_before_catalyst,IONS,2025-02,M,0.45223
quiet_before_catalyst,IONS,2025-02,M,0.20077
quiet_before_catalyst,IONS,2025-03,M,-0.02805
quiet_before_catalyst,IONS,2025-03,M,-1.0147
quiet_before_catalyst,IONS,2025-03,M,-1.01484
quiet_before_catalyst,IONS,2025-03,M,-1.01535
quiet_before_catalyst,IONS,2025-05,M,0.57155
quiet_before_catalyst,IONS,2025-05,M,0.51783
quiet_before_catalyst,IONS,2025-06,M,0.42945
quiet_before_catalyst,IONS,2025-08,M,2.97675
quiet_before_catalyst,IONS,2025-08,M,2.97871
quiet_before_catalyst,IONS,2025-08,M,2.9763
quiet_before_catalyst,IONS,2025-08,M,2.97497
quiet_before_catalyst,IONS,2026-03,L,-1.0186
quiet_before_catalyst,IONS,2026-03,L,0.67791
quiet_before_catalyst,IONS,2026-03,L,0.47485
quiet_before_catalyst,IONS,2026-04,L,0.18751
quiet_before_catalyst,IONS,2026-05,L,-0.2985
quiet_before_catalyst,IONS,2026-05,L,-0.35403
quiet_before_catalyst,IONS,2026-05,L,-0.4091
quiet_before_catalyst,IONS,2026-06,L,-0.25349
quiet_before_catalyst,IONS,2026-06,L,-0.21506
quiet_before_catalyst,ARCT,2024-09,S,-0.13337
quiet_before_catalyst,ARCT,2024-09,S,-0.35438
quiet_before_catalyst,ARCT,2024-10,S,-0.44947
quiet_before_catalyst,BNTX,2021-03,L,2.98562
quiet_before_catalyst,BNTX,2021-03,L,2.98376
quiet_before_catalyst,BNTX,2021-05,L,1.1658
quiet_before_catalyst,BNTX,2021-05,L,0.62733
quiet_before_catalyst,BNTX,2021-06,L,0.59061
quiet_before_catalyst,BNTX,2021-06,L,-0.0134
quiet_before_catalyst,BNTX,2021-06,L,-0.21315
quiet_before_catalyst,BNTX,2021-07,L,-0.02623
quiet_before_catalyst,BNTX,2021-07,L,1.28219
quiet_before_catalyst,BNTX,2021-09,L,-1.09629
quiet_before_catalyst,BNTX,2021-09,L,-1.01079
quiet_before_catalyst,BNTX,2021-10,L,0.46508
quiet_before_catalyst,BNTX,2021-11,L,-1.01188
quiet_before_catalyst,BNTX,2021-11,L,1.60892
quiet_before_catalyst,BNTX,2021-11,L,1.10131
quiet_before_catalyst,BNTX,2022-08,L,-1.01461
quiet_before_catalyst,BNTX,2022-08,L,-1.02338
quiet_before_catalyst,BNTX,2022-08,L,-0.26982
quiet_before_catalyst,BNTX,2022-08,L,-0.39669
quiet_before_catalyst,BNTX,2022-09,L,-1.18642
quiet_before_catalyst,BNTX,2022-09,L,-1.05214
quiet_before_catalyst,BNTX,2022-09,L,-0.14173
quiet_before_catalyst,BNTX,2022-09,L,-0.2091
quiet_before_catalyst,BNTX,2022-10,L,-0.3899
quiet_before_catalyst,BNTX,2023-05,L,0.21974
quiet_before_catalyst,BNTX,2023-05,L,0.01393
quiet_before_catalyst,BNTX,2023-06,L,0.15635
quiet_before_catalyst,BNTX,2024-10,L,-0.43178
quiet_before_catalyst,BNTX,2024-10,L,-1.01989
quiet_before_catalyst,BNTX,2024-10,L,-1.02461
quiet_before_catalyst,BNTX,2024-10,L,-1.02474
quiet_before_catalyst,BNTX,2024-11,L,-0.14199
quiet_before_catalyst,BNTX,2025-12,L,-0.36714
quiet_before_catalyst,BNTX,2025-12,L,-0.08883
quiet_before_catalyst,BNTX,2025-12,L,0.55177
quiet_before_catalyst,BNTX,2026-01,L,-0.80525
quiet_before_catalyst,BNTX,2026-02,L,-0.09645
quiet_before_catalyst,BNTX,2026-03,L,0.74797
quiet_before_catalyst,BNTX,2026-04,L,2.97595
quiet_before_catalyst,BNTX,2026-04,L,0.79089
quiet_before_catalyst,BNTX,2026-04,L,-0.21405
quiet_before_catalyst,BNTX,2026-06,L,0.03175
quiet_before_catalyst,BNTX,2026-06,L,0.31601
quiet_before_catalyst,BNTX,2026-06,L,0.21225
quiet_before_catalyst,BNTX,2026-07,L,-0.18435
quiet_before_catalyst,BNTX,2026-07,L,-0.19677
quiet_before_catalyst,BNTX,2026-07,L,0.07754
quiet_before_catalyst,MRNA,2022-05,L,0.13736
quiet_before_catalyst,MRNA,2022-05,L,0.35979
quiet_before_catalyst,MRNA,2022-06,L,0.08168
quiet_before_catalyst,MRNA,2022-06,L,0.34375
quiet_before_catalyst,MRNA,2022-06,L,0.43125
quiet_before_catalyst,MRNA,2022-09,L,-1.01315
quiet_before_catalyst,MRNA,2022-09,L,-0.80457
quiet_before_catalyst,MRNA,2022-09,L,-0.26845
quiet_before_catalyst,MRNA,2022-10,L,-0.35547
quiet_before_catalyst,MRNA,2022-11,L,-0.03896
quiet_before_catalyst,MRNA,2022-12,L,0.04803
quiet_before_catalyst,MRNA,2022-12,L,-0.59398
quiet_before_catalyst,MRNA,2022-12,L,0.18713
quiet_before_catalyst,MRNA,2023-01,L,0.36916
quiet_before_catalyst,MRNA,2023-01,L,0.13529
quiet_before_catalyst,MRNA,2023-06,L,-0.74644
quiet_before_catalyst,MRNA,2023-06,L,-0.17406
quiet_before_catalyst,MRNA,2023-07,L,-0.35282
quiet_before_catalyst,MRNA,2023-07,L,-1.08212
quiet_before_catalyst,MRNA,2023-07,L,-1.11171
quiet_before_catalyst,MRNA,2023-08,L,0.35633
quiet_before_catalyst,MRNA,2023-09,L,-1.01391
quiet_before_catalyst,MRNA,2023-09,L,-0.28101
quiet_before_catalyst,MRNA,2023-09,L,0.05633
quiet_before_catalyst,MRNA,2023-10,L,-1.01366
quiet_before_catalyst,MRNA,2023-10,L,-1.01865
quiet_before_catalyst,MRNA,2023-11,L,-0.30013
quiet_before_catalyst,MRNA,2023-11,L,1.79809
quiet_before_catalyst,MRNA,2023-11,L,2.12144
quiet_before_catalyst,MRNA,2023-12,L,1.97275
quiet_before_catalyst,MRNA,2024-02,L,0.44924
quiet_before_catalyst,MRNA,2024-03,L,0.75108
quiet_before_catalyst,MRNA,2024-03,L,0.01372
quiet_before_catalyst,MRNA,2024-03,L,0.16244
quiet_before_catalyst,MRNA,2024-04,L,2.61701
quiet_before_catalyst,MRNA,2024-04,L,2.32052
quiet_before_catalyst,MRNA,2024-04,L,2.35899
quiet_before_catalyst,MRNA,2024-05,L,0.45488
quiet_before_catalyst,MRNA,2024-06,L,0.36306
quiet_before_catalyst,MRNA,2024-06,L,-0.46494
quiet_before_catalyst,MRNA,2024-06,L,0.02472
quiet_before_catalyst,MRNA,2024-07,L,-1.48216
quiet_before_catalyst,MRNA,2024-07,L,-1.44994
quiet_before_catalyst,MRNA,2024-07,L,-1.59433
quiet_before_catalyst,MRNA,2024-08,L,-0.36867
quiet_before_catalyst,MRNA,2024-10,L,-1.01064
quiet_before_catalyst,MRNA,2024-10,L,-1.01699
quiet_before_catalyst,MRNA,2024-10,L,-1.01609
quiet_before_catalyst,MRNA,2024-11,L,-1.01708
quiet_before_catalyst,MRNA,2025-03,L,-1.0074
quiet_before_catalyst,MRNA,2025-03,L,-1.00807
quiet_before_catalyst,MRNA,2025-03,L,-1.0086
quiet_before_catalyst,MRNA,2025-09,M,0.79443
quiet_before_catalyst,MRNA,2025-09,L,-0.00827
quiet_before_catalyst,MRNA,2025-10,L,0.13931
quiet_before_catalyst,MRNA,2025-10,L,-0.34502
quiet_before_catalyst,MRNA,2025-10,L,0.0635
quiet_before_catalyst,MRNA,2025-10,L,-1.01232
quiet_before_catalyst,MRNA,2025-11,M,0.88869
quiet_before_catalyst,MRNA,2025-11,M,0.71266
quiet_before_catalyst,MRNA,2025-11,M,0.93728
quiet_before_catalyst,MRNA,2026-03,L,0.04036
quiet_before_catalyst,MRNA,2026-03,L,-0.05297
quiet_before_catalyst,MRNA,2026-03,L,0.19963
quiet_before_catalyst,MRNA,2026-04,L,0.12933
quiet_before_catalyst,MRNA,2026-04,L,0.13924
quiet_before_catalyst,MRNA,2026-07,L,-0.70618
quiet_before_catalyst,CMPS,2024-09,S,-1.03929
quiet_before_catalyst,CMPS,2024-09,S,-1.03777
quiet_before_catalyst,CMPS,2024-09,S,-1.04896
quiet_before_catalyst,CMPS,2025-01,S,-1.03505
quiet_before_catalyst,CMPS,2025-01,S,0.79131
quiet_before_catalyst,CMPS,2025-01,S,0.5381
quiet_before_catalyst,CMPS,2025-02,S,0.02965
quiet_before_catalyst,CMPS,2025-02,S,-0.8755
quiet_before_catalyst,CMPS,2025-02,S,-0.74175
quiet_before_catalyst,CMPS,2025-03,S,-0.60901
quiet_before_catalyst,CMPS,2025-05,S,0.71025
quiet_before_catalyst,CMPS,2025-05,S,0.5774
quiet_before_catalyst,CMPS,2025-05,S,0.0763
quiet_before_catalyst,CMPS,2025-06,S,-0.21997
quiet_before_catalyst,CMPS,2026-01,S,-0.77303
quiet_before_catalyst,CMPS,2026-01,S,-0.89519
quiet_before_catalyst,CMPS,2026-01,S,-0.79059
quiet_before_catalyst,CMPS,2026-02,S,-0.72636
quiet_before_catalyst,CMPS,2026-02,S,-0.49553
quiet_before_catalyst,CMPS,2026-05,S,2.07547
quiet_before_catalyst,CMPS,2026-05,M,1.22915
quiet_before_catalyst,CMPS,2026-06,M,0.82044
quiet_before_catalyst,CMPS,2026-06,M,0.89072
quiet_before_catalyst,CERS,2017-11,S,2.79431
quiet_before_catalyst,CERS,2017-11,S,-0.17307
quiet_before_catalyst,CERS,2017-11,S,-0.49218
quiet_before_catalyst,CERS,2017-12,S,-0.0717
quiet_before_catalyst,CERS,2018-10,S,-1.14338
quiet_before_catalyst,CERS,2018-10,S,-1.11419
quiet_before_catalyst,CERS,2018-11,S,-1.10938
quiet_before_catalyst,CERS,2018-11,S,-0.6309
quiet_before_catalyst,CERS,2020-05,S,0.84632
quiet_before_catalyst,CERS,2020-05,S,0.35011
quiet_before_catalyst,CERS,2020-06,S,0.41683
quiet_before_catalyst,CERS,2020-06,S,0.35398
quiet_before_catalyst,CERS,2020-06,M,-0.18532
quiet_before_catalyst,CERS,2020-12,M,-0.44075
quiet_before_catalyst,CERS,2020-12,M,-0.80139
quiet_before_catalyst,CERS,2021-01,M,-0.41525
quiet_before_catalyst,CERS,2021-01,M,-1.09948
quiet_before_catalyst,CERS,2021-01,M,-0.5627
quiet_before_catalyst,CERS,2021-03,M,-0.24519
quiet_before_catalyst,CERS,2021-03,S,0.16582
quiet_before_catalyst,CERS,2021-04,M,-0.25832
quiet_before_catalyst,CERS,2021-04,M,-0.22187
quiet_before_catalyst,CERS,2021-04,S,0.01358
quiet_before_catalyst,CERS,2021-11,M,-1.13088
quiet_before_catalyst,CERS,2021-11,M,-1.18101
quiet_before_catalyst,CERS,2021-12,M,-1.15426
quiet_before_catalyst,CERS,2021-12,M,0.22425
quiet_before_catalyst,CERS,2021-12,M,-0.12638
quiet_before_catalyst,CERS,2022-11,S,-0.42518
quiet_before_catalyst,CERS,2022-11,S,-0.26284
quiet_before_catalyst,CERS,2022-12,S,-0.59776
quiet_before_catalyst,CERS,2022-12,S,-1.13119
quiet_before_catalyst,CERS,2022-12,S,-0.39987
quiet_before_catalyst,CERS,2023-09,S,-1.09587
quiet_before_catalyst,CERS,2023-10,S,-1.10075
quiet_before_catalyst,CERS,2023-10,S,-0.45122
quiet_before_catalyst,CERS,2023-10,S,0.14127
quiet_before_catalyst,CERS,2024-02,S,-1.08634
quiet_before_catalyst,CERS,2024-03,S,-1.09434
quiet_before_catalyst,CERS,2024-03,S,-0.68451
quiet_before_catalyst,CERS,2024-03,S,-0.4839
quiet_before_catalyst,CERS,2025-09,S,0.59461
quiet_before_catalyst,CERS,2025-10,S,-0.68873
quiet_before_catalyst,CERS,2025-10,S,-0.53778
quiet_before_catalyst,CERS,2025-10,S,-0.92025
quiet_before_catalyst,CERS,2026-06,S,0.72603
quiet_before_catalyst,CERS,2026-06,S,0.36193
quiet_before_catalyst,CERS,2026-07,S,-0.47359
quiet_before_catalyst,CERS,2026-07,S,-0.22544
quiet_before_catalyst,LLY,2022-04,L,-0.44938
quiet_before_catalyst,LLY,2022-04,L,-1.02937
quiet_before_catalyst,LLY,2022-05,L,0.78242
quiet_before_catalyst,LLY,2022-06,L,0.34483
quiet_before_catalyst,LLY,2022-06,L,0.43211
quiet_before_catalyst,LLY,2022-06,L,1.23728
quiet_before_catalyst,LLY,2022-11,L,0.20885
quiet_before_catalyst,LLY,2022-11,L,0.10136
quiet_before_catalyst,LLY,2022-12,L,-0.11413
quiet_before_catalyst,LLY,2022-12,L,0.31074
quiet_before_catalyst,LLY,2022-12,L,-0.04147
quiet_before_catalyst,LLY,2023-05,L,0.24037
quiet_before_catalyst,LLY,2023-06,L,-0.48886
quiet_before_catalyst,LLY,2023-06,L,-1.033
quiet_before_catalyst,LLY,2023-07,L,-1.00035
quiet_before_catalyst,LLY,2023-07,L,-0.02696
quiet_before_catalyst,LLY,2023-07,L,-0.34036
quiet_before_catalyst,LLY,2023-08,L,-0.27179
quiet_before_catalyst,LLY,2024-01,L,2.96714
quiet_before_catalyst,LLY,2024-01,L,2.96273
quiet_before_catalyst,LLY,2024-03,L,-0.36794
quiet_before_catalyst,LLY,2024-03,L,-1.02675
quiet_before_catalyst,LLY,2024-04,L,-1.03102
quiet_before_catalyst,LLY,2024-04,L,-0.46934
quiet_before_catalyst,LLY,2024-04,L,-0.32018
quiet_before_catalyst,LLY,2024-05,L,2.63012
quiet_before_catalyst,LLY,2024-07,L,0.87305
quiet_before_catalyst,LLY,2024-10,L,-1.46235
quiet_before_catalyst,LLY,2024-10,L,-2.24022
quiet_before_catalyst,LLY,2024-10,L,-2.18462
quiet_before_catalyst,LLY,2024-10,L,-0.30819
quiet_before_catalyst,LLY,2024-11,L,-1.01664
quiet_before_catalyst,LLY,2024-11,L,0.37013
quiet_before_catalyst,LLY,2024-12,L,-0.1462
quiet_before_catalyst,LLY,2025-01,L,1.08998
quiet_before_catalyst,LLY,2025-01,L,-1.02625
quiet_before_catalyst,LLY,2025-01,L,1.49854
quiet_before_catalyst,LLY,2025-05,L,-1.01353
quiet_before_catalyst,LLY,2025-05,L,0.75098
quiet_before_catalyst,LLY,2025-05,L,1.26318
quiet_before_catalyst,LLY,2025-06,L,1.15762
quiet_before_catalyst,LLY,2025-06,L,0.22093
quiet_before_catalyst,LLY,2025-06,L,0.03403
quiet_before_catalyst,LLY,2025-07,L,0.40311
quiet_before_catalyst,LLY,2025-09,L,1.41071
quiet_before_catalyst,LLY,2025-09,L,1.17569
quiet_before_catalyst,LLY,2025-09,L,-1.03155
quiet_before_catalyst,LLY,2025-09,L,1.76223
quiet_before_catalyst,LLY,2025-12,L,-0.31562
quiet_before_catalyst,LLY,2026-03,L,-1.02019
quiet_before_catalyst,LLY,2026-03,L,-1.02136
quiet_before_catalyst,LLY,2026-04,L,-0.08102
quiet_before_catalyst,LLY,2026-04,L,-0.54294
quiet_before_catalyst,LLY,2026-04,L,0.89048
quiet_before_catalyst,LLY,2026-05,L,0.6063
pullback_into_catalyst,CRSP,2024-07,M,-1.01463
pullback_into_catalyst,CRSP,2024-07,M,-1.32151
pullback_into_catalyst,CRSP,2024-08,M,-1.36675
pullback_into_catalyst,CRSP,2025-10,M,-1.0082
pullback_into_catalyst,CRSP,2026-05,M,0.32609
pullback_into_catalyst,NTLA,2026-03,M,0.25335
pullback_into_catalyst,NTLA,2026-03,M,0.5897
pullback_into_catalyst,NTLA,2026-03,M,0.55185
pullback_into_catalyst,NTLA,2026-04,M,0.84699
pullback_into_catalyst,ILMN,2022-08,L,-0.39829
pullback_into_catalyst,ILMN,2022-11,L,0.8719
pullback_into_catalyst,ILMN,2026-06,L,1.54734
pullback_into_catalyst,PSNL,2026-01,S,-1.10508
pullback_into_catalyst,PSNL,2026-01,S,-1.09233
pullback_into_catalyst,PSNL,2026-01,S,-1.06571
pullback_into_catalyst,PSNL,2026-06,M,0.75183
pullback_into_catalyst,PSNL,2026-07,M,-0.33003
pullback_into_catalyst,GH,2025-05,M,-0.58506
pullback_into_catalyst,NTRA,2024-04,L,1.77072
pullback_into_catalyst,NTRA,2025-05,L,0.68254
pullback_into_catalyst,ADPT,2025-04,M,0.91386
pullback_into_catalyst,ADPT,2025-04,M,0.48332
pullback_into_catalyst,IONS,2016-11,M,2.98493
pullback_into_catalyst,IONS,2016-12,M,0.75287
pullback_into_catalyst,IONS,2016-12,M,-0.09167
pullback_into_catalyst,IONS,2017-09,M,-1.01894
pullback_into_catalyst,IONS,2018-05,M,-0.59048
pullback_into_catalyst,IONS,2018-08,M,0.65198
pullback_into_catalyst,IONS,2018-09,M,0.57727
pullback_into_catalyst,IONS,2018-12,M,0.44891
pullback_into_catalyst,IONS,2018-12,M,0.56788
pullback_into_catalyst,IONS,2019-01,M,0.28612
pullback_into_catalyst,IONS,2020-05,M,0.61648
pullback_into_catalyst,IONS,2020-05,M,0.50617
pullback_into_catalyst,IONS,2022-09,M,0.53843
pullback_into_catalyst,IONS,2023-06,M,0.8113
pullback_into_catalyst,IONS,2025-08,M,2.97916
pullback_into_catalyst,ARCT,2022-03,S,-1.06926
pullback_into_catalyst,ARCT,2022-04,S,-1.15173
pullback_into_catalyst,ARCT,2022-04,S,-1.06322
pullback_into_catalyst,ARCT,2023-01,S,-0.89835
pullback_into_catalyst,ARCT,2023-02,S,-1.09929
pullback_into_catalyst,ARCT,2023-11,S,0.67999
pullback_into_catalyst,ARCT,2023-12,S,0.65333
pullback_into_catalyst,ARCT,2026-05,S,-0.29617
pullback_into_catalyst,BNTX,2021-03,L,3.11758
pullback_into_catalyst,BNTX,2021-05,L,0.42109
pullback_into_catalyst,BNTX,2021-06,L,-0.04104
pullback_into_catalyst,BNTX,2021-06,L,0.28684
pullback_into_catalyst,BNTX,2021-07,L,0.95744
pullback_into_catalyst,BNTX,2021-07,L,1.28219
pullback_into_catalyst,BNTX,2021-09,L,-1.09629
pullback_into_catalyst,BNTX,2022-07,L,0.55642
pullback_into_catalyst,BNTX,2022-07,L,0.25716
pullback_into_catalyst,BNTX,2022-08,L,-0.46209
pullback_into_catalyst,BNTX,2022-12,L,-1.01274
pullback_into_catalyst,BNTX,2022-12,L,-0.61703
pullback_into_catalyst,BNTX,2023-09,L,-1.0218
pullback_into_catalyst,BNTX,2024-10,L,-1.02096
pullback_into_catalyst,BNTX,2024-10,L,-1.02303
pullback_into_catalyst,BNTX,2024-10,L,0.08224
pullback_into_catalyst,BNTX,2025-06,L,0.51756
pullback_into_catalyst,BNTX,2025-07,L,0.08449
pullback_into_catalyst,BNTX,2026-02,L,-0.22296
pullback_into_catalyst,BNTX,2026-04,L,-1.0171
pullback_into_catalyst,BNTX,2026-06,L,-1.02212
pullback_into_catalyst,MRNA,2022-12,L,-0.43619
pullback_into_catalyst,MRNA,2022-12,L,0.18713
pullback_into_catalyst,MRNA,2023-01,L,0.36916
pullback_into_catalyst,MRNA,2023-01,L,0.13529
pullback_into_catalyst,MRNA,2023-12,L,1.6508
pullback_into_catalyst,MRNA,2024-01,L,-1.0123
pullback_into_catalyst,MRNA,2024-02,L,-1.01527
pullback_into_catalyst,MRNA,2024-02,L,-0.02122
pullback_into_catalyst,MRNA,2024-04,L,2.52898
pullback_into_catalyst,MRNA,2024-05,L,0.02836
pullback_into_catalyst,MRNA,2024-06,L,-0.55374
pullback_into_catalyst,MRNA,2024-06,L,-0.60983
pullback_into_catalyst,MRNA,2024-06,L,-1.02257
pullback_into_catalyst,MRNA,2025-01,L,-1.00697
pullback_into_catalyst,MRNA,2025-06,L,0.03992
pullback_into_catalyst,MRNA,2025-06,L,0.12355
pullback_into_catalyst,MRNA,2025-08,L,-0.108
pullback_into_catalyst,MRNA,2025-10,L,0.02395
pullback_into_catalyst,MRNA,2025-10,L,-0.44257
pullback_into_catalyst,MRNA,2025-11,L,0.42604
pullback_into_catalyst,MRNA,2025-12,L,0.78555
pullback_into_catalyst,MRNA,2026-01,L,2.98414
pullback_into_catalyst,MRNA,2026-01,L,-1.17392
pullback_into_catalyst,MRNA,2026-02,L,0.10042
pullback_into_catalyst,MRNA,2026-02,L,1.91671
pullback_into_catalyst,MRNA,2026-02,L,1.08584
pullback_into_catalyst,MRNA,2026-03,L,-0.04401
pullback_into_catalyst,MRNA,2026-03,L,0.13613
pullback_into_catalyst,MRNA,2026-03,L,-0.0643
pullback_into_catalyst,MRNA,2026-04,L,-0.45672
pullback_into_catalyst,MRNA,2026-05,L,-0.48183
pullback_into_catalyst,MRNA,2026-06,L,2.98498
pullback_into_catalyst,MRNA,2026-06,L,-0.44691
pullback_into_catalyst,MRNA,2026-07,L,-1.00692
pullback_into_catalyst,MRNA,2026-07,L,-0.43207
pullback_into_catalyst,CMPS,2020-12,M,-0.16844
pullback_into_catalyst,CMPS,2020-12,M,-0.73271
pullback_into_catalyst,CMPS,2021-06,M,-0.27676
pullback_into_catalyst,CMPS,2022-07,S,2.951
pullback_into_catalyst,CMPS,2022-08,S,0.91055
pullback_into_catalyst,CMPS,2022-08,S,-1.02951
pullback_into_catalyst,CMPS,2022-08,S,-0.67669
pullback_into_catalyst,CMPS,2022-08,S,-0.96722
pullback_into_catalyst,CMPS,2022-09,S,-0.68148
pullback_into_catalyst,CMPS,2023-04,S,-1.04139
pullback_into_catalyst,CMPS,2023-09,S,-1.03625
pullback_into_catalyst,CMPS,2023-12,S,0.33448
pullback_into_catalyst,CMPS,2024-03,S,-1.02554
pullback_into_catalyst,CMPS,2024-03,S,-0.62857
pullback_into_catalyst,CMPS,2024-09,S,-1.03929
pullback_into_catalyst,CMPS,2024-09,S,-1.03777
pullback_into_catalyst,CMPS,2025-01,S,0.28274
pullback_into_catalyst,CMPS,2025-02,S,-0.92482
pullback_into_catalyst,CMPS,2025-02,S,-0.8755
pullback_into_catalyst,CMPS,2025-05,S,0.49099
pullback_into_catalyst,CMPS,2025-05,S,-0.13264
pullback_into_catalyst,CMPS,2025-05,S,0.20987
pullback_into_catalyst,CMPS,2025-08,S,0.97747
pullback_into_catalyst,CMPS,2025-09,S,0.92599
pullback_into_catalyst,CMPS,2026-01,S,-1.0362
pullback_into_catalyst,CMPS,2026-01,S,-1.03474
pullback_into_catalyst,CMPS,2026-01,S,-0.66447
pullback_into_catalyst,CMPS,2026-05,S,2.16173
pullback_into_catalyst,CMPS,2026-06,M,0.82061
pullback_into_catalyst,CMPS,2026-06,M,1.17682
pullback_into_catalyst,CERS,2016-05,S,-1.13984
pullback_into_catalyst,CERS,2017-11,S,2.79431
pullback_into_catalyst,CERS,2020-05,S,0.84632
pullback_into_catalyst,CERS,2020-06,S,0.41683
pullback_into_catalyst,CERS,2020-06,S,0.35398
pullback_into_catalyst,CERS,2020-07,M,0.1276
pullback_into_catalyst,CERS,2020-07,M,0.20352
pullback_into_catalyst,CERS,2020-12,M,-0.44075
pullback_into_catalyst,CERS,2020-12,M,-0.80139
pullback_into_catalyst,CERS,2021-01,M,-0.41525
pullback_into_catalyst,CERS,2021-01,M,-1.09948
pullback_into_catalyst,CERS,2021-01,M,-0.5627
pullback_into_catalyst,CERS,2021-11,M,-1.13088
pullback_into_catalyst,CERS,2021-11,M,-1.18101
pullback_into_catalyst,CERS,2021-12,M,-1.17401
pullback_into_catalyst,CERS,2021-12,M,0.0019
pullback_into_catalyst,CERS,2022-11,S,-0.26284
pullback_into_catalyst,CERS,2024-03,S,-1.09434
pullback_into_catalyst,CERS,2024-03,S,-0.68451
pullback_into_catalyst,CERS,2025-09,S,0.34211
pullback_into_catalyst,CERS,2025-10,S,-0.607
pullback_into_catalyst,CERS,2026-06,S,0.519
pullback_into_catalyst,CERS,2026-06,S,0.49832
pullback_into_catalyst,CERS,2026-07,S,-0.48003
pullback_into_catalyst,LLY,2023-10,L,1.25252
pullback_into_catalyst,LLY,2025-06,L,-1.02952
binary_event_within_n_days,CRSP,2026-05,M,0.2007
binary_event_within_n_days,CRSP,2026-05,M,1.0646
binary_event_within_n_days,CRSP,2026-05,M,0.42727
binary_event_within_n_days,NTLA,2026-03,M,0.79958
binary_event_within_n_days,NTLA,2026-04,M,0.64825
binary_event_within_n_days,NTLA,2026-04,M,0.59734
binary_event_within_n_days,ILMN,2022-10,L,-1.01605
binary_event_within_n_days,ILMN,2022-11,L,0.8719
binary_event_within_n_days,ILMN,2022-11,L,-0.09891
binary_event_within_n_days,ILMN,2023-12,L,-0.19017
binary_event_within_n_days,ILMN,2024-01,L,0.48092
binary_event_within_n_days,ILMN,2024-01,L,-0.20739
binary_event_within_n_days,ILMN,2026-07,L,0.04982
binary_event_within_n_days,ILMN,2026-07,L,0.36544
binary_event_within_n_days,ILMN,2026-07,L,0.17358
binary_event_within_n_days,NTRA,2025-04,L,0.30465
binary_event_within_n_days,NTRA,2025-04,L,0.31593
binary_event_within_n_days,NTRA,2025-05,L,0.45989
binary_event_within_n_days,NTRA,2025-06,L,-0.14266
binary_event_within_n_days,NTRA,2025-06,L,0.1668
binary_event_within_n_days,IONS,2016-11,M,0.15022
binary_event_within_n_days,IONS,2016-12,M,0.0991
binary_event_within_n_days,IONS,2016-12,M,0.17503
binary_event_within_n_days,IONS,2016-12,M,-1.0132
binary_event_within_n_days,IONS,2017-02,M,-1.01761
binary_event_within_n_days,IONS,2017-03,M,-1.01606
binary_event_within_n_days,IONS,2017-03,M,-0.13732
binary_event_within_n_days,IONS,2018-06,M,-1.01785
binary_event_within_n_days,IONS,2018-06,M,-0.25372
binary_event_within_n_days,IONS,2018-06,M,-0.05737
binary_event_within_n_days,IONS,2018-09,M,1.02943
binary_event_within_n_days,IONS,2018-09,M,0.50745
binary_event_within_n_days,IONS,2018-09,M,0.07011
binary_event_within_n_days,IONS,2020-05,M,0.30881
binary_event_within_n_days,IONS,2020-06,M,0.32782
binary_event_within_n_days,IONS,2020-06,M,0.12943
binary_event_within_n_days,IONS,2021-07,M,-1.02118
binary_event_within_n_days,IONS,2021-07,M,0.29258
binary_event_within_n_days,IONS,2023-03,M,0.92392
binary_event_within_n_days,IONS,2023-04,M,0.40276
binary_event_within_n_days,IONS,2023-04,M,0.12432
binary_event_within_n_days,IONS,2023-06,M,0.8113
binary_event_within_n_days,IONS,2023-07,M,0.08038
binary_event_within_n_days,IONS,2023-07,M,-0.13678
binary_event_within_n_days,IONS,2023-11,M,0.04195
binary_event_within_n_days,IONS,2023-12,M,-0.3175
binary_event_within_n_days,IONS,2023-12,M,0.0938
binary_event_within_n_days,IONS,2024-05,M,0.82701
binary_event_within_n_days,IONS,2024-06,M,0.77428
binary_event_within_n_days,IONS,2024-06,M,0.43281
binary_event_within_n_days,IONS,2024-06,M,0.82647
binary_event_within_n_days,IONS,2024-07,M,0.63872
binary_event_within_n_days,IONS,2024-07,M,-0.12045
binary_event_within_n_days,IONS,2024-07,M,-0.73414
binary_event_within_n_days,IONS,2024-07,M,-0.56617
binary_event_within_n_days,IONS,2024-08,M,-0.17352
binary_event_within_n_days,IONS,2024-12,M,-0.88751
binary_event_within_n_days,IONS,2025-01,M,-0.61474
binary_event_within_n_days,IONS,2025-01,M,-0.76577
binary_event_within_n_days,IONS,2025-02,M,0.20077
binary_event_within_n_days,IONS,2025-03,M,-0.02805
binary_event_within_n_days,IONS,2025-03,M,-0.10508
binary_event_within_n_days,IONS,2025-03,M,-1.0144
binary_event_within_n_days,IONS,2025-04,M,0.13691
binary_event_within_n_days,IONS,2025-04,M,0.35598
binary_event_within_n_days,IONS,2025-05,M,0.63827
binary_event_within_n_days,IONS,2025-06,M,0.15811
binary_event_within_n_days,IONS,2025-06,M,0.14564
binary_event_within_n_days,IONS,2025-08,M,2.97714
binary_event_within_n_days,IONS,2025-09,M,0.59794
binary_event_within_n_days,IONS,2025-09,L,-0.07046
binary_event_within_n_days,IONS,2026-03,L,0.65671
binary_event_within_n_days,IONS,2026-04,L,0.29796
binary_event_within_n_days,IONS,2026-04,L,0.18751
binary_event_within_n_days,IONS,2026-05,L,-0.44513
binary_event_within_n_days,IONS,2026-06,L,-0.12854
binary_event_within_n_days,IONS,2026-06,L,-0.11141
binary_event_within_n_days,ARCT,2024-09,S,-0.36754
binary_event_within_n_days,ARCT,2024-10,S,-1.11711
binary_event_within_n_days,ARCT,2024-10,S,0.03306
binary_event_within_n_days,BNTX,2021-04,L,2.0755
binary_event_within_n_days,BNTX,2021-04,L,-1.1872
binary_event_within_n_days,BNTX,2021-05,L,0.3633
binary_event_within_n_days,BNTX,2021-06,L,0.26852
binary_event_within_n_days,BNTX,2021-06,L,-0.14874
binary_event_within_n_days,BNTX,2021-07,L,-0.03679
binary_event_within_n_days,BNTX,2021-07,L,1.28219
binary_event_within_n_days,BNTX,2021-07,L,0.55539
binary_event_within_n_days,BNTX,2021-10,L,0.50749
binary_event_within_n_days,BNTX,2021-10,L,0.20321
binary_event_within_n_days,BNTX,2021-11,L,1.49089
binary_event_within_n_days,BNTX,2021-11,L,1.35144
binary_event_within_n_days,BNTX,2021-11,L,0.14656
binary_event_within_n_days,BNTX,2022-09,L,-1.05558
binary_event_within_n_days,BNTX,2022-09,L,0.07061
binary_event_within_n_days,BNTX,2022-10,L,-0.33437
binary_event_within_n_days,BNTX,2022-10,L,-0.39299
binary_event_within_n_days,BNTX,2023-05,L,0.37951
binary_event_within_n_days,BNTX,2023-05,L,0.29778
binary_event_within_n_days,BNTX,2023-06,L,0.04339
binary_event_within_n_days,BNTX,2024-10,L,-0.02663
binary_event_within_n_days,BNTX,2024-11,L,-1.02262
binary_event_within_n_days,BNTX,2024-11,L,0.31364
binary_event_within_n_days,BNTX,2025-12,L,0.55177
binary_event_within_n_days,BNTX,2026-01,L,-1.01772
binary_event_within_n_days,BNTX,2026-02,L,-0.19094
binary_event_within_n_days,BNTX,2026-02,L,-0.33746
binary_event_within_n_days,BNTX,2026-04,L,0.03728
binary_event_within_n_days,BNTX,2026-04,L,-1.01852
binary_event_within_n_days,BNTX,2026-05,L,0.06035
binary_event_within_n_days,BNTX,2026-05,L,-0.32706
binary_event_within_n_days,BNTX,2026-06,L,0.03175
binary_event_within_n_days,BNTX,2026-06,L,0.5187
binary_event_within_n_days,BNTX,2026-07,L,-0.45245
binary_event_within_n_days,BNTX,2026-07,L,0.10019
binary_event_within_n_days,BNTX,2026-07,L,0.15069
binary_event_within_n_days,BNTX,2026-07,L,0.05295
binary_event_within_n_days,MRNA,2022-06,L,0.34375
binary_event_within_n_days,MRNA,2022-06,L,0.43125
binary_event_within_n_days,MRNA,2022-06,L,-0.0306
binary_event_within_n_days,MRNA,2022-07,L,0.18106
binary_event_within_n_days,MRNA,2022-07,L,-0.33097
binary_event_within_n_days,MRNA,2022-10,L,-0.05864
binary_event_within_n_days,MRNA,2022-10,L,-0.31362
binary_event_within_n_days,MRNA,2022-10,L,-0.64088
binary_event_within_n_days,MRNA,2022-12,L,-0.37414
binary_event_within_n_days,MRNA,2022-12,L,-0.59398
binary_event_within_n_days,MRNA,2022-12,L,-0.08036
binary_event_within_n_days,MRNA,2023-01,L,0.19245
binary_event_within_n_days,MRNA,2023-07,L,-0.44621
binary_event_within_n_days,MRNA,2023-07,L,-1.11171
binary_event_within_n_days,MRNA,2023-08,L,-1.01973
binary_event_within_n_days,MRNA,2023-08,L,-0.1229
binary_event_within_n_days,MRNA,2023-08,L,0.35633
binary_event_within_n_days,MRNA,2023-08,L,0.10955
binary_event_within_n_days,MRNA,2023-09,L,-0.19699
binary_event_within_n_days,MRNA,2023-09,L,-0.24728
binary_event_within_n_days,MRNA,2023-09,L,0.30951
binary_event_within_n_days,MRNA,2023-10,L,-1.02311
binary_event_within_n_days,MRNA,2023-11,L,0.06318
binary_event_within_n_days,MRNA,2023-11,L,0.3267
binary_event_within_n_days,MRNA,2023-12,L,1.87644
binary_event_within_n_days,MRNA,2023-12,L,1.50301
binary_event_within_n_days,MRNA,2023-12,L,0.7286
binary_event_within_n_days,MRNA,2024-01,L,-0.09175
binary_event_within_n_days,MRNA,2024-03,L,-0.34174
binary_event_within_n_days,MRNA,2024-03,L,0.20876
binary_event_within_n_days,MRNA,2024-03,L,-0.31556
binary_event_within_n_days,MRNA,2024-05,L,2.35329
binary_event_within_n_days,MRNA,2024-05,L,1.07818
binary_event_within_n_days,MRNA,2024-05,L,0.45488
binary_event_within_n_days,MRNA,2024-05,L,-0.8754
binary_event_within_n_days,MRNA,2024-06,L,0.0984
binary_event_within_n_days,MRNA,2024-06,L,-0.15726
binary_event_within_n_days,MRNA,2024-06,L,-0.12275
binary_event_within_n_days,MRNA,2024-08,L,0.02591
binary_event_within_n_days,MRNA,2024-08,L,-0.02729
binary_event_within_n_days,MRNA,2024-08,L,-0.36969
binary_event_within_n_days,MRNA,2024-10,L,-1.01649
binary_event_within_n_days,MRNA,2024-10,L,-1.01637
binary_event_within_n_days,MRNA,2024-11,L,-1.01267
binary_event_within_n_days,MRNA,2025-03,L,-1.00945
binary_event_within_n_days,MRNA,2025-04,M,-0.28371
binary_event_within_n_days,MRNA,2025-04,L,-0.16716
binary_event_within_n_days,MRNA,2025-10,L,-0.22793
binary_event_within_n_days,MRNA,2025-10,L,0.02395
binary_event_within_n_days,MRNA,2025-10,L,0.21425
binary_event_within_n_days,MRNA,2025-11,M,0.87624
binary_event_within_n_days,MRNA,2025-12,L,0.78555
binary_event_within_n_days,MRNA,2026-03,L,-0.0028
binary_event_within_n_days,MRNA,2026-04,L,0.44214
binary_event_within_n_days,MRNA,2026-04,L,0.21652
binary_event_within_n_days,MRNA,2026-07,L,-1.00764
binary_event_within_n_days,MRNA,2026-07,L,-0.46525
binary_event_within_n_days,MRNA,2026-07,L,-0.04033
binary_event_within_n_days,CMPS,2024-09,S,-1.0511
binary_event_within_n_days,CMPS,2024-10,S,0.37365
binary_event_within_n_days,CMPS,2024-10,S,0.04946
binary_event_within_n_days,CMPS,2025-01,S,0.7384
binary_event_within_n_days,CMPS,2025-02,S,-0.21685
binary_event_within_n_days,CMPS,2025-02,S,0.1728
binary_event_within_n_days,CMPS,2025-02,S,-0.19978
binary_event_within_n_days,CMPS,2025-03,S,-0.34445
binary_event_within_n_days,CMPS,2025-03,S,-0.26157
binary_event_within_n_days,CMPS,2025-05,S,0.0763
binary_event_within_n_days,CMPS,2025-06,S,-0.21997
binary_event_within_n_days,CMPS,2025-06,S,0.00456
binary_event_within_n_days,CMPS,2026-01,S,-0.80495
binary_event_within_n_days,CMPS,2026-02,S,-0.50982
binary_event_within_n_days,CMPS,2026-02,S,-0.45151
binary_event_within_n_days,CMPS,2026-06,M,1.21084
binary_event_within_n_days,CMPS,2026-06,M,0.89072
binary_event_within_n_days,CMPS,2026-06,M,0.51793
binary_event_within_n_days,CERS,2017-11,S,-0.36641
binary_event_within_n_days,CERS,2017-12,S,-0.24199
binary_event_within_n_days,CERS,2017-12,S,0.07899
binary_event_within_n_days,CERS,2018-11,S,-0.6309
binary_event_within_n_days,CERS,2018-11,S,0.09488
binary_event_within_n_days,CERS,2018-11,S,-0.16281
binary_event_within_n_days,CERS,2020-06,S,0.56248
binary_event_within_n_days,CERS,2020-06,S,0.16746
binary_event_within_n_days,CERS,2020-06,M,-0.43116
binary_event_within_n_days,CERS,2021-01,M,-0.48788
binary_event_within_n_days,CERS,2021-01,M,-0.791
binary_event_within_n_days,CERS,2021-01,M,-0.14366
binary_event_within_n_days,CERS,2021-04,M,-0.1397
binary_event_within_n_days,CERS,2021-04,S,0.00183
binary_event_within_n_days,CERS,2021-04,M,-0.24661
binary_event_within_n_days,CERS,2021-12,M,0.28445
binary_event_within_n_days,CERS,2021-12,M,0.04472
binary_event_within_n_days,CERS,2021-12,M,0.06357
binary_event_within_n_days,CERS,2022-12,S,-1.19583
binary_event_within_n_days,CERS,2022-12,S,-0.7084
binary_event_within_n_days,CERS,2022-12,S,0.17038
binary_event_within_n_days,CERS,2023-10,S,-0.45122
binary_event_within_n_days,CERS,2023-10,S,-0.08374
binary_event_within_n_days,CERS,2023-10,S,-0.01944
binary_event_within_n_days,CERS,2024-03,S,-0.57273
binary_event_within_n_days,CERS,2024-03,S,-0.24995
binary_event_within_n_days,CERS,2024-03,S,0.08999
binary_event_within_n_days,CERS,2024-09,S,-1.11918
binary_event_within_n_days,CERS,2024-09,S,-0.30981
binary_event_within_n_days,CERS,2024-10,S,-0.16464
binary_event_within_n_days,CERS,2025-10,S,-0.83775
binary_event_within_n_days,CERS,2025-10,S,-0.85226
binary_event_within_n_days,CERS,2025-10,S,-0.44747
binary_event_within_n_days,CERS,2026-07,S,-0.44476
binary_event_within_n_days,CERS,2026-07,S,-0.28177
binary_event_within_n_days,CERS,2026-07,S,-0.12426
binary_event_within_n_days,LLY,2022-04,L,-0.75327
binary_event_within_n_days,LLY,2022-04,L,-1.03153
binary_event_within_n_days,LLY,2022-04,L,-0.72943
binary_event_within_n_days,LLY,2022-06,L,1.2527
binary_event_within_n_days,LLY,2022-06,L,1.02776
binary_event_within_n_days,LLY,2022-06,L,0.06907
binary_event_within_n_days,LLY,2022-12,L,0.15369
binary_event_within_n_days,LLY,2022-12,L,0.30954
binary_event_within_n_days,LLY,2022-12,L,0.00484
binary_event_within_n_days,LLY,2023-06,L,-1.03621
binary_event_within_n_days,LLY,2023-07,L,-1.01391
binary_event_within_n_days,LLY,2023-07,L,-0.15722
binary_event_within_n_days,LLY,2023-07,L,-0.24135
binary_event_within_n_days,LLY,2023-07,L,-0.25042
binary_event_within_n_days,LLY,2023-08,L,-0.00343
binary_event_within_n_days,LLY,2024-01,L,2.9604
binary_event_within_n_days,LLY,2024-02,L,1.34596
binary_event_within_n_days,LLY,2024-02,L,0.39945
binary_event_within_n_days,LLY,2024-04,L,-0.29727
binary_event_within_n_days,LLY,2024-04,L,-0.24666
binary_event_within_n_days,LLY,2024-04,L,0.23758
binary_event_within_n_days,LLY,2024-06,L,0.97289
binary_event_within_n_days,LLY,2024-07,L,0.68854
binary_event_within_n_days,LLY,2024-07,L,0.21867
binary_event_within_n_days,LLY,2024-10,L,-2.05316
binary_event_within_n_days,LLY,2024-11,L,-0.26788
binary_event_within_n_days,LLY,2024-11,L,-0.3916
binary_event_within_n_days,LLY,2024-11,L,0.02822
binary_event_within_n_days,LLY,2024-12,L,-0.58741
binary_event_within_n_days,LLY,2024-12,L,-0.15688
binary_event_within_n_days,LLY,2025-01,L,0.47403
binary_event_within_n_days,LLY,2025-05,L,1.2748
binary_event_within_n_days,LLY,2025-06,L,0.86043
binary_event_within_n_days,LLY,2025-06,L,0.1464
binary_event_within_n_days,LLY,2025-06,L,0.32472
binary_event_within_n_days,LLY,2025-07,L,0.30497
binary_event_within_n_days,LLY,2025-07,L,0.19792
binary_event_within_n_days,LLY,2025-09,L,1.47968
binary_event_within_n_days,LLY,2025-10,L,-0.2092
binary_event_within_n_days,LLY,2025-10,L,-0.30645
binary_event_within_n_days,LLY,2025-11,L,-1.02098
binary_event_within_n_days,LLY,2025-12,L,-0.24787
binary_event_within_n_days,LLY,2025-12,L,0.20991
binary_event_within_n_days,LLY,2026-03,L,0.11291
binary_event_within_n_days,LLY,2026-04,L,-0.13609
binary_event_within_n_days,LLY,2026-04,L,-0.24216
binary_event_within_n_days,LLY,2026-04,L,1.51263
binary_event_within_n_days,LLY,2026-05,L,0.33442
binary_event_within_n_days,LLY,2026-05,L,0.09876
pullback_price_half,TWST,2019-02,S,0.42289
pullback_price_half,TWST,2019-04,S,-1.00739
pullback_price_half,TWST,2019-05,S,0.57736
pullback_price_half,TWST,2019-05,S,0.51524
pullback_price_half,TWST,2019-07,S,0.18869
pullback_price_half,TWST,2019-08,S,-0.32495
pullback_price_half,TWST,2019-08,S,-0.75898
pullback_price_half,TWST,2019-08,S,-1.00896
pullback_price_half,TWST,2019-09,S,-1.01076
pullback_price_half,TWST,2019-12,S,0.33618
pullback_price_half,TWST,2020-01,S,2.98502
pullback_price_half,TWST,2020-01,S,0.53114
pullback_price_half,TWST,2020-02,S,-1.00932
pullback_price_half,TWST,2020-02,S,-1.00634
pullback_price_half,TWST,2020-03,M,-1.00552
pullback_price_half,TWST,2020-03,S,0.90331
pullback_price_half,TWST,2020-04,S,1.14797
pullback_price_half,TWST,2020-04,S,1.13135
pullback_price_half,TWST,2020-05,M,1.95492
pullback_price_half,TWST,2020-06,M,2.20421
pullback_price_half,TWST,2020-06,M,2.98773
pullback_price_half,TWST,2020-07,M,1.7273
pullback_price_half,TWST,2020-07,M,0.64247
pullback_price_half,TWST,2020-08,M,0.36578
pullback_price_half,TWST,2020-09,M,2.98578
pullback_price_half,TWST,2020-09,M,2.98733
pullback_price_half,TWST,2020-10,M,2.33556
pullback_price_half,TWST,2020-10,M,2.98804
pullback_price_half,TWST,2020-11,M,2.57141
pullback_price_half,TWST,2020-12,M,0.73413
pullback_price_half,TWST,2021-01,M,-0.01484
pullback_price_half,TWST,2021-01,M,-1.00734
pullback_price_half,TWST,2021-02,M,-1.07754
pullback_price_half,TWST,2021-02,M,-1.00556
pullback_price_half,TWST,2021-04,M,-1.00937
pullback_price_half,TWST,2021-05,M,-1.00903
pullback_price_half,TWST,2021-07,M,-1.01119
pullback_price_half,TWST,2021-07,M,-1.01062
pullback_price_half,TWST,2021-07,M,-1.01043
pullback_price_half,TWST,2021-10,M,-1.01171
pullback_price_half,TWST,2021-11,M,-1.01108
pullback_price_half,TWST,2022-06,M,2.50216
pullback_price_half,TWST,2022-07,M,2.0824
pullback_price_half,TWST,2022-07,M,0.41274
pullback_price_half,TWST,2022-07,M,0.21804
pullback_price_half,TWST,2022-08,M,-1.00818
pullback_price_half,TWST,2022-08,M,-1.00614
pullback_price_half,TWST,2022-08,M,-1.00569
pullback_price_half,TWST,2022-09,M,-1.0084
pullback_price_half,TWST,2023-01,M,-1.00998
pullback_price_half,TWST,2023-02,M,-1.00562
pullback_price_half,TWST,2023-05,S,1.39249
pullback_price_half,TWST,2023-07,M,-1.00925
pullback_price_half,TWST,2023-08,M,-1.02153
pullback_price_half,TWST,2023-08,M,-0.50235
pullback_price_half,TWST,2023-08,M,-1.01136
pullback_price_half,TWST,2023-09,M,-1.02296
pullback_price_half,TWST,2023-11,M,2.98708
pullback_price_half,TWST,2023-12,M,0.00507
pullback_price_half,TWST,2024-01,M,0.93688
pullback_price_half,TWST,2024-01,M,0.16786
pullback_price_half,TWST,2024-01,M,0.5261
pullback_price_half,TWST,2024-02,M,-0.59178
pullback_price_half,TWST,2024-02,M,-0.72811
pullback_price_half,TWST,2024-03,M,-1.00866
pullback_price_half,TWST,2024-05,M,0.41239
pullback_price_half,TWST,2024-05,M,1.75869
pullback_price_half,TWST,2024-06,M,-0.57668
pullback_price_half,TWST,2024-06,M,-1.00817
pullback_price_half,TWST,2024-07,M,-1.05266
pullback_price_half,TWST,2024-07,M,-1.0116
pullback_price_half,TWST,2024-08,M,-1.0079
pullback_price_half,TWST,2024-10,M,-1.01371
pullback_price_half,TWST,2024-12,M,0.52601
pullback_price_half,TWST,2024-12,M,0.64299
pullback_price_half,TWST,2024-12,M,0.01976
pullback_price_half,TWST,2025-01,M,-1.01005
pullback_price_half,TWST,2025-01,M,-1.00958
pullback_price_half,TWST,2025-06,M,0.1888
pullback_price_half,TWST,2025-07,M,-1.05042
pullback_price_half,TWST,2025-07,M,-1.01315
pullback_price_half,TWST,2025-10,M,-1.00888
pullback_price_half,TWST,2025-10,M,-1.00789
pullback_price_half,TWST,2025-11,M,-1.00877
pullback_price_half,TWST,2025-11,M,0.59899
pullback_price_half,TWST,2025-12,M,1.46823
pullback_price_half,TWST,2026-01,M,2.98394
pullback_price_half,TWST,2026-02,M,0.16854
pullback_price_half,TWST,2026-02,M,0.119
pullback_price_half,TWST,2026-03,M,1.68986
pullback_price_half,TWST,2026-03,M,1.71798
pullback_price_half,TWST,2026-03,M,0.82878
pullback_price_half,TWST,2026-04,M,2.19923
pullback_price_half,TWST,2026-04,M,-1.00964
pullback_price_half,TWST,2026-05,M,2.65284
pullback_price_half,TWST,2026-05,M,2.9864
pullback_price_half,TWST,2026-05,M,2.98727
pullback_price_half,TWST,2026-06,M,1.44419
pullback_price_half,ABSI,2022-02,S,-0.57409
pullback_price_half,ABSI,2022-03,S,-0.69698
pullback_price_half,ABSI,2022-03,S,-0.96901
pullback_price_half,ABSI,2022-03,S,-1.05232
pullback_price_half,ABSI,2022-04,S,-1.0621
pullback_price_half,ABSI,2022-07,S,2.88136
pullback_price_half,ABSI,2022-08,S,2.87817
pullback_price_half,ABSI,2022-12,S,-1.05482
pullback_price_half,ABSI,2023-01,S,-1.06364
pullback_price_half,ABSI,2023-01,S,-1.0528
pullback_price_half,ABSI,2023-02,S,-1.05233
pullback_price_half,ABSI,2023-05,S,-0.6457
pullback_price_half,ABSI,2023-06,S,0.81181
pullback_price_half,ABSI,2023-06,S,0.29167
pullback_price_half,ABSI,2023-06,S,-0.12809
pullback_price_half,ABSI,2023-07,S,-0.05503
pullback_price_half,ABSI,2023-07,S,-0.70079
pullback_price_half,ABSI,2023-08,S,-0.67985
pullback_price_half,ABSI,2023-08,S,-1.07544
pullback_price_half,ABSI,2023-12,S,2.88198
pullback_price_half,ABSI,2023-12,S,1.35357
pullback_price_half,ABSI,2023-12,S,-1.05183
pullback_price_half,ABSI,2024-01,S,0.21693
pullback_price_half,ABSI,2024-01,S,0.7548
pullback_price_half,ABSI,2024-01,S,0.77193
pullback_price_half,ABSI,2024-02,S,0.45535
pullback_price_half,ABSI,2024-02,S,0.93043
pullback_price_half,ABSI,2024-03,S,-0.65005
pullback_price_half,ABSI,2024-03,S,-0.37147
pullback_price_half,ABSI,2024-03,S,-0.11
pullback_price_half,ABSI,2024-04,S,-0.7336
pullback_price_half,ABSI,2024-04,S,-1.08951
pullback_price_half,ABSI,2024-05,S,-1.08158
pullback_price_half,ABSI,2024-07,S,0.05077
pullback_price_half,ABSI,2024-07,S,-0.23563
pullback_price_half,ABSI,2024-08,S,0.02103
pullback_price_half,ABSI,2024-08,S,-0.07531
pullback_price_half,ABSI,2024-09,S,0.23478
pullback_price_half,ABSI,2024-09,S,0.08084
pullback_price_half,ABSI,2024-12,S,-1.05761
pullback_price_half,ABSI,2025-01,S,1.49633
pullback_price_half,ABSI,2025-01,S,-0.38041
pullback_price_half,ABSI,2025-01,S,-0.65774
pullback_price_half,ABSI,2025-02,S,-1.05597
pullback_price_half,ABSI,2025-05,S,-0.59352
pullback_price_half,ABSI,2025-06,S,0.40343
pullback_price_half,ABSI,2025-07,S,-0.50133
pullback_price_half,ABSI,2025-07,S,-1.10998
pullback_price_half,ABSI,2025-07,S,-0.42726
pullback_price_half,ABSI,2025-08,S,-0.47857
pullback_price_half,ABSI,2025-08,S,-0.22547
pullback_price_half,ABSI,2025-10,S,-1.06717
pullback_price_half,ABSI,2025-10,S,-1.05012
pullback_price_half,ABSI,2025-10,S,-1.05778
pullback_price_half,ABSI,2025-12,S,-1.01068
pullback_price_half,ABSI,2026-01,S,-1.17874
pullback_price_half,ABSI,2026-03,S,2.89163
pullback_price_half,ABSI,2026-04,S,2.88538
pullback_price_half,ABSI,2026-04,S,2.88211
pullback_price_half,ABSI,2026-05,S,2.90491
pullback_price_half,ABSI,2026-05,S,2.91417
pullback_price_half,ABSI,2026-06,S,2.88886
pullback_price_half,ABSI,2026-07,M,-1.04844
pullback_price_half,GENB,2026-05,M,1.01054
pullback_price_half,GENB,2026-05,M,0.192
pullback_price_half,GENB,2026-06,M,-0.3088
pullback_price_half,GENB,2026-06,M,0.14684
pullback_price_half,TEM,2024-08,M,-0.50417
pullback_price_half,TEM,2024-09,M,-0.24477
pullback_price_half,TEM,2024-09,M,-0.46241
pullback_price_half,TEM,2024-10,M,-1.00673
pullback_price_half,TEM,2024-11,M,-1.00586
pullback_price_half,TEM,2024-11,M,-0.74289
pullback_price_half,TEM,2024-12,L,-1.00454
pullback_price_half,TEM,2025-01,M,2.98891
pullback_price_half,TEM,2025-02,L,-1.00507
pullback_price_half,TEM,2025-04,M,0.90491
pullback_price_half,TEM,2025-05,M,1.40749
pullback_price_half,TEM,2025-05,L,-0.03912
pullback_price_half,TEM,2025-05,L,-0.42212
pullback_price_half,TEM,2025-06,L,-0.08063
pullback_price_half,TEM,2025-06,L,-1.00881
pullback_price_half,TEM,2025-07,L,-1.01197
pullback_price_half,TEM,2025-08,L,1.09336
pullback_price_half,TEM,2025-09,L,0.6336
pullback_price_half,TEM,2025-09,L,-1.00908
pullback_price_half,TEM,2025-10,L,-0.74863
pullback_price_half,TEM,2025-10,L,-1.01014
pullback_price_half,TEM,2025-10,L,-1.00761
pullback_price_half,TEM,2025-10,L,-1.00895
pullback_price_half,TEM,2026-01,L,-1.0113
pullback_price_half,TEM,2026-04,M,-0.33017
pullback_price_half,TEM,2026-05,M,-1.01329
pullback_price_half,TEM,2026-07,L,-1.008
pullback_price_half,RXRX,2022-06,M,1.19552
pullback_price_half,RXRX,2022-06,M,1.59387
pullback_price_half,RXRX,2022-07,M,1.07121
pullback_price_half,RXRX,2022-07,M,2.59081
pullback_price_half,RXRX,2022-08,M,2.98701
pullback_price_half,RXRX,2022-08,M,0.76823
pullback_price_half,RXRX,2022-08,M,-0.18529
pullback_price_half,RXRX,2022-08,M,-0.02056
pullback_price_half,RXRX,2022-09,M,0.29073
pullback_price_half,RXRX,2022-09,M,-0.13687
pullback_price_half,RXRX,2022-09,M,0.46189
pullback_price_half,RXRX,2022-10,M,-0.60532
pullback_price_half,RXRX,2022-11,M,-1.00828
pullback_price_half,RXRX,2023-02,M,-1.00875
pullback_price_half,RXRX,2023-03,M,-1.01046
pullback_price_half,RXRX,2023-05,M,-0.52492
pullback_price_half,RXRX,2023-06,M,2.01108
pullback_price_half,RXRX,2023-06,M,-1.00648
pullback_price_half,RXRX,2023-06,M,3.51624
pullback_price_half,RXRX,2023-07,M,-1.00675
pullback_price_half,RXRX,2023-07,M,-1.00364
pullback_price_half,RXRX,2023-08,M,-0.79663
pullback_price_half,RXRX,2023-11,M,2.98996
pullback_price_half,RXRX,2023-12,M,2.98941
pullback_price_half,RXRX,2023-12,M,-0.26357
pullback_price_half,RXRX,2024-01,M,1.58179
pullback_price_half,RXRX,2024-01,M,-1.00707
pullback_price_half,RXRX,2024-01,M,0.13042
pullback_price_half,RXRX,2024-02,M,-0.08603
pullback_price_half,RXRX,2024-02,M,-1.00753
pullback_price_half,RXRX,2024-02,M,-1.01528
pullback_price_half,RXRX,2024-03,M,-1.02425
pullback_price_half,RXRX,2024-05,M,-1.14584
pullback_price_half,RXRX,2024-05,M,-1.1461
pullback_price_half,RXRX,2024-06,M,-1.18161
pullback_price_half,RXRX,2024-06,M,-1.3044
pullback_price_half,RXRX,2024-06,M,-1.13647
pullback_price_half,RXRX,2024-08,M,-1.00968
pullback_price_half,RXRX,2024-09,M,-1.01391
pullback_price_half,RXRX,2024-11,M,-1.01089
pullback_price_half,RXRX,2024-12,M,-0.44435
pullback_price_half,RXRX,2024-12,M,-1.00669
pullback_price_half,RXRX,2024-12,M,0.03605
pullback_price_half,RXRX,2024-12,M,0.01429
pullback_price_half,RXRX,2025-01,M,1.1506
pullback_price_half,RXRX,2025-01,M,-0.33912
pullback_price_half,RXRX,2025-02,M,-0.23466
pullback_price_half,RXRX,2025-02,M,-1.00693
pullback_price_half,RXRX,2025-06,M,0.85062
pullback_price_half,RXRX,2025-06,M,0.41047
pullback_price_half,RXRX,2025-06,M,0.41756
pullback_price_half,RXRX,2025-07,M,-0.06495
pullback_price_half,RXRX,2025-07,M,-0.51493
pullback_price_half,RXRX,2025-07,M,-1.0258
pullback_price_half,RXRX,2025-08,M,-0.55916
pullback_price_half,RXRX,2025-08,M,-0.66108
pullback_price_half,RXRX,2025-10,M,-1.00743
pullback_price_half,RXRX,2025-10,M,-1.00491
pullback_price_half,RXRX,2025-10,M,-0.68325
pullback_price_half,RXRX,2026-01,M,-1.00901
pullback_price_half,RXRX,2026-04,M,-1.01053
pullback_price_half,RXRX,2026-05,M,-0.24286
pullback_price_half,RXRX,2026-05,M,-0.24044
pullback_price_half,RXRX,2026-06,M,-0.00906
pullback_price_half,SDGR,2020-05,M,1.15595
pullback_price_half,SDGR,2020-06,M,0.93142
pullback_price_half,SDGR,2020-06,M,0.16512
pullback_price_half,SDGR,2020-07,M,-1.03214
pullback_price_half,SDGR,2020-07,M,-1.02907
pullback_price_half,SDGR,2020-07,M,-1.02824
pullback_price_half,SDGR,2021-01,M,-1.03771
pullback_price_half,SDGR,2021-02,M,-2.11521
pullback_price_half,SDGR,2021-03,M,-1.64328
pullback_price_half,SDGR,2022-03,M,-0.66418
pullback_price_half,SDGR,2022-03,M,-0.87881
pullback_price_half,SDGR,2022-04,M,-1.03722
pullback_price_half,SDGR,2022-04,M,-1.03925
pullback_price_half,SDGR,2022-06,M,0.81938
pullback_price_half,SDGR,2022-08,M,-1.03947
pullback_price_half,SDGR,2023-01,M,0.73121
pullback_price_half,SDGR,2023-02,M,0.17648
pullback_price_half,SDGR,2023-02,M,0.47888
pullback_price_half,SDGR,2023-03,M,0.64866
pullback_price_half,SDGR,2023-03,M,0.97685
pullback_price_half,SDGR,2023-03,M,0.32984
pullback_price_half,SDGR,2023-03,M,0.25632
pullback_price_half,SDGR,2023-05,M,2.94378
pullback_price_half,SDGR,2023-05,M,2.94652
pullback_price_half,SDGR,2023-05,M,2.14563
pullback_price_half,SDGR,2023-06,M,1.86187
pullback_price_half,SDGR,2023-06,M,-0.57625
pullback_price_half,SDGR,2023-07,M,-1.5196
pullback_price_half,SDGR,2023-07,M,-1.16793
pullback_price_half,SDGR,2023-11,M,0.1996
pullback_price_half,SDGR,2024-01,M,-1.03384
pullback_price_half,SDGR,2024-04,M,-1.05292
pullback_price_half,SDGR,2024-07,M,-1.0493
pullback_price_half,SDGR,2024-08,M,-1.04591
pullback_price_half,SDGR,2024-11,M,-0.50711
pullback_price_half,SDGR,2024-11,M,-0.31431
pullback_price_half,SDGR,2024-12,M,-0.5667
pullback_price_half,SDGR,2024-12,M,1.40674
pullback_price_half,SDGR,2024-12,M,1.43127
pullback_price_half,SDGR,2025-01,M,0.52473
pullback_price_half,SDGR,2025-02,M,-0.90471
pullback_price_half,SDGR,2025-02,M,-1.07263
pullback_price_half,SDGR,2025-03,M,-1.02986
pullback_price_half,SDGR,2025-03,M,-1.03043
pullback_price_half,SDGR,2025-05,M,-0.79044
pullback_price_half,SDGR,2025-05,M,-1.04316
pullback_price_half,SDGR,2025-06,M,-0.50926
pullback_price_half,SDGR,2025-07,M,-1.05598
pullback_price_half,SDGR,2025-10,M,-1.04542
pullback_price_half,SDGR,2025-10,M,-1.03951
pullback_price_half,SDGR,2026-06,M,0.17937
pullback_price_half,SDGR,2026-06,M,0.18579
pullback_price_half,CRSP,2017-02,S,-0.14943
pullback_price_half,CRSP,2017-03,S,-0.63741
pullback_price_half,CRSP,2017-03,S,-1.00743
pullback_price_half,CRSP,2017-04,S,-1.00812
pullback_price_half,CRSP,2017-04,S,-1.01013
pullback_price_half,CRSP,2017-07,S,1.02137
pullback_price_half,CRSP,2017-07,S,1.28351
pullback_price_half,CRSP,2017-09,S,0.11982
pullback_price_half,CRSP,2017-09,S,-0.00931
pullback_price_half,CRSP,2017-09,S,-1.0135
pullback_price_half,CRSP,2017-10,S,-0.21721
pullback_price_half,CRSP,2018-01,S,2.98576
pullback_price_half,CRSP,2018-01,M,2.98949
pullback_price_half,CRSP,2018-02,M,1.10775
pullback_price_half,CRSP,2018-02,M,0.60747
pullback_price_half,CRSP,2018-03,M,-0.46816
pullback_price_half,CRSP,2018-03,M,-1.00738
pullback_price_half,CRSP,2018-04,M,1.56643
pullback_price_half,CRSP,2018-04,M,1.19191
pullback_price_half,CRSP,2018-04,M,0.75281
pullback_price_half,CRSP,2018-05,M,1.07616
pullback_price_half,CRSP,2018-06,M,-0.81144
pullback_price_half,CRSP,2018-06,M,-1.0067
pullback_price_half,CRSP,2018-06,M,-1.00762
pullback_price_half,CRSP,2018-07,M,-1.01045
pullback_price_half,CRSP,2018-12,M,-1.00919
pullback_price_half,CRSP,2019-01,M,-0.42324
pullback_price_half,CRSP,2019-01,M,0.60937
pullback_price_half,CRSP,2019-02,M,1.3072
pullback_price_half,CRSP,2019-03,M,0.20252
pullback_price_half,CRSP,2019-03,M,0.44825
pullback_price_half,CRSP,2019-03,M,0.45588
pullback_price_half,CRSP,2019-04,M,-0.19793
pullback_price_half,CRSP,2019-04,M,-0.22039
pullback_price_half,CRSP,2019-05,M,1.16942
pullback_price_half,CRSP,2019-06,M,0.77024
pullback_price_half,CRSP,2019-08,M,0.1779
pullback_price_half,CRSP,2019-08,M,-1.01098
pullback_price_half,CRSP,2019-10,M,2.99635
pullback_price_half,CRSP,2019-11,M,0.02827
pullback_price_half,CRSP,2019-12,M,-0.7889
pullback_price_half,CRSP,2019-12,M,-1.01181
pullback_price_half,CRSP,2019-12,M,-1.01548
pullback_price_half,CRSP,2020-01,M,-1.01469
pullback_price_half,CRSP,2020-04,M,1.67824
pullback_price_half,CRSP,2020-05,M,1.43942
pullback_price_half,CRSP,2020-05,M,1.4715
pullback_price_half,CRSP,2020-05,M,1.70905
pullback_price_half,CRSP,2020-06,M,2.98602
pullback_price_half,CRSP,2020-06,M,1.64892
pullback_price_half,CRSP,2020-07,M,0.08968
pullback_price_half,CRSP,2020-07,M,-0.46823
pullback_price_half,CRSP,2020-08,M,-0.36968
pullback_price_half,CRSP,2020-08,M,-1.01223
pullback_price_half,CRSP,2020-10,M,2.32386
pullback_price_half,CRSP,2020-10,M,2.98794
pullback_price_half,CRSP,2020-11,M,2.9877
pullback_price_half,CRSP,2020-12,L,1.65929
pullback_price_half,CRSP,2020-12,L,-0.06581
pullback_price_half,CRSP,2021-01,L,-1.00753
pullback_price_half,CRSP,2021-01,L,-1.00677
pullback_price_half,CRSP,2021-02,L,-1.00976
pullback_price_half,CRSP,2021-05,M,1.24518
pullback_price_half,CRSP,2021-06,M,2.98132
pullback_price_half,CRSP,2021-07,L,-1.01069
pullback_price_half,CRSP,2021-07,M,-0.20942
pullback_price_half,CRSP,2021-08,L,-1.01438
pullback_price_half,CRSP,2022-03,M,-1.00898
pullback_price_half,CRSP,2022-04,M,-1.0098
pullback_price_half,CRSP,2022-04,M,-1.00959
pullback_price_half,CRSP,2022-06,M,1.2554
pullback_price_half,CRSP,2022-06,M,0.9423
pullback_price_half,CRSP,2022-06,M,0.79361
pullback_price_half,CRSP,2022-07,M,-0.52076
pullback_price_half,CRSP,2022-08,M,-0.2007
pullback_price_half,CRSP,2022-08,M,-1.00961
pullback_price_half,CRSP,2022-09,M,-1.01357
pullback_price_half,CRSP,2023-02,M,-0.69405
pullback_price_half,CRSP,2023-02,M,-0.47073
pullback_price_half,CRSP,2023-02,M,0.11426
pullback_price_half,CRSP,2023-04,M,1.30037
pullback_price_half,CRSP,2023-05,M,1.13572
pullback_price_half,CRSP,2023-05,M,-0.67236
pullback_price_half,CRSP,2023-05,M,-0.45577
pullback_price_half,CRSP,2023-06,M,-0.57723
pullback_price_half,CRSP,2023-06,M,-0.41058
pullback_price_half,CRSP,2023-11,M,1.06711
pullback_price_half,CRSP,2023-11,M,-0.5079
pullback_price_half,CRSP,2023-12,M,-0.14645
pullback_price_half,CRSP,2023-12,M,-0.0133
pullback_price_half,CRSP,2023-12,M,0.19614
pullback_price_half,CRSP,2023-12,M,0.22922
pullback_price_half,CRSP,2024-01,M,1.64008
pullback_price_half,CRSP,2024-01,M,2.07484
pullback_price_half,CRSP,2024-01,M,1.29347
pullback_price_half,CRSP,2024-02,M,-1.01118
pullback_price_half,CRSP,2024-03,M,-1.00867
pullback_price_half,CRSP,2024-03,M,-1.01017
pullback_price_half,CRSP,2024-03,M,-1.01399
pullback_price_half,CRSP,2024-06,M,-1.01274
pullback_price_half,CRSP,2024-07,M,-1.01463
pullback_price_half,CRSP,2024-07,M,-1.32151
pullback_price_half,CRSP,2024-08,M,-1.36675
pullback_price_half,CRSP,2024-11,M,-1.01044
pullback_price_half,CRSP,2024-11,M,-1.01104
pullback_price_half,CRSP,2024-12,M,-1.01323
pullback_price_half,CRSP,2025-02,M,-1.12605
pullback_price_half,CRSP,2025-03,M,-1.02438
pullback_price_half,CRSP,2025-03,M,-1.00926
pullback_price_half,CRSP,2025-07,M,-0.1775
pullback_price_half,CRSP,2025-07,M,-0.51965
pullback_price_half,CRSP,2025-08,M,0.47787
pullback_price_half,CRSP,2025-08,M,0.28563
pullback_price_half,CRSP,2025-10,M,-1.00864
pullback_price_half,CRSP,2025-10,M,-1.00732
pullback_price_half,CRSP,2025-11,M,-1.0099
pullback_price_half,CRSP,2026-02,M,-1.01122
pullback_price_half,CRSP,2026-04,M,-0.15338
pullback_price_half,CRSP,2026-05,M,0.12982
pullback_price_half,CRSP,2026-05,M,0.21901
pullback_price_half,CRSP,2026-06,M,-0.65887
pullback_price_half,CRSP,2026-06,M,-0.49468
pullback_price_half,CRSP,2026-07,M,-1.01
pullback_price_half,BEAM,2020-06,S,-0.61998
pullback_price_half,BEAM,2020-06,S,-1.00647
pullback_price_half,BEAM,2020-07,S,-1.00683
pullback_price_half,BEAM,2020-08,M,-0.53508
pullback_price_half,BEAM,2020-08,M,0.94013
pullback_price_half,BEAM,2020-09,M,1.61323
pullback_price_half,BEAM,2020-10,M,2.21952
pullback_price_half,BEAM,2020-10,M,2.98838
pullback_price_half,BEAM,2020-11,M,2.99
pullback_price_half,BEAM,2020-12,M,1.13393
pullback_price_half,BEAM,2020-12,M,0.65475
pullback_price_half,BEAM,2021-01,M,-0.20986
pullback_price_half,BEAM,2021-01,M,-1.00533
pullback_price_half,BEAM,2021-01,M,-0.01721
pullback_price_half,BEAM,2021-02,M,-1.00613
pullback_price_half,BEAM,2021-02,M,-1.00642
pullback_price_half,BEAM,2021-03,M,-0.58164
pullback_price_half,BEAM,2021-06,M,2.98692
pullback_price_half,BEAM,2021-07,M,-1.0071
pullback_price_half,BEAM,2021-07,M,0.46386
pullback_price_half,BEAM,2021-08,M,-0.73082
pullback_price_half,BEAM,2021-08,M,-0.5757
pullback_price_half,BEAM,2021-09,M,-1.01069
pullback_price_half,BEAM,2021-09,M,-1.01072
pullback_price_half,BEAM,2021-12,M,-1.00647
pullback_price_half,BEAM,2022-08,M,-0.17146
pullback_price_half,BEAM,2022-08,M,-1.00765
pullback_price_half,BEAM,2022-08,M,-0.72859
pullback_price_half,BEAM,2022-08,M,-1.00731
pullback_price_half,BEAM,2022-09,M,-1.00914
pullback_price_half,BEAM,2022-12,M,-1.00898
pullback_price_half,BEAM,2022-12,M,-1.00897
pullback_price_half,BEAM,2023-01,M,-0.5083
pullback_price_half,BEAM,2023-01,M,-1.0109
pullback_price_half,BEAM,2023-02,M,-1.00921
pullback_price_half,BEAM,2023-02,M,-1.00826
pullback_price_half,BEAM,2023-05,M,-0.49472
pullback_price_half,BEAM,2023-06,M,-0.45492
pullback_price_half,BEAM,2023-06,M,-0.30562
pullback_price_half,BEAM,2023-06,M,-1.01317
pullback_price_half,BEAM,2023-12,M,-0.22801
pullback_price_half,BEAM,2023-12,M,-0.34418
pullback_price_half,BEAM,2024-01,M,1.01291
pullback_price_half,BEAM,2024-01,M,1.37754
pullback_price_half,BEAM,2024-02,M,0.30235
pullback_price_half,BEAM,2024-02,M,-1.00857
pullback_price_half,BEAM,2024-03,M,-1.00681
pullback_price_half,BEAM,2024-03,M,-1.00581
pullback_price_half,BEAM,2024-06,M,1.34453
pullback_price_half,BEAM,2024-06,M,-0.09031
pullback_price_half,BEAM,2024-07,M,2.98321
pullback_price_half,BEAM,2024-08,M,-0.49719
pullback_price_half,BEAM,2024-08,M,-1.01293
pullback_price_half,BEAM,2024-11,M,1.9546
pullback_price_half,BEAM,2024-11,M,-0.28815
pullback_price_half,BEAM,2024-11,M,0.11473
pullback_price_half,BEAM,2024-12,M,-0.79486
pullback_price_half,BEAM,2024-12,M,-1.00863
pullback_price_half,BEAM,2024-12,M,-0.22157
pullback_price_half,BEAM,2024-12,M,0.38264
pullback_price_half,BEAM,2025-01,M,0.6484
pullback_price_half,BEAM,2025-02,M,-1.00837
pullback_price_half,BEAM,2025-03,M,-1.00553
pullback_price_half,BEAM,2025-06,M,-1.01229
pullback_price_half,BEAM,2025-07,M,-1.00875
pullback_price_half,BEAM,2025-07,M,-1.00916
pullback_price_half,BEAM,2025-09,M,2.98468
pullback_price_half,BEAM,2025-09,M,-0.34436
pullback_price_half,BEAM,2025-10,M,0.12912
pullback_price_half,BEAM,2025-10,M,-1.00733
pullback_price_half,BEAM,2025-10,M,0.47748
pullback_price_half,BEAM,2025-11,M,0.47978
pullback_price_half,BEAM,2025-12,M,0.31136
pullback_price_half,BEAM,2026-01,M,-1.00795
pullback_price_half,BEAM,2026-01,M,-0.6578
pullback_price_half,BEAM,2026-02,M,-0.44526
pullback_price_half,BEAM,2026-02,M,-1.02173
pullback_price_half,BEAM,2026-04,M,0.35887
pullback_price_half,BEAM,2026-05,M,0.80082
pullback_price_half,BEAM,2026-05,M,0.89878
pullback_price_half,BEAM,2026-05,M,0.58146
pullback_price_half,BEAM,2026-06,M,-0.21183
pullback_price_half,BEAM,2026-06,M,-0.68938
pullback_price_half,NTLA,2016-08,S,-1.00727
pullback_price_half,NTLA,2016-09,S,-1.00717
pullback_price_half,NTLA,2016-09,S,-1.00928
pullback_price_half,NTLA,2016-11,S,-1.01062
pullback_price_half,NTLA,2016-11,S,-1.00814
pullback_price_half,NTLA,2016-12,S,-0.57734
pullback_price_half,NTLA,2016-12,S,-1.00976
pullback_price_half,NTLA,2016-12,S,-1.01175
pullback_price_half,NTLA,2017-03,S,0.18216
pullback_price_half,NTLA,2017-03,S,0.35999
pullback_price_half,NTLA,2017-03,S,0.45934
pullback_price_half,NTLA,2017-04,S,0.07185
pullback_price_half,NTLA,2017-06,S,1.16787
pullback_price_half,NTLA,2017-07,S,1.89055
pullback_price_half,NTLA,2017-08,S,2.27123
pullback_price_half,NTLA,2017-08,S,2.98526
pullback_price_half,NTLA,2017-09,S,-1.01055
pullback_price_half,NTLA,2017-10,S,-1.08271
pullback_price_half,NTLA,2017-10,S,-1.00937
pullback_price_half,NTLA,2017-11,S,-0.63003
pullback_price_half,NTLA,2018-01,S,0.88845
pullback_price_half,NTLA,2018-01,S,1.83502
pullback_price_half,NTLA,2018-02,S,-0.04037
pullback_price_half,NTLA,2018-03,M,-1.0078
pullback_price_half,NTLA,2018-03,M,-1.00682
pullback_price_half,NTLA,2018-06,M,0.29686
pullback_price_half,NTLA,2018-06,M,-0.14747
pullback_price_half,NTLA,2018-07,M,0.34072
pullback_price_half,NTLA,2018-07,M,-0.21343
pullback_price_half,NTLA,2018-08,M,-1.01255
pullback_price_half,NTLA,2018-09,M,-1.00895
pullback_price_half,NTLA,2019-03,S,0.18848
pullback_price_half,NTLA,2019-04,S,-0.88825
pullback_price_half,NTLA,2019-04,S,-1.01273
pullback_price_half,NTLA,2019-08,S,-1.01269
pullback_price_half,NTLA,2019-08,S,-1.01234
pullback_price_half,NTLA,2019-08,S,-1.01611
pullback_price_half,NTLA,2019-12,S,-1.0113
pullback_price_half,NTLA,2019-12,S,-1.01308
pullback_price_half,NTLA,2020-01,S,-1.01314
pullback_price_half,NTLA,2020-04,S,1.42868
pullback_price_half,NTLA,2020-04,S,2.98707
pullback_price_half,NTLA,2020-04,S,2.98699
pullback_price_half,NTLA,2020-05,S,2.98817
pullback_price_half,NTLA,2020-05,S,0.91301
pullback_price_half,NTLA,2020-06,M,-0.11421
pullback_price_half,NTLA,2020-06,M,-0.53883
pullback_price_half,NTLA,2020-06,M,-0.35365
pullback_price_half,NTLA,2020-07,M,-0.08558
pullback_price_half,NTLA,2020-07,M,-0.5972
pullback_price_half,NTLA,2020-08,M,-1.01094
pullback_price_half,NTLA,2020-09,M,1.46978
pullback_price_half,NTLA,2020-10,M,3.03661
pullback_price_half,NTLA,2020-10,M,2.88431
pullback_price_half,NTLA,2020-11,M,3.04069
pullback_price_half,NTLA,2020-12,M,0.44093
pullback_price_half,NTLA,2021-01,M,-0.49332
pullback_price_half,NTLA,2021-01,M,-1.00687
pullback_price_half,NTLA,2021-02,M,-1.0058
pullback_price_half,NTLA,2021-02,M,-1.00677
pullback_price_half,NTLA,2021-02,M,-1.00791
pullback_price_half,NTLA,2021-04,M,-0.44512
pullback_price_half,NTLA,2021-04,M,0.01315
pullback_price_half,NTLA,2021-05,M,-1.19193
pullback_price_half,NTLA,2021-05,M,3.82935
pullback_price_half,NTLA,2021-06,M,4.84782
pullback_price_half,NTLA,2021-06,M,3.56695
pullback_price_half,NTLA,2021-07,L,-0.16751
pullback_price_half,NTLA,2021-07,L,0.09394
pullback_price_half,NTLA,2021-07,M,0.6976
pullback_price_half,NTLA,2021-08,M,0.48399
pullback_price_half,NTLA,2021-08,L,-0.55172
pullback_price_half,NTLA,2021-08,L,-1.00738
pullback_price_half,NTLA,2021-09,L,-1.00942
pullback_price_half,NTLA,2021-09,L,-1.00923
pullback_price_half,NTLA,2022-08,M,0.34221
pullback_price_half,NTLA,2022-08,M,-0.50962
pullback_price_half,NTLA,2022-08,M,-0.40133
pullback_price_half,NTLA,2022-08,M,-0.4937
pullback_price_half,NTLA,2022-09,M,-1.01
pullback_price_half,NTLA,2023-02,M,-0.42491
pullback_price_half,NTLA,2023-02,M,-0.43196
pullback_price_half,NTLA,2023-02,M,-0.13856
pullback_price_half,NTLA,2023-03,M,-0.39152
pullback_price_half,NTLA,2023-03,M,-0.41235
pullback_price_half,NTLA,2023-05,M,-0.42343
pullback_price_half,NTLA,2023-06,M,0.35416
pullback_price_half,NTLA,2023-06,M,-0.30556
pullback_price_half,NTLA,2023-12,M,-0.67669
pullback_price_half,NTLA,2023-12,M,-1.00903
pullback_price_half,NTLA,2024-01,M,-0.2572
pullback_price_half,NTLA,2024-03,M,-1.00874
pullback_price_half,NTLA,2024-03,M,-1.00772
pullback_price_half,NTLA,2024-03,M,-1.01066
pullback_price_half,NTLA,2024-06,M,0.43353
pullback_price_half,NTLA,2024-06,M,-0.51147
pullback_price_half,NTLA,2024-07,M,-1.01094
pullback_price_half,NTLA,2024-08,M,-1.00992
pullback_price_half,NTLA,2024-10,M,-1.26275
pullback_price_half,NTLA,2025-02,M,-1.00977
pullback_price_half,NTLA,2025-06,S,1.91425
pullback_price_half,NTLA,2025-06,S,1.0936
pullback_price_half,NTLA,2025-07,S,0.87773
pullback_price_half,NTLA,2025-07,M,-1.00786
pullback_price_half,NTLA,2025-08,M,1.57388
pullback_price_half,NTLA,2025-08,M,2.09064
pullback_price_half,NTLA,2025-08,M,2.98455
pullback_price_half,NTLA,2025-09,M,2.98369
pullback_price_half,NTLA,2025-09,M,2.98827
pullback_price_half,NTLA,2025-10,M,-1.63222
pullback_price_half,NTLA,2025-10,M,-1.51177
pullback_price_half,NTLA,2026-01,M,-1.00883
pullback_price_half,NTLA,2026-02,M,-0.05429
pullback_price_half,NTLA,2026-02,M,0.13003
pullback_price_half,NTLA,2026-02,M,0.17465
pullback_price_half,NTLA,2026-03,M,0.1434
pullback_price_half,NTLA,2026-03,M,-0.01156
pullback_price_half,NTLA,2026-03,M,0.01063
pullback_price_half,NTLA,2026-03,M,0.48231
pullback_price_half,NTLA,2026-04,M,-0.26348
pullback_price_half,NTLA,2026-04,M,-0.62011
pullback_price_half,NTLA,2026-05,M,0.38491
pullback_price_half,NTLA,2026-05,M,0.68006
pullback_price_half,NTLA,2026-05,M,-0.23611
pullback_price_half,NTLA,2026-07,M,-1.00773
pullback_price_half,PRME,2023-02,M,-1.07795
pullback_price_half,PRME,2023-05,M,0.41887
pullback_price_half,PRME,2023-06,M,-0.21827
pullback_price_half,PRME,2023-06,M,-0.42094
pullback_price_half,PRME,2023-06,M,-1.10616
pullback_price_half,PRME,2023-07,M,-1.12769
pullback_price_half,PRME,2023-07,M,-1.20657
pullback_price_half,PRME,2023-07,M,-1.12855
pullback_price_half,PRME,2023-12,S,-0.69982
pullback_price_half,PRME,2023-12,S,-1.07263
pullback_price_half,PRME,2024-01,S,-1.0888
pullback_price_half,PRME,2024-02,S,-1.08421
pullback_price_half,PRME,2024-03,S,-1.05696
pullback_price_half,PRME,2024-03,S,-1.0721
pullback_price_half,PRME,2024-05,S,-1.06772
pullback_price_half,PRME,2024-06,S,-0.60551
pullback_price_half,PRME,2024-06,S,-1.08441
pullback_price_half,PRME,2024-06,S,-1.15254
pullback_price_half,PRME,2024-07,S,-1.1056
pullback_price_half,PRME,2024-10,S,-1.06429
pullback_price_half,PRME,2024-10,S,-1.07995
pullback_price_half,PRME,2024-11,S,-1.07449
pullback_price_half,PRME,2024-11,S,-1.07878
pullback_price_half,PRME,2025-01,S,-1.07711
pullback_price_half,PRME,2025-02,S,-1.08185
pullback_price_half,PRME,2025-06,S,2.89414
pullback_price_half,PRME,2025-07,S,-0.47319
pullback_price_half,PRME,2025-07,S,-0.13835
pullback_price_half,PRME,2025-08,S,0.37174
pullback_price_half,PRME,2025-08,S,1.15818
pullback_price_half,PRME,2025-08,S,2.88855
pullback_price_half,PRME,2025-09,S,2.87157
pullback_price_half,PRME,2025-10,S,-1.06935
pullback_price_half,PRME,2025-10,S,-1.05639
pullback_price_half,PRME,2025-10,S,-0.73161
pullback_price_half,PRME,2025-11,S,-1.07216
pullback_price_half,PRME,2026-01,S,-1.10111
pullback_price_half,PRME,2026-01,S,0.18113
pullback_price_half,PRME,2026-01,S,-0.39358
pullback_price_half,PRME,2026-02,S,-1.08938
pullback_price_half,PRME,2026-03,S,-1.0791
pullback_price_half,PRME,2026-04,S,-1.08092
pullback_price_half,PRME,2026-04,S,-1.09778
pullback_price_half,PRME,2026-06,S,-1.08952
pullback_price_half,PRME,2026-07,S,-1.06266
pullback_price_half,TXG,2019-12,M,2.98395
pullback_price_half,TXG,2019-12,M,0.56485
pullback_price_half,TXG,2020-01,M,0.77947
pullback_price_half,TXG,2020-01,M,0.29284
pullback_price_half,TXG,2020-01,M,-1.00863
pullback_price_half,TXG,2020-02,M,-1.00903
pullback_price_half,TXG,2020-02,M,-1.00834
pullback_price_half,TXG,2020-05,M,1.24567
pullback_price_half,TXG,2020-10,L,0.18282
pullback_price_half,TXG,2020-10,L,0.61978
pullback_price_half,TXG,2020-11,L,-1.01388
pullback_price_half,TXG,2020-11,L,0.0598
pullback_price_half,TXG,2021-01,L,-0.34225
pullback_price_half,TXG,2021-02,L,-1.01168
pullback_price_half,TXG,2021-03,L,0.67827
pullback_price_half,TXG,2021-03,L,-0.84133
pullback_price_half,TXG,2021-04,L,-1.01036
pullback_price_half,TXG,2021-05,L,-1.01118
pullback_price_half,TXG,2021-05,L,0.31052
pullback_price_half,TXG,2021-06,L,0.25429
pullback_price_half,TXG,2021-07,L,-1.01431
pullback_price_half,TXG,2021-07,L,-1.01402
pullback_price_half,TXG,2021-07,L,-1.01483
pullback_price_half,TXG,2021-10,L,-1.01746
pullback_price_half,TXG,2021-11,L,-1.01441
pullback_price_half,TXG,2022-07,M,-1.34593
pullback_price_half,TXG,2022-07,M,-1.32834
pullback_price_half,TXG,2022-08,M,-1.10541
pullback_price_half,TXG,2022-08,M,-1.00936
pullback_price_half,TXG,2022-11,M,0.23901
pullback_price_half,TXG,2022-11,M,0.9647
pullback_price_half,TXG,2022-12,M,1.85148
pullback_price_half,TXG,2022-12,M,1.95255
pullback_price_half,TXG,2022-12,M,1.40129
pullback_price_half,TXG,2023-01,M,1.95979
pullback_price_half,TXG,2023-02,M,0.48398
pullback_price_half,TXG,2023-02,M,0.79909
pullback_price_half,TXG,2023-03,M,0.91938
pullback_price_half,TXG,2024-01,M,-1.04805
pullback_price_half,TXG,2024-01,M,-1.01325
pullback_price_half,TXG,2024-02,M,-1.01376
pullback_price_half,TXG,2024-08,M,0.64735
pullback_price_half,TXG,2024-09,M,-1.90429
pullback_price_half,TXG,2024-09,M,-1.90312
pullback_price_half,TXG,2024-09,M,-1.69074
pullback_price_half,TXG,2024-12,M,-1.01175
pullback_price_half,TXG,2025-01,M,-1.00966
pullback_price_half,TXG,2025-01,M,-1.00815
pullback_price_half,TXG,2025-05,M,1.51766
pullback_price_half,TXG,2025-05,M,1.9108
pullback_price_half,TXG,2025-06,M,1.32921
pullback_price_half,TXG,2025-07,M,1.03489
pullback_price_half,TXG,2025-08,M,0.05432
pullback_price_half,TXG,2025-08,M,-0.2805
pullback_price_half,TXG,2025-08,M,-0.22596
pullback_price_half,TXG,2025-09,M,-1.01215
pullback_price_half,TXG,2025-11,M,0.18263
pullback_price_half,TXG,2025-12,M,0.75758
pullback_price_half,TXG,2025-12,M,1.431
pullback_price_half,TXG,2025-12,M,1.52679
pullback_price_half,TXG,2025-12,M,0.45978
pullback_price_half,TXG,2026-01,M,-0.52816
pullback_price_half,TXG,2026-02,M,0.11816
pullback_price_half,TXG,2026-02,M,0.73069
pullback_price_half,TXG,2026-03,M,-1.00933
pullback_price_half,TXG,2026-03,M,0.2519
pullback_price_half,TXG,2026-04,M,1.81642
pullback_price_half,TXG,2026-05,M,2.16247
pullback_price_half,TXG,2026-05,M,2.98787
pullback_price_half,TXG,2026-05,M,2.98641
pullback_price_half,TXG,2026-06,M,2.45896
pullback_price_half,TXG,2026-06,M,2.13702
pullback_price_half,ILMN,2020-06,L,1.50134
pullback_price_half,ILMN,2021-02,L,-1.01272
pullback_price_half,ILMN,2021-02,L,-1.01286
pullback_price_half,ILMN,2021-03,L,-1.01473
pullback_price_half,ILMN,2022-01,L,-1.01324
pullback_price_half,ILMN,2022-08,L,-0.50144
pullback_price_half,ILMN,2022-08,L,-0.19219
pullback_price_half,ILMN,2022-09,L,0.61601
pullback_price_half,ILMN,2022-11,L,-0.37218
pullback_price_half,ILMN,2022-11,L,-0.5598
pullback_price_half,ILMN,2022-11,L,-1.01556
pullback_price_half,ILMN,2023-03,L,-1.014
pullback_price_half,ILMN,2024-09,L,1.58418
pullback_price_half,ILMN,2025-08,L,0.6026
pullback_price_half,ILMN,2025-08,L,-0.55932
pullback_price_half,ILMN,2025-08,L,-1.0223
pullback_price_half,ILMN,2026-06,L,1.74276
pullback_price_half,ILMN,2026-06,L,2.02617
pullback_price_half,PACB,2016-04,S,0.0781
pullback_price_half,PACB,2016-04,S,0.42295
pullback_price_half,PACB,2016-05,S,-0.25815
pullback_price_half,PACB,2016-05,S,-0.5759
pullback_price_half,PACB,2016-05,S,-1.04365
pullback_price_half,PACB,2016-06,S,-1.03986
pullback_price_half,PACB,2016-09,S,0.11895
pullback_price_half,PACB,2016-09,S,0.08935
pullback_price_half,PACB,2017-02,S,-0.03634
pullback_price_half,PACB,2017-03,S,-0.65659
pullback_price_half,PACB,2017-03,S,-1.1626
pullback_price_half,PACB,2017-04,S,-1.04168
pullback_price_half,PACB,2017-04,S,-1.12474
pullback_price_half,PACB,2017-08,S,1.20812
pullback_price_half,PACB,2017-08,S,1.08861
pullback_price_half,PACB,2017-09,S,-1.05167
pullback_price_half,PACB,2017-10,S,-1.05229
pullback_price_half,PACB,2018-01,S,-1.03308
pullback_price_half,PACB,2018-03,S,-1.0424
pullback_price_half,PACB,2018-04,S,-0.02479
pullback_price_half,PACB,2018-04,S,-1.06014
pullback_price_half,PACB,2018-05,S,2.93523
pullback_price_half,PACB,2018-06,S,1.04335
pullback_price_half,PACB,2018-07,S,0.90566
pullback_price_half,PACB,2018-07,S,2.56723
pullback_price_half,PACB,2018-07,S,2.23956
pullback_price_half,PACB,2018-08,S,0.26543
pullback_price_half,PACB,2018-09,S,-1.03996
pullback_price_half,PACB,2018-10,S,-1.04085
pullback_price_half,PACB,2020-05,S,0.41477
pullback_price_half,PACB,2020-06,S,0.0461
pullback_price_half,PACB,2020-06,S,0.29464
pullback_price_half,PACB,2020-07,S,2.88267
pullback_price_half,PACB,2020-07,S,2.94121
pullback_price_half,PACB,2020-07,S,2.93892
pullback_price_half,PACB,2020-09,S,2.9431
pullback_price_half,PACB,2020-10,M,2.28854
pullback_price_half,PACB,2020-10,M,2.94895
pullback_price_half,PACB,2020-11,M,2.95601
pullback_price_half,PACB,2020-12,M,2.95386
pullback_price_half,PACB,2020-12,M,2.96192
pullback_price_half,PACB,2021-01,M,-0.37062
pullback_price_half,PACB,2021-01,M,0.22617
pullback_price_half,PACB,2021-02,M,-0.1621
pullback_price_half,PACB,2021-02,M,-1.02466
pullback_price_half,PACB,2021-04,M,-1.05929
pullback_price_half,PACB,2021-06,M,0.25767
pullback_price_half,PACB,2021-07,M,-0.40794
pullback_price_half,PACB,2021-07,M,0.24856
pullback_price_half,PACB,2021-07,M,-0.31966
pullback_price_half,PACB,2021-08,M,-0.7046
pullback_price_half,PACB,2021-09,M,-1.05002
pullback_price_half,PACB,2021-11,M,-1.04363
pullback_price_half,PACB,2021-11,M,-1.03443
pullback_price_half,PACB,2022-08,M,2.96041
pullback_price_half,PACB,2022-10,M,0.64756
pullback_price_half,PACB,2022-11,M,-0.87023
pullback_price_half,PACB,2022-11,M,0.28986
pullback_price_half,PACB,2022-12,M,0.44435
pullback_price_half,PACB,2022-12,M,0.89974
pullback_price_half,PACB,2022-12,M,0.99996
pullback_price_half,PACB,2023-01,M,-0.33062
pullback_price_half,PACB,2023-01,M,-0.85284
pullback_price_half,PACB,2023-02,M,-1.03214
pullback_price_half,PACB,2023-02,M,-1.0349
pullback_price_half,PACB,2023-04,M,1.93104
pullback_price_half,PACB,2023-05,M,0.11807
pullback_price_half,PACB,2023-06,M,-0.22329
pullback_price_half,PACB,2023-06,M,-0.65233
pullback_price_half,PACB,2023-07,M,-1.04526
pullback_price_half,PACB,2023-11,M,0.54688
pullback_price_half,PACB,2024-01,M,-1.03026
pullback_price_half,PACB,2024-07,S,-0.54786
pullback_price_half,PACB,2024-08,S,0.06999
pullback_price_half,PACB,2024-09,S,0.12652
pullback_price_half,PACB,2024-09,S,1.0048
pullback_price_half,PACB,2024-10,S,-0.17313
pullback_price_half,PACB,2024-10,S,0.3591
pullback_price_half,PACB,2024-10,S,0.02915
pullback_price_half,PACB,2024-10,S,0.44324
pullback_price_half,PACB,2024-11,S,-1.02007
pullback_price_half,PACB,2024-12,S,-0.49743
pullback_price_half,PACB,2024-12,S,-1.02897
pullback_price_half,PACB,2025-01,S,-1.03246
pullback_price_half,PACB,2025-02,S,-1.02359
pullback_price_half,PACB,2025-06,S,0.41821
pullback_price_half,PACB,2025-07,S,-0.41067
pullback_price_half,PACB,2025-07,S,-0.54832
pullback_price_half,PACB,2025-07,S,-1.02888
pullback_price_half,PACB,2025-08,S,-0.33497
pullback_price_half,PACB,2025-08,S,0.44275
pullback_price_half,PACB,2025-10,S,2.94125
pullback_price_half,PACB,2025-10,S,2.08503
pullback_price_half,PACB,2025-11,S,-0.44521
pullback_price_half,PACB,2025-11,S,0.06469
pullback_price_half,PACB,2025-11,S,0.21407
pullback_price_half,PACB,2025-12,S,0.15456
pullback_price_half,PACB,2025-12,S,0.33893
pullback_price_half,PACB,2025-12,S,0.41604
pullback_price_half,PACB,2026-01,S,-1.03966
pullback_price_half,PACB,2026-01,S,-1.02882
pullback_price_half,PACB,2026-01,S,-1.02597
pullback_price_half,PACB,2026-04,S,-1.03004
pullback_price_half,PACB,2026-05,S,-1.03112
pullback_price_half,PACB,2026-05,S,0.02539
pullback_price_half,PACB,2026-06,S,-0.27879
pullback_price_half,PACB,2026-07,S,-1.02684
pullback_price_half,PACB,2026-07,S,-1.02681
pullback_price_half,PACB,2026-07,S,-1.04372
pullback_price_half,QSI,2021-02,S,-1.11643
pullback_price_half,QSI,2021-07,S,-1.07717
pullback_price_half,QSI,2021-07,S,-1.06481
pullback_price_half,QSI,2021-07,S,-1.06538
pullback_price_half,QSI,2021-12,M,-1.0656
pullback_price_half,QSI,2022-04,S,-1.05582
pullback_price_half,QSI,2022-04,S,-1.08185
pullback_price_half,QSI,2022-05,S,-1.09164
pullback_price_half,QSI,2022-07,S,-0.60028
pullback_price_half,QSI,2022-08,S,-1.08308
pullback_price_half,QSI,2022-08,S,-1.07217
pullback_price_half,QSI,2022-08,S,-0.71091
pullback_price_half,QSI,2022-09,S,-1.07817
pullback_price_half,QSI,2022-10,S,-1.08285
pullback_price_half,QSI,2022-11,S,-1.06162
pullback_price_half,QSI,2022-11,S,-1.05783
pullback_price_half,QSI,2023-02,S,-1.0788
pullback_price_half,QSI,2023-02,S,-1.0781
pullback_price_half,QSI,2023-03,S,-1.10505
pullback_price_half,QSI,2023-05,S,0.71058
pullback_price_half,QSI,2023-06,S,2.88488
pullback_price_half,QSI,2023-06,S,2.89398
pullback_price_half,QSI,2023-06,S,2.88648
pullback_price_half,QSI,2023-07,S,-1.08101
pullback_price_half,QSI,2023-07,S,-1.04873
pullback_price_half,QSI,2023-11,S,0.84257
pullback_price_half,QSI,2023-11,S,0.49672
pullback_price_half,QSI,2023-12,S,-0.12103
pullback_price_half,QSI,2024-01,S,-1.0641
pullback_price_half,QSI,2024-01,S,-1.0586
pullback_price_half,QSI,2024-01,S,0.91205
pullback_price_half,QSI,2024-02,S,0.64469
pullback_price_half,QSI,2024-03,S,-0.60642
pullback_price_half,QSI,2024-03,S,-0.1537
pullback_price_half,QSI,2024-03,S,-0.42421
pullback_price_half,QSI,2024-04,S,-0.2273
pullback_price_half,QSI,2024-05,S,-1.08387
pullback_price_half,QSI,2024-11,S,3.87426
pullback_price_half,QSI,2024-12,S,2.93
pullback_price_half,QSI,2024-12,S,-0.81344
pullback_price_half,QSI,2025-05,S,1.73493
pullback_price_half,QSI,2025-05,S,-0.19753
pullback_price_half,QSI,2025-06,S,0.10008
pullback_price_half,QSI,2025-06,S,-0.47199
pullback_price_half,QSI,2025-06,S,-0.93838
pullback_price_half,QSI,2025-07,S,-1.06904
pullback_price_half,QSI,2025-07,S,-1.10165
pullback_price_half,QSI,2025-07,S,-1.14231
pullback_price_half,QSI,2025-07,S,-1.11057
pullback_price_half,QSI,2025-09,S,2.90236
pullback_price_half,QSI,2025-10,S,-1.06071
pullback_price_half,QSI,2025-10,S,-1.04676
pullback_price_half,QSI,2025-10,S,-0.89809
pullback_price_half,QSI,2026-01,S,-1.09138
pullback_price_half,QSI,2026-04,S,0.13366
pullback_price_half,QSI,2026-04,S,0.09969
pullback_price_half,QSI,2026-05,S,-0.2004
pullback_price_half,QSI,2026-05,S,-1.08672
pullback_price_half,QSI,2026-06,S,-0.96356
pullback_price_half,QSI,2026-06,S,-0.86654
pullback_price_half,MASS,2021-09,S,0.31509
pullback_price_half,MASS,2021-10,S,-1.12184
pullback_price_half,MASS,2022-03,S,0.04229
pullback_price_half,MASS,2022-04,S,-1.07893
pullback_price_half,MASS,2022-04,S,-1.08059
pullback_price_half,MASS,2022-04,S,-1.08572
pullback_price_half,MASS,2022-05,S,-1.08939
pullback_price_half,MASS,2022-07,S,0.18128
pullback_price_half,MASS,2022-07,S,-0.46643
pullback_price_half,MASS,2022-08,S,-1.07154
pullback_price_half,MASS,2022-08,S,-0.9431
pullback_price_half,MASS,2023-02,S,-1.07607
pullback_price_half,MASS,2023-03,S,-1.09044
pullback_price_half,MASS,2023-05,S,-0.57352
pullback_price_half,MASS,2023-05,S,-1.0674
pullback_price_half,MASS,2023-06,S,-1.07158
pullback_price_half,MASS,2023-06,S,-1.08354
pullback_price_half,MASS,2023-07,S,-1.10786
pullback_price_half,MASS,2023-08,S,-1.1028
pullback_price_half,MASS,2023-12,S,0.12927
pullback_price_half,MASS,2023-12,S,0.07454
pullback_price_half,MASS,2024-01,S,-0.88542
pullback_price_half,MASS,2024-05,S,-1.10008
pullback_price_half,MASS,2024-05,S,-1.08927
pullback_price_half,MASS,2024-06,S,-1.11922
pullback_price_half,MASS,2024-11,S,-1.09957
pullback_price_half,MASS,2025-01,S,0.16024
pullback_price_half,MASS,2025-02,S,1.59774
pullback_price_half,MASS,2025-02,S,2.90384
pullback_price_half,MASS,2025-02,S,-1.06258
pullback_price_half,MASS,2025-03,S,0.91717
pullback_price_half,MASS,2025-03,S,1.0156
pullback_price_half,MASS,2025-04,S,0.78581
pullback_price_half,MASS,2025-04,S,1.19158
pullback_price_half,MASS,2025-05,S,1.51871
pullback_price_half,MASS,2025-05,S,1.85429
pullback_price_half,MASS,2025-05,S,1.44543
pullback_price_half,MASS,2025-06,S,-0.19371
pullback_price_half,MASS,2025-07,S,0.0227
pullback_price_half,MASS,2025-07,S,-1.0786
pullback_price_half,MASS,2025-07,S,-1.09951
pullback_price_half,MASS,2025-07,S,-1.11424
pullback_price_half,MASS,2025-09,S,1.22722
pullback_price_half,MASS,2025-10,S,-1.51687
pullback_price_half,MASS,2025-10,S,-1.4431
pullback_price_half,MASS,2025-10,S,-1.07744
pullback_price_half,MASS,2026-01,S,-0.6021
pullback_price_half,MASS,2026-02,S,-0.32056
pullback_price_half,MASS,2026-02,S,-0.82017
pullback_price_half,MASS,2026-02,S,0.10425
pullback_price_half,MASS,2026-03,S,-1.12807
pullback_price_half,MASS,2026-03,S,0.23403
pullback_price_half,MASS,2026-04,S,0.35529
pullback_price_half,MASS,2026-04,S,1.04521
pullback_price_half,MASS,2026-05,S,1.76415
pullback_price_half,MASS,2026-05,S,0.87231
pullback_price_half,MASS,2026-05,S,0.38894
pullback_price_half,MASS,2026-06,S,-0.77505
pullback_price_half,PSNL,2020-01,S,-0.93679
pullback_price_half,PSNL,2020-01,S,-1.08842
pullback_price_half,PSNL,2020-02,S,-1.08984
pullback_price_half,PSNL,2020-02,S,-1.08906
pullback_price_half,PSNL,2020-05,S,1.04462
pullback_price_half,PSNL,2020-05,S,0.84762
pullback_price_half,PSNL,2020-06,S,1.04364
pullback_price_half,PSNL,2020-06,S,1.3463
pullback_price_half,PSNL,2020-06,S,2.45332
pullback_price_half,PSNL,2020-06,S,2.88862
pullback_price_half,PSNL,2020-08,S,0.3428
pullback_price_half,PSNL,2020-08,S,1.47368
pullback_price_half,PSNL,2020-09,S,1.03837
pullback_price_half,PSNL,2020-09,S,0.90331
pullback_price_half,PSNL,2020-09,S,0.74658
pullback_price_half,PSNL,2020-10,S,1.47459
pullback_price_half,PSNL,2020-10,S,0.2337
pullback_price_half,PSNL,2020-10,S,1.14847
pullback_price_half,PSNL,2020-11,S,1.9613
pullback_price_half,PSNL,2020-11,S,2.964
pullback_price_half,PSNL,2020-11,S,0.91523
pullback_price_half,PSNL,2020-12,S,1.89099
pullback_price_half,PSNL,2020-12,M,0.30276
pullback_price_half,PSNL,2020-12,M,-1.07328
pullback_price_half,PSNL,2021-01,M,0.26795
pullback_price_half,PSNL,2021-01,M,-0.83879
pullback_price_half,PSNL,2021-01,M,-1.07032
pullback_price_half,PSNL,2021-02,M,-1.055
pullback_price_half,PSNL,2021-02,M,-1.06088
pullback_price_half,PSNL,2021-06,S,-0.37734
pullback_price_half,PSNL,2021-06,S,-0.43768
pullback_price_half,PSNL,2021-07,M,-1.10597
pullback_price_half,PSNL,2021-07,M,-1.10285
pullback_price_half,PSNL,2021-09,S,-1.11988
pullback_price_half,PSNL,2021-10,S,-1.10448
pullback_price_half,PSNL,2022-07,S,-0.6551
pullback_price_half,PSNL,2022-07,S,-0.51827
pullback_price_half,PSNL,2022-08,S,-1.05716
pullback_price_half,PSNL,2022-08,S,-1.05154
pullback_price_half,PSNL,2023-01,S,0.71919
pullback_price_half,PSNL,2023-01,S,0.47756
pullback_price_half,PSNL,2023-01,S,2.89905
pullback_price_half,PSNL,2023-02,S,-1.04952
pullback_price_half,PSNL,2023-02,S,-0.49212
pullback_price_half,PSNL,2023-02,S,-0.01019
pullback_price_half,PSNL,2023-03,S,-0.71107
pullback_price_half,PSNL,2023-07,S,-1.11232
pullback_price_half,PSNL,2023-07,S,-1.07229
pullback_price_half,PSNL,2023-08,S,-1.07745
pullback_price_half,PSNL,2023-11,S,0.29598
pullback_price_half,PSNL,2023-12,S,0.11711
pullback_price_half,PSNL,2023-12,S,-0.47451
pullback_price_half,PSNL,2024-01,S,-1.0419
pullback_price_half,PSNL,2024-01,S,-0.3917
pullback_price_half,PSNL,2024-03,S,0.04229
pullback_price_half,PSNL,2024-04,S,-0.3712
pullback_price_half,PSNL,2024-04,S,-0.37195
pullback_price_half,PSNL,2024-05,S,-0.34976
pullback_price_half,PSNL,2024-05,S,-1.08512
pullback_price_half,PSNL,2024-05,S,0.08347
pullback_price_half,PSNL,2024-06,S,2.90024
pullback_price_half,PSNL,2024-07,S,2.87349
pullback_price_half,PSNL,2024-07,S,2.90631
pullback_price_half,PSNL,2024-08,S,1.24557
pullback_price_half,PSNL,2024-08,S,0.90382
pullback_price_half,PSNL,2024-08,S,-0.54191
pullback_price_half,PSNL,2024-08,S,-0.46949
pullback_price_half,PSNL,2024-09,S,-0.15081
pullback_price_half,PSNL,2024-09,S,-0.79461
pullback_price_half,PSNL,2024-09,S,-0.64669
pullback_price_half,PSNL,2024-09,S,-0.619
pullback_price_half,PSNL,2024-10,S,-1.0631
pullback_price_half,PSNL,2024-12,S,-0.50446
pullback_price_half,PSNL,2024-12,S,-0.28862
pullback_price_half,PSNL,2025-01,S,-0.59075
pullback_price_half,PSNL,2025-01,S,-0.62616
pullback_price_half,PSNL,2025-01,S,-1.06115
pullback_price_half,PSNL,2025-02,S,-1.05566
pullback_price_half,PSNL,2025-02,S,-1.06956
pullback_price_half,PSNL,2025-05,S,2.34664
pullback_price_half,PSNL,2025-05,S,1.34617
pullback_price_half,PSNL,2025-05,S,1.78005
pullback_price_half,PSNL,2025-06,S,2.86534
pullback_price_half,PSNL,2025-06,S,-1.51523
pullback_price_half,PSNL,2025-07,S,-1.60561
pullback_price_half,PSNL,2025-07,S,-1.46649
pullback_price_half,PSNL,2025-07,S,-1.09105
pullback_price_half,PSNL,2025-10,S,-1.07
pullback_price_half,PSNL,2025-10,S,-1.05825
pullback_price_half,PSNL,2025-11,S,-0.24546
pullback_price_half,PSNL,2025-11,S,-0.25155
pullback_price_half,PSNL,2025-12,S,-0.0254
pullback_price_half,PSNL,2025-12,S,0.26994
pullback_price_half,PSNL,2026-01,S,-1.10508
pullback_price_half,PSNL,2026-01,S,-1.09233
pullback_price_half,PSNL,2026-01,S,-1.06571
pullback_price_half,PSNL,2026-02,S,-1.06004
pullback_price_half,PSNL,2026-02,S,-1.07019
pullback_price_half,PSNL,2026-06,M,0.3109
pullback_price_half,PSNL,2026-06,M,0.73736
pullback_price_half,PSNL,2026-06,M,1.21921
pullback_price_half,GH,2019-03,M,2.98842
pullback_price_half,GH,2019-03,M,-1.00668
pullback_price_half,GH,2019-03,M,-0.10909
pullback_price_half,GH,2019-04,M,0.02296
pullback_price_half,GH,2019-06,M,1.67134
pullback_price_half,GH,2019-07,M,1.05795
pullback_price_half,GH,2019-08,M,-1.00851
pullback_price_half,GH,2019-08,M,-1.00824
pullback_price_half,GH,2019-12,M,0.88211
pullback_price_half,GH,2020-04,M,0.66278
pullback_price_half,GH,2020-05,M,-0.28015
pullback_price_half,GH,2020-06,M,-0.15688
pullback_price_half,GH,2020-06,M,0.11114
pullback_price_half,GH,2020-07,M,0.76363
pullback_price_half,GH,2020-10,M,1.42502
pullback_price_half,GH,2020-11,L,1.10831
pullback_price_half,GH,2020-12,L,2.98089
pullback_price_half,GH,2021-01,L,-1.01154
pullback_price_half,GH,2021-02,L,-1.01365
pullback_price_half,GH,2021-03,L,-1.00992
pullback_price_half,GH,2021-04,L,-1.01259
pullback_price_half,GH,2021-10,L,-1.01846
pullback_price_half,GH,2022-04,M,-1.00837
pullback_price_half,GH,2022-07,M,0.73623
pullback_price_half,GH,2022-08,M,-0.16745
pullback_price_half,GH,2022-08,M,0.21771
pullback_price_half,GH,2022-08,M,0.18442
pullback_price_half,GH,2022-09,M,-0.70109
pullback_price_half,GH,2022-09,M,-1.0095
pullback_price_half,GH,2022-09,M,-1.01014
pullback_price_half,GH,2022-10,M,-1.0093
pullback_price_half,GH,2022-11,M,-1.00789
pullback_price_half,GH,2023-02,M,-1.01006
pullback_price_half,GH,2023-03,M,-1.00986
pullback_price_half,GH,2023-05,M,1.63578
pullback_price_half,GH,2023-12,M,-1.01148
pullback_price_half,GH,2024-01,M,-1.0103
pullback_price_half,GH,2024-01,M,-1.01199
pullback_price_half,GH,2024-05,M,2.9844
pullback_price_half,GH,2024-05,M,1.26149
pullback_price_half,GH,2024-06,M,0.66993
pullback_price_half,GH,2024-06,M,0.10269
pullback_price_half,GH,2024-07,M,-0.18853
pullback_price_half,GH,2024-08,M,-0.47372
pullback_price_half,GH,2024-11,M,0.48682
pullback_price_half,GH,2024-11,M,0.42051
pullback_price_half,GH,2024-12,M,2.9833
pullback_price_half,GH,2024-12,M,2.9831
pullback_price_half,GH,2025-01,M,2.98212
pullback_price_half,GH,2025-02,M,-1.00894
pullback_price_half,GH,2025-02,M,-1.00981
pullback_price_half,GH,2025-03,M,0.41637
pullback_price_half,GH,2025-03,M,0.52381
pullback_price_half,GH,2025-03,M,0.00321
pullback_price_half,GH,2025-05,M,-1.03782
pullback_price_half,GH,2025-06,M,0.1409
pullback_price_half,GH,2025-07,M,-1.01502
pullback_price_half,GH,2025-09,M,1.16053
pullback_price_half,GH,2025-09,M,4.38353
pullback_price_half,GH,2025-09,M,3.54762
pullback_price_half,GH,2025-12,L,1.01658
pullback_price_half,GH,2025-12,L,0.39373
pullback_price_half,GH,2026-02,L,-1.01087
pullback_price_half,NTRA,2016-03,S,0.34753
pullback_price_half,NTRA,2016-05,S,2.98138
pullback_price_half,NTRA,2016-06,S,0.17962
pullback_price_half,NTRA,2016-06,S,0.46603
pullback_price_half,NTRA,2016-06,S,0.78852
pullback_price_half,NTRA,2016-06,S,-0.37274
pullback_price_half,NTRA,2016-07,S,-1.00974
pullback_price_half,NTRA,2016-07,S,-1.01158
pullback_price_half,NTRA,2016-11,S,0.94127
pullback_price_half,NTRA,2016-12,S,-1.01606
pullback_price_half,NTRA,2016-12,S,-1.01945
pullback_price_half,NTRA,2017-01,S,-1.01802
pullback_price_half,NTRA,2017-06,S,-0.20866
pullback_price_half,NTRA,2017-07,S,-1.01502
pullback_price_half,NTRA,2017-07,S,-1.01459
pullback_price_half,NTRA,2017-07,S,-1.01542
pullback_price_half,NTRA,2017-10,S,-1.01529
pullback_price_half,NTRA,2017-10,S,-1.01374
pullback_price_half,NTRA,2018-01,S,-1.01186
pullback_price_half,NTRA,2018-05,S,2.97902
pullback_price_half,NTRA,2018-05,S,2.97819
pullback_price_half,NTRA,2018-06,S,2.97196
pullback_price_half,NTRA,2018-06,S,2.01182
pullback_price_half,NTRA,2018-09,M,-1.01523
pullback_price_half,NTRA,2018-09,M,-1.01247
pullback_price_half,NTRA,2019-03,S,1.14263
pullback_price_half,NTRA,2019-03,M,0.94458
pullback_price_half,NTRA,2019-04,M,1.22422
pullback_price_half,NTRA,2019-04,M,2.11204
pullback_price_half,NTRA,2019-05,M,2.07903
pullback_price_half,NTRA,2019-08,M,0.57405
pullback_price_half,NTRA,2019-08,M,0.9071
pullback_price_half,NTRA,2019-09,M,2.12336
pullback_price_half,NTRA,2019-09,M,0.93721
pullback_price_half,NTRA,2019-11,M,-0.2191
pullback_price_half,NTRA,2020-04,M,1.43516
pullback_price_half,NTRA,2020-05,M,0.45473
pullback_price_half,NTRA,2020-06,M,0.73327
pullback_price_half,NTRA,2020-06,M,1.01651
pullback_price_half,NTRA,2020-07,M,2.02233
pullback_price_half,NTRA,2020-08,M,2.46176
pullback_price_half,NTRA,2020-09,M,0.87191
pullback_price_half,NTRA,2020-11,M,2.98324
pullback_price_half,NTRA,2020-11,M,2.40189
pullback_price_half,NTRA,2020-11,M,1.23265
pullback_price_half,NTRA,2020-12,M,1.34712
pullback_price_half,NTRA,2021-01,M,-0.15578
pullback_price_half,NTRA,2021-02,M,-1.01196
pullback_price_half,NTRA,2021-06,M,0.79692
pullback_price_half,NTRA,2021-07,M,1.29682
pullback_price_half,NTRA,2021-07,M,0.64918
pullback_price_half,NTRA,2021-09,L,0.09251
pullback_price_half,NTRA,2021-10,L,-1.01754
pullback_price_half,NTRA,2022-06,M,2.41405
pullback_price_half,NTRA,2022-07,M,1.34854
pullback_price_half,NTRA,2022-08,M,-0.65952
pullback_price_half,NTRA,2022-08,M,-0.47258
pullback_price_half,NTRA,2022-09,M,-1.01087
pullback_price_half,NTRA,2022-09,M,-1.01146
pullback_price_half,NTRA,2023-02,M,2.03107
pullback_price_half,NTRA,2023-04,M,-0.3484
pullback_price_half,NTRA,2023-04,M,-0.46183
pullback_price_half,NTRA,2023-04,M,-1.0178
pullback_price_half,NTRA,2023-09,M,-1.01264
pullback_price_half,NTRA,2024-01,M,3.30093
pullback_price_half,NTRA,2024-04,L,2.04015
pullback_price_half,NTRA,2024-11,L,0.43465
pullback_price_half,NTRA,2024-12,L,1.11671
pullback_price_half,NTRA,2025-05,L,0.86076
pullback_price_half,NTRA,2025-09,L,2.46354
pullback_price_half,VCYT,2016-05,S,-0.296
pullback_price_half,VCYT,2016-10,S,-1.24688
pullback_price_half,VCYT,2016-11,S,0.26476
pullback_price_half,VCYT,2016-11,S,0.05529
pullback_price_half,VCYT,2017-04,S,-1.06121
pullback_price_half,VCYT,2017-04,S,-1.06369
pullback_price_half,VCYT,2017-10,S,-1.05162
pullback_price_half,VCYT,2018-03,S,-1.04615
pullback_price_half,VCYT,2018-04,S,1.22996
pullback_price_half,VCYT,2018-09,S,-1.06124
pullback_price_half,VCYT,2018-11,S,-0.53582
pullback_price_half,VCYT,2018-11,S,0.47618
pullback_price_half,VCYT,2018-11,S,1.28714
pullback_price_half,VCYT,2018-12,S,2.02582
pullback_price_half,VCYT,2018-12,S,2.3685
pullback_price_half,VCYT,2019-01,S,2.94411
pullback_price_half,VCYT,2019-03,S,1.13945
pullback_price_half,VCYT,2019-03,S,-0.05295
pullback_price_half,VCYT,2019-04,S,-0.05527
pullback_price_half,VCYT,2019-04,S,0.82145
pullback_price_half,VCYT,2019-05,S,0.76479
pullback_price_half,VCYT,2019-06,M,0.04398
pullback_price_half,VCYT,2019-11,M,0.94282
pullback_price_half,VCYT,2019-12,M,0.73432
pullback_price_half,VCYT,2020-01,M,-0.05639
pullback_price_half,VCYT,2020-05,M,-0.40626
pullback_price_half,VCYT,2020-05,M,0.6283
pullback_price_half,VCYT,2020-06,M,1.01887
pullback_price_half,VCYT,2020-06,M,2.30487
pullback_price_half,VCYT,2020-07,M,0.38058
pullback_price_half,VCYT,2020-08,M,0.05344
pullback_price_half,VCYT,2020-08,M,1.93595
pullback_price_half,VCYT,2020-09,M,2.92158
pullback_price_half,VCYT,2020-09,M,0.42066
pullback_price_half,VCYT,2020-10,M,2.72389
pullback_price_half,VCYT,2020-10,M,2.9431
pullback_price_half,VCYT,2020-12,M,-0.00318
pullback_price_half,VCYT,2020-12,M,1.10429
pullback_price_half,VCYT,2020-12,M,1.6568
pullback_price_half,VCYT,2021-01,M,0.97858
pullback_price_half,VCYT,2021-01,M,-1.0356
pullback_price_half,VCYT,2021-02,M,-1.02652
pullback_price_half,VCYT,2021-02,M,-1.02467
pullback_price_half,VCYT,2021-03,M,-1.02165
pullback_price_half,VCYT,2021-07,M,1.62242
pullback_price_half,VCYT,2021-07,M,2.07133
pullback_price_half,VCYT,2021-07,M,1.40996
pullback_price_half,VCYT,2021-08,M,0.686
pullback_price_half,VCYT,2021-08,M,0.14102
pullback_price_half,VCYT,2021-09,M,0.11433
pullback_price_half,VCYT,2021-09,M,0.13056
pullback_price_half,VCYT,2021-10,M,-1.04838
pullback_price_half,VCYT,2021-11,M,-1.04061
pullback_price_half,VCYT,2021-12,M,-1.02601
pullback_price_half,VCYT,2022-03,M,-1.02732
pullback_price_half,VCYT,2022-03,M,-1.03351
pullback_price_half,VCYT,2022-06,M,1.2833
pullback_price_half,VCYT,2022-07,M,-1.03442
pullback_price_half,VCYT,2022-07,M,-1.03306
pullback_price_half,VCYT,2022-08,M,-1.03144
pullback_price_half,VCYT,2022-08,M,-1.02678
pullback_price_half,VCYT,2022-11,M,-0.65668
pullback_price_half,VCYT,2022-11,M,-0.03603
pullback_price_half,VCYT,2022-12,M,-1.04047
pullback_price_half,VCYT,2022-12,M,-1.03626
pullback_price_half,VCYT,2022-12,M,-0.18312
pullback_price_half,VCYT,2023-01,M,-0.34237
pullback_price_half,VCYT,2023-01,M,-1.04236
pullback_price_half,VCYT,2023-07,M,-1.05307
pullback_price_half,VCYT,2023-08,M,-1.11636
pullback_price_half,VCYT,2023-08,M,-1.06015
pullback_price_half,VCYT,2024-01,M,-0.30365
pullback_price_half,VCYT,2024-01,M,-1.04902
pullback_price_half,VCYT,2024-05,M,0.59666
pullback_price_half,VCYT,2024-06,M,1.0279
pullback_price_half,VCYT,2024-06,M,0.73075
pullback_price_half,VCYT,2024-07,M,-1.14796
pullback_price_half,VCYT,2024-07,M,2.76803
pullback_price_half,VCYT,2024-08,M,1.38119
pullback_price_half,VCYT,2024-09,M,1.39094
pullback_price_half,VCYT,2024-10,M,1.93838
pullback_price_half,VCYT,2024-11,M,0.84834
pullback_price_half,VCYT,2024-11,M,0.90319
pullback_price_half,VCYT,2024-12,M,0.97064
pullback_price_half,VCYT,2024-12,M,0.28501
pullback_price_half,VCYT,2025-01,M,-1.2108
pullback_price_half,VCYT,2025-11,M,0.23033
pullback_price_half,VCYT,2025-11,M,0.4105
pullback_price_half,VCYT,2025-12,M,0.01442
pullback_price_half,VCYT,2025-12,M,-1.05611
pullback_price_half,VCYT,2025-12,M,-1.06413
pullback_price_half,VCYT,2026-01,M,-1.08427
pullback_price_half,VCYT,2026-01,M,-1.0851
pullback_price_half,CDNA,2016-03,S,-0.74961
pullback_price_half,CDNA,2016-06,S,-0.18854
pullback_price_half,CDNA,2016-06,S,0.06442
pullback_price_half,CDNA,2016-06,S,0.09107
pullback_price_half,CDNA,2016-07,S,-0.35963
pullback_price_half,CDNA,2016-07,S,-0.71728
pullback_price_half,CDNA,2016-07,S,-0.21619
pullback_price_half,CDNA,2017-06,S,2.95241
pullback_price_half,CDNA,2017-06,S,2.94106
pullback_price_half,CDNA,2017-07,S,2.94262
pullback_price_half,CDNA,2017-07,S,2.9673
pullback_price_half,CDNA,2017-08,S,2.96471
pullback_price_half,CDNA,2017-08,S,2.9645
pullback_price_half,CDNA,2017-08,S,3.4385
pullback_price_half,CDNA,2017-09,S,2.96648
pullback_price_half,CDNA,2017-09,S,2.96707
pullback_price_half,CDNA,2017-09,S,4.50014
pullback_price_half,CDNA,2017-09,S,2.95796
pullback_price_half,CDNA,2017-10,S,0.22618
pullback_price_half,CDNA,2017-10,S,0.86724
pullback_price_half,CDNA,2017-10,S,0.99529
pullback_price_half,CDNA,2017-11,S,1.30994
pullback_price_half,CDNA,2017-11,S,1.68434
pullback_price_half,CDNA,2017-11,S,-0.52759
pullback_price_half,CDNA,2017-12,S,-1.03444
pullback_price_half,CDNA,2017-12,S,-1.04038
pullback_price_half,CDNA,2017-12,S,-1.05821
pullback_price_half,CDNA,2018-01,S,-1.05251
pullback_price_half,CDNA,2018-01,S,-1.04434
pullback_price_half,CDNA,2018-06,S,0.68936
pullback_price_half,CDNA,2018-07,S,1.2026
pullback_price_half,CDNA,2018-07,S,2.57905
pullback_price_half,CDNA,2018-08,S,2.9216
pullback_price_half,CDNA,2018-10,S,-1.04026
pullback_price_half,CDNA,2018-10,S,0.81252
pullback_price_half,CDNA,2018-10,S,0.86338
pullback_price_half,CDNA,2018-10,S,0.44918
pullback_price_half,CDNA,2018-11,S,-1.02769
pullback_price_half,CDNA,2018-11,S,-0.12641
pullback_price_half,CDNA,2018-12,S,-1.0289
pullback_price_half,CDNA,2019-01,S,0.38689
pullback_price_half,CDNA,2019-03,M,-1.04081
pullback_price_half,CDNA,2019-04,M,0.07485
pullback_price_half,CDNA,2019-05,M,0.96033
pullback_price_half,CDNA,2019-06,M,-1.04087
pullback_price_half,CDNA,2019-07,M,-1.04402
pullback_price_half,CDNA,2019-08,M,-1.03585
pullback_price_half,CDNA,2019-10,M,-1.04237
pullback_price_half,CDNA,2019-10,M,-1.05737
pullback_price_half,CDNA,2020-01,S,0.28092
pullback_price_half,CDNA,2020-02,M,-1.53498
pullback_price_half,CDNA,2020-03,M,-1.09916
pullback_price_half,CDNA,2020-03,S,0.87502
pullback_price_half,CDNA,2020-05,M,0.77328
pullback_price_half,CDNA,2020-06,M,0.15705
pullback_price_half,CDNA,2020-06,M,0.1356
pullback_price_half,CDNA,2020-09,M,3.08358
pullback_price_half,CDNA,2020-11,M,2.93634
pullback_price_half,CDNA,2020-11,M,2.16769
pullback_price_half,CDNA,2020-12,M,0.78466
pullback_price_half,CDNA,2021-01,M,0.94842
pullback_price_half,CDNA,2021-01,M,-1.0454
pullback_price_half,CDNA,2021-02,M,-1.03371
pullback_price_half,CDNA,2021-02,M,-1.03843
pullback_price_half,CDNA,2021-02,M,-1.04121
pullback_price_half,CDNA,2021-03,M,-1.03389
pullback_price_half,CDNA,2021-05,M,-1.04703
pullback_price_half,CDNA,2021-05,M,1.0204
pullback_price_half,CDNA,2021-07,M,-1.05406
pullback_price_half,CDNA,2021-07,M,-1.05577
pullback_price_half,CDNA,2022-02,M,-1.04432
pullback_price_half,CDNA,2022-03,M,-1.03546
pullback_price_half,CDNA,2022-08,M,-1.03606
pullback_price_half,CDNA,2022-08,M,-1.03089
pullback_price_half,CDNA,2023-02,S,-1.04098
pullback_price_half,CDNA,2023-02,S,-1.03962
pullback_price_half,CDNA,2023-02,S,-1.04184
pullback_price_half,CDNA,2023-08,S,-1.02941
pullback_price_half,CDNA,2023-09,S,-1.0482
pullback_price_half,CDNA,2023-12,S,-1.03713
pullback_price_half,CDNA,2024-01,S,-1.0286
pullback_price_half,CDNA,2024-01,S,-1.03452
pullback_price_half,CDNA,2024-01,S,-1.03425
pullback_price_half,CDNA,2024-03,S,-1.02684
pullback_price_half,CDNA,2024-03,S,-1.02729
pullback_price_half,CDNA,2024-04,S,-1.03849
pullback_price_half,CDNA,2024-04,S,-1.03857
pullback_price_half,CDNA,2024-05,S,2.94849
pullback_price_half,CDNA,2024-05,S,0.5439
pullback_price_half,CDNA,2024-06,S,1.1672
pullback_price_half,CDNA,2024-06,S,3.97242
pullback_price_half,CDNA,2024-06,S,4.2755
pullback_price_half,CDNA,2024-07,S,4.46068
pullback_price_half,CDNA,2024-08,M,1.485
pullback_price_half,CDNA,2024-08,M,0.10273
pullback_price_half,CDNA,2024-09,M,-1.03629
pullback_price_half,CDNA,2024-09,M,-1.03977
pullback_price_half,CDNA,2024-09,M,-1.04635
pullback_price_half,CDNA,2024-09,M,-1.04296
pullback_price_half,CDNA,2025-01,M,-0.40238
pullback_price_half,CDNA,2025-01,M,-0.82984
pullback_price_half,CDNA,2025-01,M,-1.03306
pullback_price_half,CDNA,2025-05,S,0.45175
pullback_price_half,CDNA,2025-06,S,-1.05311
pullback_price_half,CDNA,2026-01,S,-0.13633
pullback_price_half,CDNA,2026-04,M,0.21645
pullback_price_half,CDNA,2026-05,M,1.89813
pullback_price_half,ADPT,2019-09,M,-1.02216
pullback_price_half,ADPT,2019-12,M,0.35064
pullback_price_half,ADPT,2020-01,M,0.36475
pullback_price_half,ADPT,2020-01,M,-0.43165
pullback_price_half,ADPT,2020-02,M,-1.04784
pullback_price_half,ADPT,2020-02,M,-1.05038
pullback_price_half,ADPT,2020-04,M,1.26849
pullback_price_half,ADPT,2020-05,M,1.72158
pullback_price_half,ADPT,2020-07,M,-1.12411
pullback_price_half,ADPT,2020-08,M,-1.05352
pullback_price_half,ADPT,2020-10,M,-0.179
pullback_price_half,ADPT,2020-11,M,1.40571
pullback_price_half,ADPT,2020-11,M,1.16992
pullback_price_half,ADPT,2021-01,M,0.68976
pullback_price_half,ADPT,2021-01,M,-1.04402
pullback_price_half,ADPT,2021-02,M,-1.0373
pullback_price_half,ADPT,2021-02,M,-1.04825
pullback_price_half,ADPT,2021-07,M,-1.04905
pullback_price_half,ADPT,2021-07,M,-1.04826
pullback_price_half,ADPT,2021-11,M,-1.05809
pullback_price_half,ADPT,2022-07,M,2.20497
pullback_price_half,ADPT,2022-07,M,0.36601
pullback_price_half,ADPT,2022-07,M,-0.29881
pullback_price_half,ADPT,2022-07,M,-0.13593
pullback_price_half,ADPT,2022-08,M,-1.03015
pullback_price_half,ADPT,2022-08,M,-1.03398
pullback_price_half,ADPT,2022-11,M,-0.09574
pullback_price_half,ADPT,2022-11,M,-0.36484
pullback_price_half,ADPT,2022-11,M,0.61007
pullback_price_half,ADPT,2022-12,M,0.48122
pullback_price_half,ADPT,2022-12,M,-1.03264
pullback_price_half,ADPT,2022-12,M,0.86893
pullback_price_half,ADPT,2023-01,M,0.74289
pullback_price_half,ADPT,2023-01,M,-0.42264
pullback_price_half,ADPT,2023-01,M,-0.40028
pullback_price_half,ADPT,2023-02,M,-0.54774
pullback_price_half,ADPT,2023-02,M,-1.04171
pullback_price_half,ADPT,2023-02,M,-0.18966
pullback_price_half,ADPT,2023-03,M,-0.17674
pullback_price_half,ADPT,2023-06,M,-1.08585
pullback_price_half,ADPT,2023-07,M,-1.04801
pullback_price_half,ADPT,2023-07,M,-1.04834
pullback_price_half,ADPT,2023-12,S,-0.58956
pullback_price_half,ADPT,2023-12,S,-0.75687
pullback_price_half,ADPT,2023-12,S,-1.02719
pullback_price_half,ADPT,2024-01,S,-1.02542
pullback_price_half,ADPT,2024-01,S,-1.03168
pullback_price_half,ADPT,2024-05,S,0.01979
pullback_price_half,ADPT,2024-05,S,-0.19815
pullback_price_half,ADPT,2024-05,S,0.58194
pullback_price_half,ADPT,2024-06,S,1.01916
pullback_price_half,ADPT,2024-06,S,1.21218
pullback_price_half,ADPT,2024-06,S,1.27183
pullback_price_half,ADPT,2024-07,S,2.3979
pullback_price_half,ADPT,2024-07,S,2.16653
pullback_price_half,ADPT,2024-07,S,0.32039
pullback_price_half,ADPT,2024-08,S,0.36853
pullback_price_half,ADPT,2024-08,S,0.85822
pullback_price_half,ADPT,2024-09,S,0.18564
pullback_price_half,ADPT,2024-09,S,0.01786
pullback_price_half,ADPT,2024-09,S,1.29798
pullback_price_half,ADPT,2024-10,S,-0.17502
pullback_price_half,ADPT,2024-10,S,1.80477
pullback_price_half,ADPT,2024-10,S,1.54048
pullback_price_half,ADPT,2024-11,S,-1.03272
pullback_price_half,ADPT,2024-11,S,0.52976
pullback_price_half,ADPT,2024-12,S,1.04482
pullback_price_half,ADPT,2024-12,S,0.98036
pullback_price_half,ADPT,2025-01,S,1.66326
pullback_price_half,ADPT,2025-01,S,1.24861
pullback_price_half,ADPT,2025-02,M,0.49007
pullback_price_half,ADPT,2025-03,M,-0.44932
pullback_price_half,ADPT,2025-03,M,0.82622
pullback_price_half,ADPT,2025-04,M,0.9195
pullback_price_half,ADPT,2025-04,M,1.11013
pullback_price_half,ADPT,2025-05,M,0.5768
pullback_price_half,ADPT,2025-05,M,1.17961
pullback_price_half,ADPT,2025-05,M,1.8002
pullback_price_half,ADPT,2025-07,M,1.01596
pullback_price_half,ADPT,2025-07,M,1.2128
pullback_price_half,ADPT,2025-08,M,1.47467
pullback_price_half,ADPT,2025-09,M,0.87156
pullback_price_half,ADPT,2025-11,M,0.70491
pullback_price_half,ADPT,2025-11,M,0.0733
pullback_price_half,ADPT,2025-12,M,0.13641
pullback_price_half,ADPT,2025-12,M,0.51768
pullback_price_half,ADPT,2025-12,M,-0.47891
pullback_price_half,ADPT,2026-01,M,-0.6349
pullback_price_half,ADPT,2026-06,M,2.06558
pullback_price_half,ADPT,2026-06,M,1.69399
pullback_price_half,WGS,2021-02,M,-1.02114
pullback_price_half,WGS,2021-03,M,-0.78891
pullback_price_half,WGS,2021-06,M,-1.03666
pullback_price_half,WGS,2021-07,M,-1.03141
pullback_price_half,WGS,2021-07,M,-1.03859
pullback_price_half,WGS,2022-03,S,-1.02793
pullback_price_half,WGS,2022-07,S,-1.02777
pullback_price_half,WGS,2022-08,S,-1.02894
pullback_price_half,WGS,2023-01,S,-0.2735
pullback_price_half,WGS,2023-02,S,-0.45548
pullback_price_half,WGS,2023-03,S,-0.82545
pullback_price_half,WGS,2023-07,S,-1.03296
pullback_price_half,WGS,2023-07,S,-1.03055
pullback_price_half,WGS,2023-08,S,-1.03483
pullback_price_half,WGS,2023-12,S,0.81706
pullback_price_half,WGS,2024-01,S,1.97518
pullback_price_half,WGS,2024-01,S,2.96693
pullback_price_half,WGS,2024-01,S,2.97098
pullback_price_half,WGS,2024-01,S,2.96924
pullback_price_half,WGS,2024-02,S,2.9627
pullback_price_half,WGS,2024-03,S,2.96495
pullback_price_half,WGS,2024-03,S,2.96899
pullback_price_half,WGS,2024-04,S,2.96483
pullback_price_half,WGS,2024-04,S,2.96216
pullback_price_half,WGS,2024-04,S,2.96002
pullback_price_half,WGS,2024-05,S,1.32963
pullback_price_half,WGS,2024-05,S,1.94254
pullback_price_half,WGS,2024-06,S,1.26933
pullback_price_half,WGS,2024-06,S,1.17686
pullback_price_half,WGS,2024-07,S,1.17533
pullback_price_half,WGS,2024-07,S,-1.16802
pullback_price_half,WGS,2024-08,S,1.21482
pullback_price_half,WGS,2024-08,S,1.02601
pullback_price_half,WGS,2024-08,S,2.95001
pullback_price_half,WGS,2024-09,S,2.94843
pullback_price_half,WGS,2024-09,M,2.94586
pullback_price_half,WGS,2024-11,M,-0.15523
pullback_price_half,WGS,2024-11,M,0.21041
pullback_price_half,WGS,2024-11,M,0.3854
pullback_price_half,WGS,2024-12,M,-0.49642
pullback_price_half,WGS,2024-12,M,0.32002
pullback_price_half,WGS,2025-01,M,-1.02794
pullback_price_half,WGS,2025-01,M,0.42406
pullback_price_half,WGS,2025-02,M,0.50534
pullback_price_half,WGS,2025-02,M,-0.1547
pullback_price_half,WGS,2025-03,M,0.10784
pullback_price_half,WGS,2025-03,M,0.60759
pullback_price_half,WGS,2025-03,M,-1.02493
pullback_price_half,WGS,2025-03,M,-1.02951
pullback_price_half,WGS,2025-04,M,-1.02441
pullback_price_half,WGS,2025-07,M,2.37081
pullback_price_half,WGS,2025-07,M,2.95272
pullback_price_half,WGS,2025-07,M,2.94059
pullback_price_half,WGS,2025-09,M,-1.05598
pullback_price_half,WGS,2025-09,M,0.99165
pullback_price_half,WGS,2025-10,M,0.57368
pullback_price_half,WGS,2025-10,M,1.75281
pullback_price_half,WGS,2025-11,M,0.11029
pullback_price_half,WGS,2025-12,M,-1.04666
pullback_price_half,WGS,2026-06,M,0.35284
pullback_price_half,WGS,2026-06,M,0.61149
pullback_price_half,WGS,2026-06,M,1.60471
pullback_price_half,IONS,2016-03,M,-0.62705
pullback_price_half,IONS,2016-04,M,-1.00739
pullback_price_half,IONS,2016-04,M,-1.00694
pullback_price_half,IONS,2016-04,M,-1.01223
pullback_price_half,IONS,2016-08,M,-1.00959
pullback_price_half,IONS,2016-08,M,0.06313
pullback_price_half,IONS,2016-08,M,-1.01542
pullback_price_half,IONS,2016-08,M,-0.18141
pullback_price_half,IONS,2016-09,M,-0.63402
pullback_price_half,IONS,2016-09,M,-1.0155
pullback_price_half,IONS,2016-11,M,2.98493
pullback_price_half,IONS,2016-12,M,0.84858
pullback_price_half,IONS,2016-12,M,-1.01129
pullback_price_half,IONS,2017-01,M,-0.51263
pullback_price_half,IONS,2017-01,M,0.85417
pullback_price_half,IONS,2017-03,M,-1.01226
pullback_price_half,IONS,2017-05,M,1.63291
pullback_price_half,IONS,2017-05,M,1.25309
pullback_price_half,IONS,2017-07,M,-1.13469
pullback_price_half,IONS,2017-08,M,-1.20118
pullback_price_half,IONS,2017-09,M,-1.01894
pullback_price_half,IONS,2017-09,M,0.52256
pullback_price_half,IONS,2017-10,M,0.19795
pullback_price_half,IONS,2017-10,M,-0.04349
pullback_price_half,IONS,2017-11,M,-0.37788
pullback_price_half,IONS,2017-12,M,-1.04276
pullback_price_half,IONS,2018-04,M,-1.01649
pullback_price_half,IONS,2018-05,M,0.01367
pullback_price_half,IONS,2018-08,M,-0.15784
pullback_price_half,IONS,2018-09,M,0.59818
pullback_price_half,IONS,2018-10,M,-1.0174
pullback_price_half,IONS,2018-12,M,0.56966
pullback_price_half,IONS,2018-12,M,0.79589
pullback_price_half,IONS,2018-12,M,0.92996
pullback_price_half,IONS,2019-01,M,0.69477
pullback_price_half,IONS,2019-04,L,-1.01256
pullback_price_half,IONS,2020-05,M,0.7487
pullback_price_half,IONS,2020-05,M,0.83538
pullback_price_half,IONS,2021-02,M,-1.01502
pullback_price_half,IONS,2022-04,M,-1.12181
pullback_price_half,IONS,2022-05,M,-1.01275
pullback_price_half,IONS,2022-05,M,0.04226
pullback_price_half,IONS,2022-09,M,0.38885
pullback_price_half,IONS,2023-05,M,0.5642
pullback_price_half,IONS,2023-06,M,0.25087
pullback_price_half,IONS,2024-08,M,-1.01389
pullback_price_half,IONS,2024-08,M,-1.01734
pullback_price_half,IONS,2025-08,M,2.97916
pullback_price_half,ARCT,2016-06,S,-1.08445
pullback_price_half,ARCT,2016-07,S,-0.01803
pullback_price_half,ARCT,2016-07,S,0.13433
pullback_price_half,ARCT,2016-09,S,-2.73286
pullback_price_half,ARCT,2016-09,S,-2.42811
pullback_price_half,ARCT,2016-09,S,-3.98053
pullback_price_half,ARCT,2016-12,S,-2.01924
pullback_price_half,ARCT,2017-01,S,-2.0385
pullback_price_half,ARCT,2017-04,S,-0.19416
pullback_price_half,ARCT,2017-04,S,-0.15418
pullback_price_half,ARCT,2017-06,S,-0.32929
pullback_price_half,ARCT,2017-10,S,2.86524
pullback_price_half,ARCT,2017-10,S,-0.63209
pullback_price_half,ARCT,2017-10,S,-0.56738
pullback_price_half,ARCT,2017-12,S,-0.03187
pullback_price_half,ARCT,2018-01,S,-1.09641
pullback_price_half,ARCT,2018-01,S,-1.11053
pullback_price_half,ARCT,2018-04,S,-0.14537
pullback_price_half,ARCT,2018-05,S,2.11384
pullback_price_half,ARCT,2018-06,S,1.74441
pullback_price_half,ARCT,2018-07,S,-0.53152
pullback_price_half,ARCT,2018-07,S,-1.09656
pullback_price_half,ARCT,2018-07,S,-0.26389
pullback_price_half,ARCT,2018-07,S,-0.24993
pullback_price_half,ARCT,2018-09,S,-1.11976
pullback_price_half,ARCT,2019-02,S,2.87179
pullback_price_half,ARCT,2019-03,S,2.86958
pullback_price_half,ARCT,2019-03,S,2.21025
pullback_price_half,ARCT,2019-03,S,1.20786
pullback_price_half,ARCT,2019-04,S,-0.34343
pullback_price_half,ARCT,2019-05,S,-1.09863
pullback_price_half,ARCT,2019-05,S,-1.10496
pullback_price_half,ARCT,2019-05,S,1.13965
pullback_price_half,ARCT,2019-07,S,0.64867
pullback_price_half,ARCT,2019-07,S,2.86225
pullback_price_half,ARCT,2019-07,S,-1.08067
pullback_price_half,ARCT,2019-08,S,0.24336
pullback_price_half,ARCT,2019-08,S,-0.19402
pullback_price_half,ARCT,2019-08,S,-0.1554
pullback_price_half,ARCT,2019-09,S,-0.64944
pullback_price_half,ARCT,2019-09,S,-0.03245
pullback_price_half,ARCT,2019-09,S,-1.06497
pullback_price_half,ARCT,2019-10,S,-1.1132
pullback_price_half,ARCT,2020-01,S,1.02723
pullback_price_half,ARCT,2020-01,S,1.67904
pullback_price_half,ARCT,2020-01,S,2.87495
pullback_price_half,ARCT,2020-02,S,2.85857
pullback_price_half,ARCT,2020-02,S,-1.09398
pullback_price_half,ARCT,2020-03,S,-1.08053
pullback_price_half,ARCT,2020-03,S,2.93
pullback_price_half,ARCT,2020-04,S,2.93
pullback_price_half,ARCT,2020-04,S,2.91236
pullback_price_half,ARCT,2020-04,S,2.90161
pullback_price_half,ARCT,2020-06,S,1.09726
pullback_price_half,ARCT,2020-07,S,-0.08401
pullback_price_half,ARCT,2020-07,S,-0.43184
pullback_price_half,ARCT,2020-07,S,-1.06063
pullback_price_half,ARCT,2020-08,S,-1.05358
pullback_price_half,ARCT,2020-08,S,-0.6538
pullback_price_half,ARCT,2020-08,M,-1.06073
pullback_price_half,ARCT,2020-10,S,-1.07993
pullback_price_half,ARCT,2020-10,S,-1.0724
pullback_price_half,ARCT,2020-10,S,-1.08617
pullback_price_half,ARCT,2020-11,S,2.92117
pullback_price_half,ARCT,2020-12,M,-1.0533
pullback_price_half,ARCT,2020-12,M,-1.1444
pullback_price_half,ARCT,2020-12,M,-1.04192
pullback_price_half,ARCT,2020-12,M,0.64381
pullback_price_half,ARCT,2021-02,M,-1.06925
pullback_price_half,ARCT,2021-06,S,-1.11894
pullback_price_half,ARCT,2021-07,S,2.86552
pullback_price_half,ARCT,2021-07,S,2.86105
pullback_price_half,ARCT,2021-07,S,2.85684
pullback_price_half,ARCT,2021-08,M,0.2356
pullback_price_half,ARCT,2021-08,M,-0.11133
pullback_price_half,ARCT,2021-08,M,-0.61113
pullback_price_half,ARCT,2021-09,M,-1.08696
pullback_price_half,ARCT,2021-09,M,-1.09111
pullback_price_half,ARCT,2021-09,M,-1.09194
pullback_price_half,ARCT,2021-09,M,-1.09936
pullback_price_half,ARCT,2021-12,M,-1.06198
pullback_price_half,ARCT,2022-03,S,-1.06926
pullback_price_half,ARCT,2022-04,S,-1.15173
pullback_price_half,ARCT,2022-04,S,-1.06322
pullback_price_half,ARCT,2022-07,S,-0.42146
pullback_price_half,ARCT,2022-07,S,-0.76574
pullback_price_half,ARCT,2022-07,S,-0.19835
pullback_price_half,ARCT,2022-08,S,-0.74667
pullback_price_half,ARCT,2022-08,S,-1.05511
pullback_price_half,ARCT,2022-11,S,-1.06623
pullback_price_half,ARCT,2022-11,S,-0.36431
pullback_price_half,ARCT,2022-11,S,0.54299
pullback_price_half,ARCT,2022-12,S,0.14084
pullback_price_half,ARCT,2022-12,S,0.49985
pullback_price_half,ARCT,2023-01,S,-1.09922
pullback_price_half,ARCT,2023-02,S,-1.09929
pullback_price_half,ARCT,2023-03,S,2.86315
pullback_price_half,ARCT,2023-04,S,0.23761
pullback_price_half,ARCT,2023-05,S,-0.11769
pullback_price_half,ARCT,2023-05,S,0.07021
pullback_price_half,ARCT,2023-06,S,1.76138
pullback_price_half,ARCT,2023-06,S,1.20898
pullback_price_half,ARCT,2023-07,S,-1.25055
pullback_price_half,ARCT,2023-08,S,-1.11547
pullback_price_half,ARCT,2023-08,S,-1.08161
pullback_price_half,ARCT,2023-08,S,-1.16034
pullback_price_half,ARCT,2023-09,S,-1.1207
pullback_price_half,ARCT,2023-11,S,1.19422
pullback_price_half,ARCT,2023-12,S,1.35374
pullback_price_half,ARCT,2024-02,S,-1.10142
pullback_price_half,ARCT,2024-03,M,-1.0989
pullback_price_half,ARCT,2024-03,S,-1.0961
pullback_price_half,ARCT,2024-06,S,-1.05271
pullback_price_half,ARCT,2024-10,S,-1.09895
pullback_price_half,ARCT,2024-10,S,-1.0881
pullback_price_half,ARCT,2025-01,S,-0.42887
pullback_price_half,ARCT,2025-01,S,-1.07441
pullback_price_half,ARCT,2025-02,S,-1.08837
pullback_price_half,ARCT,2025-05,S,0.54096
pullback_price_half,ARCT,2025-05,S,0.33994
pullback_price_half,ARCT,2025-06,S,0.37898
pullback_price_half,ARCT,2025-06,S,-0.22723
pullback_price_half,ARCT,2025-06,S,-0.4915
pullback_price_half,ARCT,2025-07,S,2.13784
pullback_price_half,ARCT,2025-07,S,1.04915
pullback_price_half,ARCT,2025-08,S,1.02993
pullback_price_half,ARCT,2025-08,S,0.22023
pullback_price_half,ARCT,2025-09,S,0.93788
pullback_price_half,ARCT,2025-09,S,-2.5188
pullback_price_half,ARCT,2025-09,S,-2.20212
pullback_price_half,ARCT,2025-10,S,-1.99238
pullback_price_half,ARCT,2025-10,S,-2.01243
pullback_price_half,ARCT,2026-01,S,-0.07709
pullback_price_half,ARCT,2026-02,S,-0.41481
pullback_price_half,ARCT,2026-03,S,0.76637
pullback_price_half,ARCT,2026-04,S,-0.43237
pullback_price_half,ARCT,2026-05,S,-0.81956
pullback_price_half,ARCT,2026-08,S,2.83443
pullback_price_half,NRIX,2020-10,S,-1.03444
pullback_price_half,NRIX,2020-11,S,2.9538
pullback_price_half,NRIX,2020-11,S,0.33972
pullback_price_half,NRIX,2020-12,S,-1.02657
pullback_price_half,NRIX,2020-12,S,-0.59486
pullback_price_half,NRIX,2020-12,S,-0.17615
pullback_price_half,NRIX,2021-01,S,-0.43537
pullback_price_half,NRIX,2021-01,M,-0.47756
pullback_price_half,NRIX,2021-03,M,-1.02006
pullback_price_half,NRIX,2021-04,M,-1.02486
pullback_price_half,NRIX,2021-06,M,-1.04057
pullback_price_half,NRIX,2021-06,M,-1.0412
pullback_price_half,NRIX,2021-07,M,0.8028
pullback_price_half,NRIX,2021-08,M,0.6112
pullback_price_half,NRIX,2021-08,M,0.2611
pullback_price_half,NRIX,2021-08,M,-0.62844
pullback_price_half,NRIX,2021-09,M,0.20839
pullback_price_half,NRIX,2021-12,M,-1.03624
pullback_price_half,NRIX,2022-06,S,1.63146
pullback_price_half,NRIX,2022-07,S,0.09161
pullback_price_half,NRIX,2022-07,S,-0.11255
pullback_price_half,NRIX,2022-08,S,-1.02831
pullback_price_half,NRIX,2022-08,S,-0.86148
pullback_price_half,NRIX,2022-08,S,-1.0299
pullback_price_half,NRIX,2022-11,S,-1.0351
pullback_price_half,NRIX,2022-12,S,-1.0336
pullback_price_half,NRIX,2022-12,S,-1.04668
pullback_price_half,NRIX,2023-01,S,-1.03915
pullback_price_half,NRIX,2023-04,S,-0.26334
pullback_price_half,NRIX,2023-04,S,-0.1086
pullback_price_half,NRIX,2023-05,S,-0.12496
pullback_price_half,NRIX,2023-05,S,-0.01535
pullback_price_half,NRIX,2023-06,S,-0.22383
pullback_price_half,NRIX,2023-06,S,-0.56271
pullback_price_half,NRIX,2023-06,S,-0.33031
pullback_price_half,NRIX,2023-12,S,-0.44332
pullback_price_half,NRIX,2024-01,S,0.04499
pullback_price_half,NRIX,2024-01,S,0.79057
pullback_price_half,NRIX,2024-01,S,2.95244
pullback_price_half,NRIX,2024-01,S,2.94986
pullback_price_half,NRIX,2024-02,S,2.94073
pullback_price_half,NRIX,2024-03,S,-0.55916
pullback_price_half,NRIX,2024-03,S,-0.00583
pullback_price_half,NRIX,2024-04,S,0.53709
pullback_price_half,NRIX,2024-04,S,0.04759
pullback_price_half,NRIX,2024-04,S,0.33781
pullback_price_half,NRIX,2024-05,S,2.45327
pullback_price_half,NRIX,2024-05,S,1.79032
pullback_price_half,NRIX,2024-05,S,1.49822
pullback_price_half,NRIX,2024-06,S,2.94451
pullback_price_half,NRIX,2024-07,M,0.60288
pullback_price_half,NRIX,2024-07,M,0.69047
pullback_price_half,NRIX,2024-07,M,0.37747
pullback_price_half,NRIX,2024-08,M,1.55026
pullback_price_half,NRIX,2024-08,M,0.29078
pullback_price_half,NRIX,2024-09,M,0.34044
pullback_price_half,NRIX,2024-09,M,0.86093
pullback_price_half,NRIX,2024-10,M,-0.68122
pullback_price_half,NRIX,2024-11,M,-1.04082
pullback_price_half,NRIX,2025-06,S,-0.18935
pullback_price_half,NRIX,2025-06,S,-0.87342
pullback_price_half,NRIX,2025-07,M,-1.03607
pullback_price_half,NRIX,2025-07,S,-1.03499
pullback_price_half,NRIX,2025-10,S,2.94576
pullback_price_half,NRIX,2025-10,S,2.95291
pullback_price_half,NRIX,2025-12,M,-0.36154
pullback_price_half,NRIX,2025-12,M,-0.44547
pullback_price_half,NRIX,2025-12,M,-0.90954
pullback_price_half,NRIX,2026-01,M,-0.67658
pullback_price_half,NRIX,2026-01,M,-1.05153
pullback_price_half,NRIX,2026-01,M,-1.04499
pullback_price_half,BNTX,2020-03,M,-1.00967
pullback_price_half,BNTX,2020-03,M,-1.00794
pullback_price_half,BNTX,2020-05,M,0.19584
pullback_price_half,BNTX,2020-05,L,1.05489
pullback_price_half,BNTX,2020-05,L,0.73636
pullback_price_half,BNTX,2020-06,M,2.98893
pullback_price_half,BNTX,2020-06,M,3.64409
pullback_price_half,BNTX,2020-06,L,2.9808
pullback_price_half,BNTX,2020-07,L,0.01589
pullback_price_half,BNTX,2020-07,L,0.19608
pullback_price_half,BNTX,2020-07,L,-1.05159
pullback_price_half,BNTX,2020-08,L,-1.00514
pullback_price_half,BNTX,2020-08,L,-0.11278
pullback_price_half,BNTX,2020-10,L,2.11615
pullback_price_half,BNTX,2020-11,L,0.99193
pullback_price_half,BNTX,2020-11,L,-0.77275
pullback_price_half,BNTX,2020-11,L,0.00763
pullback_price_half,BNTX,2020-12,L,-1.00944
pullback_price_half,BNTX,2021-01,L,0.20212
pullback_price_half,BNTX,2021-01,L,-0.46438
pullback_price_half,BNTX,2021-01,L,-0.2592
pullback_price_half,BNTX,2021-03,L,3.11758
pullback_price_half,BNTX,2021-05,L,0.6157
pullback_price_half,BNTX,2021-05,L,0.78672
pullback_price_half,BNTX,2021-06,L,1.57671
pullback_price_half,BNTX,2021-06,L,2.47486
pullback_price_half,BNTX,2021-07,L,3.32337
pullback_price_half,BNTX,2021-07,L,2.98365
pullback_price_half,BNTX,2021-08,L,-0.39272
pullback_price_half,BNTX,2021-08,L,-0.64876
pullback_price_half,BNTX,2021-08,L,-1.00552
pullback_price_half,BNTX,2021-09,L,-1.00979
pullback_price_half,BNTX,2021-09,L,-1.09629
pullback_price_half,BNTX,2021-12,L,-1.00791
pullback_price_half,BNTX,2021-12,L,-1.0049
pullback_price_half,BNTX,2021-12,L,-1.00678
pullback_price_half,BNTX,2022-03,L,-0.18392
pullback_price_half,BNTX,2022-04,L,-1.00951
pullback_price_half,BNTX,2022-05,L,-1.00959
pullback_price_half,BNTX,2022-05,L,-1.01024
pullback_price_half,BNTX,2022-07,L,0.56077
pullback_price_half,BNTX,2022-07,L,-0.44702
pullback_price_half,BNTX,2022-08,L,-1.01188
pullback_price_half,BNTX,2022-12,L,-1.01274
pullback_price_half,BNTX,2022-12,L,-0.58142
pullback_price_half,BNTX,2023-09,L,-1.0218
pullback_price_half,BNTX,2023-10,L,-1.33083
pullback_price_half,BNTX,2024-09,L,-0.29667
pullback_price_half,BNTX,2024-09,L,-0.46383
pullback_price_half,BNTX,2024-10,L,-1.02096
pullback_price_half,BNTX,2024-10,L,-1.02303
pullback_price_half,BNTX,2024-10,L,-1.24404
pullback_price_half,BNTX,2024-11,L,-1.01967
pullback_price_half,BNTX,2025-01,L,-0.43398
pullback_price_half,BNTX,2025-04,L,0.11012
pullback_price_half,BNTX,2025-05,L,0.60375
pullback_price_half,BNTX,2025-05,L,1.28809
pullback_price_half,BNTX,2025-06,L,0.3001
pullback_price_half,BNTX,2025-06,L,0.12365
pullback_price_half,BNTX,2025-06,L,0.64657
pullback_price_half,BNTX,2025-07,L,0.57043
pullback_price_half,BNTX,2026-02,L,-1.90444
pullback_price_half,BNTX,2026-02,L,-1.01951
pullback_price_half,BNTX,2026-02,L,-1.02158
pullback_price_half,BNTX,2026-02,L,-1.02436
pullback_price_half,BNTX,2026-04,L,-1.0171
pullback_price_half,BNTX,2026-06,L,-1.02212
pullback_price_half,MRNA,2019-02,M,2.11367
pullback_price_half,MRNA,2019-03,M,0.25752
pullback_price_half,MRNA,2019-03,M,1.39547
pullback_price_half,MRNA,2019-03,M,1.61192
pullback_price_half,MRNA,2019-03,M,1.25698
pullback_price_half,MRNA,2019-04,M,-1.00965
pullback_price_half,MRNA,2019-04,M,-0.7848
pullback_price_half,MRNA,2019-04,M,-1.00841
pullback_price_half,MRNA,2019-05,M,-1.00835
pullback_price_half,MRNA,2019-05,M,-1.00776
pullback_price_half,MRNA,2019-09,M,0.15181
pullback_price_half,MRNA,2019-09,M,0.33896
pullback_price_half,MRNA,2019-10,M,1.90265
pullback_price_half,MRNA,2019-10,M,1.5834
pullback_price_half,MRNA,2019-12,M,0.78959
pullback_price_half,MRNA,2019-12,M,0.72835
pullback_price_half,MRNA,2019-12,M,0.00104
pullback_price_half,MRNA,2020-01,M,3.97388
pullback_price_half,MRNA,2020-01,M,3.43041
pullback_price_half,MRNA,2020-02,M,3.36786
pullback_price_half,MRNA,2020-02,M,-1.0096
pullback_price_half,MRNA,2020-03,M,1.91082
pullback_price_half,MRNA,2020-03,M,1.31656
pullback_price_half,MRNA,2020-03,M,2.73326
pullback_price_half,MRNA,2020-04,M,2.99206
pullback_price_half,MRNA,2020-04,L,0.56605
pullback_price_half,MRNA,2020-04,L,1.04152
pullback_price_half,MRNA,2020-05,L,-1.00625
pullback_price_half,MRNA,2020-06,L,0.763
pullback_price_half,MRNA,2020-06,L,0.68794
pullback_price_half,MRNA,2020-06,L,0.8589
pullback_price_half,MRNA,2020-07,L,0.49035
pullback_price_half,MRNA,2020-07,L,-0.82854
pullback_price_half,MRNA,2020-07,L,-1.00541
pullback_price_half,MRNA,2020-08,L,-1.00626
pullback_price_half,MRNA,2020-08,L,-1.01046
pullback_price_half,MRNA,2020-10,L,2.98294
pullback_price_half,MRNA,2020-10,L,3.28578
pullback_price_half,MRNA,2020-11,L,2.98417
pullback_price_half,MRNA,2020-11,L,3.30181
pullback_price_half,MRNA,2020-12,L,-0.24808
pullback_price_half,MRNA,2020-12,L,0.66757
pullback_price_half,MRNA,2020-12,L,1.30647
pullback_price_half,MRNA,2021-01,L,1.03044
pullback_price_half,MRNA,2021-01,L,0.07417
pullback_price_half,MRNA,2021-02,L,-1.00803
pullback_price_half,MRNA,2021-02,L,-1.00908
pullback_price_half,MRNA,2021-03,L,-1.00815
pullback_price_half,MRNA,2021-03,L,0.83798
pullback_price_half,MRNA,2021-05,L,1.41331
pullback_price_half,MRNA,2021-05,L,2.03574
pullback_price_half,MRNA,2021-05,L,2.07725
pullback_price_half,MRNA,2021-06,L,2.98567
pullback_price_half,MRNA,2021-07,L,2.98566
pullback_price_half,MRNA,2021-08,L,0.25259
pullback_price_half,MRNA,2021-08,L,-0.39492
pullback_price_half,MRNA,2021-08,L,-0.39768
pullback_price_half,MRNA,2021-09,L,-1.1353
pullback_price_half,MRNA,2021-09,L,-1.101
pullback_price_half,MRNA,2021-09,L,-1.01034
pullback_price_half,MRNA,2022-03,L,-1.00674
pullback_price_half,MRNA,2022-04,L,-1.06774
pullback_price_half,MRNA,2022-04,L,-1.00982
pullback_price_half,MRNA,2022-07,L,-0.79841
pullback_price_half,MRNA,2022-07,L,-1.01032
pullback_price_half,MRNA,2022-08,L,-1.01072
pullback_price_half,MRNA,2022-08,L,-1.00901
pullback_price_half,MRNA,2022-12,L,0.06404
pullback_price_half,MRNA,2022-12,L,-0.23065
pullback_price_half,MRNA,2023-01,L,-0.22227
pullback_price_half,MRNA,2023-01,L,-1.10056
pullback_price_half,MRNA,2023-01,L,-1.01423
pullback_price_half,MRNA,2023-12,L,0.76373
pullback_price_half,MRNA,2024-01,L,-0.19028
pullback_price_half,MRNA,2024-01,L,-1.01246
pullback_price_half,MRNA,2024-02,L,-1.01472
pullback_price_half,MRNA,2024-02,L,0.35156
pullback_price_half,MRNA,2024-04,L,2.20987
pullback_price_half,MRNA,2024-04,L,2.98365
pullback_price_half,MRNA,2024-05,L,-1.011
pullback_price_half,MRNA,2024-06,L,-1.00813
pullback_price_half,MRNA,2024-06,L,-1.46333
pullback_price_half,MRNA,2024-06,L,-1.02257
pullback_price_half,MRNA,2025-01,L,-1.00697
pullback_price_half,MRNA,2025-06,L,0.87438
pullback_price_half,MRNA,2025-06,L,0.72655
pullback_price_half,MRNA,2025-06,L,-0.23075
pullback_price_half,MRNA,2025-08,L,-0.80063
pullback_price_half,MRNA,2025-10,L,-1.01217
pullback_price_half,MRNA,2025-10,L,-1.01196
pullback_price_half,MRNA,2025-11,L,1.02011
pullback_price_half,MRNA,2025-12,L,2.98445
pullback_price_half,MRNA,2025-12,L,2.98446
pullback_price_half,MRNA,2026-01,L,2.98423
pullback_price_half,MRNA,2026-01,L,-1.17392
pullback_price_half,MRNA,2026-02,L,0.72667
pullback_price_half,MRNA,2026-02,L,1.13173
pullback_price_half,MRNA,2026-02,L,0.21481
pullback_price_half,MRNA,2026-03,L,-0.04323
pullback_price_half,MRNA,2026-03,L,-0.4524
pullback_price_half,MRNA,2026-03,L,-1.01132
pullback_price_half,MRNA,2026-04,L,-1.01188
pullback_price_half,MRNA,2026-05,L,1.35316
pullback_price_half,MRNA,2026-06,L,2.98349
pullback_price_half,MRNA,2026-06,L,2.98522
pullback_price_half,MRNA,2026-06,L,0.00014
pullback_price_half,MRNA,2026-07,L,-1.00692
pullback_price_half,MRNA,2026-07,L,3.21636
pullback_price_half,MRNA,2026-08,L,5.16392
pullback_price_half,CMPS,2020-12,M,-0.19838
pullback_price_half,CMPS,2020-12,M,-0.30714
pullback_price_half,CMPS,2021-01,M,0.368
pullback_price_half,CMPS,2021-01,M,-1.03077
pullback_price_half,CMPS,2021-02,M,-1.03015
pullback_price_half,CMPS,2021-02,M,-1.02074
pullback_price_half,CMPS,2021-06,M,-0.64129
pullback_price_half,CMPS,2021-07,M,-0.3751
pullback_price_half,CMPS,2021-11,M,-1.03254
pullback_price_half,CMPS,2021-11,M,-1.02157
pullback_price_half,CMPS,2022-06,S,2.95175
pullback_price_half,CMPS,2022-07,S,2.951
pullback_price_half,CMPS,2022-08,S,-0.323
pullback_price_half,CMPS,2022-08,S,-1.02951
pullback_price_half,CMPS,2022-08,S,-1.02455
pullback_price_half,CMPS,2022-08,S,-1.02789
pullback_price_half,CMPS,2022-09,S,-1.02821
pullback_price_half,CMPS,2023-01,S,-0.69304
pullback_price_half,CMPS,2023-02,S,-1.04351
pullback_price_half,CMPS,2023-03,S,-1.04202
pullback_price_half,CMPS,2023-04,S,-1.04139
pullback_price_half,CMPS,2023-07,S,-0.08174
pullback_price_half,CMPS,2023-07,S,0.1428
pullback_price_half,CMPS,2023-07,S,0.40698
pullback_price_half,CMPS,2023-08,S,-0.92046
pullback_price_half,CMPS,2023-08,S,-1.03186
pullback_price_half,CMPS,2023-09,S,-1.03625
pullback_price_half,CMPS,2023-12,S,1.50797
pullback_price_half,CMPS,2024-01,S,0.77224
pullback_price_half,CMPS,2024-01,S,1.33993
pullback_price_half,CMPS,2024-02,S,-0.58776
pullback_price_half,CMPS,2024-02,S,-0.87054
pullback_price_half,CMPS,2024-02,S,-0.21016
pullback_price_half,CMPS,2024-03,S,-0.70577
pullback_price_half,CMPS,2024-03,S,-0.92775
pullback_price_half,CMPS,2024-08,S,0.6753
pullback_price_half,CMPS,2024-08,S,-0.10389
pullback_price_half,CMPS,2024-08,S,-1.03907
pullback_price_half,CMPS,2024-08,S,-1.04721
pullback_price_half,CMPS,2024-09,S,-1.03777
pullback_price_half,CMPS,2025-01,S,-0.77775
pullback_price_half,CMPS,2025-02,S,-1.02765
pullback_price_half,CMPS,2025-02,S,-1.02687
pullback_price_half,CMPS,2025-05,S,1.0211
pullback_price_half,CMPS,2025-05,S,-1.28663
pullback_price_half,CMPS,2025-05,S,-1.12045
pullback_price_half,CMPS,2025-06,S,-1.39769
pullback_price_half,CMPS,2025-07,S,0.53063
pullback_price_half,CMPS,2025-07,S,0.65932
pullback_price_half,CMPS,2025-08,S,0.60517
pullback_price_half,CMPS,2025-08,S,1.53068
pullback_price_half,CMPS,2025-08,S,2.94081
pullback_price_half,CMPS,2025-09,S,2.94384
pullback_price_half,CMPS,2025-10,S,-1.03435
pullback_price_half,CMPS,2025-10,S,-1.13722
pullback_price_half,CMPS,2025-12,S,0.19456
pullback_price_half,CMPS,2026-01,S,-1.0362
pullback_price_half,CMPS,2026-01,S,-1.03474
pullback_price_half,CMPS,2026-01,S,-0.24722
pullback_price_half,CMPS,2026-02,S,-1.03141
pullback_price_half,CMPS,2026-02,S,-1.02145
pullback_price_half,CMPS,2026-03,S,-1.03307
pullback_price_half,CMPS,2026-04,S,2.93316
pullback_price_half,CMPS,2026-04,S,1.3067
pullback_price_half,CMPS,2026-05,S,1.50708
pullback_price_half,CMPS,2026-06,M,-0.12167
pullback_price_half,CMPS,2026-06,M,-0.10168
pullback_price_half,CMPS,2026-06,M,0.44508
pullback_price_half,CMPS,2026-07,M,-0.006
pullback_price_half,CMPS,2026-07,M,-1.03028
pullback_price_half,ATAI,2021-09,M,-1.11177
pullback_price_half,ATAI,2021-11,M,-1.07284
pullback_price_half,ATAI,2022-03,S,-1.09348
pullback_price_half,ATAI,2022-03,S,-1.08355
pullback_price_half,ATAI,2022-07,S,0.63607
pullback_price_half,ATAI,2022-07,S,0.36161
pullback_price_half,ATAI,2022-08,S,0.28197
pullback_price_half,ATAI,2022-08,S,-1.07604
pullback_price_half,ATAI,2022-08,S,-1.07517
pullback_price_half,ATAI,2022-09,S,-1.08717
pullback_price_half,ATAI,2022-11,S,-1.07909
pullback_price_half,ATAI,2022-12,S,-1.82943
pullback_price_half,ATAI,2022-12,S,-2.08679
pullback_price_half,ATAI,2022-12,S,-1.08639
pullback_price_half,ATAI,2023-04,S,0.32509
pullback_price_half,ATAI,2023-04,S,-0.43629
pullback_price_half,ATAI,2023-05,S,-0.25223
pullback_price_half,ATAI,2023-05,S,-1.10144
pullback_price_half,ATAI,2023-05,S,-1.11163
pullback_price_half,ATAI,2023-06,S,-1.10817
pullback_price_half,ATAI,2023-07,S,-1.08767
pullback_price_half,ATAI,2023-07,S,-1.06692
pullback_price_half,ATAI,2023-07,S,-1.07133
pullback_price_half,ATAI,2024-01,S,0.47381
pullback_price_half,ATAI,2024-01,S,0.42078
pullback_price_half,ATAI,2024-01,S,0.51277
pullback_price_half,ATAI,2024-02,S,-0.31321
pullback_price_half,ATAI,2024-02,S,0.45922
pullback_price_half,ATAI,2024-02,S,1.46306
pullback_price_half,ATAI,2024-03,S,-0.3265
pullback_price_half,ATAI,2024-04,S,-0.33272
pullback_price_half,ATAI,2024-04,S,-1.072
pullback_price_half,ATAI,2024-04,S,-0.68788
pullback_price_half,ATAI,2024-05,S,-1.07034
pullback_price_half,ATAI,2024-05,S,-1.09019
pullback_price_half,ATAI,2024-07,S,-1.08194
pullback_price_half,ATAI,2024-10,S,0.37659
pullback_price_half,ATAI,2024-11,S,-0.3235
pullback_price_half,ATAI,2024-11,S,0.35922
pullback_price_half,ATAI,2024-12,S,-0.3973
pullback_price_half,ATAI,2024-12,S,0.1857
pullback_price_half,ATAI,2025-01,S,1.7009
pullback_price_half,ATAI,2025-01,S,0.25243
pullback_price_half,ATAI,2025-01,S,-0.04119
pullback_price_half,ATAI,2025-01,S,-0.1955
pullback_price_half,ATAI,2025-02,S,-1.05527
pullback_price_half,ATAI,2025-02,S,-0.8221
pullback_price_half,ATAI,2025-05,S,2.86442
pullback_price_half,ATAI,2025-05,S,1.91277
pullback_price_half,ATAI,2025-06,S,1.76427
pullback_price_half,ATAI,2025-06,S,2.88635
pullback_price_half,ATAI,2025-06,S,2.94078
pullback_price_half,ATAI,2025-07,S,2.88944
pullback_price_half,ATAI,2025-07,S,1.80285
pullback_price_half,ATAI,2025-08,S,0.19882
pullback_price_half,ATAI,2025-09,S,1.52935
pullback_price_half,ATAI,2025-09,S,0.80812
pullback_price_half,ATAI,2025-09,S,0.5528
pullback_price_half,ATAI,2025-09,M,-1.09095
pullback_price_half,ATAI,2025-10,M,-1.07332
pullback_price_half,ATAI,2025-10,M,-1.13371
pullback_price_half,ATAI,2025-10,M,-1.06304
pullback_price_half,ATAI,2026-01,S,-1.11404
pullback_price_half,ATAI,2026-03,S,0.72291
pullback_price_half,ATAI,2026-04,S,0.72147
pullback_price_half,ATAI,2026-04,S,1.0733
pullback_price_half,ATAI,2026-04,M,-1.08814
pullback_price_half,ATAI,2026-04,S,-0.23526
pullback_price_half,ATAI,2026-05,S,-0.05237
pullback_price_half,ATAI,2026-05,M,1.18134
pullback_price_half,ATAI,2026-05,M,1.2255
pullback_price_half,ATAI,2026-06,M,3.00928
pullback_price_half,ATAI,2026-07,M,2.11649
pullback_price_half,BFLY,2020-12,S,1.23361
pullback_price_half,BFLY,2020-12,S,0.57705
pullback_price_half,BFLY,2020-12,S,0.51585
pullback_price_half,BFLY,2021-01,S,1.21785
pullback_price_half,BFLY,2021-01,S,-1.02669
pullback_price_half,BFLY,2021-01,S,-1.02541
pullback_price_half,BFLY,2021-02,S,-0.212
pullback_price_half,BFLY,2021-02,S,-0.55429
pullback_price_half,BFLY,2021-06,M,-1.03439
pullback_price_half,BFLY,2021-07,M,-1.03415
pullback_price_half,BFLY,2021-09,M,-0.84798
pullback_price_half,BFLY,2022-07,S,2.95127
pullback_price_half,BFLY,2022-07,S,2.95253
pullback_price_half,BFLY,2022-08,M,-0.85394
pullback_price_half,BFLY,2022-08,M,-0.85537
pullback_price_half,BFLY,2022-09,M,-1.02047
pullback_price_half,BFLY,2022-09,M,-1.03722
pullback_price_half,BFLY,2023-02,S,-1.03104
pullback_price_half,BFLY,2023-04,S,-0.08626
pullback_price_half,BFLY,2023-05,S,-1.03849
pullback_price_half,BFLY,2023-05,S,-0.05027
pullback_price_half,BFLY,2023-05,S,-0.136
pullback_price_half,BFLY,2023-07,S,-1.04163
pullback_price_half,BFLY,2023-07,S,-1.03382
pullback_price_half,BFLY,2023-08,S,-1.0284
pullback_price_half,BFLY,2023-12,S,0.04345
pullback_price_half,BFLY,2023-12,S,-0.62994
pullback_price_half,BFLY,2023-12,S,-0.37937
pullback_price_half,BFLY,2024-01,S,0.07167
pullback_price_half,BFLY,2024-01,S,-1.02485
pullback_price_half,BFLY,2024-01,S,0.19827
pullback_price_half,BFLY,2024-02,S,2.95175
pullback_price_half,BFLY,2024-02,S,-0.89939
pullback_price_half,BFLY,2024-03,S,-0.80664
pullback_price_half,BFLY,2024-06,S,0.6075
pullback_price_half,BFLY,2024-06,S,0.54699
pullback_price_half,BFLY,2024-06,S,0.35396
pullback_price_half,BFLY,2024-07,S,0.17344
pullback_price_half,BFLY,2024-07,S,-1.02814
pullback_price_half,BFLY,2024-07,S,2.43013
pullback_price_half,BFLY,2024-08,S,2.96183
pullback_price_half,BFLY,2024-08,S,2.94128
pullback_price_half,BFLY,2024-09,S,-0.12079
pullback_price_half,BFLY,2024-09,S,0.92578
pullback_price_half,BFLY,2024-10,S,1.16619
pullback_price_half,BFLY,2024-10,S,2.9571
pullback_price_half,BFLY,2024-10,S,2.95763
pullback_price_half,BFLY,2024-10,S,2.9487
pullback_price_half,BFLY,2024-11,S,2.12134
pullback_price_half,BFLY,2024-12,S,0.92522
pullback_price_half,BFLY,2024-12,S,1.35168
pullback_price_half,BFLY,2025-01,S,1.52431
pullback_price_half,BFLY,2025-01,S,0.21974
pullback_price_half,BFLY,2025-01,S,-1.02198
pullback_price_half,BFLY,2025-02,S,-1.02297
pullback_price_half,BFLY,2025-02,S,-1.21026
pullback_price_half,BFLY,2025-06,S,-1.03822
pullback_price_half,BFLY,2025-09,S,2.94449
pullback_price_half,BFLY,2025-10,S,0.33668
pullback_price_half,BFLY,2025-10,S,1.14445
pullback_price_half,BFLY,2025-10,S,0.99396
pullback_price_half,BFLY,2025-10,S,1.53832
pullback_price_half,BFLY,2025-11,S,1.47523
pullback_price_half,BFLY,2025-11,S,1.33489
pullback_price_half,BFLY,2025-12,S,1.46238
pullback_price_half,BFLY,2025-12,S,1.79142
pullback_price_half,BFLY,2026-01,M,-1.0317
pullback_price_half,BFLY,2026-01,M,-1.02821
pullback_price_half,BFLY,2026-02,S,0.0452
pullback_price_half,BFLY,2026-03,S,1.47658
pullback_price_half,BFLY,2026-03,S,1.22581
pullback_price_half,BFLY,2026-03,M,0.96449
pullback_price_half,BFLY,2026-03,S,0.15943
pullback_price_half,BFLY,2026-04,M,0.39118
pullback_price_half,BFLY,2026-04,M,0.80584
pullback_price_half,BFLY,2026-05,M,2.94808
pullback_price_half,BFLY,2026-06,M,3.57703
pullback_price_half,BFLY,2026-06,M,2.94966
pullback_price_half,BFLY,2026-06,M,0.84201
pullback_price_half,BFLY,2026-07,M,0.28661
pullback_price_half,CERS,2016-03,S,0.63535
pullback_price_half,CERS,2016-03,S,0.71429
pullback_price_half,CERS,2016-05,S,-1.13984
pullback_price_half,CERS,2016-08,S,-1.13155
pullback_price_half,CERS,2016-08,S,-1.13523
pullback_price_half,CERS,2016-08,S,-1.16798
pullback_price_half,CERS,2017-09,S,2.30929
pullback_price_half,CERS,2017-10,S,1.79309
pullback_price_half,CERS,2017-10,S,1.49524
pullback_price_half,CERS,2017-11,S,2.80041
pullback_price_half,CERS,2017-12,S,1.01126
pullback_price_half,CERS,2017-12,S,2.96017
pullback_price_half,CERS,2018-01,S,3.37876
pullback_price_half,CERS,2018-01,S,0.76778
pullback_price_half,CERS,2018-01,S,-1.10915
pullback_price_half,CERS,2018-02,S,1.60309
pullback_price_half,CERS,2018-02,S,1.7006
pullback_price_half,CERS,2018-02,S,1.27199
pullback_price_half,CERS,2018-03,S,1.70529
pullback_price_half,CERS,2018-04,S,1.33497
pullback_price_half,CERS,2018-04,S,2.78854
pullback_price_half,CERS,2018-08,S,0.23705
pullback_price_half,CERS,2018-08,S,-0.1176
pullback_price_half,CERS,2019-03,S,-0.22284
pullback_price_half,CERS,2019-03,S,-1.16313
pullback_price_half,CERS,2019-08,S,-0.07406
pullback_price_half,CERS,2019-08,S,-0.64526
pullback_price_half,CERS,2019-08,S,-1.14054
pullback_price_half,CERS,2020-01,S,1.10899
pullback_price_half,CERS,2020-01,S,1.08925
pullback_price_half,CERS,2020-02,S,-1.0922
pullback_price_half,CERS,2020-02,S,-1.10294
pullback_price_half,CERS,2020-03,S,-1.07608
pullback_price_half,CERS,2020-03,S,0.29273
pullback_price_half,CERS,2020-04,S,0.73745
pullback_price_half,CERS,2020-04,S,0.98412
pullback_price_half,CERS,2020-05,S,0.25791
pullback_price_half,CERS,2020-05,S,0.81492
pullback_price_half,CERS,2020-05,S,1.12951
pullback_price_half,CERS,2020-06,S,0.79312
pullback_price_half,CERS,2020-06,S,0.84767
pullback_price_half,CERS,2020-07,M,-0.51726
pullback_price_half,CERS,2020-07,M,-0.90905
pullback_price_half,CERS,2020-11,M,0.71035
pullback_price_half,CERS,2020-12,M,-0.54126
pullback_price_half,CERS,2020-12,M,-0.21704
pullback_price_half,CERS,2021-01,M,0.15669
pullback_price_half,CERS,2021-01,M,-1.09948
pullback_price_half,CERS,2021-01,M,-1.10691
pullback_price_half,CERS,2021-02,M,-1.10146
pullback_price_half,CERS,2021-02,M,-1.09022
pullback_price_half,CERS,2021-02,M,-1.09299
pullback_price_half,CERS,2021-08,M,0.23018
pullback_price_half,CERS,2021-11,M,-1.135
pullback_price_half,CERS,2021-11,M,-1.1853
pullback_price_half,CERS,2021-12,M,-1.17584
pullback_price_half,CERS,2021-12,M,-1.10788
pullback_price_half,CERS,2022-07,S,-1.1032
pullback_price_half,CERS,2022-11,S,-1.10995
pullback_price_half,CERS,2023-06,S,-1.10181
pullback_price_half,CERS,2023-07,S,-1.11931
pullback_price_half,CERS,2023-11,S,1.84023
pullback_price_half,CERS,2023-11,S,1.05344
pullback_price_half,CERS,2023-12,S,0.04278
pullback_price_half,CERS,2023-12,S,0.39874
pullback_price_half,CERS,2023-12,S,-1.08333
pullback_price_half,CERS,2024-01,S,0.48853
pullback_price_half,CERS,2024-01,S,0.05665
pullback_price_half,CERS,2024-02,S,-1.0809
pullback_price_half,CERS,2024-03,S,-1.09434
pullback_price_half,CERS,2024-03,S,-1.0719
pullback_price_half,CERS,2024-05,S,-0.57992
pullback_price_half,CERS,2024-05,S,0.73014
pullback_price_half,CERS,2024-06,S,1.2
pullback_price_half,CERS,2024-06,S,1.78211
pullback_price_half,CERS,2024-08,S,-0.27521
pullback_price_half,CERS,2024-08,S,-0.68045
pullback_price_half,CERS,2024-08,S,-0.96005
pullback_price_half,CERS,2024-08,S,-1.1038
pullback_price_half,CERS,2024-11,S,-0.71942
pullback_price_half,CERS,2024-11,S,-0.5269
pullback_price_half,CERS,2024-12,S,-0.05091
pullback_price_half,CERS,2024-12,S,0.49421
pullback_price_half,CERS,2025-01,S,-0.60634
pullback_price_half,CERS,2025-01,S,-1.10437
pullback_price_half,CERS,2025-02,S,-1.08179
pullback_price_half,CERS,2025-06,S,-0.10135
pullback_price_half,CERS,2025-06,S,-0.37495
pullback_price_half,CERS,2025-07,S,-0.77667
pullback_price_half,CERS,2025-07,S,-0.47871
pullback_price_half,CERS,2025-07,S,-1.11239
pullback_price_half,CERS,2025-09,S,0.41005
pullback_price_half,CERS,2025-10,S,1.73647
pullback_price_half,CERS,2025-10,S,2.45866
pullback_price_half,CERS,2025-11,S,1.21778
pullback_price_half,CERS,2025-12,S,1.48611
pullback_price_half,CERS,2025-12,S,0.29788
pullback_price_half,CERS,2026-01,S,-1.10086
pullback_price_half,CERS,2026-01,S,-1.08528
pullback_price_half,CERS,2026-02,S,-1.09111
pullback_price_half,CERS,2026-02,S,-1.09848
pullback_price_half,CERS,2026-02,S,-1.08873
pullback_price_half,CERS,2026-05,S,-0.19824
pullback_price_half,CERS,2026-05,S,0.60044
pullback_price_half,CERS,2026-05,S,0.49952
pullback_price_half,CERS,2026-05,S,0.51353
pullback_price_half,CERS,2026-06,S,0.60795
pullback_price_half,CERS,2026-06,S,0.48692
pullback_price_half,CERS,2026-06,S,-1.092
pullback_price_half,CERS,2026-07,S,-1.2559
pullback_price_half,CERS,2026-07,S,-1.08848
pullback_price_half,LLY,2022-04,L,1.19452
pullback_price_half,LLY,2023-10,L,1.5293
pullback_price_half,LLY,2024-07,L,-1.02083
pullback_price_half,LLY,2025-03,L,-1.01825
pullback_price_half,LLY,2025-03,L,-1.0194
pullback_price_half,LLY,2025-06,L,-1.02952
pullback_price_half,LLY,2025-12,L,0.7245
volume_anomaly,TWST,2019-04,S,-1.00739
volume_anomaly,TWST,2019-05,S,0.90398
volume_anomaly,TWST,2019-07,S,-0.11261
volume_anomaly,TWST,2019-12,S,-1.01255
volume_anomaly,TWST,2019-12,S,1.51509
volume_anomaly,TWST,2020-01,S,2.98502
volume_anomaly,TWST,2020-02,M,-1.0112
volume_anomaly,TWST,2020-02,M,-1.00867
volume_anomaly,TWST,2020-06,M,2.41356
volume_anomaly,TWST,2020-06,M,2.98545
volume_anomaly,TWST,2020-08,M,0.58039
volume_anomaly,TWST,2020-09,M,2.14718
volume_anomaly,TWST,2020-12,M,2.03617
volume_anomaly,TWST,2020-12,M,1.65583
volume_anomaly,TWST,2021-02,M,-1.005
volume_anomaly,TWST,2021-03,M,-0.56908
volume_anomaly,TWST,2021-09,M,-1.01179
volume_anomaly,TWST,2021-11,M,-1.0075
volume_anomaly,TWST,2022-02,M,-1.00597
volume_anomaly,TWST,2022-03,M,-1.00613
volume_anomaly,TWST,2022-05,M,0.00457
volume_anomaly,TWST,2022-06,M,2.56262
volume_anomaly,TWST,2022-09,M,-1.00728
volume_anomaly,TWST,2022-11,M,-1.05206
volume_anomaly,TWST,2023-03,S,-1.00856
volume_anomaly,TWST,2023-05,S,2.06134
volume_anomaly,TWST,2023-08,M,-0.56134
volume_anomaly,TWST,2023-11,M,1.66946
volume_anomaly,TWST,2023-12,M,-0.07092
volume_anomaly,TWST,2024-05,M,1.07172
volume_anomaly,TWST,2024-06,M,0.20251
volume_anomaly,TWST,2024-07,M,-1.04527
volume_anomaly,TWST,2024-08,M,0.71517
volume_anomaly,TWST,2024-11,M,0.15966
volume_anomaly,TWST,2024-12,M,0.64299
volume_anomaly,TWST,2025-03,M,-0.314
volume_anomaly,TWST,2025-04,M,-0.65017
volume_anomaly,TWST,2025-08,M,-1.00954
volume_anomaly,TWST,2025-08,M,-0.3045
volume_anomaly,TWST,2025-11,M,0.70603
volume_anomaly,TWST,2026-04,M,0.89865
volume_anomaly,TWST,2026-06,M,1.2702
volume_anomaly,TWST,2026-06,M,-1.00975
volume_anomaly,ABSI,2021-12,S,-1.04357
volume_anomaly,ABSI,2022-01,S,0.5791
volume_anomaly,ABSI,2022-03,S,-1.06042
volume_anomaly,ABSI,2022-06,S,-1.0728
volume_anomaly,ABSI,2022-08,S,-1.05977
volume_anomaly,ABSI,2023-05,S,-0.8486
volume_anomaly,ABSI,2023-06,S,-1.08577
volume_anomaly,ABSI,2023-11,S,2.90003
volume_anomaly,ABSI,2023-12,S,2.88198
volume_anomaly,ABSI,2023-12,S,0.03739
volume_anomaly,ABSI,2024-02,S,0.64539
volume_anomaly,ABSI,2024-06,S,0.36649
volume_anomaly,ABSI,2024-07,S,0.89579
volume_anomaly,ABSI,2024-11,S,-1.08234
volume_anomaly,ABSI,2024-12,S,-1.08868
volume_anomaly,ABSI,2025-01,S,1.194
volume_anomaly,ABSI,2025-01,S,-0.67009
volume_anomaly,ABSI,2025-05,S,-0.49278
volume_anomaly,ABSI,2025-06,S,0.19648
volume_anomaly,ABSI,2025-07,S,-1.10998
volume_anomaly,ABSI,2025-07,S,-0.42726
volume_anomaly,ABSI,2025-09,S,2.85233
volume_anomaly,ABSI,2025-10,S,-1.06822
volume_anomaly,ABSI,2025-11,S,0.84783
volume_anomaly,ABSI,2026-03,S,2.87946
volume_anomaly,ABSI,2026-04,S,2.01629
volume_anomaly,ABSI,2026-06,M,-1.05874
volume_anomaly,GENB,2026-06,M,-0.3088
volume_anomaly,GENB,2026-06,M,-0.16598
volume_anomaly,GENB,2026-06,M,-1.03966
volume_anomaly,TEM,2024-11,M,2.987
volume_anomaly,TEM,2024-12,M,0.44802
volume_anomaly,TEM,2025-01,M,2.98891
volume_anomaly,TEM,2025-05,M,0.10091
volume_anomaly,TEM,2026-01,L,-1.01305
volume_anomaly,TEM,2026-04,M,-1.01092
volume_anomaly,TEM,2026-06,M,-0.24691
volume_anomaly,RXRX,2021-09,M,-1.00574
volume_anomaly,RXRX,2021-12,M,-1.00537
volume_anomaly,RXRX,2022-03,M,-0.28842
volume_anomaly,RXRX,2022-06,M,0.94803
volume_anomaly,RXRX,2022-09,M,-0.13687
volume_anomaly,RXRX,2022-12,M,0.47358
volume_anomaly,RXRX,2023-03,M,-1.0076
volume_anomaly,RXRX,2023-05,S,2.98866
volume_anomaly,RXRX,2023-05,M,0.07976
volume_anomaly,RXRX,2023-07,M,-1.00675
volume_anomaly,RXRX,2023-11,M,2.98849
volume_anomaly,RXRX,2024-01,M,1.03113
volume_anomaly,RXRX,2024-02,M,-1.00795
volume_anomaly,RXRX,2024-06,M,-0.75248
volume_anomaly,RXRX,2024-09,M,0.14281
volume_anomaly,RXRX,2024-11,M,-1.01091
volume_anomaly,RXRX,2024-11,M,1.04265
volume_anomaly,RXRX,2024-12,M,-0.53684
volume_anomaly,RXRX,2025-02,M,-0.2657
volume_anomaly,RXRX,2025-02,M,-1.00846
volume_anomaly,RXRX,2025-04,M,-1.00538
volume_anomaly,RXRX,2025-06,M,0.91348
volume_anomaly,RXRX,2025-07,M,-1.04904
volume_anomaly,RXRX,2025-10,M,-1.00966
volume_anomaly,RXRX,2025-10,M,-1.00624
volume_anomaly,RXRX,2026-05,M,1.0857
volume_anomaly,RXRX,2026-06,M,-0.91485
volume_anomaly,RXRX,2026-06,M,-1.00977
volume_anomaly,SDGR,2020-08,M,-1.0292
volume_anomaly,SDGR,2020-09,M,-0.10085
volume_anomaly,SDGR,2020-11,M,1.634
volume_anomaly,SDGR,2021-02,M,-2.13324
volume_anomaly,SDGR,2021-03,M,-0.10302
volume_anomaly,SDGR,2021-06,M,-1.06882
volume_anomaly,SDGR,2021-08,M,-0.1336
volume_anomaly,SDGR,2021-11,M,-1.04042
volume_anomaly,SDGR,2022-02,M,-0.37676
volume_anomaly,SDGR,2022-06,M,0.17557
volume_anomaly,SDGR,2022-08,M,-1.04882
volume_anomaly,SDGR,2022-11,M,-1.03234
volume_anomaly,SDGR,2022-12,M,0.68027
volume_anomaly,SDGR,2023-03,M,0.64866
volume_anomaly,SDGR,2023-05,M,2.93414
volume_anomaly,SDGR,2023-05,M,1.47404
volume_anomaly,SDGR,2023-06,M,-0.6848
volume_anomaly,SDGR,2023-11,M,1.80115
volume_anomaly,SDGR,2024-01,M,-0.09179
volume_anomaly,SDGR,2024-02,M,-1.14342
volume_anomaly,SDGR,2024-03,M,-0.02873
volume_anomaly,SDGR,2024-05,M,-1.04805
volume_anomaly,SDGR,2024-08,M,-0.48664
volume_anomaly,SDGR,2024-11,M,-1.07376
volume_anomaly,SDGR,2025-01,M,-1.04158
volume_anomaly,SDGR,2025-04,M,-0.63693
volume_anomaly,SDGR,2025-08,M,0.40453
volume_anomaly,SDGR,2026-02,M,-1.04179
volume_anomaly,SDGR,2026-02,S,-0.44087
volume_anomaly,SDGR,2026-02,S,-0.44851
volume_anomaly,SDGR,2026-06,M,0.47412
volume_anomaly,CRSP,2017-02,S,1.39659
volume_anomaly,CRSP,2017-05,S,1.41323
volume_anomaly,CRSP,2017-08,S,-1.01223
volume_anomaly,CRSP,2017-08,S,-1.01169
volume_anomaly,CRSP,2017-11,S,-1.01538
volume_anomaly,CRSP,2017-12,S,2.98441
volume_anomaly,CRSP,2018-01,S,3.37506
volume_anomaly,CRSP,2018-01,M,2.98786
volume_anomaly,CRSP,2018-01,M,2.0409
volume_anomaly,CRSP,2018-05,M,-1.01085
volume_anomaly,CRSP,2018-06,M,-1.0076
volume_anomaly,CRSP,2018-06,M,-0.81144
volume_anomaly,CRSP,2018-09,M,-1.0076
volume_anomaly,CRSP,2018-10,M,-1.00919
volume_anomaly,CRSP,2018-12,M,0.90795
volume_anomaly,CRSP,2019-01,M,0.59398
volume_anomaly,CRSP,2019-02,M,-1.01285
volume_anomaly,CRSP,2019-06,M,1.07681
volume_anomaly,CRSP,2019-07,M,-0.23852
volume_anomaly,CRSP,2019-07,M,-1.02272
volume_anomaly,CRSP,2019-10,M,2.99635
volume_anomaly,CRSP,2019-11,M,1.28727
volume_anomaly,CRSP,2019-11,M,-0.43806
volume_anomaly,CRSP,2020-07,M,0.68917
volume_anomaly,CRSP,2020-08,M,-1.01319
volume_anomaly,CRSP,2020-10,M,-1.01345
volume_anomaly,CRSP,2020-10,M,2.32386
volume_anomaly,CRSP,2020-12,L,1.59318
volume_anomaly,CRSP,2020-12,L,-0.16984
volume_anomaly,CRSP,2021-06,L,-1.01545
volume_anomaly,CRSP,2021-10,M,-1.01281
volume_anomaly,CRSP,2022-01,M,0.17204
volume_anomaly,CRSP,2022-03,M,-1.00908
volume_anomaly,CRSP,2022-06,M,1.30391
volume_anomaly,CRSP,2022-06,M,0.9423
volume_anomaly,CRSP,2022-11,M,-1.00954
volume_anomaly,CRSP,2023-02,M,-0.61881
volume_anomaly,CRSP,2023-04,M,2.98206
volume_anomaly,CRSP,2023-05,M,-1.0127
volume_anomaly,CRSP,2023-10,M,2.98603
volume_anomaly,CRSP,2023-11,M,-1.00872
volume_anomaly,CRSP,2023-12,M,-0.0133
volume_anomaly,CRSP,2024-06,M,-1.01439
volume_anomaly,CRSP,2024-06,M,-1.16079
volume_anomaly,CRSP,2024-07,M,-1.10624
volume_anomaly,CRSP,2024-11,M,-1.02048
volume_anomaly,CRSP,2024-11,M,-1.04234
volume_anomaly,CRSP,2024-12,M,-1.01384
volume_anomaly,CRSP,2025-01,M,0.27058
volume_anomaly,CRSP,2025-02,M,-1.01321
volume_anomaly,CRSP,2025-06,M,2.98152
volume_anomaly,CRSP,2025-06,M,2.98511
volume_anomaly,CRSP,2025-06,M,2.98369
volume_anomaly,CRSP,2025-07,M,-1.04289
volume_anomaly,CRSP,2026-02,M,-1.01179
volume_anomaly,CRSP,2026-03,M,-0.29321
volume_anomaly,BEAM,2020-06,S,-1.00713
volume_anomaly,BEAM,2020-08,S,0.91085
volume_anomaly,BEAM,2020-09,M,-1.00892
volume_anomaly,BEAM,2020-10,M,2.21952
volume_anomaly,BEAM,2020-12,M,1.51218
volume_anomaly,BEAM,2021-02,M,-0.73038
volume_anomaly,BEAM,2021-06,M,-1.01187
volume_anomaly,BEAM,2021-12,M,-1.00609
volume_anomaly,BEAM,2022-01,M,0.31331
volume_anomaly,BEAM,2022-01,M,-0.18039
volume_anomaly,BEAM,2022-05,M,0.62823
volume_anomaly,BEAM,2022-06,M,2.9902
volume_anomaly,BEAM,2023-03,M,-0.18422
volume_anomaly,BEAM,2023-06,M,-1.01277
volume_anomaly,BEAM,2023-09,M,-1.01906
volume_anomaly,BEAM,2023-10,M,2.58366
volume_anomaly,BEAM,2023-11,M,1.54066
volume_anomaly,BEAM,2023-11,M,0.65346
volume_anomaly,BEAM,2023-12,M,-0.45786
volume_anomaly,BEAM,2024-01,M,3.10807
volume_anomaly,BEAM,2024-02,M,-1.00901
volume_anomaly,BEAM,2024-04,M,-0.05916
volume_anomaly,BEAM,2024-06,M,1.69138
volume_anomaly,BEAM,2024-07,M,0.32094
volume_anomaly,BEAM,2024-11,M,0.71886
volume_anomaly,BEAM,2025-02,M,-1.01036
volume_anomaly,BEAM,2025-03,M,-1.00566
volume_anomaly,BEAM,2025-04,M,-1.00603
volume_anomaly,BEAM,2025-09,M,2.98468
volume_anomaly,BEAM,2026-01,M,-1.00994
volume_anomaly,BEAM,2026-03,M,2.05084
volume_anomaly,BEAM,2026-04,M,0.35887
volume_anomaly,BEAM,2026-06,M,-1.00966
volume_anomaly,BEAM,2026-06,M,-1.00931
volume_anomaly,NTLA,2016-08,S,-1.00727
volume_anomaly,NTLA,2016-09,S,-1.01057
volume_anomaly,NTLA,2016-10,S,-1.01099
volume_anomaly,NTLA,2016-12,S,-1.01175
volume_anomaly,NTLA,2017-02,S,0.78851
volume_anomaly,NTLA,2017-05,S,2.54093
volume_anomaly,NTLA,2017-06,S,0.39613
volume_anomaly,NTLA,2017-08,S,2.98497
volume_anomaly,NTLA,2017-11,S,-0.63003
volume_anomaly,NTLA,2017-12,S,1.3036
volume_anomaly,NTLA,2018-03,M,-1.00682
volume_anomaly,NTLA,2018-06,M,0.29686
volume_anomaly,NTLA,2018-06,M,-0.21008
volume_anomaly,NTLA,2018-09,M,-1.00738
volume_anomaly,NTLA,2018-11,S,-0.23969
volume_anomaly,NTLA,2018-11,S,-1.00626
volume_anomaly,NTLA,2019-03,S,-0.626
volume_anomaly,NTLA,2019-07,S,0.12024
volume_anomaly,NTLA,2019-10,S,2.13347
volume_anomaly,NTLA,2019-11,S,0.8467
volume_anomaly,NTLA,2019-11,S,-0.15842
volume_anomaly,NTLA,2020-03,S,-1.04198
volume_anomaly,NTLA,2020-06,M,0.1882
volume_anomaly,NTLA,2020-09,M,1.1913
volume_anomaly,NTLA,2020-10,M,1.58863
volume_anomaly,NTLA,2020-12,M,2.9856
volume_anomaly,NTLA,2021-06,M,-1.01586
volume_anomaly,NTLA,2021-10,M,-0.20428
volume_anomaly,NTLA,2021-12,M,-1.00703
volume_anomaly,NTLA,2022-01,M,0.44604
volume_anomaly,NTLA,2022-03,M,-0.77157
volume_anomaly,NTLA,2022-06,M,1.53855
volume_anomaly,NTLA,2022-09,M,-1.00899
volume_anomaly,NTLA,2022-12,M,-1.00829
volume_anomaly,NTLA,2022-12,M,0.84949
volume_anomaly,NTLA,2023-03,M,-1.01084
volume_anomaly,NTLA,2023-06,M,-0.23293
volume_anomaly,NTLA,2023-10,M,-1.01246
volume_anomaly,NTLA,2023-10,M,0.70087
volume_anomaly,NTLA,2023-11,M,-1.01099
volume_anomaly,NTLA,2023-12,M,-1.07519
volume_anomaly,NTLA,2024-01,M,0.84591
volume_anomaly,NTLA,2024-02,M,-1.00969
volume_anomaly,NTLA,2024-05,M,0.94078
volume_anomaly,NTLA,2024-06,M,-1.01286
volume_anomaly,NTLA,2024-09,M,-1.01097
volume_anomaly,NTLA,2024-10,M,-0.43069
volume_anomaly,NTLA,2025-01,M,0.33974
volume_anomaly,NTLA,2025-05,S,1.93237
volume_anomaly,NTLA,2025-09,M,2.98575
volume_anomaly,NTLA,2025-10,M,-2.23009
volume_anomaly,NTLA,2025-10,M,-0.78224
volume_anomaly,NTLA,2025-11,S,-0.21294
volume_anomaly,NTLA,2026-03,M,-1.00949
volume_anomaly,NTLA,2026-04,M,-0.62011
volume_anomaly,PRME,2023-05,M,0.6921
volume_anomaly,PRME,2023-06,M,-0.06362
volume_anomaly,PRME,2023-06,M,-1.14238
volume_anomaly,PRME,2023-09,M,-1.10115
volume_anomaly,PRME,2023-10,S,0.11103
volume_anomaly,PRME,2023-12,S,-1.07656
volume_anomaly,PRME,2024-02,S,-0.5428
volume_anomaly,PRME,2024-06,S,-1.08187
volume_anomaly,PRME,2024-06,S,-1.06636
volume_anomaly,PRME,2024-10,S,-0.60595
volume_anomaly,PRME,2025-04,S,-1.06225
volume_anomaly,PRME,2025-04,S,-1.05115
volume_anomaly,PRME,2025-05,S,2.92419
volume_anomaly,PRME,2025-07,S,-0.29502
volume_anomaly,PRME,2025-12,S,-0.54972
volume_anomaly,PRME,2026-06,S,-1.08437
volume_anomaly,PRME,2026-07,S,-1.07166
volume_anomaly,TXG,2019-12,M,1.15356
volume_anomaly,TXG,2020-02,M,-1.00861
volume_anomaly,TXG,2020-03,M,0.46002
volume_anomaly,TXG,2020-06,M,1.57359
volume_anomaly,TXG,2020-09,L,0.94071
volume_anomaly,TXG,2020-12,L,1.34627
volume_anomaly,TXG,2020-12,L,1.58184
volume_anomaly,TXG,2021-01,L,2.21563
volume_anomaly,TXG,2021-05,L,1.45769
volume_anomaly,TXG,2021-06,L,-1.01666
volume_anomaly,TXG,2021-09,L,0.96744
volume_anomaly,TXG,2021-11,L,-1.01666
volume_anomaly,TXG,2021-11,L,-1.01184
volume_anomaly,TXG,2022-01,L,-1.10355
volume_anomaly,TXG,2022-02,M,-1.00689
volume_anomaly,TXG,2022-05,M,-1.006
volume_anomaly,TXG,2022-06,M,-1.00679
volume_anomaly,TXG,2022-07,M,-0.40086
volume_anomaly,TXG,2022-11,M,0.31775
volume_anomaly,TXG,2022-12,M,1.95255
volume_anomaly,TXG,2023-05,M,0.49825
volume_anomaly,TXG,2023-08,M,-1.01558
volume_anomaly,TXG,2023-11,M,2.98524
volume_anomaly,TXG,2023-12,M,-1.01552
volume_anomaly,TXG,2024-04,M,-1.01021
volume_anomaly,TXG,2024-05,M,-1.00852
volume_anomaly,TXG,2024-07,M,2.58425
volume_anomaly,TXG,2024-10,M,-0.10937
volume_anomaly,TXG,2024-11,M,0.39015
volume_anomaly,TXG,2025-02,M,-1.00692
volume_anomaly,TXG,2025-05,M,1.42333
volume_anomaly,TXG,2025-06,M,0.75803
volume_anomaly,TXG,2025-10,M,2.98499
volume_anomaly,TXG,2025-11,M,0.36324
volume_anomaly,TXG,2026-06,M,2.98726
volume_anomaly,ILMN,2016-04,L,0.26175
volume_anomaly,ILMN,2016-06,L,2.40252
volume_anomaly,ILMN,2016-07,L,0.14651
volume_anomaly,ILMN,2016-08,L,0.7053
volume_anomaly,ILMN,2016-10,L,-0.23067
volume_anomaly,ILMN,2017-01,L,-0.29476
volume_anomaly,ILMN,2017-04,L,-0.80643
volume_anomaly,ILMN,2017-08,L,0.90718
volume_anomaly,ILMN,2017-10,L,0.90977
volume_anomaly,ILMN,2018-01,L,-1.02922
volume_anomaly,ILMN,2018-04,L,2.12268
volume_anomaly,ILMN,2018-06,L,2.9635
volume_anomaly,ILMN,2018-07,L,1.53901
volume_anomaly,ILMN,2018-10,L,0.67219
volume_anomaly,ILMN,2019-01,L,1.31626
volume_anomaly,ILMN,2019-04,L,0.8851
volume_anomaly,ILMN,2019-07,L,-0.60474
volume_anomaly,ILMN,2019-10,L,1.01153
volume_anomaly,ILMN,2020-01,L,-1.20346
volume_anomaly,ILMN,2020-01,L,-1.02168
volume_anomaly,ILMN,2020-02,L,-1.02843
volume_anomaly,ILMN,2020-08,L,-1.01594
volume_anomaly,ILMN,2020-09,L,-1.15319
volume_anomaly,ILMN,2021-02,L,-1.01371
volume_anomaly,ILMN,2021-03,L,0.13907
volume_anomaly,ILMN,2021-05,L,2.421
volume_anomaly,ILMN,2021-08,L,-1.0219
volume_anomaly,ILMN,2021-09,L,-1.02894
volume_anomaly,ILMN,2021-12,L,-1.0191
volume_anomaly,ILMN,2022-01,L,-1.01695
volume_anomaly,ILMN,2022-05,L,-1.00877
volume_anomaly,ILMN,2022-06,L,-1.01325
volume_anomaly,ILMN,2022-06,L,0.43253
volume_anomaly,ILMN,2022-06,L,1.0203
volume_anomaly,ILMN,2022-08,L,-0.50144
volume_anomaly,ILMN,2022-09,L,1.41951
volume_anomaly,ILMN,2023-01,L,-0.03365
volume_anomaly,ILMN,2023-02,L,0.63284
volume_anomaly,ILMN,2023-03,L,-0.77006
volume_anomaly,ILMN,2023-05,L,-0.41144
volume_anomaly,ILMN,2023-06,L,-1.02145
volume_anomaly,ILMN,2023-07,L,-1.04152
volume_anomaly,ILMN,2023-11,L,2.72583
volume_anomaly,ILMN,2023-11,L,1.79599
volume_anomaly,ILMN,2024-06,L,1.50012
volume_anomaly,ILMN,2024-06,L,1.36509
volume_anomaly,ILMN,2024-11,L,-1.02383
volume_anomaly,ILMN,2024-11,L,-0.26035
volume_anomaly,ILMN,2024-12,L,-0.76303
volume_anomaly,ILMN,2025-02,L,-1.01014
volume_anomaly,ILMN,2025-08,L,0.6026
volume_anomaly,ILMN,2025-11,L,0.55209
volume_anomaly,ILMN,2025-12,L,-0.19466
volume_anomaly,PACB,2016-04,S,-1.04151
volume_anomaly,PACB,2016-06,S,-1.04114
volume_anomaly,PACB,2016-06,S,0.49861
volume_anomaly,PACB,2016-11,S,-1.52227
volume_anomaly,PACB,2016-12,S,0.52037
volume_anomaly,PACB,2017-04,S,-0.91089
volume_anomaly,PACB,2017-06,S,-0.08828
volume_anomaly,PACB,2017-08,S,2.93596
volume_anomaly,PACB,2017-09,S,-1.05033
volume_anomaly,PACB,2017-11,S,-0.33152
volume_anomaly,PACB,2018-01,S,-1.04033
volume_anomaly,PACB,2018-05,S,2.93907
volume_anomaly,PACB,2018-06,S,0.59648
volume_anomaly,PACB,2018-09,S,-1.04668
volume_anomaly,PACB,2018-11,S,-0.12129
volume_anomaly,PACB,2019-05,M,-1.18533
volume_anomaly,PACB,2019-06,S,-1.09408
volume_anomaly,PACB,2019-07,S,0.52686
volume_anomaly,PACB,2019-09,S,-1.07393
volume_anomaly,PACB,2019-10,S,0.40717
volume_anomaly,PACB,2019-11,S,0.08808
volume_anomaly,PACB,2019-12,S,-1.07605
volume_anomaly,PACB,2020-01,S,-1.05393
volume_anomaly,PACB,2020-08,S,2.93562
volume_anomaly,PACB,2021-06,M,-1.21382
volume_anomaly,PACB,2021-11,M,-1.06081
volume_anomaly,PACB,2021-11,M,-1.03443
volume_anomaly,PACB,2021-12,M,-1.022
volume_anomaly,PACB,2022-01,M,-1.02153
volume_anomaly,PACB,2022-06,M,-1.03185
volume_anomaly,PACB,2022-08,M,2.96041
volume_anomaly,PACB,2022-08,M,-1.01621
volume_anomaly,PACB,2023-01,M,-1.03009
volume_anomaly,PACB,2023-04,M,0.4757
volume_anomaly,PACB,2023-06,M,-0.28229
volume_anomaly,PACB,2023-08,M,-0.95542
volume_anomaly,PACB,2023-10,M,-1.04687
volume_anomaly,PACB,2023-11,M,1.89792
volume_anomaly,PACB,2023-12,M,-1.03987
volume_anomaly,PACB,2024-01,M,-1.02665
volume_anomaly,PACB,2024-04,S,0.36912
volume_anomaly,PACB,2024-07,S,-1.17988
volume_anomaly,PACB,2024-10,S,-0.28346
volume_anomaly,PACB,2024-11,S,-1.02007
volume_anomaly,PACB,2025-02,S,-1.02359
volume_anomaly,PACB,2025-04,S,-1.02526
volume_anomaly,PACB,2025-05,S,1.27822
volume_anomaly,PACB,2025-11,S,-1.03039
volume_anomaly,PACB,2026-06,S,-1.03521
volume_anomaly,QSI,2021-02,S,-1.11643
volume_anomaly,QSI,2021-06,S,2.83562
volume_anomaly,QSI,2021-06,S,-1.09905
volume_anomaly,QSI,2021-09,S,-0.27086
volume_anomaly,QSI,2021-12,S,-0.51647
volume_anomaly,QSI,2021-12,M,-1.0702
volume_anomaly,QSI,2022-01,S,-0.62874
volume_anomaly,QSI,2022-02,S,-0.20912
volume_anomaly,QSI,2022-06,S,0.08382
volume_anomaly,QSI,2022-06,S,0.90442
volume_anomaly,QSI,2022-10,S,-1.07572
volume_anomaly,QSI,2022-11,S,-0.96998
volume_anomaly,QSI,2022-11,S,-1.06162
volume_anomaly,QSI,2022-11,S,-1.06065
volume_anomaly,QSI,2022-12,S,0.98635
volume_anomaly,QSI,2023-03,S,-0.94541
volume_anomaly,QSI,2023-04,S,-0.29187
volume_anomaly,QSI,2023-06,S,2.99344
volume_anomaly,QSI,2023-07,S,-1.10396
volume_anomaly,QSI,2024-03,S,-1.06522
volume_anomaly,QSI,2024-06,S,-1.07116
volume_anomaly,QSI,2024-11,S,3.33365
volume_anomaly,QSI,2024-11,S,3.87426
volume_anomaly,QSI,2024-12,S,3.08353
volume_anomaly,QSI,2024-12,S,-1.03329
volume_anomaly,QSI,2025-05,S,0.77101
volume_anomaly,QSI,2025-09,S,3.08098
volume_anomaly,QSI,2025-10,S,-1.06386
volume_anomaly,QSI,2026-04,S,-1.09957
volume_anomaly,MASS,2021-03,M,-0.19242
volume_anomaly,MASS,2021-05,S,0.06289
volume_anomaly,MASS,2021-06,M,-1.08869
volume_anomaly,MASS,2021-09,S,0.26767
volume_anomaly,MASS,2021-11,S,-1.07414
volume_anomaly,MASS,2022-05,S,0.86824
volume_anomaly,MASS,2022-06,S,0.05623
volume_anomaly,MASS,2022-08,S,-0.90312
volume_anomaly,MASS,2022-11,S,-1.04123
volume_anomaly,MASS,2023-03,S,-1.08164
volume_anomaly,MASS,2023-03,S,-0.40776
volume_anomaly,MASS,2023-03,S,0.02068
volume_anomaly,MASS,2023-06,S,-0.04234
volume_anomaly,MASS,2023-08,S,-1.08768
volume_anomaly,MASS,2023-11,S,1.22364
volume_anomaly,MASS,2023-12,S,-0.45353
volume_anomaly,MASS,2023-12,S,-1.09228
volume_anomaly,MASS,2024-05,S,0.01391
volume_anomaly,MASS,2024-05,S,-0.70691
volume_anomaly,MASS,2024-11,S,-1.05838
volume_anomaly,MASS,2024-11,S,-0.51822
volume_anomaly,MASS,2024-12,S,0.86262
volume_anomaly,MASS,2025-01,S,-1.06141
volume_anomaly,MASS,2025-03,S,-1.05867
volume_anomaly,MASS,2025-06,S,-1.07189
volume_anomaly,MASS,2025-12,S,0.53808
volume_anomaly,MASS,2026-05,S,-1.10359
volume_anomaly,MASS,2026-05,S,-1.11854
volume_anomaly,MASS,2026-06,S,-1.11141
volume_anomaly,MASS,2026-06,S,-1.11208
volume_anomaly,PSNL,2019-09,S,-1.07844
volume_anomaly,PSNL,2019-12,S,0.1738
volume_anomaly,PSNL,2020-01,S,-0.4564
volume_anomaly,PSNL,2020-03,S,1.05528
volume_anomaly,PSNL,2020-08,S,0.68254
volume_anomaly,PSNL,2020-08,S,0.3428
volume_anomaly,PSNL,2020-11,S,1.98408
volume_anomaly,PSNL,2020-11,M,0.31572
volume_anomaly,PSNL,2021-01,M,-1.04901
volume_anomaly,PSNL,2021-06,M,-1.12494
volume_anomaly,PSNL,2021-10,S,-0.74215
volume_anomaly,PSNL,2022-05,S,-0.26549
volume_anomaly,PSNL,2022-06,S,0.00698
volume_anomaly,PSNL,2022-06,S,0.59186
volume_anomaly,PSNL,2023-01,S,2.90082
volume_anomaly,PSNL,2023-02,S,-1.06542
volume_anomaly,PSNL,2023-08,S,-1.07475
volume_anomaly,PSNL,2023-11,S,0.73923
volume_anomaly,PSNL,2023-11,S,1.59301
volume_anomaly,PSNL,2024-07,S,2.84582
volume_anomaly,PSNL,2024-07,S,2.89245
volume_anomaly,PSNL,2024-12,S,-0.73196
volume_anomaly,PSNL,2025-01,S,-1.06115
volume_anomaly,PSNL,2025-06,S,-1.70979
volume_anomaly,PSNL,2025-08,S,1.08337
volume_anomaly,PSNL,2025-10,S,-1.08582
volume_anomaly,PSNL,2025-11,S,-0.24546
volume_anomaly,PSNL,2025-12,S,0.44988
volume_anomaly,PSNL,2026-03,S,0.09861
volume_anomaly,PSNL,2026-05,S,2.89325
volume_anomaly,PSNL,2026-05,S,2.89045
volume_anomaly,PSNL,2026-06,M,0.40805
volume_anomaly,GH,2019-03,M,-1.00841
volume_anomaly,GH,2019-04,M,0.38498
volume_anomaly,GH,2019-08,M,-1.01132
volume_anomaly,GH,2019-11,M,0.97915
volume_anomaly,GH,2020-02,M,-1.01144
volume_anomaly,GH,2020-06,M,-0.294
volume_anomaly,GH,2020-06,M,0.65706
volume_anomaly,GH,2020-09,M,1.20078
volume_anomaly,GH,2020-10,L,0.39175
volume_anomaly,GH,2020-11,L,1.38126
volume_anomaly,GH,2021-10,L,-0.89482
volume_anomaly,GH,2021-11,L,-1.01348
volume_anomaly,GH,2022-05,M,-1.00673
volume_anomaly,GH,2022-10,M,0.52727
volume_anomaly,GH,2022-12,M,0.17499
volume_anomaly,GH,2023-05,M,1.62062
volume_anomaly,GH,2023-06,M,0.15605
volume_anomaly,GH,2023-09,M,-1.01109
volume_anomaly,GH,2023-11,M,0.80036
volume_anomaly,GH,2024-02,M,-0.19239
volume_anomaly,GH,2024-04,M,-1.01325
volume_anomaly,GH,2024-05,M,2.98247
volume_anomaly,GH,2024-11,M,0.48682
volume_anomaly,GH,2025-01,M,-0.7857
volume_anomaly,GH,2025-02,M,-1.00894
volume_anomaly,GH,2025-08,M,2.98278
volume_anomaly,GH,2025-10,L,0.75536
volume_anomaly,GH,2026-04,L,2.9878
volume_anomaly,GH,2026-05,L,2.98421
volume_anomaly,GH,2026-06,L,0.44796
volume_anomaly,NTRA,2016-05,S,1.07796
volume_anomaly,NTRA,2016-06,S,-1.01376
volume_anomaly,NTRA,2016-11,S,0.94127
volume_anomaly,NTRA,2017-03,S,0.1714
volume_anomaly,NTRA,2017-05,S,0.16299
volume_anomaly,NTRA,2017-06,S,-1.02125
volume_anomaly,NTRA,2017-08,S,1.42059
volume_anomaly,NTRA,2018-03,S,-1.0187
volume_anomaly,NTRA,2018-05,S,2.9747
volume_anomaly,NTRA,2018-06,S,2.98339
volume_anomaly,NTRA,2018-07,M,1.20023
volume_anomaly,NTRA,2018-09,M,-1.01283
volume_anomaly,NTRA,2018-11,S,-0.69526
volume_anomaly,NTRA,2019-03,M,-0.21298
volume_anomaly,NTRA,2019-04,M,1.60526
volume_anomaly,NTRA,2019-07,M,-0.01207
volume_anomaly,NTRA,2019-08,M,-1.0142
volume_anomaly,NTRA,2019-10,M,-0.41331
volume_anomaly,NTRA,2019-12,M,0.05613
volume_anomaly,NTRA,2020-02,M,-1.01127
volume_anomaly,NTRA,2020-04,M,1.67393
volume_anomaly,NTRA,2020-08,M,0.88156
volume_anomaly,NTRA,2020-09,M,0.87191
volume_anomaly,NTRA,2020-12,M,1.0513
volume_anomaly,NTRA,2021-03,M,0.02074
volume_anomaly,NTRA,2021-03,M,-0.36387
volume_anomaly,NTRA,2021-06,M,1.15983
volume_anomaly,NTRA,2021-07,L,-1.01416
volume_anomaly,NTRA,2021-11,L,-1.0123
volume_anomaly,NTRA,2022-01,M,-1.00896
volume_anomaly,NTRA,2022-03,M,-0.32351
volume_anomaly,NTRA,2022-08,M,-1.01007
volume_anomaly,NTRA,2022-11,M,0.16778
volume_anomaly,NTRA,2022-12,M,-1.01072
volume_anomaly,NTRA,2023-04,M,-0.51389
volume_anomaly,NTRA,2023-08,M,-0.53671
volume_anomaly,NTRA,2023-09,M,-1.01264
volume_anomaly,NTRA,2023-11,M,2.26277
volume_anomaly,NTRA,2024-01,M,2.39186
volume_anomaly,NTRA,2024-03,L,-1.01782
volume_anomaly,NTRA,2024-07,L,1.3251
volume_anomaly,NTRA,2024-07,L,1.74857
volume_anomaly,NTRA,2024-08,L,0.50418
volume_anomaly,NTRA,2024-11,L,0.3377
volume_anomaly,NTRA,2025-03,L,-1.01096
volume_anomaly,NTRA,2025-08,L,1.14054
volume_anomaly,NTRA,2025-11,L,1.53205
volume_anomaly,NTRA,2025-11,L,0.44581
volume_anomaly,NTRA,2026-03,L,-0.17762
volume_anomaly,NTRA,2026-04,L,0.67675
volume_anomaly,NTRA,2026-05,L,0.66285
volume_anomaly,VCYT,2016-09,S,1.96032
volume_anomaly,VCYT,2016-10,S,-1.71403
volume_anomaly,VCYT,2016-11,S,0.57113
volume_anomaly,VCYT,2017-02,S,0.54915
volume_anomaly,VCYT,2017-03,S,-0.41496
volume_anomaly,VCYT,2017-06,S,0.20406
volume_anomaly,VCYT,2017-11,S,-0.02406
volume_anomaly,VCYT,2017-12,S,-0.1964
volume_anomaly,VCYT,2018-04,S,0.92234
volume_anomaly,VCYT,2018-04,S,1.89072
volume_anomaly,VCYT,2018-06,S,1.69844
volume_anomaly,VCYT,2018-07,S,0.60354
volume_anomaly,VCYT,2018-10,S,0.06484
volume_anomaly,VCYT,2019-02,S,-1.06078
volume_anomaly,VCYT,2019-03,S,0.6768
volume_anomaly,VCYT,2019-05,M,0.888
volume_anomaly,VCYT,2019-07,M,-1.05239
volume_anomaly,VCYT,2019-10,M,1.41951
volume_anomaly,VCYT,2020-02,M,-1.0454
volume_anomaly,VCYT,2020-08,M,-1.04794
volume_anomaly,VCYT,2020-12,M,-0.00318
volume_anomaly,VCYT,2020-12,M,2.95189
volume_anomaly,VCYT,2021-02,M,-1.0324
volume_anomaly,VCYT,2021-06,M,-1.10219
volume_anomaly,VCYT,2021-11,M,-1.04176
volume_anomaly,VCYT,2021-12,M,-1.02601
volume_anomaly,VCYT,2022-03,M,-1.02732
volume_anomaly,VCYT,2022-05,M,-1.03021
volume_anomaly,VCYT,2022-09,M,2.9473
volume_anomaly,VCYT,2022-11,M,0.35216
volume_anomaly,VCYT,2022-12,M,0.01533
volume_anomaly,VCYT,2023-03,M,-0.04619
volume_anomaly,VCYT,2023-06,M,-0.21921
volume_anomaly,VCYT,2023-09,M,-1.07639
volume_anomaly,VCYT,2023-11,M,0.97249
volume_anomaly,VCYT,2023-12,M,-0.78653
volume_anomaly,VCYT,2024-03,M,-0.40063
volume_anomaly,VCYT,2024-06,M,-1.10835
volume_anomaly,VCYT,2024-08,M,1.38119
volume_anomaly,VCYT,2024-11,M,0.81351
volume_anomaly,VCYT,2024-12,M,0.43481
volume_anomaly,VCYT,2025-01,M,-1.05195
volume_anomaly,VCYT,2025-02,M,-0.28376
volume_anomaly,VCYT,2025-06,M,-1.07182
volume_anomaly,VCYT,2025-07,M,1.80023
volume_anomaly,VCYT,2025-11,M,-1.17979
volume_anomaly,VCYT,2026-02,M,-1.05984
volume_anomaly,VCYT,2026-03,M,1.92128
volume_anomaly,VCYT,2026-05,M,2.0923
volume_anomaly,VCYT,2026-06,M,-1.05283
volume_anomaly,VCYT,2026-06,M,-1.44162
volume_anomaly,CDNA,2016-09,S,-0.35022
volume_anomaly,CDNA,2017-03,S,-1.01876
volume_anomaly,CDNA,2017-05,S,-0.16793
volume_anomaly,CDNA,2017-07,S,2.95718
volume_anomaly,CDNA,2017-07,S,2.972
volume_anomaly,CDNA,2017-08,S,3.4385
volume_anomaly,CDNA,2017-09,S,1.6098
volume_anomaly,CDNA,2017-10,S,0.22618
volume_anomaly,CDNA,2018-03,S,2.93236
volume_anomaly,CDNA,2018-06,S,0.68936
volume_anomaly,CDNA,2018-11,S,-1.02769
volume_anomaly,CDNA,2018-12,S,0.73573
volume_anomaly,CDNA,2019-02,M,-0.71396
volume_anomaly,CDNA,2019-03,M,-1.0376
volume_anomaly,CDNA,2019-04,M,0.56161
volume_anomaly,CDNA,2019-05,M,0.23103
volume_anomaly,CDNA,2019-07,M,-1.03391
volume_anomaly,CDNA,2019-11,S,-1.03994
volume_anomaly,CDNA,2020-06,M,0.15705
volume_anomaly,CDNA,2020-06,M,0.28477
volume_anomaly,CDNA,2020-08,M,-1.05791
volume_anomaly,CDNA,2020-09,M,3.21228
volume_anomaly,CDNA,2020-10,M,2.93208
volume_anomaly,CDNA,2020-12,M,1.70206
volume_anomaly,CDNA,2021-01,M,-1.0454
volume_anomaly,CDNA,2021-02,M,-1.03391
volume_anomaly,CDNA,2021-06,M,-1.0528
volume_anomaly,CDNA,2021-11,M,-0.61408
volume_anomaly,CDNA,2022-05,M,-0.19151
volume_anomaly,CDNA,2022-05,M,0.29138
volume_anomaly,CDNA,2022-11,S,-0.42092
volume_anomaly,CDNA,2022-12,S,0.38261
volume_anomaly,CDNA,2022-12,S,2.10173
volume_anomaly,CDNA,2023-03,S,-1.03919
volume_anomaly,CDNA,2023-06,S,2.01139
volume_anomaly,CDNA,2023-07,S,-1.04491
volume_anomaly,CDNA,2023-11,S,2.9501
volume_anomaly,CDNA,2024-01,S,0.43879
volume_anomaly,CDNA,2024-03,S,-1.0386
volume_anomaly,CDNA,2024-03,S,-0.28793
volume_anomaly,CDNA,2024-05,S,2.94918
volume_anomaly,CDNA,2024-05,S,-0.2236
volume_anomaly,CDNA,2024-06,S,4.38837
volume_anomaly,CDNA,2024-08,M,1.485
volume_anomaly,CDNA,2025-02,M,-1.04489
volume_anomaly,CDNA,2025-05,S,1.12195
volume_anomaly,CDNA,2025-07,S,0.28843
volume_anomaly,CDNA,2025-11,S,1.23231
volume_anomaly,CDNA,2026-04,M,-1.04232
volume_anomaly,CDNA,2026-04,M,0.34073
volume_anomaly,CDNA,2026-06,M,2.93523
volume_anomaly,ADPT,2019-12,M,-1.04043
volume_anomaly,ADPT,2020-01,M,-1.07117
volume_anomaly,ADPT,2020-01,M,-1.05336
volume_anomaly,ADPT,2020-03,M,1.33665
volume_anomaly,ADPT,2020-07,M,0.17947
volume_anomaly,ADPT,2020-09,M,0.65039
volume_anomaly,ADPT,2021-05,M,1.16155
volume_anomaly,ADPT,2021-06,M,-1.05364
volume_anomaly,ADPT,2021-09,M,-1.05919
volume_anomaly,ADPT,2021-11,M,-1.0562
volume_anomaly,ADPT,2021-11,M,-0.55996
volume_anomaly,ADPT,2022-01,M,-0.88444
volume_anomaly,ADPT,2022-06,M,0.73949
volume_anomaly,ADPT,2022-06,M,1.59181
volume_anomaly,ADPT,2022-12,M,0.86893
volume_anomaly,ADPT,2023-02,M,-1.0523
volume_anomaly,ADPT,2023-04,M,-1.06163
volume_anomaly,ADPT,2023-06,S,-0.37359
volume_anomaly,ADPT,2023-08,M,-1.03886
volume_anomaly,ADPT,2023-09,S,-1.03093
volume_anomaly,ADPT,2023-11,S,1.32355
volume_anomaly,ADPT,2024-02,S,-1.03166
volume_anomaly,ADPT,2024-03,S,-1.02999
volume_anomaly,ADPT,2024-03,S,0.78081
volume_anomaly,ADPT,2024-04,S,0.68398
volume_anomaly,ADPT,2024-07,S,2.11402
volume_anomaly,ADPT,2024-09,S,1.29798
volume_anomaly,ADPT,2024-11,S,0.52976
volume_anomaly,ADPT,2025-01,M,0.77547
volume_anomaly,ADPT,2025-03,M,-0.15929
volume_anomaly,ADPT,2025-05,M,0.30503
volume_anomaly,ADPT,2025-06,M,-1.04949
volume_anomaly,ADPT,2025-08,M,0.55619
volume_anomaly,ADPT,2025-10,M,-0.36423
volume_anomaly,ADPT,2025-11,M,-1.03899
volume_anomaly,ADPT,2025-12,M,0.9602
volume_anomaly,ADPT,2026-03,M,0.37077
volume_anomaly,ADPT,2026-03,M,0.25329
volume_anomaly,ADPT,2026-05,M,1.17986
volume_anomaly,ADPT,2026-06,M,-1.08188
volume_anomaly,WGS,2021-07,M,-0.65619
volume_anomaly,WGS,2021-08,M,-1.03071
volume_anomaly,WGS,2021-09,M,-1.03478
volume_anomaly,WGS,2021-10,M,-0.74081
volume_anomaly,WGS,2021-12,S,-1.02305
volume_anomaly,WGS,2022-01,S,-0.61552
volume_anomaly,WGS,2022-05,S,-1.03429
volume_anomaly,WGS,2022-06,S,0.53182
volume_anomaly,WGS,2022-11,S,-1.01872
volume_anomaly,WGS,2022-12,S,0.21166
volume_anomaly,WGS,2022-12,S,1.60896
volume_anomaly,WGS,2023-01,S,-0.44411
volume_anomaly,WGS,2023-03,S,-0.69221
volume_anomaly,WGS,2023-06,S,0.19142
volume_anomaly,WGS,2023-06,S,-0.56542
volume_anomaly,WGS,2023-10,S,-1.20635
volume_anomaly,WGS,2023-11,S,2.97181
volume_anomaly,WGS,2023-11,S,2.97069
volume_anomaly,WGS,2024-05,S,2.65332
volume_anomaly,WGS,2024-08,S,0.52716
volume_anomaly,WGS,2024-10,M,2.94186
volume_anomaly,WGS,2024-10,M,-1.10439
volume_anomaly,WGS,2025-01,M,1.21702
volume_anomaly,WGS,2025-02,M,1.83091
volume_anomaly,WGS,2025-02,M,-1.02892
volume_anomaly,WGS,2025-05,M,-0.23952
volume_anomaly,WGS,2025-07,M,1.81867
volume_anomaly,WGS,2025-10,M,0.49052
volume_anomaly,WGS,2026-01,M,-1.0423
volume_anomaly,WGS,2026-02,M,-0.68503
volume_anomaly,WGS,2026-05,M,1.75149
volume_anomaly,IONS,2016-03,M,-0.62705
volume_anomaly,IONS,2016-04,M,-1.00715
volume_anomaly,IONS,2016-05,M,0.62717
volume_anomaly,IONS,2016-08,M,-1.01099
volume_anomaly,IONS,2016-11,M,2.98402
volume_anomaly,IONS,2016-11,M,1.63959
volume_anomaly,IONS,2017-03,M,0.60465
volume_anomaly,IONS,2017-05,M,0.99278
volume_anomaly,IONS,2017-07,M,-1.01535
volume_anomaly,IONS,2017-09,M,-1.01786
volume_anomaly,IONS,2017-10,M,0.53045
volume_anomaly,IONS,2017-10,M,-0.04349
volume_anomaly,IONS,2018-04,M,-0.03698
volume_anomaly,IONS,2018-04,M,-1.01649
volume_anomaly,IONS,2018-05,M,0.27843
volume_anomaly,IONS,2018-08,M,0.43332
volume_anomaly,IONS,2018-08,M,-0.29056
volume_anomaly,IONS,2018-10,M,1.5563
volume_anomaly,IONS,2019-01,M,0.31078
volume_anomaly,IONS,2019-02,M,1.95462
volume_anomaly,IONS,2019-04,L,-0.68206
volume_anomaly,IONS,2019-05,M,-0.44394
volume_anomaly,IONS,2019-05,M,0.08812
volume_anomaly,IONS,2019-07,M,-0.31001
volume_anomaly,IONS,2019-12,M,-0.82812
volume_anomaly,IONS,2020-06,M,-0.50386
volume_anomaly,IONS,2020-09,M,-1.02071
volume_anomaly,IONS,2020-10,M,0.43431
volume_anomaly,IONS,2020-12,M,-1.02326
volume_anomaly,IONS,2021-03,M,-0.89477
volume_anomaly,IONS,2021-04,M,-1.00931
volume_anomaly,IONS,2021-05,M,0.01929
volume_anomaly,IONS,2021-09,M,-1.01926
volume_anomaly,IONS,2021-10,M,-1.01306
volume_anomaly,IONS,2022-02,M,0.80836
volume_anomaly,IONS,2022-08,M,1.10107
volume_anomaly,IONS,2022-10,M,-1.01745
volume_anomaly,IONS,2023-05,M,0.66453
volume_anomaly,IONS,2023-06,M,0.01197
volume_anomaly,IONS,2023-09,M,-1.02109
volume_anomaly,IONS,2024-01,M,-1.01824
volume_anomaly,IONS,2024-02,M,-0.25047
volume_anomaly,IONS,2024-05,M,2.46341
volume_anomaly,IONS,2024-06,M,0.4532
volume_anomaly,IONS,2024-09,M,-0.57059
volume_anomaly,IONS,2024-12,M,-1.03978
volume_anomaly,IONS,2025-07,M,0.08448
volume_anomaly,IONS,2025-07,M,-1.02034
volume_anomaly,IONS,2025-09,M,2.05969
volume_anomaly,IONS,2025-11,L,1.03969
volume_anomaly,IONS,2026-06,L,-1.9208
volume_anomaly,IONS,2026-07,L,-1.00981
volume_anomaly,ARCT,2016-05,S,0.224
volume_anomaly,ARCT,2016-08,S,-3.35581
volume_anomaly,ARCT,2016-09,S,-0.36912
volume_anomaly,ARCT,2016-11,S,0.22167
volume_anomaly,ARCT,2017-01,S,0.79032
volume_anomaly,ARCT,2017-02,S,-0.31534
volume_anomaly,ARCT,2017-06,S,-0.48712
volume_anomaly,ARCT,2017-09,S,3.55364
volume_anomaly,ARCT,2017-10,S,2.8893
volume_anomaly,ARCT,2017-10,S,-0.63209
volume_anomaly,ARCT,2018-05,S,2.85993
volume_anomaly,ARCT,2018-06,S,1.53665
volume_anomaly,ARCT,2018-09,S,-1.16143
volume_anomaly,ARCT,2019-01,S,-0.31331
volume_anomaly,ARCT,2019-02,S,2.88178
volume_anomaly,ARCT,2019-06,S,2.89998
volume_anomaly,ARCT,2019-09,S,-1.07764
volume_anomaly,ARCT,2020-02,S,-1.11076
volume_anomaly,ARCT,2020-03,S,-1.08053
volume_anomaly,ARCT,2020-04,S,2.89179
volume_anomaly,ARCT,2020-04,S,-1.09381
volume_anomaly,ARCT,2020-07,S,-1.0491
volume_anomaly,ARCT,2020-09,S,1.35985
volume_anomaly,ARCT,2020-11,S,2.92879
volume_anomaly,ARCT,2020-12,M,-1.38255
volume_anomaly,ARCT,2020-12,S,1.44359
volume_anomaly,ARCT,2021-08,M,-0.011
volume_anomaly,ARCT,2021-11,S,0.13301
volume_anomaly,ARCT,2021-12,M,-1.06689
volume_anomaly,ARCT,2022-03,S,-1.07171
volume_anomaly,ARCT,2022-04,S,-1.04746
volume_anomaly,ARCT,2022-06,S,1.37438
volume_anomaly,ARCT,2022-11,S,-0.02394
volume_anomaly,ARCT,2022-11,S,-0.36431
volume_anomaly,ARCT,2022-12,S,1.15504
volume_anomaly,ARCT,2023-03,S,2.85342
volume_anomaly,ARCT,2023-07,S,-1.60622
volume_anomaly,ARCT,2023-08,S,0.16893
volume_anomaly,ARCT,2023-11,S,1.58503
volume_anomaly,ARCT,2023-12,S,1.58789
volume_anomaly,ARCT,2024-06,S,-1.05271
volume_anomaly,ARCT,2024-06,S,-0.78084
volume_anomaly,ARCT,2024-11,S,-1.11473
volume_anomaly,ARCT,2024-11,S,0.17206
volume_anomaly,ARCT,2025-04,S,0.82684
volume_anomaly,ARCT,2025-06,S,0.12642
volume_anomaly,ARCT,2025-06,S,2.01491
volume_anomaly,ARCT,2025-08,S,2.87343
volume_anomaly,ARCT,2025-10,S,-0.7838
volume_anomaly,ARCT,2026-06,S,-1.10014
volume_anomaly,ARCT,2026-08,S,2.83443
volume_anomaly,NRIX,2020-11,S,2.95423
volume_anomaly,NRIX,2020-12,S,0.02574
volume_anomaly,NRIX,2021-03,M,-0.26952
volume_anomaly,NRIX,2021-03,M,-0.39021
volume_anomaly,NRIX,2021-03,M,-0.2258
volume_anomaly,NRIX,2021-06,M,-1.03744
volume_anomaly,NRIX,2021-06,M,-1.03813
volume_anomaly,NRIX,2021-07,M,0.50451
volume_anomaly,NRIX,2021-09,M,-1.03887
volume_anomaly,NRIX,2021-10,M,-1.05173
volume_anomaly,NRIX,2022-03,S,-0.91247
volume_anomaly,NRIX,2022-04,S,-1.03704
volume_anomaly,NRIX,2022-05,S,2.96589
volume_anomaly,NRIX,2022-06,S,1.28128
volume_anomaly,NRIX,2023-04,S,-1.04172
volume_anomaly,NRIX,2023-06,S,-0.55386
volume_anomaly,NRIX,2023-09,S,-1.0598
volume_anomaly,NRIX,2023-09,S,-1.05041
volume_anomaly,NRIX,2023-10,S,2.28233
volume_anomaly,NRIX,2023-12,S,1.78401
volume_anomaly,NRIX,2023-12,S,-0.50314
volume_anomaly,NRIX,2024-03,S,-0.12797
volume_anomaly,NRIX,2024-04,S,-1.0293
volume_anomaly,NRIX,2024-09,M,-1.0501
volume_anomaly,NRIX,2024-10,M,-0.54416
volume_anomaly,NRIX,2024-11,M,-1.04973
volume_anomaly,NRIX,2025-03,M,-1.02994
volume_anomaly,NRIX,2025-03,M,-1.03874
volume_anomaly,NRIX,2025-04,S,-0.31947
volume_anomaly,NRIX,2025-04,S,0.09296
volume_anomaly,NRIX,2025-04,S,0.34493
volume_anomaly,NRIX,2025-07,M,-1.03607
volume_anomaly,NRIX,2025-10,S,2.31181
volume_anomaly,NRIX,2025-10,S,2.95284
volume_anomaly,NRIX,2025-12,M,-1.03719
volume_anomaly,NRIX,2026-03,M,0.46973
volume_anomaly,NRIX,2026-06,M,2.18437
volume_anomaly,BNTX,2020-03,M,-1.00794
volume_anomaly,BNTX,2020-04,L,-0.55564
volume_anomaly,BNTX,2020-07,L,0.01589
volume_anomaly,BNTX,2020-07,L,-0.87915
volume_anomaly,BNTX,2020-07,L,-1.00709
volume_anomaly,BNTX,2020-11,L,-1.01002
volume_anomaly,BNTX,2020-12,L,-1.00901
volume_anomaly,BNTX,2021-05,L,-1.0113
volume_anomaly,BNTX,2021-08,L,-1.00918
volume_anomaly,BNTX,2021-11,L,0.35891
volume_anomaly,BNTX,2021-11,L,-1.00991
volume_anomaly,BNTX,2022-08,L,-1.02338
volume_anomaly,BNTX,2022-11,L,1.13673
volume_anomaly,BNTX,2023-03,L,-1.02042
volume_anomaly,BNTX,2023-05,L,-1.01836
volume_anomaly,BNTX,2023-08,L,0.68405
volume_anomaly,BNTX,2023-08,L,-1.01578
volume_anomaly,BNTX,2023-10,L,0.22554
volume_anomaly,BNTX,2023-12,L,-0.4924
volume_anomaly,BNTX,2024-01,L,0.04722
volume_anomaly,BNTX,2024-03,L,0.32857
volume_anomaly,BNTX,2024-05,L,-1.02238
volume_anomaly,BNTX,2024-05,L,-1.01637
volume_anomaly,BNTX,2024-09,L,2.97548
volume_anomaly,BNTX,2025-04,L,0.0261
volume_anomaly,BNTX,2025-04,L,-1.01099
volume_anomaly,BNTX,2025-06,L,-1.01502
volume_anomaly,BNTX,2025-09,L,-1.02032
volume_anomaly,BNTX,2025-12,L,1.07704
volume_anomaly,BNTX,2026-03,L,1.24797
volume_anomaly,BNTX,2026-06,L,0.19867
volume_anomaly,MRNA,2019-06,M,-1.00924
volume_anomaly,MRNA,2019-09,M,0.15181
volume_anomaly,MRNA,2019-09,M,-1.00953
volume_anomaly,MRNA,2019-12,M,0.01908
volume_anomaly,MRNA,2020-01,M,3.97388
volume_anomaly,MRNA,2020-01,M,-1.01216
volume_anomaly,MRNA,2020-02,M,-1.00915
volume_anomaly,MRNA,2020-02,M,-1.0096
volume_anomaly,MRNA,2020-07,L,-0.70966
volume_anomaly,MRNA,2020-11,L,2.9854
volume_anomaly,MRNA,2020-11,L,-1.01083
volume_anomaly,MRNA,2021-05,L,1.12822
volume_anomaly,MRNA,2021-07,L,2.98296
volume_anomaly,MRNA,2021-11,L,0.23507
volume_anomaly,MRNA,2022-03,L,-0.60095
volume_anomaly,MRNA,2022-08,L,-1.01261
volume_anomaly,MRNA,2022-09,L,1.491
volume_anomaly,MRNA,2022-10,L,2.98445
volume_anomaly,MRNA,2022-12,L,-0.18578
volume_anomaly,MRNA,2023-04,L,-1.01397
volume_anomaly,MRNA,2023-05,L,-1.01713
volume_anomaly,MRNA,2023-07,L,-1.09994
volume_anomaly,MRNA,2023-08,L,-0.12134
volume_anomaly,MRNA,2023-09,L,-1.14763
volume_anomaly,MRNA,2023-11,L,0.89128
volume_anomaly,MRNA,2023-12,L,1.27312
volume_anomaly,MRNA,2024-01,L,-1.01121
volume_anomaly,MRNA,2024-04,L,2.98266
volume_anomaly,MRNA,2024-05,L,0.81093
volume_anomaly,MRNA,2024-05,L,-1.01423
volume_anomaly,MRNA,2024-08,L,-1.00869
volume_anomaly,MRNA,2024-09,L,-1.01009
volume_anomaly,MRNA,2024-11,L,-1.01267
volume_anomaly,MRNA,2024-11,L,0.38783
volume_anomaly,MRNA,2024-12,L,-0.71944
volume_anomaly,MRNA,2025-01,L,-0.47566
volume_anomaly,MRNA,2025-05,L,0.46884
volume_anomaly,MRNA,2025-06,L,1.02259
volume_anomaly,MRNA,2025-09,M,1.16671
volume_anomaly,MRNA,2025-10,L,-1.01097
volume_anomaly,MRNA,2026-01,L,-1.00948
volume_anomaly,MRNA,2026-05,L,-1.01033
volume_anomaly,MRNA,2026-06,L,-0.87408
volume_anomaly,CMPS,2021-02,M,-1.03101
volume_anomaly,CMPS,2021-05,M,-0.13556
volume_anomaly,CMPS,2021-10,M,2.99885
volume_anomaly,CMPS,2021-11,M,-1.03254
volume_anomaly,CMPS,2022-05,S,0.93065
volume_anomaly,CMPS,2022-11,S,-0.18995
volume_anomaly,CMPS,2023-04,S,-1.04226
volume_anomaly,CMPS,2023-07,S,-1.05025
volume_anomaly,CMPS,2023-08,S,-0.92046
volume_anomaly,CMPS,2023-12,S,1.63664
volume_anomaly,CMPS,2024-04,S,-0.46627
volume_anomaly,CMPS,2024-06,S,-1.04525
volume_anomaly,CMPS,2024-08,S,-1.0509
volume_anomaly,CMPS,2024-10,S,-2.67716
volume_anomaly,CMPS,2025-01,S,0.27776
volume_anomaly,CMPS,2025-05,S,-1.74007
volume_anomaly,CMPS,2025-06,S,1.48995
volume_anomaly,CMPS,2025-11,S,-1.0369
volume_anomaly,CMPS,2026-02,S,-1.03141
volume_anomaly,CMPS,2026-04,S,1.31307
volume_anomaly,ATAI,2021-11,M,-1.11051
volume_anomaly,ATAI,2021-11,M,-1.07284
volume_anomaly,ATAI,2021-11,M,-1.04781
volume_anomaly,ATAI,2021-12,M,-0.8993
volume_anomaly,ATAI,2022-06,S,-1.07348
volume_anomaly,ATAI,2022-11,S,-0.36985
volume_anomaly,ATAI,2022-11,S,-0.34725
volume_anomaly,ATAI,2023-01,S,-0.21486
volume_anomaly,ATAI,2023-07,S,-1.08767
volume_anomaly,ATAI,2023-11,S,2.87692
volume_anomaly,ATAI,2024-01,S,0.13987
volume_anomaly,ATAI,2024-03,S,-1.08596
volume_anomaly,ATAI,2024-04,S,-1.08164
volume_anomaly,ATAI,2024-10,S,-1.0989
volume_anomaly,ATAI,2024-11,S,-0.1802
volume_anomaly,ATAI,2024-11,S,-1.059
volume_anomaly,ATAI,2025-02,S,-1.07185
volume_anomaly,ATAI,2025-02,S,-1.03786
volume_anomaly,ATAI,2025-05,S,1.85791
volume_anomaly,ATAI,2025-06,S,1.1087
volume_anomaly,ATAI,2025-07,S,1.33003
volume_anomaly,ATAI,2025-07,S,1.17288
volume_anomaly,ATAI,2025-10,M,-1.09371
volume_anomaly,ATAI,2026-02,S,0.00495
volume_anomaly,ATAI,2026-03,S,0.60721
volume_anomaly,ATAI,2026-04,S,0.81565
volume_anomaly,ATAI,2026-06,M,2.05443
volume_anomaly,BFLY,2020-11,S,3.21355
volume_anomaly,BFLY,2021-06,M,-1.03985
volume_anomaly,BFLY,2021-09,M,-1.05035
volume_anomaly,BFLY,2021-11,M,-1.03306
volume_anomaly,BFLY,2021-12,M,-1.02903
volume_anomaly,BFLY,2022-03,S,-1.01019
volume_anomaly,BFLY,2022-06,S,2.94834
volume_anomaly,BFLY,2022-08,M,-1.03782
volume_anomaly,BFLY,2022-12,S,0.54961
volume_anomaly,BFLY,2023-04,S,-1.04351
volume_anomaly,BFLY,2023-04,S,-1.029
volume_anomaly,BFLY,2023-09,S,-1.02629
volume_anomaly,BFLY,2023-10,S,0.38816
volume_anomaly,BFLY,2024-02,S,-1.35086
volume_anomaly,BFLY,2024-07,S,0.39412
volume_anomaly,BFLY,2024-09,S,0.59958
volume_anomaly,BFLY,2024-12,S,1.3346
volume_anomaly,BFLY,2025-01,S,0.61822
volume_anomaly,BFLY,2025-01,S,-1.02465
volume_anomaly,BFLY,2025-06,S,-1.25298
volume_anomaly,BFLY,2025-08,S,0.8734
volume_anomaly,BFLY,2025-09,S,2.93306
volume_anomaly,BFLY,2025-10,S,-0.307
volume_anomaly,BFLY,2025-11,S,-1.06489
volume_anomaly,BFLY,2026-02,M,-1.03678
volume_anomaly,BFLY,2026-06,M,-1.03201
volume_anomaly,CERS,2016-03,S,0.03607
volume_anomaly,CERS,2016-06,S,1.32745
volume_anomaly,CERS,2016-07,S,-0.34707
volume_anomaly,CERS,2016-07,S,-1.17828
volume_anomaly,CERS,2016-11,S,-0.78823
volume_anomaly,CERS,2017-02,S,-1.16374
volume_anomaly,CERS,2017-03,S,0.20943
volume_anomaly,CERS,2017-05,S,-1.07688
volume_anomaly,CERS,2017-05,S,-0.07462
volume_anomaly,CERS,2017-09,S,0.84674
volume_anomaly,CERS,2017-10,S,1.20391
volume_anomaly,CERS,2017-11,S,0.08124
volume_anomaly,CERS,2018-01,S,-0.08181
volume_anomaly,CERS,2018-01,S,-1.11264
volume_anomaly,CERS,2018-05,S,0.83125
volume_anomaly,CERS,2018-10,S,-1.14338
volume_anomaly,CERS,2018-11,S,-1.1031
volume_anomaly,CERS,2019-02,S,0.30828
volume_anomaly,CERS,2019-05,S,-1.10892
volume_anomaly,CERS,2019-07,S,-1.17152
volume_anomaly,CERS,2019-10,S,-1.13957
volume_anomaly,CERS,2020-01,S,-1.16172
volume_anomaly,CERS,2020-01,S,1.12086
volume_anomaly,CERS,2020-01,S,-0.16019
volume_anomaly,CERS,2020-06,M,0.0533
volume_anomaly,CERS,2020-12,M,0.37086
volume_anomaly,CERS,2020-12,M,-0.54126
volume_anomaly,CERS,2020-12,M,-1.10996
volume_anomaly,CERS,2021-03,M,-0.20242
volume_anomaly,CERS,2021-08,M,0.58333
volume_anomaly,CERS,2021-11,M,-1.17111
volume_anomaly,CERS,2021-12,M,-1.10115
volume_anomaly,CERS,2022-04,S,-0.1868
volume_anomaly,CERS,2022-05,S,0.30387
volume_anomaly,CERS,2022-12,S,-1.12086
volume_anomaly,CERS,2023-01,S,0.02947
volume_anomaly,CERS,2023-03,S,0.10872
volume_anomaly,CERS,2023-11,S,1.35574
volume_anomaly,CERS,2023-11,S,0.96108
volume_anomaly,CERS,2023-12,S,0.04278
volume_anomaly,CERS,2023-12,S,-1.1309
volume_anomaly,CERS,2024-03,S,-1.09189
volume_anomaly,CERS,2024-03,S,-0.69866
volume_anomaly,CERS,2024-08,S,-0.6508
volume_anomaly,CERS,2024-10,S,-1.12839
volume_anomaly,CERS,2024-10,S,0.64127
volume_anomaly,CERS,2025-02,S,-1.09187
volume_anomaly,CERS,2025-06,S,0.41553
volume_anomaly,CERS,2025-06,S,-0.6996
volume_anomaly,CERS,2025-09,S,-0.34006
volume_anomaly,CERS,2026-01,S,-1.13634
volume_anomaly,CERS,2026-03,S,-0.24376
volume_anomaly,CERS,2026-05,S,-0.19824
volume_anomaly,LLY,2016-03,L,0.8334
volume_anomaly,LLY,2016-06,L,2.29028
volume_anomaly,LLY,2016-06,L,1.24444
volume_anomaly,LLY,2016-09,L,-1.13236
volume_anomaly,LLY,2016-10,L,-1.04096
volume_anomaly,LLY,2016-11,L,-2.86437
volume_anomaly,LLY,2016-11,L,1.05332
volume_anomaly,LLY,2017-04,L,-1.04657
volume_anomaly,LLY,2017-04,L,0.01395
volume_anomaly,LLY,2017-07,L,-1.04556
volume_anomaly,LLY,2017-10,L,0.21606
volume_anomaly,LLY,2018-02,L,-1.0283
volume_anomaly,LLY,2018-06,L,1.13207
volume_anomaly,LLY,2018-07,L,2.95
volume_anomaly,LLY,2018-10,L,-1.04077
volume_anomaly,LLY,2018-12,L,0.89919
volume_anomaly,LLY,2019-02,L,1.40083
volume_anomaly,LLY,2019-02,L,0.58231
volume_anomaly,LLY,2019-02,L,-0.40338
volume_anomaly,LLY,2019-03,L,-1.03419
volume_anomaly,LLY,2019-10,L,1.94128
volume_anomaly,LLY,2019-12,L,1.69344
volume_anomaly,LLY,2020-06,L,-0.82594
volume_anomaly,LLY,2020-09,L,-1.02796
volume_anomaly,LLY,2020-10,L,2.70695
volume_anomaly,LLY,2020-11,L,1.68116
volume_anomaly,LLY,2021-05,L,2.96048
volume_anomaly,LLY,2021-06,L,1.2621
volume_anomaly,LLY,2021-06,L,1.30912
volume_anomaly,LLY,2021-12,L,-0.35345
volume_anomaly,LLY,2021-12,L,-1.02292
volume_anomaly,LLY,2022-04,L,-0.18633
volume_anomaly,LLY,2022-05,L,0.81888
volume_anomaly,LLY,2022-06,L,0.56808
volume_anomaly,LLY,2022-06,L,0.30273
volume_anomaly,LLY,2022-09,L,2.08142
volume_anomaly,LLY,2022-11,L,0.19864
volume_anomaly,LLY,2022-11,L,0.21411
volume_anomaly,LLY,2023-02,L,0.04583
volume_anomaly,LLY,2023-03,L,2.96785
volume_anomaly,LLY,2023-05,L,0.49769
volume_anomaly,LLY,2023-08,L,0.78538
volume_anomaly,LLY,2023-11,L,-0.76702
volume_anomaly,LLY,2024-02,L,-1.03159
volume_anomaly,LLY,2024-05,L,1.79564
volume_anomaly,LLY,2024-07,L,-1.02224
volume_anomaly,LLY,2024-08,L,0.50796
volume_anomaly,LLY,2024-09,L,-1.93295
volume_anomaly,LLY,2024-10,L,-1.02284
volume_anomaly,LLY,2025-04,L,-0.55139
volume_anomaly,LLY,2025-05,L,-1.01353
volume_anomaly,LLY,2025-05,L,0.19054
volume_anomaly,LLY,2025-08,L,1.17747
volume_anomaly,LLY,2026-05,L,1.95886
volume_anomaly,LLY,2026-06,L,-0.14183
rel_strength_60d,TWST,2019-04,S,-1.00913
rel_strength_60d,TWST,2019-04,S,-1.00978
rel_strength_60d,TWST,2019-05,S,0.57736
rel_strength_60d,TWST,2019-05,S,0.66408
rel_strength_60d,TWST,2019-06,S,1.40307
rel_strength_60d,TWST,2019-06,S,2.34066
rel_strength_60d,TWST,2019-06,S,-0.09298
rel_strength_60d,TWST,2019-07,S,-0.01026
rel_strength_60d,TWST,2019-07,S,-1.01583
rel_strength_60d,TWST,2019-08,S,-1.01353
rel_strength_60d,TWST,2019-08,S,-0.74272
rel_strength_60d,TWST,2019-08,S,-1.0079
rel_strength_60d,TWST,2019-08,S,-1.0121
rel_strength_60d,TWST,2019-09,S,-1.01079
rel_strength_60d,TWST,2020-02,M,-1.0112
rel_strength_60d,TWST,2020-02,S,-1.01003
rel_strength_60d,TWST,2020-02,M,-1.00753
rel_strength_60d,TWST,2020-03,M,-1.00789
rel_strength_60d,TWST,2020-03,S,-1.00519
rel_strength_60d,TWST,2020-03,S,0.92675
rel_strength_60d,TWST,2020-03,S,0.69751
rel_strength_60d,TWST,2020-04,S,1.081
rel_strength_60d,TWST,2020-04,S,1.33797
rel_strength_60d,TWST,2020-04,M,0.54858
rel_strength_60d,TWST,2020-05,M,0.95257
rel_strength_60d,TWST,2020-05,M,0.41599
rel_strength_60d,TWST,2020-05,M,0.54817
rel_strength_60d,TWST,2020-06,M,2.98738
rel_strength_60d,TWST,2020-07,M,2.98546
rel_strength_60d,TWST,2020-07,M,1.39043
rel_strength_60d,TWST,2020-07,M,0.59039
rel_strength_60d,TWST,2020-07,M,0.27953
rel_strength_60d,TWST,2020-08,M,-1.01132
rel_strength_60d,TWST,2020-08,M,0.60587
rel_strength_60d,TWST,2020-08,M,1.25883
rel_strength_60d,TWST,2020-09,M,2.20201
rel_strength_60d,TWST,2020-09,M,2.98555
rel_strength_60d,TWST,2020-09,M,2.98764
rel_strength_60d,TWST,2020-09,M,1.92614
rel_strength_60d,TWST,2020-10,M,2.57171
rel_strength_60d,TWST,2020-10,M,-1.01075
rel_strength_60d,TWST,2020-10,M,2.33556
rel_strength_60d,TWST,2020-10,M,2.98804
rel_strength_60d,TWST,2020-11,M,2.98561
rel_strength_60d,TWST,2020-11,M,2.98561
rel_strength_60d,TWST,2020-11,M,-1.01028
rel_strength_60d,TWST,2020-12,M,2.98833
rel_strength_60d,TWST,2020-12,M,1.5974
rel_strength_60d,TWST,2020-12,M,1.01019
rel_strength_60d,TWST,2020-12,M,0.29159
rel_strength_60d,TWST,2021-01,M,0.30816
rel_strength_60d,TWST,2021-01,M,-1.00717
rel_strength_60d,TWST,2021-01,M,-1.00702
rel_strength_60d,TWST,2021-02,M,-1.00531
rel_strength_60d,TWST,2021-02,M,-1.00535
rel_strength_60d,TWST,2021-02,M,-1.00505
rel_strength_60d,TWST,2021-02,M,-0.14936
rel_strength_60d,TWST,2021-08,M,-1.01117
rel_strength_60d,TWST,2021-08,M,-1.01029
rel_strength_60d,TWST,2021-11,M,-1.0149
rel_strength_60d,TWST,2022-07,M,-0.4578
rel_strength_60d,TWST,2022-07,M,0.05347
rel_strength_60d,TWST,2022-08,M,-1.00938
rel_strength_60d,TWST,2022-08,M,-1.00714
rel_strength_60d,TWST,2022-09,M,-1.00677
rel_strength_60d,TWST,2023-06,M,1.04626
rel_strength_60d,TWST,2023-07,M,-0.03664
rel_strength_60d,TWST,2023-07,M,-1.0102
rel_strength_60d,TWST,2023-07,M,-1.00932
rel_strength_60d,TWST,2023-08,M,-0.25437
rel_strength_60d,TWST,2023-08,M,-0.44101
rel_strength_60d,TWST,2023-08,M,0.17059
rel_strength_60d,TWST,2023-08,M,-0.62495
rel_strength_60d,TWST,2023-09,M,-1.01208
rel_strength_60d,TWST,2023-09,M,-1.05644
rel_strength_60d,TWST,2023-09,M,-1.01072
rel_strength_60d,TWST,2023-10,M,-1.01085
rel_strength_60d,TWST,2023-11,M,1.66946
rel_strength_60d,TWST,2023-11,M,2.30079
rel_strength_60d,TWST,2023-12,M,1.11579
rel_strength_60d,TWST,2023-12,M,0.23015
rel_strength_60d,TWST,2023-12,M,-0.15071
rel_strength_60d,TWST,2024-01,M,1.04681
rel_strength_60d,TWST,2024-01,M,0.68486
rel_strength_60d,TWST,2024-01,M,0.37522
rel_strength_60d,TWST,2024-01,M,-0.1075
rel_strength_60d,TWST,2024-02,M,-0.27787
rel_strength_60d,TWST,2024-02,M,-0.79713
rel_strength_60d,TWST,2024-02,M,-0.59571
rel_strength_60d,TWST,2024-03,M,-1.00881
rel_strength_60d,TWST,2024-05,M,1.07172
rel_strength_60d,TWST,2024-05,M,-1.01059
rel_strength_60d,TWST,2024-05,M,0.5908
rel_strength_60d,TWST,2024-05,M,2.19307
rel_strength_60d,TWST,2024-06,M,0.9351
rel_strength_60d,TWST,2024-06,M,-0.57668
rel_strength_60d,TWST,2024-06,M,-1.00817
rel_strength_60d,TWST,2024-07,M,-1.05266
rel_strength_60d,TWST,2024-07,M,-1.01264
rel_strength_60d,TWST,2024-07,M,-1.01195
rel_strength_60d,TWST,2024-07,M,-1.01019
rel_strength_60d,TWST,2024-11,M,-0.54707
rel_strength_60d,TWST,2024-12,M,-1.0114
rel_strength_60d,TWST,2024-12,M,0.45218
rel_strength_60d,TWST,2025-01,M,-0.29939
rel_strength_60d,TWST,2025-01,M,-1.01005
rel_strength_60d,TWST,2025-01,M,-1.00921
rel_strength_60d,TWST,2025-02,M,-1.00823
rel_strength_60d,TWST,2025-02,M,-1.0081
rel_strength_60d,TWST,2026-01,M,2.98302
rel_strength_60d,TWST,2026-01,M,0.37513
rel_strength_60d,TWST,2026-02,M,0.16854
rel_strength_60d,TWST,2026-02,M,-0.36134
rel_strength_60d,TWST,2026-02,M,-1.01016
rel_strength_60d,TWST,2026-02,M,-0.15896
rel_strength_60d,TWST,2026-03,M,1.53492
rel_strength_60d,TWST,2026-03,M,1.58574
rel_strength_60d,TWST,2026-03,M,1.42778
rel_strength_60d,TWST,2026-04,M,0.01912
rel_strength_60d,TWST,2026-04,M,0.95235
rel_strength_60d,TWST,2026-04,M,0.89688
rel_strength_60d,TWST,2026-04,M,-1.00975
rel_strength_60d,TWST,2026-05,M,2.46953
rel_strength_60d,TWST,2026-05,M,2.98702
rel_strength_60d,TWST,2026-06,M,1.84576
rel_strength_60d,TWST,2026-06,M,1.26307
rel_strength_60d,TWST,2026-06,M,0.3887
rel_strength_60d,TWST,2026-06,M,1.23404
rel_strength_60d,ABSI,2022-03,S,-1.06513
rel_strength_60d,ABSI,2022-03,S,-1.04694
rel_strength_60d,ABSI,2022-04,S,-1.06492
rel_strength_60d,ABSI,2022-04,S,-1.06631
rel_strength_60d,ABSI,2022-04,S,-1.0864
rel_strength_60d,ABSI,2023-07,S,-1.08057
rel_strength_60d,ABSI,2023-07,S,-1.06716
rel_strength_60d,ABSI,2023-08,S,-0.98989
rel_strength_60d,ABSI,2023-08,S,-0.68378
rel_strength_60d,ABSI,2023-08,S,-0.60883
rel_strength_60d,ABSI,2023-12,S,2.88198
rel_strength_60d,ABSI,2023-12,S,2.89907
rel_strength_60d,ABSI,2023-12,S,1.35357
rel_strength_60d,ABSI,2023-12,S,-1.05183
rel_strength_60d,ABSI,2024-01,S,0.53978
rel_strength_60d,ABSI,2024-01,S,0.7548
rel_strength_60d,ABSI,2024-01,S,1.14008
rel_strength_60d,ABSI,2024-02,S,0.01649
rel_strength_60d,ABSI,2024-02,S,0.93123
rel_strength_60d,ABSI,2024-02,S,0.6402
rel_strength_60d,ABSI,2024-02,S,0.64539
rel_strength_60d,ABSI,2024-03,S,-0.49983
rel_strength_60d,ABSI,2024-03,S,-0.03684
rel_strength_60d,ABSI,2024-03,S,-0.5452
rel_strength_60d,ABSI,2024-04,S,-1.08303
rel_strength_60d,ABSI,2024-04,S,-1.08951
rel_strength_60d,ABSI,2024-04,S,-0.1163
rel_strength_60d,ABSI,2024-05,S,-1.08158
rel_strength_60d,ABSI,2024-05,S,-1.08851
rel_strength_60d,ABSI,2024-09,S,-0.06833
rel_strength_60d,ABSI,2024-09,S,0.04751
rel_strength_60d,ABSI,2025-02,S,-1.05429
rel_strength_60d,ABSI,2025-02,S,-1.06175
rel_strength_60d,ABSI,2025-02,S,-1.05597
rel_strength_60d,ABSI,2025-03,S,-1.06083
rel_strength_60d,ABSI,2025-04,S,-0.50856
rel_strength_60d,ABSI,2025-10,S,-1.2188
rel_strength_60d,ABSI,2025-10,S,-1.06022
rel_strength_60d,ABSI,2025-10,S,-1.07991
rel_strength_60d,ABSI,2025-11,S,-1.05515
rel_strength_60d,ABSI,2025-12,S,-1.01068
rel_strength_60d,ABSI,2026-04,S,2.866
rel_strength_60d,ABSI,2026-04,S,1.76032
rel_strength_60d,ABSI,2026-05,S,1.00216
rel_strength_60d,ABSI,2026-05,S,2.91173
rel_strength_60d,ABSI,2026-05,S,2.90631
rel_strength_60d,ABSI,2026-06,S,2.88886
rel_strength_60d,ABSI,2026-06,M,0.33911
rel_strength_60d,ABSI,2026-06,M,0.0116
rel_strength_60d,ABSI,2026-06,M,-1.05074
rel_strength_60d,ABSI,2026-07,M,-1.05683
rel_strength_60d,ABSI,2026-07,M,-1.04999
rel_strength_60d,GENB,2026-06,M,-0.3088
rel_strength_60d,GENB,2026-06,M,-0.34725
rel_strength_60d,GENB,2026-07,M,-1.03395
rel_strength_60d,TEM,2024-09,M,-0.13134
rel_strength_60d,TEM,2024-09,M,0.11261
rel_strength_60d,TEM,2024-10,M,-1.00673
rel_strength_60d,TEM,2024-10,M,0.82237
rel_strength_60d,TEM,2024-10,M,1.18732
rel_strength_60d,TEM,2024-11,M,-1.01187
rel_strength_60d,TEM,2024-11,M,-1.00586
rel_strength_60d,TEM,2024-11,L,-1.00395
rel_strength_60d,TEM,2024-12,M,-1.00458
rel_strength_60d,TEM,2025-01,M,2.98965
rel_strength_60d,TEM,2025-01,M,-1.00583
rel_strength_60d,TEM,2025-02,L,-1.00565
rel_strength_60d,TEM,2025-02,L,-1.00568
rel_strength_60d,TEM,2025-03,M,0.32153
rel_strength_60d,TEM,2025-03,M,0.47248
rel_strength_60d,TEM,2025-03,M,1.12448
rel_strength_60d,TEM,2025-04,M,1.08513
rel_strength_60d,TEM,2025-04,M,0.87305
rel_strength_60d,TEM,2025-04,M,0.90491
rel_strength_60d,TEM,2025-05,L,-0.42212
rel_strength_60d,TEM,2025-06,L,-0.06895
rel_strength_60d,TEM,2025-06,L,-0.31933
rel_strength_60d,TEM,2025-06,L,-1.00843
rel_strength_60d,TEM,2025-06,L,-1.00865
rel_strength_60d,TEM,2025-07,M,1.78286
rel_strength_60d,TEM,2025-07,M,1.70047
rel_strength_60d,TEM,2025-07,L,2.44688
rel_strength_60d,TEM,2025-08,L,0.92901
rel_strength_60d,TEM,2025-08,L,1.10559
rel_strength_60d,TEM,2025-09,L,0.10667
rel_strength_60d,TEM,2025-09,L,-0.73115
rel_strength_60d,TEM,2025-10,L,-1.01113
rel_strength_60d,TEM,2025-10,L,-1.01014
rel_strength_60d,TEM,2025-10,L,-1.00761
rel_strength_60d,TEM,2025-10,L,-1.00895
rel_strength_60d,RXRX,2022-06,M,0.50205
rel_strength_60d,RXRX,2022-06,M,1.1521
rel_strength_60d,RXRX,2022-06,M,0.54555
rel_strength_60d,RXRX,2022-07,M,1.88911
rel_strength_60d,RXRX,2022-07,M,0.8974
rel_strength_60d,RXRX,2022-07,M,1.19262
rel_strength_60d,RXRX,2022-07,M,2.8187
rel_strength_60d,RXRX,2022-08,M,0.59268
rel_strength_60d,RXRX,2022-08,M,-0.5948
rel_strength_60d,RXRX,2022-08,M,0.71043
rel_strength_60d,RXRX,2022-08,M,0.04451
rel_strength_60d,RXRX,2022-09,M,0.14531
rel_strength_60d,RXRX,2022-09,M,-1.00914
rel_strength_60d,RXRX,2022-09,M,-0.36637
rel_strength_60d,RXRX,2022-10,M,0.01481
rel_strength_60d,RXRX,2022-10,M,-0.63206
rel_strength_60d,RXRX,2022-10,M,-1.00803
rel_strength_60d,RXRX,2022-10,M,-1.00709
rel_strength_60d,RXRX,2022-11,M,-1.00702
rel_strength_60d,RXRX,2022-11,M,-1.00867
rel_strength_60d,RXRX,2023-06,M,-1.00578
rel_strength_60d,RXRX,2023-07,M,-1.00675
rel_strength_60d,RXRX,2023-07,M,-1.00503
rel_strength_60d,RXRX,2023-07,M,-0.72854
rel_strength_60d,RXRX,2023-08,M,-0.63451
rel_strength_60d,RXRX,2023-08,M,-0.43825
rel_strength_60d,RXRX,2023-09,M,-1.01044
rel_strength_60d,RXRX,2023-09,M,-1.01193
rel_strength_60d,RXRX,2023-12,M,-1.00967
rel_strength_60d,RXRX,2024-01,M,1.50442
rel_strength_60d,RXRX,2024-01,M,1.03113
rel_strength_60d,RXRX,2024-01,M,0.37914
rel_strength_60d,RXRX,2024-01,M,0.20889
rel_strength_60d,RXRX,2024-02,M,0.41866
rel_strength_60d,RXRX,2024-02,M,-1.00907
rel_strength_60d,RXRX,2024-02,M,-1.00761
rel_strength_60d,RXRX,2024-03,M,-1.00454
rel_strength_60d,RXRX,2024-03,M,-0.54621
rel_strength_60d,RXRX,2024-12,M,-0.53684
rel_strength_60d,RXRX,2024-12,M,-0.25774
rel_strength_60d,RXRX,2024-12,M,0.17498
rel_strength_60d,RXRX,2025-01,M,1.61619
rel_strength_60d,RXRX,2025-01,M,-0.33912
rel_strength_60d,RXRX,2025-01,M,-1.00713
rel_strength_60d,RXRX,2025-02,M,-0.78138
rel_strength_60d,RXRX,2025-02,M,-1.00693
rel_strength_60d,RXRX,2025-02,M,-1.00402
rel_strength_60d,RXRX,2025-03,M,-1.00818
rel_strength_60d,RXRX,2025-08,M,-0.55123
rel_strength_60d,RXRX,2025-08,M,-0.74762
rel_strength_60d,SDGR,2020-05,M,1.57862
rel_strength_60d,SDGR,2020-05,M,1.15595
rel_strength_60d,SDGR,2020-06,M,0.93142
rel_strength_60d,SDGR,2020-06,M,0.16512
rel_strength_60d,SDGR,2020-06,M,-0.52274
rel_strength_60d,SDGR,2020-07,M,-1.03546
rel_strength_60d,SDGR,2020-07,M,-1.03562
rel_strength_60d,SDGR,2020-07,M,-1.03155
rel_strength_60d,SDGR,2020-07,M,-1.0296
rel_strength_60d,SDGR,2020-08,M,-1.03071
rel_strength_60d,SDGR,2020-12,M,1.18149
rel_strength_60d,SDGR,2020-12,M,1.27321
rel_strength_60d,SDGR,2020-12,M,2.07707
rel_strength_60d,SDGR,2021-01,M,1.85632
rel_strength_60d,SDGR,2021-01,M,1.52064
rel_strength_60d,SDGR,2021-01,M,-1.80933
rel_strength_60d,SDGR,2021-02,M,-1.41379
rel_strength_60d,SDGR,2021-02,M,-2.21564
rel_strength_60d,SDGR,2021-02,M,-2.18158
rel_strength_60d,SDGR,2021-02,M,-1.5793
rel_strength_60d,SDGR,2021-06,M,-0.44279
rel_strength_60d,SDGR,2022-03,M,-1.03704
rel_strength_60d,SDGR,2022-03,M,-1.03368
rel_strength_60d,SDGR,2022-03,M,-1.03502
rel_strength_60d,SDGR,2022-04,M,-1.03829
rel_strength_60d,SDGR,2022-05,M,-0.20702
rel_strength_60d,SDGR,2022-05,M,0.25232
rel_strength_60d,SDGR,2022-07,M,-1.05358
rel_strength_60d,SDGR,2022-08,M,-1.05209
rel_strength_60d,SDGR,2023-02,M,-1.07719
rel_strength_60d,SDGR,2023-02,M,0.49418
rel_strength_60d,SDGR,2023-02,M,1.4422
rel_strength_60d,SDGR,2023-03,M,0.36115
rel_strength_60d,SDGR,2023-03,M,0.87438
rel_strength_60d,SDGR,2023-03,M,0.16958
rel_strength_60d,SDGR,2023-03,M,0.25632
rel_strength_60d,SDGR,2023-04,M,2.92439
rel_strength_60d,SDGR,2023-04,M,2.92507
rel_strength_60d,SDGR,2023-04,M,-1.05807
rel_strength_60d,SDGR,2023-05,M,2.93269
rel_strength_60d,SDGR,2023-05,M,2.94433
rel_strength_60d,SDGR,2023-05,M,2.94513
rel_strength_60d,SDGR,2023-05,M,2.94577
rel_strength_60d,SDGR,2023-06,M,1.85035
rel_strength_60d,SDGR,2023-06,M,1.0351
rel_strength_60d,SDGR,2023-06,M,-0.80615
rel_strength_60d,SDGR,2023-06,M,-1.03824
rel_strength_60d,SDGR,2023-07,M,-1.14176
rel_strength_60d,SDGR,2023-07,M,-1.66936
rel_strength_60d,SDGR,2023-07,M,-1.03798
rel_strength_60d,SDGR,2023-08,M,-0.84425
rel_strength_60d,SDGR,2023-08,M,-0.98702
rel_strength_60d,SDGR,2024-12,M,-1.05213
rel_strength_60d,SDGR,2024-12,M,1.43127
rel_strength_60d,SDGR,2025-01,M,0.74394
rel_strength_60d,SDGR,2025-01,M,0.77068
rel_strength_60d,SDGR,2025-01,M,-0.18841
rel_strength_60d,SDGR,2025-01,M,-1.03604
rel_strength_60d,SDGR,2025-02,M,-1.0338
rel_strength_60d,SDGR,2025-02,M,-1.04383
rel_strength_60d,SDGR,2025-03,M,-1.03302
rel_strength_60d,SDGR,2025-03,M,-1.04041
rel_strength_60d,SDGR,2025-04,M,0.95032
rel_strength_60d,SDGR,2025-04,M,-0.55028
rel_strength_60d,SDGR,2025-04,M,-0.08667
rel_strength_60d,SDGR,2025-05,M,-0.86215
rel_strength_60d,SDGR,2025-05,M,-0.45439
rel_strength_60d,SDGR,2025-06,M,-1.0527
rel_strength_60d,SDGR,2026-06,M,-0.37713
rel_strength_60d,SDGR,2026-06,M,-0.18656
rel_strength_60d,SDGR,2026-06,M,0.96324
rel_strength_60d,CRSP,2017-08,S,-1.01248
rel_strength_60d,CRSP,2017-08,S,0.29932
rel_strength_60d,CRSP,2017-09,S,-1.01455
rel_strength_60d,CRSP,2017-09,S,-0.21094
rel_strength_60d,CRSP,2017-12,S,3.14118
rel_strength_60d,CRSP,2018-01,S,3.37506
rel_strength_60d,CRSP,2018-01,M,2.98786
rel_strength_60d,CRSP,2018-01,M,2.98949
rel_strength_60d,CRSP,2018-01,M,2.10709
rel_strength_60d,CRSP,2018-02,M,1.19192
rel_strength_60d,CRSP,2018-02,M,0.60747
rel_strength_60d,CRSP,2018-02,M,0.13206
rel_strength_60d,CRSP,2018-03,M,0.31101
rel_strength_60d,CRSP,2018-03,M,-1.00934
rel_strength_60d,CRSP,2018-03,M,-0.22686
rel_strength_60d,CRSP,2018-03,M,-0.01107
rel_strength_60d,CRSP,2018-04,M,1.75861
rel_strength_60d,CRSP,2018-04,M,1.31916
rel_strength_60d,CRSP,2018-04,M,0.67255
rel_strength_60d,CRSP,2018-04,M,0.71746
rel_strength_60d,CRSP,2018-05,M,1.07616
rel_strength_60d,CRSP,2018-05,M,-0.00278
rel_strength_60d,CRSP,2018-05,M,-1.00974
rel_strength_60d,CRSP,2018-06,M,-1.0076
rel_strength_60d,CRSP,2018-06,M,-1.00798
rel_strength_60d,CRSP,2018-06,M,-1.00857
rel_strength_60d,CRSP,2018-07,M,-1.00859
rel_strength_60d,CRSP,2019-03,M,0.73372
rel_strength_60d,CRSP,2019-04,M,0.75615
rel_strength_60d,CRSP,2019-05,M,0.91347
rel_strength_60d,CRSP,2019-05,M,0.99284
rel_strength_60d,CRSP,2019-05,M,1.56817
rel_strength_60d,CRSP,2019-06,M,1.07681
rel_strength_60d,CRSP,2019-06,M,0.35147
rel_strength_60d,CRSP,2019-06,M,0.70174
rel_strength_60d,CRSP,2019-07,M,0.03948
rel_strength_60d,CRSP,2019-07,M,-0.43686
rel_strength_60d,CRSP,2019-07,M,-1.0209
rel_strength_60d,CRSP,2019-07,M,-1.02133
rel_strength_60d,CRSP,2019-08,M,0.1779
rel_strength_60d,CRSP,2019-08,M,-0.49616
rel_strength_60d,CRSP,2019-08,M,-1.01362
rel_strength_60d,CRSP,2019-09,M,-1.01448
rel_strength_60d,CRSP,2019-09,M,-1.01481
rel_strength_60d,CRSP,2019-11,M,-0.29401
rel_strength_60d,CRSP,2019-11,M,-0.72708
rel_strength_60d,CRSP,2019-12,M,-0.8699
rel_strength_60d,CRSP,2019-12,M,-1.00993
rel_strength_60d,CRSP,2019-12,M,-1.01351
rel_strength_60d,CRSP,2019-12,M,-1.18444
rel_strength_60d,CRSP,2020-01,M,-1.01426
rel_strength_60d,CRSP,2020-01,M,-1.10961
rel_strength_60d,CRSP,2020-01,M,-1.07472
rel_strength_60d,CRSP,2020-05,M,0.98829
rel_strength_60d,CRSP,2020-06,M,1.917
rel_strength_60d,CRSP,2020-06,M,2.98649
rel_strength_60d,CRSP,2020-06,M,2.06386
rel_strength_60d,CRSP,2020-06,M,1.29564
rel_strength_60d,CRSP,2020-07,M,0.40987
rel_strength_60d,CRSP,2020-07,M,-0.08988
rel_strength_60d,CRSP,2020-07,M,-0.60572
rel_strength_60d,CRSP,2020-07,M,-0.20495
rel_strength_60d,CRSP,2020-08,M,-0.51509
rel_strength_60d,CRSP,2020-08,M,-1.01419
rel_strength_60d,CRSP,2020-08,M,0.58531
rel_strength_60d,CRSP,2020-09,M,-1.0118
rel_strength_60d,CRSP,2020-09,M,0.72058
rel_strength_60d,CRSP,2020-09,M,0.8892
rel_strength_60d,CRSP,2020-10,M,-1.12426
rel_strength_60d,CRSP,2020-12,M,2.97926
rel_strength_60d,CRSP,2020-12,L,1.65929
rel_strength_60d,CRSP,2020-12,L,0.46889
rel_strength_60d,CRSP,2020-12,L,-0.61451
rel_strength_60d,CRSP,2021-01,L,-0.24527
rel_strength_60d,CRSP,2021-01,L,-1.0247
rel_strength_60d,CRSP,2021-01,L,-1.00753
rel_strength_60d,CRSP,2021-01,L,-1.00677
rel_strength_60d,CRSP,2021-02,L,-1.00976
rel_strength_60d,CRSP,2021-02,L,-1.00919
rel_strength_60d,CRSP,2021-06,M,0.45669
rel_strength_60d,CRSP,2021-07,L,-1.07454
rel_strength_60d,CRSP,2021-07,L,-1.00965
rel_strength_60d,CRSP,2021-08,M,0.19704
rel_strength_60d,CRSP,2021-08,L,-1.01358
rel_strength_60d,CRSP,2022-05,M,0.64843
rel_strength_60d,CRSP,2022-05,M,1.353
rel_strength_60d,CRSP,2022-06,M,-1.01056
rel_strength_60d,CRSP,2022-06,M,1.0671
rel_strength_60d,CRSP,2022-06,M,1.07473
rel_strength_60d,CRSP,2022-07,M,-0.11533
rel_strength_60d,CRSP,2022-07,M,-0.78061
rel_strength_60d,CRSP,2022-07,M,-1.00845
rel_strength_60d,CRSP,2022-08,M,0.05494
rel_strength_60d,CRSP,2022-08,M,-1.00995
rel_strength_60d,CRSP,2023-03,M,2.98458
rel_strength_60d,CRSP,2023-04,M,1.38624
rel_strength_60d,CRSP,2023-05,M,-1.0127
rel_strength_60d,CRSP,2023-05,M,-0.66695
rel_strength_60d,CRSP,2023-05,M,-0.45577
rel_strength_60d,CRSP,2023-06,M,-1.01016
rel_strength_60d,CRSP,2023-06,M,-0.27079
rel_strength_60d,CRSP,2023-06,M,-0.81948
rel_strength_60d,CRSP,2023-07,M,-1.01983
rel_strength_60d,CRSP,2023-08,M,-1.01693
rel_strength_60d,CRSP,2023-11,M,1.21554
rel_strength_60d,CRSP,2023-11,M,0.54442
rel_strength_60d,CRSP,2023-11,M,-0.50426
rel_strength_60d,CRSP,2023-12,M,-0.14645
rel_strength_60d,CRSP,2023-12,M,-0.0133
rel_strength_60d,CRSP,2023-12,M,0.19614
rel_strength_60d,CRSP,2023-12,M,0.22922
rel_strength_60d,CRSP,2024-01,M,1.64008
rel_strength_60d,CRSP,2024-01,M,2.07484
rel_strength_60d,CRSP,2024-01,M,2.98358
rel_strength_60d,CRSP,2024-01,M,0.82476
rel_strength_60d,CRSP,2024-12,M,-1.01384
rel_strength_60d,CRSP,2025-04,M,-0.3957
rel_strength_60d,CRSP,2025-06,M,2.98491
rel_strength_60d,CRSP,2025-07,M,2.98435
rel_strength_60d,CRSP,2025-07,M,-1.01269
rel_strength_60d,CRSP,2025-07,M,-0.7721
rel_strength_60d,CRSP,2025-07,M,-1.00885
rel_strength_60d,CRSP,2025-08,M,0.61388
rel_strength_60d,CRSP,2025-08,M,0.43628
rel_strength_60d,CRSP,2025-08,M,1.52127
rel_strength_60d,CRSP,2025-08,M,2.98204
rel_strength_60d,CRSP,2025-09,M,2.97958
rel_strength_60d,CRSP,2025-09,M,2.97922
rel_strength_60d,CRSP,2025-10,M,-1.01233
rel_strength_60d,BEAM,2020-06,S,-0.93501
rel_strength_60d,BEAM,2020-06,S,-1.036
rel_strength_60d,BEAM,2020-07,S,-1.00739
rel_strength_60d,BEAM,2020-07,S,0.06133
rel_strength_60d,BEAM,2020-10,M,2.20545
rel_strength_60d,BEAM,2020-10,M,2.98793
rel_strength_60d,BEAM,2020-10,M,2.98917
rel_strength_60d,BEAM,2020-11,M,2.99071
rel_strength_60d,BEAM,2020-11,M,2.98917
rel_strength_60d,BEAM,2020-11,M,2.98739
rel_strength_60d,BEAM,2020-11,M,2.9862
rel_strength_60d,BEAM,2020-12,M,2.98552
rel_strength_60d,BEAM,2020-12,M,0.88215
rel_strength_60d,BEAM,2020-12,M,0.83303
rel_strength_60d,BEAM,2021-01,M,0.69074
rel_strength_60d,BEAM,2021-01,M,-0.38968
rel_strength_60d,BEAM,2021-01,M,-1.00569
rel_strength_60d,BEAM,2021-01,M,0.14987
rel_strength_60d,BEAM,2021-02,M,-1.00568
rel_strength_60d,BEAM,2021-02,M,-1.00571
rel_strength_60d,BEAM,2021-02,M,-1.00561
rel_strength_60d,BEAM,2021-03,M,-0.52698
rel_strength_60d,BEAM,2021-03,M,-0.25898
rel_strength_60d,BEAM,2021-06,M,2.98891
rel_strength_60d,BEAM,2021-06,M,0.82214
rel_strength_60d,BEAM,2021-07,M,-1.00919
rel_strength_60d,BEAM,2021-07,M,0.25506
rel_strength_60d,BEAM,2021-07,M,0.52764
rel_strength_60d,BEAM,2021-07,M,0.93596
rel_strength_60d,BEAM,2021-08,M,-0.73082
rel_strength_60d,BEAM,2021-08,M,-0.5757
rel_strength_60d,BEAM,2021-08,M,-1.00806
rel_strength_60d,BEAM,2021-09,M,-1.01024
rel_strength_60d,BEAM,2021-09,M,-1.01069
rel_strength_60d,BEAM,2021-09,M,-1.01072
rel_strength_60d,BEAM,2022-02,M,-1.00721
rel_strength_60d,BEAM,2022-07,M,0.08881
rel_strength_60d,BEAM,2022-07,M,-1.00853
rel_strength_60d,BEAM,2022-08,M,0.19716
rel_strength_60d,BEAM,2022-08,M,-1.00728
rel_strength_60d,BEAM,2022-08,M,-0.88473
rel_strength_60d,BEAM,2022-08,M,-0.83825
rel_strength_60d,BEAM,2022-09,M,-0.64237
rel_strength_60d,BEAM,2022-09,M,-1.00905
rel_strength_60d,BEAM,2022-09,M,-0.87895
rel_strength_60d,BEAM,2022-09,M,-1.00764
rel_strength_60d,BEAM,2023-11,M,0.3204
rel_strength_60d,BEAM,2023-11,M,-0.5203
rel_strength_60d,BEAM,2023-12,M,-0.85147
rel_strength_60d,BEAM,2024-02,M,-1.00901
rel_strength_60d,BEAM,2024-03,M,-1.00681
rel_strength_60d,BEAM,2024-03,M,-1.00581
rel_strength_60d,BEAM,2024-03,M,-1.01068
rel_strength_60d,BEAM,2024-07,M,-1.0192
rel_strength_60d,BEAM,2024-08,M,-1.03942
rel_strength_60d,BEAM,2024-11,M,-1.01008
rel_strength_60d,BEAM,2024-12,M,-0.79486
rel_strength_60d,BEAM,2024-12,M,-1.00993
rel_strength_60d,BEAM,2024-12,M,-0.02064
rel_strength_60d,BEAM,2024-12,M,-0.33834
rel_strength_60d,BEAM,2025-01,M,0.6484
rel_strength_60d,BEAM,2025-01,M,0.79095
rel_strength_60d,BEAM,2025-01,M,-0.42991
rel_strength_60d,BEAM,2025-02,M,-1.01055
rel_strength_60d,BEAM,2025-02,M,-1.01036
rel_strength_60d,BEAM,2025-02,M,-1.00851
rel_strength_60d,BEAM,2025-03,M,-1.00553
rel_strength_60d,BEAM,2025-07,M,-1.01095
rel_strength_60d,BEAM,2025-07,M,-1.01104
rel_strength_60d,BEAM,2025-09,M,0.45586
rel_strength_60d,BEAM,2025-09,M,-0.10889
rel_strength_60d,BEAM,2025-10,M,-1.01221
rel_strength_60d,BEAM,2025-10,M,-1.00902
rel_strength_60d,BEAM,2025-11,M,0.47978
rel_strength_60d,BEAM,2026-01,M,-1.00999
rel_strength_60d,BEAM,2026-02,M,-1.00908
rel_strength_60d,BEAM,2026-02,M,-1.00951
rel_strength_60d,BEAM,2026-03,M,0.69693
rel_strength_60d,BEAM,2026-05,M,-1.00863
rel_strength_60d,BEAM,2026-06,M,-1.00966
rel_strength_60d,BEAM,2026-06,M,-1.00917
rel_strength_60d,BEAM,2026-06,M,-1.00931
rel_strength_60d,BEAM,2026-07,M,-1.00832
rel_strength_60d,NTLA,2017-05,S,-1.01281
rel_strength_60d,NTLA,2017-08,S,2.98383
rel_strength_60d,NTLA,2017-08,S,2.98552
rel_strength_60d,NTLA,2017-09,S,1.88929
rel_strength_60d,NTLA,2017-09,S,-0.42229
rel_strength_60d,NTLA,2017-09,S,-1.01055
rel_strength_60d,NTLA,2017-10,M,-1.45249
rel_strength_60d,NTLA,2017-10,M,-1.0995
rel_strength_60d,NTLA,2017-10,S,-1.00802
rel_strength_60d,NTLA,2017-10,S,-1.0706
rel_strength_60d,NTLA,2017-11,S,0.02805
rel_strength_60d,NTLA,2018-02,S,-0.36865
rel_strength_60d,NTLA,2018-02,M,-1.00865
rel_strength_60d,NTLA,2018-03,M,-1.00929
rel_strength_60d,NTLA,2018-03,M,-1.00682
rel_strength_60d,NTLA,2018-03,S,-0.17551
rel_strength_60d,NTLA,2018-04,S,0.54812
rel_strength_60d,NTLA,2018-06,M,-0.45573
rel_strength_60d,NTLA,2018-06,M,-0.1819
rel_strength_60d,NTLA,2018-07,M,-0.42095
rel_strength_60d,NTLA,2018-07,M,-1.01215
rel_strength_60d,NTLA,2018-07,M,-1.01083
rel_strength_60d,NTLA,2018-08,M,0.77635
rel_strength_60d,NTLA,2018-09,M,-1.01357
rel_strength_60d,NTLA,2019-04,S,-1.01504
rel_strength_60d,NTLA,2019-04,S,-1.01242
rel_strength_60d,NTLA,2019-05,S,-1.00956
rel_strength_60d,NTLA,2019-05,S,0.27993
rel_strength_60d,NTLA,2019-07,S,-1.01747
rel_strength_60d,NTLA,2019-08,S,-1.01324
rel_strength_60d,NTLA,2020-01,S,-1.01494
rel_strength_60d,NTLA,2020-05,S,1.0026
rel_strength_60d,NTLA,2020-05,M,0.59311
rel_strength_60d,NTLA,2020-06,M,0.1882
rel_strength_60d,NTLA,2020-06,M,-0.19418
rel_strength_60d,NTLA,2020-06,M,-0.50339
rel_strength_60d,NTLA,2020-06,M,-0.21457
rel_strength_60d,NTLA,2020-07,M,-1.02647
rel_strength_60d,NTLA,2020-07,M,-1.00862
rel_strength_60d,NTLA,2020-07,M,-0.49414
rel_strength_60d,NTLA,2020-07,S,0.529
rel_strength_60d,NTLA,2020-10,M,1.65475
rel_strength_60d,NTLA,2020-10,M,2.67069
rel_strength_60d,NTLA,2020-10,M,2.98894
rel_strength_60d,NTLA,2020-11,M,3.50579
rel_strength_60d,NTLA,2020-11,M,3.01821
rel_strength_60d,NTLA,2020-11,M,2.98649
rel_strength_60d,NTLA,2020-12,M,2.98483
rel_strength_60d,NTLA,2020-12,M,2.98696
rel_strength_60d,NTLA,2020-12,M,0.69194
rel_strength_60d,NTLA,2020-12,M,-1.00665
rel_strength_60d,NTLA,2021-01,M,0.8939
rel_strength_60d,NTLA,2021-01,M,-0.68452
rel_strength_60d,NTLA,2021-01,M,-1.00687
rel_strength_60d,NTLA,2021-01,M,0.18399
rel_strength_60d,NTLA,2021-02,M,-1.0065
rel_strength_60d,NTLA,2021-02,M,-1.0073
rel_strength_60d,NTLA,2021-02,M,-1.0065
rel_strength_60d,NTLA,2021-03,M,0.63428
rel_strength_60d,NTLA,2021-03,M,0.64535
rel_strength_60d,NTLA,2021-03,M,-0.12884
rel_strength_60d,NTLA,2021-04,M,-1.07731
rel_strength_60d,NTLA,2021-04,M,-1.03445
rel_strength_60d,NTLA,2021-05,M,-1.19193
rel_strength_60d,NTLA,2021-05,M,1.26689
rel_strength_60d,NTLA,2021-05,M,3.85404
rel_strength_60d,NTLA,2021-05,M,3.98886
rel_strength_60d,NTLA,2021-06,M,5.11324
rel_strength_60d,NTLA,2021-06,M,3.59365
rel_strength_60d,NTLA,2021-06,M,3.57258
rel_strength_60d,NTLA,2021-07,L,-0.16751
rel_strength_60d,NTLA,2021-07,L,0.09394
rel_strength_60d,NTLA,2021-07,M,0.74243
rel_strength_60d,NTLA,2021-07,M,0.90001
rel_strength_60d,NTLA,2021-08,M,0.67108
rel_strength_60d,NTLA,2021-08,L,-0.27953
rel_strength_60d,NTLA,2021-08,M,-0.42881
rel_strength_60d,NTLA,2021-08,L,-1.01042
rel_strength_60d,NTLA,2021-09,L,-1.00956
rel_strength_60d,NTLA,2021-09,L,-1.00892
rel_strength_60d,NTLA,2022-07,M,-0.35772
rel_strength_60d,NTLA,2022-07,M,-0.22133
rel_strength_60d,NTLA,2022-08,M,-1.01058
rel_strength_60d,NTLA,2022-08,M,-0.77603
rel_strength_60d,NTLA,2022-09,M,-1.00999
rel_strength_60d,NTLA,2022-09,M,-1.00899
rel_strength_60d,NTLA,2023-03,M,-0.41235
rel_strength_60d,NTLA,2023-03,M,0.83753
rel_strength_60d,NTLA,2023-04,M,0.28983
rel_strength_60d,NTLA,2023-07,M,-1.01569
rel_strength_60d,NTLA,2025-06,S,0.55176
rel_strength_60d,NTLA,2025-07,M,0.07638
rel_strength_60d,NTLA,2025-07,M,-0.2969
rel_strength_60d,NTLA,2025-07,M,-1.00916
rel_strength_60d,NTLA,2025-07,M,-1.00818
rel_strength_60d,NTLA,2025-08,M,1.48983
rel_strength_60d,NTLA,2025-08,M,2.98664
rel_strength_60d,NTLA,2025-08,M,2.98455
rel_strength_60d,NTLA,2025-09,M,2.98369
rel_strength_60d,NTLA,2025-09,M,2.98549
rel_strength_60d,NTLA,2025-09,M,2.98575
rel_strength_60d,NTLA,2025-09,M,-1.21347
rel_strength_60d,NTLA,2025-10,M,-1.4704
rel_strength_60d,NTLA,2025-10,M,-1.77564
rel_strength_60d,NTLA,2025-10,M,-1.51177
rel_strength_60d,NTLA,2026-02,M,0.11673
rel_strength_60d,NTLA,2026-02,M,0.3224
rel_strength_60d,NTLA,2026-02,M,0.15692
rel_strength_60d,NTLA,2026-03,M,0.81794
rel_strength_60d,NTLA,2026-03,M,-0.04575
rel_strength_60d,NTLA,2026-03,M,0.42717
rel_strength_60d,NTLA,2026-04,M,0.39162
rel_strength_60d,NTLA,2026-04,M,-1.0619
rel_strength_60d,PRME,2023-06,M,-0.55151
rel_strength_60d,PRME,2023-06,M,-1.12127
rel_strength_60d,PRME,2024-07,S,-1.1056
rel_strength_60d,PRME,2025-06,S,2.89701
rel_strength_60d,PRME,2025-07,S,0.27891
rel_strength_60d,PRME,2025-07,S,-1.05384
rel_strength_60d,PRME,2025-07,S,-0.51248
rel_strength_60d,PRME,2025-07,S,-0.06451
rel_strength_60d,PRME,2025-08,S,0.37174
rel_strength_60d,PRME,2025-08,S,1.15818
rel_strength_60d,PRME,2025-08,S,2.90416
rel_strength_60d,PRME,2025-09,S,2.88759
rel_strength_60d,PRME,2025-09,S,2.87157
rel_strength_60d,PRME,2025-09,S,-0.0299
rel_strength_60d,PRME,2025-09,S,-1.08424
rel_strength_60d,PRME,2025-10,S,-1.08319
rel_strength_60d,PRME,2025-10,S,-1.08917
rel_strength_60d,PRME,2025-10,S,-1.09395
rel_strength_60d,PRME,2026-03,S,-1.10013
rel_strength_60d,TXG,2019-12,M,1.15356
rel_strength_60d,TXG,2019-12,M,0.81015
rel_strength_60d,TXG,2020-01,M,0.2771
rel_strength_60d,TXG,2020-01,M,-1.0111
rel_strength_60d,TXG,2020-01,M,-1.01176
rel_strength_60d,TXG,2020-02,M,-1.00825
rel_strength_60d,TXG,2020-02,M,-1.00807
rel_strength_60d,TXG,2020-02,M,-1.00834
rel_strength_60d,TXG,2020-02,M,-1.00656
rel_strength_60d,TXG,2020-03,M,0.21272
rel_strength_60d,TXG,2020-03,M,0.9754
rel_strength_60d,TXG,2020-06,M,0.78063
rel_strength_60d,TXG,2020-08,M,2.97418
rel_strength_60d,TXG,2020-08,L,1.69328
rel_strength_60d,TXG,2020-08,L,3.09766
rel_strength_60d,TXG,2020-09,L,2.98073
rel_strength_60d,TXG,2020-09,L,0.9054
rel_strength_60d,TXG,2020-09,L,1.24405
rel_strength_60d,TXG,2020-10,L,0.77766
rel_strength_60d,TXG,2020-10,L,-1.02131
rel_strength_60d,TXG,2020-10,L,-1.01885
rel_strength_60d,TXG,2020-10,L,0.20684
rel_strength_60d,TXG,2020-11,L,0.73519
rel_strength_60d,TXG,2020-11,L,0.68726
rel_strength_60d,TXG,2020-11,L,1.15159
rel_strength_60d,TXG,2021-02,L,-1.01272
rel_strength_60d,TXG,2021-03,L,-1.01062
rel_strength_60d,TXG,2021-03,L,-0.84133
rel_strength_60d,TXG,2021-03,L,-1.06227
rel_strength_60d,TXG,2021-04,L,-1.01198
rel_strength_60d,TXG,2021-04,L,-1.01087
rel_strength_60d,TXG,2021-04,L,-1.01149
rel_strength_60d,TXG,2021-05,L,-1.18755
rel_strength_60d,TXG,2021-06,L,-0.37195
rel_strength_60d,TXG,2021-06,L,-0.10527
rel_strength_60d,TXG,2021-06,L,-1.01533
rel_strength_60d,TXG,2021-08,L,-1.01472
rel_strength_60d,TXG,2022-11,M,-0.41629
rel_strength_60d,TXG,2022-11,M,0.98346
rel_strength_60d,TXG,2022-12,M,1.62263
rel_strength_60d,TXG,2022-12,M,1.55703
rel_strength_60d,TXG,2023-01,M,2.16614
rel_strength_60d,TXG,2023-01,M,0.76063
rel_strength_60d,TXG,2023-01,M,-0.03836
rel_strength_60d,TXG,2023-01,M,0.35701
rel_strength_60d,TXG,2023-02,M,0.24204
rel_strength_60d,TXG,2023-02,M,0.72179
rel_strength_60d,TXG,2023-02,M,0.7105
rel_strength_60d,TXG,2023-03,M,0.19366
rel_strength_60d,TXG,2023-03,M,0.388
rel_strength_60d,TXG,2023-03,M,0.47092
rel_strength_60d,TXG,2023-03,M,0.17048
rel_strength_60d,TXG,2023-04,M,0.00931
rel_strength_60d,TXG,2023-04,M,-0.16023
rel_strength_60d,TXG,2023-04,M,0.05544
rel_strength_60d,TXG,2023-05,M,0.98844
rel_strength_60d,TXG,2023-05,M,0.11998
rel_strength_60d,TXG,2023-07,M,-1.01806
rel_strength_60d,TXG,2023-12,M,-1.01544
rel_strength_60d,TXG,2023-12,M,-1.02762
rel_strength_60d,TXG,2024-10,M,-1.23162
rel_strength_60d,TXG,2025-06,M,1.18783
rel_strength_60d,TXG,2025-07,M,1.00387
rel_strength_60d,TXG,2025-07,M,0.91525
rel_strength_60d,TXG,2025-07,M,0.71995
rel_strength_60d,TXG,2025-07,M,0.04081
rel_strength_60d,TXG,2025-08,M,0.05432
rel_strength_60d,TXG,2025-08,M,-0.2805
rel_strength_60d,TXG,2025-08,M,-0.22596
rel_strength_60d,TXG,2025-08,M,-1.05237
rel_strength_60d,TXG,2025-09,M,-1.11087
rel_strength_60d,TXG,2025-12,M,0.69185
rel_strength_60d,TXG,2026-01,M,2.9813
rel_strength_60d,TXG,2026-01,M,0.97068
rel_strength_60d,TXG,2026-01,M,-1.01002
rel_strength_60d,TXG,2026-01,M,-0.52816
rel_strength_60d,TXG,2026-03,M,-1.00979
rel_strength_60d,TXG,2026-03,M,-1.00991
rel_strength_60d,TXG,2026-03,M,0.749
rel_strength_60d,TXG,2026-03,M,0.46906
rel_strength_60d,TXG,2026-05,M,2.98578
rel_strength_60d,TXG,2026-06,M,2.98535
rel_strength_60d,TXG,2026-06,M,2.41538
rel_strength_60d,TXG,2026-06,M,2.13702
rel_strength_60d,TXG,2026-06,M,2.17073
rel_strength_60d,TXG,2026-07,M,2.98657
rel_strength_60d,ILMN,2016-02,L,0.48565
rel_strength_60d,ILMN,2016-02,L,0.8502
rel_strength_60d,ILMN,2016-10,L,-3.87626
rel_strength_60d,ILMN,2017-02,L,0.87855
rel_strength_60d,ILMN,2017-02,L,0.78302
rel_strength_60d,ILMN,2017-02,L,1.3395
rel_strength_60d,ILMN,2017-03,L,-1.03413
rel_strength_60d,ILMN,2017-03,L,2.23627
rel_strength_60d,ILMN,2017-03,L,2.07585
rel_strength_60d,ILMN,2017-03,L,0.63208
rel_strength_60d,ILMN,2018-01,L,-1.0347
rel_strength_60d,ILMN,2018-01,L,-1.02877
rel_strength_60d,ILMN,2018-05,L,1.50837
rel_strength_60d,ILMN,2018-05,L,0.46518
rel_strength_60d,ILMN,2018-05,L,0.94394
rel_strength_60d,ILMN,2018-05,L,2.13713
rel_strength_60d,ILMN,2018-07,L,-1.0308
rel_strength_60d,ILMN,2018-08,L,0.90126
rel_strength_60d,ILMN,2018-08,L,0.58779
rel_strength_60d,ILMN,2018-08,L,1.30644
rel_strength_60d,ILMN,2018-08,L,-1.03836
rel_strength_60d,ILMN,2018-09,L,-1.0712
rel_strength_60d,ILMN,2018-09,L,-1.03559
rel_strength_60d,ILMN,2018-09,L,-1.26086
rel_strength_60d,ILMN,2018-10,L,-1.03717
rel_strength_60d,ILMN,2018-10,L,-1.02599
rel_strength_60d,ILMN,2018-10,L,-1.01851
rel_strength_60d,ILMN,2018-11,L,-1.01683
rel_strength_60d,ILMN,2019-06,L,-1.02517
rel_strength_60d,ILMN,2019-06,L,-1.90297
rel_strength_60d,ILMN,2019-06,L,-2.1238
rel_strength_60d,ILMN,2019-07,L,-3.31953
rel_strength_60d,ILMN,2019-10,L,-1.02298
rel_strength_60d,ILMN,2020-05,L,0.50748
rel_strength_60d,ILMN,2020-05,L,-1.01848
rel_strength_60d,ILMN,2020-08,L,-1.73076
rel_strength_60d,ILMN,2021-01,L,-1.01726
rel_strength_60d,ILMN,2021-02,L,-1.01371
rel_strength_60d,ILMN,2021-02,L,-1.0128
rel_strength_60d,ILMN,2021-03,L,-1.01195
rel_strength_60d,ILMN,2021-03,L,0.13494
rel_strength_60d,ILMN,2021-03,L,-0.46488
rel_strength_60d,ILMN,2021-03,L,-0.60292
rel_strength_60d,ILMN,2021-04,L,-0.26058
rel_strength_60d,ILMN,2021-04,L,0.0213
rel_strength_60d,ILMN,2021-06,L,2.03446
rel_strength_60d,ILMN,2021-06,L,1.18632
rel_strength_60d,ILMN,2021-06,L,1.01508
rel_strength_60d,ILMN,2021-07,L,0.6159
rel_strength_60d,ILMN,2021-07,L,-0.22205
rel_strength_60d,ILMN,2021-07,L,-1.02594
rel_strength_60d,ILMN,2021-08,L,-1.02488
rel_strength_60d,ILMN,2021-08,L,-1.03018
rel_strength_60d,ILMN,2021-08,L,-1.02819
rel_strength_60d,ILMN,2022-01,L,-1.01695
rel_strength_60d,ILMN,2022-01,L,-1.01314
rel_strength_60d,ILMN,2022-02,L,-0.04053
rel_strength_60d,ILMN,2022-02,L,0.07677
rel_strength_60d,ILMN,2022-03,L,0.17455
rel_strength_60d,ILMN,2022-03,L,-1.01622
rel_strength_60d,ILMN,2022-10,L,0.0985
rel_strength_60d,ILMN,2022-11,L,-0.85071
rel_strength_60d,ILMN,2022-11,L,-1.01302
rel_strength_60d,ILMN,2023-03,L,-0.64101
rel_strength_60d,ILMN,2023-03,L,-0.38468
rel_strength_60d,ILMN,2023-04,L,-1.0208
rel_strength_60d,ILMN,2023-04,L,-1.02292
rel_strength_60d,ILMN,2023-04,L,-1.02777
rel_strength_60d,ILMN,2024-02,L,-0.29001
rel_strength_60d,ILMN,2024-08,L,0.00743
rel_strength_60d,ILMN,2024-08,L,0.60824
rel_strength_60d,ILMN,2024-09,L,1.62976
rel_strength_60d,ILMN,2024-10,L,-0.24254
rel_strength_60d,ILMN,2024-10,L,-0.01277
rel_strength_60d,ILMN,2024-10,L,-0.29146
rel_strength_60d,ILMN,2024-10,L,-1.01995
rel_strength_60d,ILMN,2024-11,L,-1.02313
rel_strength_60d,ILMN,2024-12,L,-1.01873
rel_strength_60d,ILMN,2025-06,L,0.0647
rel_strength_60d,ILMN,2025-07,L,-0.03137
rel_strength_60d,ILMN,2025-07,L,0.01295
rel_strength_60d,ILMN,2025-07,L,0.35103
rel_strength_60d,ILMN,2025-07,L,-1.5523
rel_strength_60d,ILMN,2025-12,L,0.86733
rel_strength_60d,ILMN,2026-01,L,-1.02488
rel_strength_60d,ILMN,2026-01,L,-1.02333
rel_strength_60d,ILMN,2026-01,L,-1.28836
rel_strength_60d,ILMN,2026-01,L,-1.01687
rel_strength_60d,ILMN,2026-05,L,1.75927
rel_strength_60d,ILMN,2026-05,L,2.54767
rel_strength_60d,ILMN,2026-06,L,1.70818
rel_strength_60d,ILMN,2026-06,L,1.74276
rel_strength_60d,ILMN,2026-06,L,1.91835
rel_strength_60d,ILMN,2026-06,L,0.44392
rel_strength_60d,PACB,2016-02,S,0.06063
rel_strength_60d,PACB,2016-02,S,0.04143
rel_strength_60d,PACB,2016-10,S,-1.11176
rel_strength_60d,PACB,2017-03,S,-1.07716
rel_strength_60d,PACB,2017-08,S,0.28905
rel_strength_60d,PACB,2017-09,S,-1.05765
rel_strength_60d,PACB,2017-09,S,-1.05382
rel_strength_60d,PACB,2017-09,S,-1.05526
rel_strength_60d,PACB,2017-09,S,-1.05984
rel_strength_60d,PACB,2017-10,S,-1.05229
rel_strength_60d,PACB,2017-10,S,-1.77158
rel_strength_60d,PACB,2017-10,S,-1.64968
rel_strength_60d,PACB,2018-06,S,0.9558
rel_strength_60d,PACB,2018-06,S,-0.20285
rel_strength_60d,PACB,2018-06,S,1.23896
rel_strength_60d,PACB,2018-07,S,0.58174
rel_strength_60d,PACB,2018-07,S,1.68276
rel_strength_60d,PACB,2018-07,S,-1.12344
rel_strength_60d,PACB,2018-08,S,2.03834
rel_strength_60d,PACB,2018-08,S,0.68155
rel_strength_60d,PACB,2018-08,S,0.81573
rel_strength_60d,PACB,2018-08,S,-0.35644
rel_strength_60d,PACB,2018-09,S,-1.05387
rel_strength_60d,PACB,2018-09,S,-1.04668
rel_strength_60d,PACB,2018-09,S,-1.03996
rel_strength_60d,PACB,2018-10,S,-1.04232
rel_strength_60d,PACB,2018-10,S,3.348
rel_strength_60d,PACB,2018-10,S,2.96003
rel_strength_60d,PACB,2018-10,S,4.0357
rel_strength_60d,PACB,2018-11,S,-0.18108
rel_strength_60d,PACB,2018-11,M,-0.26432
rel_strength_60d,PACB,2018-11,S,-0.25598
rel_strength_60d,PACB,2018-11,S,-1.18242
rel_strength_60d,PACB,2018-12,S,-1.19003
rel_strength_60d,PACB,2018-12,S,-1.17363
rel_strength_60d,PACB,2018-12,S,-1.1622
rel_strength_60d,PACB,2019-01,S,-1.17608
rel_strength_60d,PACB,2019-01,S,-1.14014
rel_strength_60d,PACB,2019-01,S,-1.15018
rel_strength_60d,PACB,2019-01,S,0.65695
rel_strength_60d,PACB,2020-08,S,2.93562
rel_strength_60d,PACB,2020-08,S,2.94253
rel_strength_60d,PACB,2020-08,S,2.94878
rel_strength_60d,PACB,2020-09,M,2.93756
rel_strength_60d,PACB,2020-09,M,3.51536
rel_strength_60d,PACB,2020-09,M,2.9421
rel_strength_60d,PACB,2020-09,M,2.93681
rel_strength_60d,PACB,2020-10,M,1.22098
rel_strength_60d,PACB,2020-10,M,0.66114
rel_strength_60d,PACB,2020-10,M,2.94964
rel_strength_60d,PACB,2020-11,M,2.94712
rel_strength_60d,PACB,2020-11,M,2.94964
rel_strength_60d,PACB,2020-11,M,2.95701
rel_strength_60d,PACB,2020-11,M,2.95267
rel_strength_60d,PACB,2020-12,M,2.93685
rel_strength_60d,PACB,2020-12,M,2.94846
rel_strength_60d,PACB,2020-12,M,2.95481
rel_strength_60d,PACB,2020-12,M,2.96192
rel_strength_60d,PACB,2021-01,M,2.95837
rel_strength_60d,PACB,2021-01,M,-0.2901
rel_strength_60d,PACB,2021-01,M,-1.02184
rel_strength_60d,PACB,2021-02,M,-0.16909
rel_strength_60d,PACB,2021-02,M,-1.038
rel_strength_60d,PACB,2021-02,M,-1.02239
rel_strength_60d,PACB,2021-02,M,-0.0732
rel_strength_60d,PACB,2021-03,M,-0.01995
rel_strength_60d,PACB,2021-03,M,-0.54388
rel_strength_60d,PACB,2021-03,M,-0.73421
rel_strength_60d,PACB,2021-04,M,-1.02298
rel_strength_60d,PACB,2021-07,M,-0.31966
rel_strength_60d,PACB,2021-08,M,-1.03684
rel_strength_60d,PACB,2021-08,M,-0.56764
rel_strength_60d,PACB,2022-08,M,-1.01621
rel_strength_60d,PACB,2022-09,M,0.60274
rel_strength_60d,PACB,2022-09,M,2.96525
rel_strength_60d,PACB,2022-10,M,2.95821
rel_strength_60d,PACB,2022-10,M,1.53716
rel_strength_60d,PACB,2022-10,M,0.97794
rel_strength_60d,PACB,2022-11,M,0.28621
rel_strength_60d,PACB,2022-11,M,-0.13214
rel_strength_60d,PACB,2022-11,M,-0.68013
rel_strength_60d,PACB,2022-11,M,0.28986
rel_strength_60d,PACB,2022-12,M,0.44435
rel_strength_60d,PACB,2022-12,M,0.89974
rel_strength_60d,PACB,2022-12,M,0.99996
rel_strength_60d,PACB,2022-12,M,0.92653
rel_strength_60d,PACB,2023-01,M,0.01703
rel_strength_60d,PACB,2023-01,M,-1.04639
rel_strength_60d,PACB,2023-01,M,-1.03009
rel_strength_60d,PACB,2023-02,M,-1.0307
rel_strength_60d,PACB,2023-03,M,1.57704
rel_strength_60d,PACB,2023-04,M,0.4757
rel_strength_60d,PACB,2023-04,M,0.69314
rel_strength_60d,PACB,2023-05,M,0.24831
rel_strength_60d,PACB,2023-05,M,0.42141
rel_strength_60d,PACB,2023-05,M,0.11807
rel_strength_60d,PACB,2023-06,M,0.29959
rel_strength_60d,PACB,2023-06,M,-0.36944
rel_strength_60d,PACB,2023-06,M,-0.42838
rel_strength_60d,PACB,2023-07,M,-1.05563
rel_strength_60d,PACB,2023-07,M,-1.05196
rel_strength_60d,PACB,2024-07,S,-1.17988
rel_strength_60d,PACB,2024-09,S,1.0051
rel_strength_60d,PACB,2024-09,S,1.00912
rel_strength_60d,PACB,2024-10,S,-0.20067
rel_strength_60d,PACB,2024-10,S,-1.03078
rel_strength_60d,PACB,2024-10,S,-0.1337
rel_strength_60d,PACB,2024-11,S,-1.03213
rel_strength_60d,PACB,2024-11,S,-0.11136
rel_strength_60d,PACB,2024-11,S,0.2402
rel_strength_60d,PACB,2024-12,S,-0.42797
rel_strength_60d,PACB,2024-12,S,-1.03031
rel_strength_60d,PACB,2024-12,S,-0.54834
rel_strength_60d,PACB,2024-12,S,-1.02336
rel_strength_60d,PACB,2025-01,S,-1.03192
rel_strength_60d,PACB,2025-02,S,-1.02359
rel_strength_60d,PACB,2025-07,S,-0.54832
rel_strength_60d,PACB,2025-07,S,-1.02888
rel_strength_60d,PACB,2025-08,S,0.26503
rel_strength_60d,PACB,2025-08,S,0.22343
rel_strength_60d,PACB,2025-09,S,1.48207
rel_strength_60d,PACB,2025-10,S,-1.07494
rel_strength_60d,PACB,2025-11,S,-1.02718
rel_strength_60d,PACB,2025-11,S,0.21407
rel_strength_60d,PACB,2025-12,S,0.15456
rel_strength_60d,PACB,2025-12,S,0.33893
rel_strength_60d,PACB,2025-12,S,0.41604
rel_strength_60d,PACB,2025-12,S,-0.12679
rel_strength_60d,PACB,2026-01,S,-1.03913
rel_strength_60d,PACB,2026-01,S,-1.0357
rel_strength_60d,QSI,2021-02,S,-1.11643
rel_strength_60d,QSI,2021-03,S,-0.69177
rel_strength_60d,QSI,2021-03,S,-0.36233
rel_strength_60d,QSI,2021-03,S,-0.58842
rel_strength_60d,QSI,2021-03,S,-0.22436
rel_strength_60d,QSI,2021-04,S,-1.07406
rel_strength_60d,QSI,2021-04,S,-0.77415
rel_strength_60d,QSI,2021-04,S,-0.30769
rel_strength_60d,QSI,2021-05,S,-1.18129
rel_strength_60d,QSI,2021-05,S,-1.23405
rel_strength_60d,QSI,2021-07,S,-1.09023
rel_strength_60d,QSI,2021-07,S,-1.06239
rel_strength_60d,QSI,2021-07,S,-1.06276
rel_strength_60d,QSI,2022-05,S,-1.08951
rel_strength_60d,QSI,2022-05,S,-1.05836
rel_strength_60d,QSI,2022-06,S,-1.09135
rel_strength_60d,QSI,2022-10,S,-1.07572
rel_strength_60d,QSI,2023-07,S,2.86899
rel_strength_60d,QSI,2023-07,S,-1.10396
rel_strength_60d,QSI,2023-07,S,-1.04905
rel_strength_60d,QSI,2023-08,S,-1.04717
rel_strength_60d,QSI,2023-08,S,-0.12609
rel_strength_60d,QSI,2023-08,S,-0.38478
rel_strength_60d,QSI,2023-08,S,-0.83821
rel_strength_60d,QSI,2023-09,S,-1.08909
rel_strength_60d,QSI,2023-09,S,-1.08333
rel_strength_60d,QSI,2023-09,S,-1.08454
rel_strength_60d,QSI,2023-12,S,-1.08337
rel_strength_60d,QSI,2024-03,S,-1.06305
rel_strength_60d,QSI,2024-05,S,-1.08387
rel_strength_60d,QSI,2024-05,S,-1.09104
rel_strength_60d,QSI,2024-05,S,-1.07637
rel_strength_60d,QSI,2024-11,S,3.87426
rel_strength_60d,QSI,2024-12,S,3.17369
rel_strength_60d,QSI,2024-12,S,3.08353
rel_strength_60d,QSI,2024-12,S,2.93
rel_strength_60d,QSI,2024-12,S,-1.0453
rel_strength_60d,QSI,2025-01,S,-1.03
rel_strength_60d,QSI,2025-01,S,-0.74318
rel_strength_60d,QSI,2025-01,S,-1.07445
rel_strength_60d,QSI,2025-01,S,-0.73771
rel_strength_60d,QSI,2025-02,S,-1.08262
rel_strength_60d,QSI,2025-02,S,-1.06277
rel_strength_60d,QSI,2025-02,S,-0.43995
rel_strength_60d,QSI,2025-03,S,-0.47639
rel_strength_60d,QSI,2025-03,S,-1.0537
rel_strength_60d,QSI,2025-05,S,0.06664
rel_strength_60d,QSI,2025-06,S,0.19606
rel_strength_60d,QSI,2025-06,S,0.31116
rel_strength_60d,QSI,2025-06,S,-0.5866
rel_strength_60d,QSI,2025-06,S,-1.07269
rel_strength_60d,QSI,2025-07,S,-1.13662
rel_strength_60d,QSI,2025-07,S,-1.05942
rel_strength_60d,QSI,2025-07,S,-1.08423
rel_strength_60d,QSI,2025-07,S,-1.08564
rel_strength_60d,QSI,2025-10,S,-1.07433
rel_strength_60d,QSI,2025-10,S,-1.03877
rel_strength_60d,QSI,2025-11,S,-0.71414
rel_strength_60d,QSI,2025-11,S,-0.72314
rel_strength_60d,QSI,2026-05,S,-1.08459
rel_strength_60d,MASS,2021-06,M,-1.10133
rel_strength_60d,MASS,2021-11,M,-1.11766
rel_strength_60d,MASS,2022-04,S,-1.08771
rel_strength_60d,MASS,2022-04,S,-1.09367
rel_strength_60d,MASS,2022-04,S,-1.08231
rel_strength_60d,MASS,2022-05,S,-1.07781
rel_strength_60d,MASS,2022-05,S,0.59231
rel_strength_60d,MASS,2022-06,S,-0.14076
rel_strength_60d,MASS,2022-07,S,-1.09936
rel_strength_60d,MASS,2022-07,S,-0.88195
rel_strength_60d,MASS,2022-08,S,-1.07845
rel_strength_60d,MASS,2022-08,S,-0.8689
rel_strength_60d,MASS,2022-08,S,-1.09879
rel_strength_60d,MASS,2023-03,S,-0.23368
rel_strength_60d,MASS,2023-04,S,-1.07482
rel_strength_60d,MASS,2023-04,S,-1.09923
rel_strength_60d,MASS,2023-06,S,-1.08354
rel_strength_60d,MASS,2023-11,S,-0.1657
rel_strength_60d,MASS,2023-12,S,-0.45353
rel_strength_60d,MASS,2023-12,S,-1.09334
rel_strength_60d,MASS,2024-01,S,-0.63532
rel_strength_60d,MASS,2024-01,S,-0.86968
rel_strength_60d,MASS,2025-02,S,2.89751
rel_strength_60d,MASS,2025-03,S,-1.05867
rel_strength_60d,MASS,2025-03,S,0.49267
rel_strength_60d,MASS,2025-03,S,0.59418
rel_strength_60d,MASS,2025-03,S,0.33965
rel_strength_60d,MASS,2025-04,S,0.62372
rel_strength_60d,MASS,2025-04,S,0.94309
rel_strength_60d,MASS,2025-04,S,1.02812
rel_strength_60d,MASS,2025-05,S,1.29988
rel_strength_60d,MASS,2025-05,S,-1.08517
rel_strength_60d,MASS,2025-05,S,1.36713
rel_strength_60d,MASS,2025-05,S,0.95918
rel_strength_60d,MASS,2025-06,S,-0.30168
rel_strength_60d,MASS,2025-06,S,0.11846
rel_strength_60d,MASS,2025-06,S,-1.07189
rel_strength_60d,MASS,2025-07,S,-1.07621
rel_strength_60d,MASS,2025-07,S,-0.34227
rel_strength_60d,MASS,2025-07,S,-1.09464
rel_strength_60d,MASS,2025-07,S,-1.12216
rel_strength_60d,MASS,2025-08,S,1.23907
rel_strength_60d,MASS,2025-08,S,1.83297
rel_strength_60d,MASS,2025-10,S,-1.90625
rel_strength_60d,MASS,2025-10,S,-1.11538
rel_strength_60d,MASS,2026-02,S,-0.23715
rel_strength_60d,MASS,2026-03,S,1.75798
rel_strength_60d,MASS,2026-04,S,0.6504
rel_strength_60d,MASS,2026-04,S,0.15712
rel_strength_60d,MASS,2026-05,S,-1.10608
rel_strength_60d,MASS,2026-05,S,-0.2151
rel_strength_60d,MASS,2026-06,S,-1.1102
rel_strength_60d,MASS,2026-06,S,-1.09607
rel_strength_60d,MASS,2026-06,S,-1.11123
rel_strength_60d,PSNL,2020-05,S,0.7267
rel_strength_60d,PSNL,2020-05,S,0.75038
rel_strength_60d,PSNL,2020-06,S,0.86394
rel_strength_60d,PSNL,2020-06,S,1.66368
rel_strength_60d,PSNL,2020-06,S,2.01315
rel_strength_60d,PSNL,2020-07,S,2.88555
rel_strength_60d,PSNL,2020-07,S,2.86242
rel_strength_60d,PSNL,2020-07,S,1.97907
rel_strength_60d,PSNL,2020-07,S,1.39308
rel_strength_60d,PSNL,2020-08,S,1.86261
rel_strength_60d,PSNL,2020-08,S,0.57034
rel_strength_60d,PSNL,2020-08,S,-0.3754
rel_strength_60d,PSNL,2020-08,S,1.08745
rel_strength_60d,PSNL,2020-09,S,1.00029
rel_strength_60d,PSNL,2020-09,S,0.40779
rel_strength_60d,PSNL,2020-09,S,0.45438
rel_strength_60d,PSNL,2020-10,S,1.61596
rel_strength_60d,PSNL,2020-10,S,-1.10235
rel_strength_60d,PSNL,2020-10,S,0.09592
rel_strength_60d,PSNL,2020-10,S,1.84438
rel_strength_60d,PSNL,2020-11,S,2.00584
rel_strength_60d,PSNL,2020-11,S,1.55195
rel_strength_60d,PSNL,2020-11,M,0.63918
rel_strength_60d,PSNL,2020-12,M,1.83954
rel_strength_60d,PSNL,2020-12,M,0.80328
rel_strength_60d,PSNL,2020-12,M,0.032
rel_strength_60d,PSNL,2020-12,M,-0.16166
rel_strength_60d,PSNL,2021-01,M,-0.7123
rel_strength_60d,PSNL,2021-01,M,-1.07067
rel_strength_60d,PSNL,2021-01,M,-1.06836
rel_strength_60d,PSNL,2021-02,M,-1.0563
rel_strength_60d,PSNL,2021-02,M,-1.06435
rel_strength_60d,PSNL,2021-06,M,-1.1073
rel_strength_60d,PSNL,2023-02,S,-1.06542
rel_strength_60d,PSNL,2023-02,S,-0.60671
rel_strength_60d,PSNL,2023-02,S,-0.28444
rel_strength_60d,PSNL,2023-03,S,-0.5724
rel_strength_60d,PSNL,2023-03,S,-0.5583
rel_strength_60d,PSNL,2023-03,S,-0.65601
rel_strength_60d,PSNL,2023-04,S,-1.07332
rel_strength_60d,PSNL,2023-04,S,-1.08166
rel_strength_60d,PSNL,2023-12,S,-1.06039
rel_strength_60d,PSNL,2024-01,S,-1.0419
rel_strength_60d,PSNL,2024-01,S,-0.3917
rel_strength_60d,PSNL,2024-01,S,0.21333
rel_strength_60d,PSNL,2024-01,S,0.07221
rel_strength_60d,PSNL,2024-03,S,-1.06036
rel_strength_60d,PSNL,2024-05,S,-0.34976
rel_strength_60d,PSNL,2024-05,S,-1.08512
rel_strength_60d,PSNL,2024-05,S,-0.48603
rel_strength_60d,PSNL,2024-07,S,2.87813
rel_strength_60d,PSNL,2024-07,S,2.90631
rel_strength_60d,PSNL,2024-07,S,1.77333
rel_strength_60d,PSNL,2024-08,S,1.4556
rel_strength_60d,PSNL,2024-08,S,0.28187
rel_strength_60d,PSNL,2024-08,S,-0.3345
rel_strength_60d,PSNL,2024-09,S,-0.2558
rel_strength_60d,PSNL,2024-09,S,-0.44581
rel_strength_60d,PSNL,2024-09,S,-0.4844
rel_strength_60d,PSNL,2024-09,S,-0.13951
rel_strength_60d,PSNL,2024-10,S,-0.92412
rel_strength_60d,PSNL,2024-10,S,-1.07258
rel_strength_60d,PSNL,2024-10,S,-1.09137
rel_strength_60d,PSNL,2024-10,S,-1.10138
rel_strength_60d,PSNL,2024-12,S,-0.73196
rel_strength_60d,PSNL,2024-12,S,-0.49936
rel_strength_60d,PSNL,2025-01,S,-0.82788
rel_strength_60d,PSNL,2025-01,S,-0.61014
rel_strength_60d,PSNL,2025-01,S,-1.05535
rel_strength_60d,PSNL,2025-02,S,-1.06085
rel_strength_60d,PSNL,2025-02,S,-1.06956
rel_strength_60d,PSNL,2025-02,S,-0.76713
rel_strength_60d,PSNL,2025-03,S,-0.55977
rel_strength_60d,PSNL,2025-05,S,0.84754
rel_strength_60d,PSNL,2025-05,S,1.88308
rel_strength_60d,PSNL,2025-05,S,1.30094
rel_strength_60d,PSNL,2025-06,S,1.05031
rel_strength_60d,PSNL,2025-06,S,0.21832
rel_strength_60d,PSNL,2025-06,S,-1.70979
rel_strength_60d,PSNL,2025-07,S,-1.81122
rel_strength_60d,PSNL,2025-07,S,-1.15329
rel_strength_60d,PSNL,2025-07,S,-1.50468
rel_strength_60d,PSNL,2025-07,S,-1.09462
rel_strength_60d,PSNL,2025-08,S,-1.25096
rel_strength_60d,PSNL,2025-10,S,-1.08582
rel_strength_60d,PSNL,2025-10,S,-1.05617
rel_strength_60d,PSNL,2025-11,S,-0.11899
rel_strength_60d,PSNL,2025-11,S,-0.22597
rel_strength_60d,PSNL,2025-11,S,-0.25155
rel_strength_60d,PSNL,2025-12,S,-0.23267
rel_strength_60d,PSNL,2025-12,S,0.09776
rel_strength_60d,PSNL,2025-12,S,-0.45526
rel_strength_60d,PSNL,2026-05,M,1.68228
rel_strength_60d,PSNL,2026-06,M,0.3109
rel_strength_60d,PSNL,2026-06,M,0.73736
rel_strength_60d,PSNL,2026-06,M,1.21921
rel_strength_60d,PSNL,2026-07,M,-0.06936
rel_strength_60d,GH,2019-02,M,2.98262
rel_strength_60d,GH,2019-02,M,2.98365
rel_strength_60d,GH,2019-03,M,2.98678
rel_strength_60d,GH,2019-03,M,-1.00916
rel_strength_60d,GH,2019-03,M,-1.00624
rel_strength_60d,GH,2019-03,M,-0.10572
rel_strength_60d,GH,2019-04,M,0.35333
rel_strength_60d,GH,2019-04,M,0.04849
rel_strength_60d,GH,2019-04,M,1.56425
rel_strength_60d,GH,2019-05,M,1.80343
rel_strength_60d,GH,2019-05,M,1.26089
rel_strength_60d,GH,2019-05,M,0.75238
rel_strength_60d,GH,2019-05,M,0.5949
rel_strength_60d,GH,2019-06,M,0.45049
rel_strength_60d,GH,2019-06,M,0.04328
rel_strength_60d,GH,2019-06,M,1.67134
rel_strength_60d,GH,2019-07,M,1.20086
rel_strength_60d,GH,2019-07,M,-0.46927
rel_strength_60d,GH,2019-07,M,-0.88295
rel_strength_60d,GH,2019-08,M,-1.01121
rel_strength_60d,GH,2019-08,M,-1.01043
rel_strength_60d,GH,2019-08,M,-1.00894
rel_strength_60d,GH,2019-08,M,-1.00827
rel_strength_60d,GH,2020-03,M,-1.00886
rel_strength_60d,GH,2020-09,M,0.56026
rel_strength_60d,GH,2020-09,M,1.20078
rel_strength_60d,GH,2020-09,L,0.41183
rel_strength_60d,GH,2020-10,L,0.86231
rel_strength_60d,GH,2020-10,L,1.06655
rel_strength_60d,GH,2020-10,M,1.8105
rel_strength_60d,GH,2020-11,L,1.55008
rel_strength_60d,GH,2020-11,L,1.46043
rel_strength_60d,GH,2021-01,L,-0.43577
rel_strength_60d,GH,2021-01,L,-1.01426
rel_strength_60d,GH,2021-02,L,-1.19893
rel_strength_60d,GH,2021-02,L,-1.01365
rel_strength_60d,GH,2021-03,L,-1.00992
rel_strength_60d,GH,2021-03,L,0.65102
rel_strength_60d,GH,2021-03,L,-1.01177
rel_strength_60d,GH,2021-04,L,-1.0129
rel_strength_60d,GH,2021-04,L,-1.01392
rel_strength_60d,GH,2021-04,L,-1.01713
rel_strength_60d,GH,2021-05,L,-1.01675
rel_strength_60d,GH,2022-04,M,-1.00928
rel_strength_60d,GH,2022-08,M,0.84117
rel_strength_60d,GH,2022-08,M,-0.05082
rel_strength_60d,GH,2022-09,M,-0.70109
rel_strength_60d,GH,2022-09,M,-1.01016
rel_strength_60d,GH,2022-09,M,0.43121
rel_strength_60d,GH,2022-10,M,-1.01028
rel_strength_60d,GH,2022-10,M,0.17428
rel_strength_60d,GH,2023-06,M,0.09149
rel_strength_60d,GH,2023-06,M,0.27152
rel_strength_60d,GH,2023-06,M,-0.12564
rel_strength_60d,GH,2023-07,M,0.06808
rel_strength_60d,GH,2023-07,M,-1.01752
rel_strength_60d,GH,2023-07,M,-1.01769
rel_strength_60d,GH,2023-08,M,-1.01564
rel_strength_60d,GH,2023-08,M,-1.01347
rel_strength_60d,GH,2023-08,M,-1.01507
rel_strength_60d,GH,2023-08,M,-1.01665
rel_strength_60d,GH,2023-09,M,-1.0104
rel_strength_60d,GH,2024-05,M,-1.01278
rel_strength_60d,GH,2024-05,M,1.07261
rel_strength_60d,GH,2024-06,M,0.65245
rel_strength_60d,GH,2024-06,M,-1.01123
rel_strength_60d,GH,2024-06,M,0.18484
rel_strength_60d,GH,2024-07,M,-0.11199
rel_strength_60d,GH,2024-07,M,0.41326
rel_strength_60d,GH,2024-07,M,-1.1341
rel_strength_60d,GH,2024-07,M,-1.01202
rel_strength_60d,GH,2024-08,M,-1.00983
rel_strength_60d,GH,2024-08,M,-1.00762
rel_strength_60d,GH,2024-11,M,0.49445
rel_strength_60d,GH,2024-11,M,-1.01299
rel_strength_60d,GH,2024-12,M,-1.01415
rel_strength_60d,GH,2024-12,M,2.98263
rel_strength_60d,GH,2024-12,M,2.98471
rel_strength_60d,GH,2025-01,M,2.98245
rel_strength_60d,GH,2025-01,M,1.07736
rel_strength_60d,GH,2025-01,M,0.54105
rel_strength_60d,GH,2025-01,M,-1.00958
rel_strength_60d,GH,2025-02,M,-1.00955
rel_strength_60d,GH,2025-02,M,-1.01131
rel_strength_60d,GH,2025-02,M,-1.01209
rel_strength_60d,GH,2025-02,M,0.37861
rel_strength_60d,GH,2025-03,M,0.98978
rel_strength_60d,GH,2025-03,M,0.50624
rel_strength_60d,GH,2025-03,M,-1.00896
rel_strength_60d,GH,2025-04,M,-0.05469
rel_strength_60d,GH,2025-04,M,-0.34286
rel_strength_60d,GH,2025-04,M,-1.01
rel_strength_60d,GH,2025-06,M,0.1409
rel_strength_60d,GH,2025-06,M,-0.62093
rel_strength_60d,GH,2025-06,M,-1.01267
rel_strength_60d,GH,2025-08,M,0.64125
rel_strength_60d,GH,2025-08,M,0.38377
rel_strength_60d,GH,2025-08,M,-1.03003
rel_strength_60d,GH,2025-09,M,-1.01769
rel_strength_60d,GH,2025-10,M,2.98059
rel_strength_60d,GH,2025-10,M,3.02422
rel_strength_60d,GH,2025-10,M,2.98201
rel_strength_60d,GH,2025-11,L,0.40711
rel_strength_60d,GH,2025-11,L,0.3084
rel_strength_60d,GH,2025-11,L,0.1052
rel_strength_60d,GH,2025-12,L,0.23358
rel_strength_60d,GH,2025-12,L,0.62048
rel_strength_60d,GH,2025-12,L,1.01658
rel_strength_60d,GH,2025-12,L,0.24429
rel_strength_60d,GH,2026-01,L,0.5545
rel_strength_60d,GH,2026-01,L,-1.01526
rel_strength_60d,GH,2026-01,L,-1.01362
rel_strength_60d,GH,2026-05,L,2.98421
rel_strength_60d,GH,2026-05,L,1.21631
rel_strength_60d,GH,2026-06,L,1.00004
rel_strength_60d,GH,2026-06,L,1.0938
rel_strength_60d,GH,2026-06,L,1.84643
rel_strength_60d,GH,2026-07,L,-1.0137
rel_strength_60d,NTRA,2016-02,S,1.17443
rel_strength_60d,NTRA,2016-03,S,0.87901
rel_strength_60d,NTRA,2016-03,S,1.04522
rel_strength_60d,NTRA,2016-04,S,2.97852
rel_strength_60d,NTRA,2016-05,S,2.98153
rel_strength_60d,NTRA,2016-05,S,0.30708
rel_strength_60d,NTRA,2016-05,S,0.20908
rel_strength_60d,NTRA,2016-06,S,-0.32132
rel_strength_60d,NTRA,2016-06,S,0.46603
rel_strength_60d,NTRA,2016-06,S,0.78852
rel_strength_60d,NTRA,2016-06,S,-1.01238
rel_strength_60d,NTRA,2016-07,S,-1.00963
rel_strength_60d,NTRA,2016-07,S,-1.01007
rel_strength_60d,NTRA,2016-07,S,-1.01881
rel_strength_60d,NTRA,2016-11,S,0.06167
rel_strength_60d,NTRA,2016-11,S,-0.61168
rel_strength_60d,NTRA,2016-12,S,-1.01599
rel_strength_60d,NTRA,2016-12,S,-1.01707
rel_strength_60d,NTRA,2016-12,S,-1.02208
rel_strength_60d,NTRA,2017-06,S,-1.02271
rel_strength_60d,NTRA,2017-06,S,-1.01936
rel_strength_60d,NTRA,2017-06,S,-1.01906
rel_strength_60d,NTRA,2017-07,S,-1.01477
rel_strength_60d,NTRA,2017-07,S,-1.01504
rel_strength_60d,NTRA,2017-10,S,-1.01785
rel_strength_60d,NTRA,2017-10,S,-1.01317
rel_strength_60d,NTRA,2017-10,S,-1.01179
rel_strength_60d,NTRA,2017-11,S,-1.01109
rel_strength_60d,NTRA,2018-05,S,2.97462
rel_strength_60d,NTRA,2018-05,S,2.9747
rel_strength_60d,NTRA,2018-05,S,2.97776
rel_strength_60d,NTRA,2018-05,S,2.97792
rel_strength_60d,NTRA,2018-06,S,2.97043
rel_strength_60d,NTRA,2018-06,S,2.9746
rel_strength_60d,NTRA,2018-06,S,2.98276
rel_strength_60d,NTRA,2018-07,M,1.60478
rel_strength_60d,NTRA,2018-07,M,2.09662
rel_strength_60d,NTRA,2018-07,M,0.9902
rel_strength_60d,NTRA,2018-07,M,0.67073
rel_strength_60d,NTRA,2018-08,M,-0.04983
rel_strength_60d,NTRA,2018-08,M,-0.79882
rel_strength_60d,NTRA,2018-08,M,-0.85319
rel_strength_60d,NTRA,2018-08,M,-1.01336
rel_strength_60d,NTRA,2018-09,M,-1.01569
rel_strength_60d,NTRA,2018-09,M,-1.01463
rel_strength_60d,NTRA,2018-09,M,-1.01283
rel_strength_60d,NTRA,2018-10,M,-1.01045
rel_strength_60d,NTRA,2019-03,M,0.00311
rel_strength_60d,NTRA,2019-03,M,0.589
rel_strength_60d,NTRA,2019-04,M,-1.01108
rel_strength_60d,NTRA,2019-04,M,-1.01184
rel_strength_60d,NTRA,2019-04,M,1.60526
rel_strength_60d,NTRA,2019-04,M,2.16229
rel_strength_60d,NTRA,2019-05,M,2.07903
rel_strength_60d,NTRA,2019-05,M,1.29876
rel_strength_60d,NTRA,2019-05,M,0.89525
rel_strength_60d,NTRA,2019-05,M,0.54395
rel_strength_60d,NTRA,2019-06,M,0.48332
rel_strength_60d,NTRA,2019-06,M,0.60398
rel_strength_60d,NTRA,2019-06,M,1.70446
rel_strength_60d,NTRA,2019-07,M,0.59587
rel_strength_60d,NTRA,2019-07,M,1.81922
rel_strength_60d,NTRA,2019-07,M,2.22234
rel_strength_60d,NTRA,2019-07,M,2.06787
rel_strength_60d,NTRA,2019-08,M,2.19688
rel_strength_60d,NTRA,2019-08,M,0.773
rel_strength_60d,NTRA,2019-08,M,0.89983
rel_strength_60d,NTRA,2019-09,M,-1.01474
rel_strength_60d,NTRA,2019-09,M,2.12336
rel_strength_60d,NTRA,2019-09,M,1.07539
rel_strength_60d,NTRA,2019-09,M,0.54978
rel_strength_60d,NTRA,2019-10,M,1.21567
rel_strength_60d,NTRA,2019-10,M,0.09415
rel_strength_60d,NTRA,2019-10,M,-0.5492
rel_strength_60d,NTRA,2019-10,M,-0.28644
rel_strength_60d,NTRA,2019-11,M,-0.2191
rel_strength_60d,NTRA,2019-11,M,-1.01565
rel_strength_60d,NTRA,2020-05,M,0.29826
rel_strength_60d,NTRA,2020-05,M,0.24528
rel_strength_60d,NTRA,2020-06,M,0.66792
rel_strength_60d,NTRA,2020-06,M,0.56944
rel_strength_60d,NTRA,2020-06,M,1.33333
rel_strength_60d,NTRA,2020-07,M,2.41487
rel_strength_60d,NTRA,2020-07,M,2.11546
rel_strength_60d,NTRA,2020-08,M,0.88156
rel_strength_60d,NTRA,2020-08,M,0.77028
rel_strength_60d,NTRA,2020-09,M,0.86542
rel_strength_60d,NTRA,2020-09,M,1.24908
rel_strength_60d,NTRA,2020-09,M,1.87808
rel_strength_60d,NTRA,2020-09,M,1.29921
rel_strength_60d,NTRA,2020-10,M,1.30862
rel_strength_60d,NTRA,2020-10,M,1.73204
rel_strength_60d,NTRA,2020-10,M,1.91383
rel_strength_60d,NTRA,2020-11,M,2.98324
rel_strength_60d,NTRA,2020-11,M,2.40189
rel_strength_60d,NTRA,2020-11,M,1.53429
rel_strength_60d,NTRA,2020-12,M,2.46706
rel_strength_60d,NTRA,2020-12,M,1.56727
rel_strength_60d,NTRA,2020-12,M,1.0513
rel_strength_60d,NTRA,2020-12,M,1.09426
rel_strength_60d,NTRA,2021-01,M,1.24272
rel_strength_60d,NTRA,2021-01,M,0.09567
rel_strength_60d,NTRA,2021-01,M,-1.0132
rel_strength_60d,NTRA,2021-02,M,-0.42292
rel_strength_60d,NTRA,2021-02,L,-1.0114
rel_strength_60d,NTRA,2021-03,M,-1.00981
rel_strength_60d,NTRA,2021-04,M,-1.01311
rel_strength_60d,NTRA,2021-05,M,-1.01258
rel_strength_60d,NTRA,2021-06,M,0.69066
rel_strength_60d,NTRA,2021-07,L,-1.01646
rel_strength_60d,NTRA,2021-08,M,0.8218
rel_strength_60d,NTRA,2021-08,M,0.70041
rel_strength_60d,NTRA,2021-08,M,0.21535
rel_strength_60d,NTRA,2021-09,L,-1.01853
rel_strength_60d,NTRA,2021-09,L,-1.01754
rel_strength_60d,NTRA,2022-06,M,0.88639
rel_strength_60d,NTRA,2022-06,M,1.60072
rel_strength_60d,NTRA,2022-07,M,0.50977
rel_strength_60d,NTRA,2022-07,M,0.8221
rel_strength_60d,NTRA,2022-08,M,-0.11356
rel_strength_60d,NTRA,2022-08,M,-1.01086
rel_strength_60d,NTRA,2022-09,M,-1.01033
rel_strength_60d,NTRA,2022-09,M,-1.01198
rel_strength_60d,NTRA,2022-09,M,-1.01128
rel_strength_60d,NTRA,2022-09,M,-0.38541
rel_strength_60d,NTRA,2022-10,M,-1.01003
rel_strength_60d,NTRA,2023-02,M,1.66928
rel_strength_60d,NTRA,2023-02,M,0.52294
rel_strength_60d,NTRA,2023-03,M,-0.20856
rel_strength_60d,NTRA,2023-03,M,-0.32319
rel_strength_60d,NTRA,2023-03,M,-0.40056
rel_strength_60d,NTRA,2023-03,M,-0.64885
rel_strength_60d,NTRA,2023-04,M,-0.3484
rel_strength_60d,NTRA,2023-04,M,-0.43491
rel_strength_60d,NTRA,2023-04,M,-1.01832
rel_strength_60d,NTRA,2023-05,M,-0.01224
rel_strength_60d,NTRA,2023-05,M,-0.17264
rel_strength_60d,NTRA,2023-08,M,-1.01434
rel_strength_60d,NTRA,2023-08,M,-1.01256
rel_strength_60d,NTRA,2023-08,M,-1.01578
rel_strength_60d,NTRA,2023-09,M,-1.02933
rel_strength_60d,NTRA,2023-12,M,1.25923
rel_strength_60d,NTRA,2024-01,M,1.36361
rel_strength_60d,NTRA,2024-01,M,0.87483
rel_strength_60d,NTRA,2024-01,M,2.36713
rel_strength_60d,NTRA,2024-01,M,2.98271
rel_strength_60d,NTRA,2024-02,M,2.97945
rel_strength_60d,NTRA,2024-03,L,0.37835
rel_strength_60d,NTRA,2024-03,L,0.17461
rel_strength_60d,NTRA,2024-03,L,0.62619
rel_strength_60d,NTRA,2024-03,L,1.61406
rel_strength_60d,NTRA,2024-04,L,-1.02002
rel_strength_60d,NTRA,2024-04,L,-1.01859
rel_strength_60d,NTRA,2024-04,L,2.1736
rel_strength_60d,NTRA,2024-04,L,1.67514
rel_strength_60d,NTRA,2024-05,L,0.97886
rel_strength_60d,NTRA,2024-05,L,0.117
rel_strength_60d,NTRA,2024-05,L,0.08348
rel_strength_60d,NTRA,2024-06,L,-0.7853
rel_strength_60d,NTRA,2024-06,L,-1.02181
rel_strength_60d,NTRA,2024-06,L,-1.0186
rel_strength_60d,NTRA,2024-06,L,-1.02106
rel_strength_60d,NTRA,2024-07,L,-1.02228
rel_strength_60d,NTRA,2024-10,L,-1.01959
rel_strength_60d,NTRA,2024-10,L,2.97794
rel_strength_60d,NTRA,2024-10,L,2.97923
rel_strength_60d,NTRA,2024-10,L,2.97687
rel_strength_60d,NTRA,2024-11,L,-0.04412
rel_strength_60d,NTRA,2024-11,L,0.08179
rel_strength_60d,NTRA,2024-12,L,0.08801
rel_strength_60d,NTRA,2024-12,L,-0.04742
rel_strength_60d,NTRA,2024-12,L,0.52277
rel_strength_60d,NTRA,2024-12,L,0.73349
rel_strength_60d,NTRA,2025-01,L,-0.0472
rel_strength_60d,NTRA,2025-01,L,-1.01613
rel_strength_60d,NTRA,2025-01,L,-1.01237
rel_strength_60d,NTRA,2025-01,L,-1.01197
rel_strength_60d,NTRA,2025-02,L,-1.01491
rel_strength_60d,NTRA,2025-02,L,-1.01676
rel_strength_60d,NTRA,2025-05,L,-0.21896
rel_strength_60d,NTRA,2025-06,L,-1.02072
rel_strength_60d,NTRA,2025-06,L,-1.01928
rel_strength_60d,NTRA,2025-06,L,-1.02227
rel_strength_60d,NTRA,2025-10,L,1.803
rel_strength_60d,NTRA,2025-12,L,-0.28868
rel_strength_60d,NTRA,2025-12,L,-1.02365
rel_strength_60d,NTRA,2025-12,L,-1.0274
rel_strength_60d,NTRA,2026-01,L,-1.02797
rel_strength_60d,NTRA,2026-06,L,1.61715
rel_strength_60d,VCYT,2016-02,S,-1.03411
rel_strength_60d,VCYT,2016-02,S,-1.03849
rel_strength_60d,VCYT,2016-03,S,-1.04462
rel_strength_60d,VCYT,2016-09,S,1.96032
rel_strength_60d,VCYT,2016-09,S,-1.51427
rel_strength_60d,VCYT,2016-10,S,-1.91717
rel_strength_60d,VCYT,2016-10,S,-1.6682
rel_strength_60d,VCYT,2016-10,S,-1.05578
rel_strength_60d,VCYT,2016-10,S,-1.63422
rel_strength_60d,VCYT,2016-11,S,0.5712
rel_strength_60d,VCYT,2016-11,S,0.30097
rel_strength_60d,VCYT,2016-11,S,0.05529
rel_strength_60d,VCYT,2016-12,S,-0.06473
rel_strength_60d,VCYT,2016-12,S,0.00084
rel_strength_60d,VCYT,2017-04,S,-1.06476
rel_strength_60d,VCYT,2018-05,S,2.92454
rel_strength_60d,VCYT,2018-05,S,2.92904
rel_strength_60d,VCYT,2018-05,S,2.59796
rel_strength_60d,VCYT,2018-06,S,2.30674
rel_strength_60d,VCYT,2018-06,S,2.27502
rel_strength_60d,VCYT,2018-06,S,1.83923
rel_strength_60d,VCYT,2018-07,S,1.15689
rel_strength_60d,VCYT,2018-07,S,1.5464
rel_strength_60d,VCYT,2018-07,S,2.19224
rel_strength_60d,VCYT,2018-07,S,0.29261
rel_strength_60d,VCYT,2018-08,S,-0.74713
rel_strength_60d,VCYT,2018-08,S,-1.05887
rel_strength_60d,VCYT,2018-08,S,-1.06778
rel_strength_60d,VCYT,2018-08,S,-1.08192
rel_strength_60d,VCYT,2018-09,S,-1.06152
rel_strength_60d,VCYT,2018-10,S,2.93668
rel_strength_60d,VCYT,2018-10,S,0.06484
rel_strength_60d,VCYT,2018-11,S,-0.86199
rel_strength_60d,VCYT,2018-11,S,-0.30062
rel_strength_60d,VCYT,2018-11,S,1.08031
rel_strength_60d,VCYT,2018-12,S,1.59286
rel_strength_60d,VCYT,2018-12,S,1.89319
rel_strength_60d,VCYT,2018-12,S,2.95037
rel_strength_60d,VCYT,2018-12,S,2.94462
rel_strength_60d,VCYT,2019-01,S,1.64591
rel_strength_60d,VCYT,2019-01,S,1.48836
rel_strength_60d,VCYT,2019-01,S,0.80202
rel_strength_60d,VCYT,2019-02,S,1.5286
rel_strength_60d,VCYT,2019-02,S,2.92615
rel_strength_60d,VCYT,2019-02,S,2.98292
rel_strength_60d,VCYT,2019-02,S,-1.06137
rel_strength_60d,VCYT,2019-03,S,0.96777
rel_strength_60d,VCYT,2019-03,S,0.6768
rel_strength_60d,VCYT,2019-03,M,-1.06461
rel_strength_60d,VCYT,2019-04,S,-0.08828
rel_strength_60d,VCYT,2019-04,M,-1.04167
rel_strength_60d,VCYT,2019-04,S,0.412
rel_strength_60d,VCYT,2019-04,S,1.1732
rel_strength_60d,VCYT,2019-05,M,0.5215
rel_strength_60d,VCYT,2019-05,S,0.94727
rel_strength_60d,VCYT,2019-05,M,0.82842
rel_strength_60d,VCYT,2019-05,M,0.91055
rel_strength_60d,VCYT,2019-06,M,0.74888
rel_strength_60d,VCYT,2019-06,M,-1.01252
rel_strength_60d,VCYT,2019-06,M,-0.39732
rel_strength_60d,VCYT,2019-07,M,-1.05217
rel_strength_60d,VCYT,2019-07,M,-1.05165
rel_strength_60d,VCYT,2019-07,M,-1.05564
rel_strength_60d,VCYT,2019-08,M,-1.049
rel_strength_60d,VCYT,2020-01,M,-1.05977
rel_strength_60d,VCYT,2020-08,M,-1.04794
rel_strength_60d,VCYT,2020-08,M,-0.32883
rel_strength_60d,VCYT,2020-08,M,-0.3501
rel_strength_60d,VCYT,2020-08,M,-1.06454
rel_strength_60d,VCYT,2020-09,M,2.92158
rel_strength_60d,VCYT,2020-09,M,1.07472
rel_strength_60d,VCYT,2020-09,M,2.19695
rel_strength_60d,VCYT,2020-09,M,2.57143
rel_strength_60d,VCYT,2020-10,M,2.57217
rel_strength_60d,VCYT,2020-10,M,-1.05571
rel_strength_60d,VCYT,2020-10,M,2.9431
rel_strength_60d,VCYT,2020-11,M,1.42011
rel_strength_60d,VCYT,2020-11,M,0.16351
rel_strength_60d,VCYT,2020-11,M,-0.01477
rel_strength_60d,VCYT,2020-12,M,-1.05345
rel_strength_60d,VCYT,2020-12,M,-1.04452
rel_strength_60d,VCYT,2020-12,M,2.95189
rel_strength_60d,VCYT,2020-12,M,1.6568
rel_strength_60d,VCYT,2021-01,M,2.94818
rel_strength_60d,VCYT,2021-02,M,-1.03412
rel_strength_60d,VCYT,2021-02,M,-1.03071
rel_strength_60d,VCYT,2021-02,M,-1.02563
rel_strength_60d,VCYT,2021-04,M,-1.02931
rel_strength_60d,VCYT,2021-04,M,-1.15264
rel_strength_60d,VCYT,2021-08,M,-1.04968
rel_strength_60d,VCYT,2021-08,M,-0.50691
rel_strength_60d,VCYT,2021-09,M,-1.05437
rel_strength_60d,VCYT,2021-09,M,-1.05081
rel_strength_60d,VCYT,2021-09,M,-1.04551
rel_strength_60d,VCYT,2021-09,M,0.11071
rel_strength_60d,VCYT,2021-10,M,0.60846
rel_strength_60d,VCYT,2021-10,M,-0.64904
rel_strength_60d,VCYT,2021-10,M,-1.05837
rel_strength_60d,VCYT,2021-11,M,-1.06037
rel_strength_60d,VCYT,2021-11,M,-1.03975
rel_strength_60d,VCYT,2021-11,M,-1.04176
rel_strength_60d,VCYT,2022-07,M,-1.03614
rel_strength_60d,VCYT,2022-07,M,-1.03492
rel_strength_60d,VCYT,2022-08,M,-1.03113
rel_strength_60d,VCYT,2022-08,M,-1.02959
rel_strength_60d,VCYT,2022-11,M,-0.50954
rel_strength_60d,VCYT,2022-11,M,-0.39558
rel_strength_60d,VCYT,2022-11,M,0.1759
rel_strength_60d,VCYT,2022-12,M,-1.04091
rel_strength_60d,VCYT,2022-12,M,-1.03626
rel_strength_60d,VCYT,2022-12,M,-0.18312
rel_strength_60d,VCYT,2023-01,M,0.19012
rel_strength_60d,VCYT,2023-01,M,0.19965
rel_strength_60d,VCYT,2023-01,M,-0.33121
rel_strength_60d,VCYT,2023-01,M,-1.04499
rel_strength_60d,VCYT,2023-07,M,-1.06341
rel_strength_60d,VCYT,2023-07,M,-1.05894
rel_strength_60d,VCYT,2023-07,M,-1.05525
rel_strength_60d,VCYT,2023-08,M,-1.11636
rel_strength_60d,VCYT,2024-08,M,1.38119
rel_strength_60d,VCYT,2024-08,M,0.18482
rel_strength_60d,VCYT,2024-08,M,-0.06924
rel_strength_60d,VCYT,2024-09,M,1.27355
rel_strength_60d,VCYT,2024-09,M,0.74437
rel_strength_60d,VCYT,2024-09,M,-0.0732
rel_strength_60d,VCYT,2024-09,M,0.78473
rel_strength_60d,VCYT,2024-10,M,1.35356
rel_strength_60d,VCYT,2024-10,M,2.06661
rel_strength_60d,VCYT,2024-10,M,2.91297
rel_strength_60d,VCYT,2024-11,M,2.90652
rel_strength_60d,VCYT,2024-11,M,0.23449
rel_strength_60d,VCYT,2024-11,M,0.36832
rel_strength_60d,VCYT,2024-12,M,-0.41142
rel_strength_60d,VCYT,2024-12,M,0.13654
rel_strength_60d,VCYT,2024-12,M,0.5265
rel_strength_60d,VCYT,2024-12,M,0.28501
rel_strength_60d,VCYT,2025-01,M,-0.27819
rel_strength_60d,VCYT,2025-01,M,-1.36382
rel_strength_60d,VCYT,2025-01,M,-1.24992
rel_strength_60d,VCYT,2025-01,M,-1.05454
rel_strength_60d,VCYT,2025-02,M,-1.23679
rel_strength_60d,VCYT,2025-10,M,0.62656
rel_strength_60d,VCYT,2025-10,M,2.83602
rel_strength_60d,VCYT,2025-10,M,2.91865
rel_strength_60d,VCYT,2025-10,M,3.1948
rel_strength_60d,VCYT,2025-11,M,-1.17979
rel_strength_60d,VCYT,2025-11,M,0.28519
rel_strength_60d,VCYT,2025-12,M,-0.893
rel_strength_60d,VCYT,2026-01,M,-1.09255
rel_strength_60d,VCYT,2026-05,M,2.04873
rel_strength_60d,VCYT,2026-05,M,2.00493
rel_strength_60d,VCYT,2026-06,M,1.01442
rel_strength_60d,VCYT,2026-06,M,1.67068
rel_strength_60d,VCYT,2026-06,M,-1.05513
rel_strength_60d,VCYT,2026-07,M,-1.36137
rel_strength_60d,VCYT,2026-07,M,-1.04944
rel_strength_60d,VCYT,2026-07,M,-1.04943
rel_strength_60d,VCYT,2026-07,M,-1.08108
rel_strength_60d,CDNA,2016-02,S,-0.15907
rel_strength_60d,CDNA,2016-07,S,-0.03496
rel_strength_60d,CDNA,2017-07,S,2.95718
rel_strength_60d,CDNA,2017-07,S,2.9673
rel_strength_60d,CDNA,2017-07,S,2.972
rel_strength_60d,CDNA,2017-08,S,2.96145
rel_strength_60d,CDNA,2017-08,S,2.96334
rel_strength_60d,CDNA,2017-08,S,2.95395
rel_strength_60d,CDNA,2017-08,S,2.96372
rel_strength_60d,CDNA,2017-09,S,2.96741
rel_strength_60d,CDNA,2017-09,S,3.69888
rel_strength_60d,CDNA,2017-09,S,3.57899
rel_strength_60d,CDNA,2017-10,S,1.84497
rel_strength_60d,CDNA,2017-10,S,0.46342
rel_strength_60d,CDNA,2017-10,S,0.83796
rel_strength_60d,CDNA,2017-10,S,1.14307
rel_strength_60d,CDNA,2017-11,S,1.65132
rel_strength_60d,CDNA,2017-11,S,1.59248
rel_strength_60d,CDNA,2017-11,S,0.62822
rel_strength_60d,CDNA,2017-11,S,-0.52759
rel_strength_60d,CDNA,2017-12,S,-1.03444
rel_strength_60d,CDNA,2017-12,S,-1.04038
rel_strength_60d,CDNA,2017-12,S,-1.05821
rel_strength_60d,CDNA,2018-01,S,-1.05251
rel_strength_60d,CDNA,2018-04,S,2.29098
rel_strength_60d,CDNA,2018-04,S,1.48148
rel_strength_60d,CDNA,2018-04,S,2.93008
rel_strength_60d,CDNA,2018-04,S,2.91418
rel_strength_60d,CDNA,2018-05,S,2.90462
rel_strength_60d,CDNA,2018-05,S,2.92907
rel_strength_60d,CDNA,2018-05,S,0.70425
rel_strength_60d,CDNA,2018-05,S,-1.05109
rel_strength_60d,CDNA,2018-06,S,-1.04934
rel_strength_60d,CDNA,2018-06,S,-1.05061
rel_strength_60d,CDNA,2018-06,S,1.43045
rel_strength_60d,CDNA,2018-07,S,1.26573
rel_strength_60d,CDNA,2018-07,S,2.57905
rel_strength_60d,CDNA,2018-07,S,2.93165
rel_strength_60d,CDNA,2018-08,S,2.9216
rel_strength_60d,CDNA,2018-08,S,2.9277
rel_strength_60d,CDNA,2018-08,S,2.93637
rel_strength_60d,CDNA,2018-08,S,0.24797
rel_strength_60d,CDNA,2018-09,S,-1.05197
rel_strength_60d,CDNA,2018-09,S,-0.40085
rel_strength_60d,CDNA,2018-09,S,0.10605
rel_strength_60d,CDNA,2018-10,M,-1.04147
rel_strength_60d,CDNA,2018-10,S,0.5378
rel_strength_60d,CDNA,2018-10,S,0.86755
rel_strength_60d,CDNA,2018-10,S,0.62185
rel_strength_60d,CDNA,2018-11,S,-0.60588
rel_strength_60d,CDNA,2018-11,S,-1.02769
rel_strength_60d,CDNA,2018-11,S,-0.12641
rel_strength_60d,CDNA,2018-11,S,-1.02388
rel_strength_60d,CDNA,2018-12,S,-1.02948
rel_strength_60d,CDNA,2018-12,S,-1.03429
rel_strength_60d,CDNA,2018-12,S,0.01215
rel_strength_60d,CDNA,2019-01,S,0.41915
rel_strength_60d,CDNA,2019-01,M,1.68802
rel_strength_60d,CDNA,2019-03,M,-1.0376
rel_strength_60d,CDNA,2019-03,M,-1.04058
rel_strength_60d,CDNA,2019-03,M,-1.04335
rel_strength_60d,CDNA,2019-04,M,0.26088
rel_strength_60d,CDNA,2019-05,M,1.89838
rel_strength_60d,CDNA,2019-05,M,0.53764
rel_strength_60d,CDNA,2019-05,M,0.20062
rel_strength_60d,CDNA,2019-06,M,-1.05466
rel_strength_60d,CDNA,2019-06,M,-1.04083
rel_strength_60d,CDNA,2019-07,M,-1.04361
rel_strength_60d,CDNA,2019-07,M,-1.04514
rel_strength_60d,CDNA,2019-07,M,-1.03219
rel_strength_60d,CDNA,2019-07,M,-1.0375
rel_strength_60d,CDNA,2020-02,M,-1.06517
rel_strength_60d,CDNA,2020-02,M,-1.0592
rel_strength_60d,CDNA,2020-03,M,-1.09916
rel_strength_60d,CDNA,2020-03,S,0.74645
rel_strength_60d,CDNA,2020-04,S,1.51129
rel_strength_60d,CDNA,2020-05,M,0.41604
rel_strength_60d,CDNA,2020-05,M,0.24744
rel_strength_60d,CDNA,2020-06,M,0.35687
rel_strength_60d,CDNA,2020-06,M,0.08107
rel_strength_60d,CDNA,2020-06,M,0.38291
rel_strength_60d,CDNA,2020-06,M,-0.3091
rel_strength_60d,CDNA,2020-07,M,-0.09388
rel_strength_60d,CDNA,2020-07,M,-1.05003
rel_strength_60d,CDNA,2020-10,M,2.93208
rel_strength_60d,CDNA,2020-10,M,0.1461
rel_strength_60d,CDNA,2020-10,M,1.40649
rel_strength_60d,CDNA,2020-10,M,2.38496
rel_strength_60d,CDNA,2020-11,M,1.84539
rel_strength_60d,CDNA,2020-11,M,2.08446
rel_strength_60d,CDNA,2020-11,M,1.2619
rel_strength_60d,CDNA,2020-12,M,2.94599
rel_strength_60d,CDNA,2020-12,M,2.93155
rel_strength_60d,CDNA,2020-12,M,0.78466
rel_strength_60d,CDNA,2020-12,M,0.89078
rel_strength_60d,CDNA,2021-01,M,0.94842
rel_strength_60d,CDNA,2021-01,M,-1.04596
rel_strength_60d,CDNA,2021-01,M,-1.05243
rel_strength_60d,CDNA,2021-01,M,-1.0327
rel_strength_60d,CDNA,2021-02,M,-1.03714
rel_strength_60d,CDNA,2021-02,M,-1.04063
rel_strength_60d,CDNA,2021-02,M,-1.03496
rel_strength_60d,CDNA,2021-04,M,-1.0535
rel_strength_60d,CDNA,2021-05,M,0.1257
rel_strength_60d,CDNA,2021-06,M,0.23054
rel_strength_60d,CDNA,2021-06,M,-1.05737
rel_strength_60d,CDNA,2021-06,M,-1.05354
rel_strength_60d,CDNA,2021-07,M,-1.05837
rel_strength_60d,CDNA,2021-07,M,-1.057
rel_strength_60d,CDNA,2021-07,M,-1.05519
rel_strength_60d,CDNA,2021-08,M,-1.05782
rel_strength_60d,CDNA,2022-02,M,-1.03306
rel_strength_60d,CDNA,2022-02,M,-1.1484
rel_strength_60d,CDNA,2022-02,M,-1.10472
rel_strength_60d,CDNA,2022-02,M,-1.0328
rel_strength_60d,CDNA,2023-02,S,-1.04098
rel_strength_60d,CDNA,2023-02,S,-1.03962
rel_strength_60d,CDNA,2023-02,S,-1.04351
rel_strength_60d,CDNA,2023-07,S,-1.0378
rel_strength_60d,CDNA,2023-07,S,-1.04139
rel_strength_60d,CDNA,2023-08,S,-1.04014
rel_strength_60d,CDNA,2023-08,S,-1.02594
rel_strength_60d,CDNA,2023-08,S,-0.98615
rel_strength_60d,CDNA,2023-09,S,-1.04422
rel_strength_60d,CDNA,2023-09,S,-1.04669
rel_strength_60d,CDNA,2023-11,S,1.47365
rel_strength_60d,CDNA,2023-12,S,0.7687
rel_strength_60d,CDNA,2023-12,S,0.70619
rel_strength_60d,CDNA,2023-12,S,-1.03604
rel_strength_60d,CDNA,2023-12,S,-1.03735
rel_strength_60d,CDNA,2024-01,S,-1.0305
rel_strength_60d,CDNA,2024-01,S,-1.03247
rel_strength_60d,CDNA,2024-01,S,0.6602
rel_strength_60d,CDNA,2024-01,S,0.26144
rel_strength_60d,CDNA,2024-05,S,2.94798
rel_strength_60d,CDNA,2024-05,S,0.19421
rel_strength_60d,CDNA,2024-05,S,-0.14749
rel_strength_60d,CDNA,2024-06,S,1.41623
rel_strength_60d,CDNA,2024-06,S,1.24894
rel_strength_60d,CDNA,2024-06,S,4.39378
rel_strength_60d,CDNA,2024-06,S,4.53229
rel_strength_60d,CDNA,2024-07,S,4.03836
rel_strength_60d,CDNA,2024-07,S,3.22627
rel_strength_60d,CDNA,2024-07,S,2.94928
rel_strength_60d,CDNA,2024-08,M,-1.04858
rel_strength_60d,CDNA,2024-08,M,0.03313
rel_strength_60d,CDNA,2024-08,M,-0.43875
rel_strength_60d,CDNA,2024-08,M,-0.22175
rel_strength_60d,CDNA,2024-09,M,-0.89773
rel_strength_60d,CDNA,2024-09,M,-1.04255
rel_strength_60d,CDNA,2024-09,M,-1.0464
rel_strength_60d,CDNA,2024-09,M,-1.04129
rel_strength_60d,CDNA,2024-10,M,-1.04151
rel_strength_60d,CDNA,2024-10,M,-0.28722
rel_strength_60d,CDNA,2024-10,M,0.25093
rel_strength_60d,CDNA,2025-02,M,-1.04489
rel_strength_60d,CDNA,2025-11,S,0.8738
rel_strength_60d,CDNA,2026-01,M,-0.11797
rel_strength_60d,CDNA,2026-01,M,-0.42729
rel_strength_60d,CDNA,2026-01,M,-1.04095
rel_strength_60d,CDNA,2026-01,M,-1.08695
rel_strength_60d,CDNA,2026-02,M,-1.27682
rel_strength_60d,CDNA,2026-06,M,4.75013
rel_strength_60d,CDNA,2026-06,M,3.83203
rel_strength_60d,CDNA,2026-06,M,2.93523
rel_strength_60d,CDNA,2026-06,M,3.11831
rel_strength_60d,CDNA,2026-07,M,2.93524
rel_strength_60d,CDNA,2026-07,M,2.90798
rel_strength_60d,ADPT,2020-04,M,1.21524
rel_strength_60d,ADPT,2020-05,M,1.68241
rel_strength_60d,ADPT,2020-05,M,0.94366
rel_strength_60d,ADPT,2020-05,M,0.74059
rel_strength_60d,ADPT,2020-06,M,-0.6084
rel_strength_60d,ADPT,2020-06,M,-1.05287
rel_strength_60d,ADPT,2020-06,M,-1.08312
rel_strength_60d,ADPT,2020-07,M,-1.20486
rel_strength_60d,ADPT,2020-07,M,-1.06163
rel_strength_60d,ADPT,2020-10,M,-1.064
rel_strength_60d,ADPT,2020-10,M,-0.357
rel_strength_60d,ADPT,2020-10,M,0.83337
rel_strength_60d,ADPT,2020-11,M,1.06955
rel_strength_60d,ADPT,2022-08,M,-1.03467
rel_strength_60d,ADPT,2022-08,M,-1.0333
rel_strength_60d,ADPT,2022-08,M,-1.03086
rel_strength_60d,ADPT,2022-12,M,-1.0364
rel_strength_60d,ADPT,2023-01,M,0.03863
rel_strength_60d,ADPT,2023-01,M,-1.04424
rel_strength_60d,ADPT,2023-01,M,-1.03738
rel_strength_60d,ADPT,2023-02,M,-1.0362
rel_strength_60d,ADPT,2023-02,M,-1.0523
rel_strength_60d,ADPT,2023-03,M,-1.03108
rel_strength_60d,ADPT,2023-03,M,-1.03584
rel_strength_60d,ADPT,2023-08,M,-1.05086
rel_strength_60d,ADPT,2024-07,S,2.11402
rel_strength_60d,ADPT,2024-07,S,2.1929
rel_strength_60d,ADPT,2024-07,S,0.37584
rel_strength_60d,ADPT,2024-07,S,0.05729
rel_strength_60d,ADPT,2024-08,S,0.54161
rel_strength_60d,ADPT,2024-08,S,0.29297
rel_strength_60d,ADPT,2024-08,S,0.71825
rel_strength_60d,ADPT,2024-08,S,0.21027
rel_strength_60d,ADPT,2024-09,S,0.23886
rel_strength_60d,ADPT,2024-09,S,0.80795
rel_strength_60d,ADPT,2024-09,S,1.29798
rel_strength_60d,ADPT,2024-10,S,-1.03191
rel_strength_60d,ADPT,2024-10,S,0.81398
rel_strength_60d,ADPT,2024-11,S,-1.04835
rel_strength_60d,ADPT,2024-11,S,-1.03684
rel_strength_60d,ADPT,2024-11,S,0.52976
rel_strength_60d,ADPT,2024-12,S,0.33193
rel_strength_60d,ADPT,2024-12,S,1.13414
rel_strength_60d,ADPT,2024-12,S,1.19739
rel_strength_60d,ADPT,2024-12,S,1.61858
rel_strength_60d,ADPT,2025-01,M,0.77547
rel_strength_60d,ADPT,2025-01,S,1.29875
rel_strength_60d,ADPT,2025-01,M,-0.35488
rel_strength_60d,ADPT,2025-01,M,-0.25596
rel_strength_60d,ADPT,2025-02,M,0.1585
rel_strength_60d,ADPT,2025-02,M,-0.37491
rel_strength_60d,ADPT,2025-02,M,-1.03107
rel_strength_60d,ADPT,2025-03,M,-0.44932
rel_strength_60d,ADPT,2025-03,M,0.01852
rel_strength_60d,ADPT,2025-03,M,0.14818
rel_strength_60d,ADPT,2025-04,M,0.91647
rel_strength_60d,ADPT,2025-04,M,0.31596
rel_strength_60d,ADPT,2025-04,M,1.11013
rel_strength_60d,ADPT,2025-05,M,0.15198
rel_strength_60d,ADPT,2025-05,M,1.02265
rel_strength_60d,ADPT,2025-05,M,1.1711
rel_strength_60d,ADPT,2025-05,M,1.71723
rel_strength_60d,ADPT,2025-06,M,0.22509
rel_strength_60d,ADPT,2025-06,M,-0.00161
rel_strength_60d,ADPT,2025-06,M,0.97736
rel_strength_60d,ADPT,2025-07,M,-1.04947
rel_strength_60d,ADPT,2025-07,M,-1.04996
rel_strength_60d,ADPT,2025-07,M,1.568
rel_strength_60d,ADPT,2025-07,M,1.12628
rel_strength_60d,ADPT,2025-08,M,0.94602
rel_strength_60d,ADPT,2025-08,M,0.15234
rel_strength_60d,ADPT,2025-08,M,0.99386
rel_strength_60d,ADPT,2025-09,M,2.03141
rel_strength_60d,ADPT,2025-09,M,2.02134
rel_strength_60d,ADPT,2025-10,M,1.19004
rel_strength_60d,ADPT,2025-10,M,-1.05187
rel_strength_60d,ADPT,2025-10,M,-1.04811
rel_strength_60d,ADPT,2025-11,M,-1.03893
rel_strength_60d,ADPT,2025-12,M,-1.0395
rel_strength_60d,ADPT,2026-06,M,1.55649
rel_strength_60d,ADPT,2026-06,M,1.54171
rel_strength_60d,ADPT,2026-06,M,1.15625
rel_strength_60d,WGS,2021-02,M,-1.02386
rel_strength_60d,WGS,2021-02,M,-0.63071
rel_strength_60d,WGS,2021-03,M,-0.42412
rel_strength_60d,WGS,2021-03,M,-0.72248
rel_strength_60d,WGS,2021-03,M,-0.69233
rel_strength_60d,WGS,2021-04,M,-1.02476
rel_strength_60d,WGS,2021-04,M,-1.02473
rel_strength_60d,WGS,2021-04,M,-1.02915
rel_strength_60d,WGS,2021-04,M,-1.03667
rel_strength_60d,WGS,2021-05,M,-1.09278
rel_strength_60d,WGS,2023-03,S,-1.01596
rel_strength_60d,WGS,2023-03,S,-0.81685
rel_strength_60d,WGS,2023-03,S,-0.60353
rel_strength_60d,WGS,2023-03,S,-0.62799
rel_strength_60d,WGS,2023-04,S,-1.012
rel_strength_60d,WGS,2024-01,S,2.96877
rel_strength_60d,WGS,2024-02,S,2.96451
rel_strength_60d,WGS,2024-02,S,2.95732
rel_strength_60d,WGS,2024-02,S,1.16216
rel_strength_60d,WGS,2024-03,S,0.3581
rel_strength_60d,WGS,2024-03,S,0.56726
rel_strength_60d,WGS,2024-03,S,2.96934
rel_strength_60d,WGS,2024-03,S,2.96776
rel_strength_60d,WGS,2024-04,S,2.96455
rel_strength_60d,WGS,2024-04,S,2.96216
rel_strength_60d,WGS,2024-04,S,2.96002
rel_strength_60d,WGS,2024-05,S,2.65332
rel_strength_60d,WGS,2024-05,S,1.27782
rel_strength_60d,WGS,2024-05,S,0.59068
rel_strength_60d,WGS,2024-05,S,2.02846
rel_strength_60d,WGS,2024-06,S,1.92889
rel_strength_60d,WGS,2024-06,S,0.90326
rel_strength_60d,WGS,2024-06,S,0.13243
rel_strength_60d,WGS,2024-07,S,1.25215
rel_strength_60d,WGS,2024-07,S,1.17533
rel_strength_60d,WGS,2024-07,S,0.04693
rel_strength_60d,WGS,2024-07,S,-1.03924
rel_strength_60d,WGS,2024-08,S,0.73259
rel_strength_60d,WGS,2024-08,S,0.85984
rel_strength_60d,WGS,2024-08,M,1.58256
rel_strength_60d,WGS,2024-08,M,2.94639
rel_strength_60d,WGS,2024-09,S,2.94843
rel_strength_60d,WGS,2024-09,M,2.94247
rel_strength_60d,WGS,2024-09,M,2.94401
rel_strength_60d,WGS,2024-10,M,2.94483
rel_strength_60d,WGS,2024-10,M,2.944
rel_strength_60d,WGS,2024-10,M,1.76265
rel_strength_60d,WGS,2024-10,M,1.0723
rel_strength_60d,WGS,2024-11,M,0.07065
rel_strength_60d,WGS,2024-11,M,-0.04128
rel_strength_60d,WGS,2024-11,M,0.48904
rel_strength_60d,WGS,2024-12,M,-0.49642
rel_strength_60d,WGS,2024-12,M,0.32002
rel_strength_60d,WGS,2024-12,M,-0.26355
rel_strength_60d,WGS,2024-12,M,-1.03127
rel_strength_60d,WGS,2025-01,M,-1.03315
rel_strength_60d,WGS,2025-01,M,-1.02794
rel_strength_60d,WGS,2025-01,M,0.90613
rel_strength_60d,WGS,2025-02,M,-1.02892
rel_strength_60d,WGS,2025-02,M,-0.15381
rel_strength_60d,WGS,2025-03,M,-0.18786
rel_strength_60d,WGS,2025-03,M,-1.02369
rel_strength_60d,WGS,2025-03,M,-1.02984
rel_strength_60d,WGS,2025-04,M,-1.02736
rel_strength_60d,WGS,2025-04,M,-1.02471
rel_strength_60d,WGS,2025-04,M,-1.02468
rel_strength_60d,WGS,2025-04,M,-1.17807
rel_strength_60d,WGS,2025-05,M,0.06811
rel_strength_60d,WGS,2025-07,M,-1.06177
rel_strength_60d,WGS,2025-08,M,1.13545
rel_strength_60d,WGS,2025-08,M,-0.17952
rel_strength_60d,WGS,2025-08,M,-1.05395
rel_strength_60d,WGS,2025-09,M,-1.05304
rel_strength_60d,WGS,2025-09,M,-1.05135
rel_strength_60d,WGS,2025-09,M,-1.05557
rel_strength_60d,WGS,2025-10,M,0.68147
rel_strength_60d,WGS,2025-10,M,2.19053
rel_strength_60d,WGS,2025-10,M,1.60167
rel_strength_60d,IONS,2016-08,M,-1.01542
rel_strength_60d,IONS,2016-08,M,-0.18141
rel_strength_60d,IONS,2016-09,M,-0.49642
rel_strength_60d,IONS,2016-09,M,-1.0153
rel_strength_60d,IONS,2016-09,M,-1.0178
rel_strength_60d,IONS,2016-10,M,-1.01462
rel_strength_60d,IONS,2016-11,M,0.67577
rel_strength_60d,IONS,2016-11,M,0.18709
rel_strength_60d,IONS,2016-11,M,0.228
rel_strength_60d,IONS,2016-12,M,0.19403
rel_strength_60d,IONS,2016-12,M,-1.01206
rel_strength_60d,IONS,2016-12,M,-1.01449
rel_strength_60d,IONS,2017-01,M,-0.07602
rel_strength_60d,IONS,2017-01,M,-0.42446
rel_strength_60d,IONS,2017-01,M,0.42573
rel_strength_60d,IONS,2017-01,M,-0.03625
rel_strength_60d,IONS,2017-02,M,-1.01459
rel_strength_60d,IONS,2017-06,M,1.35148
rel_strength_60d,IONS,2017-06,M,0.42666
rel_strength_60d,IONS,2017-06,M,-0.40472
rel_strength_60d,IONS,2017-07,M,-1.01792
rel_strength_60d,IONS,2017-07,M,-1.01557
rel_strength_60d,IONS,2018-08,M,-1.01492
rel_strength_60d,IONS,2018-09,M,0.59818
rel_strength_60d,IONS,2018-09,M,-1.02058
rel_strength_60d,IONS,2018-10,M,1.22832
rel_strength_60d,IONS,2018-10,M,1.6821
rel_strength_60d,IONS,2018-10,M,0.85037
rel_strength_60d,IONS,2018-11,M,-0.00419
rel_strength_60d,IONS,2018-11,M,0.12248
rel_strength_60d,IONS,2018-11,M,0.05352
rel_strength_60d,IONS,2018-11,M,-1.01578
rel_strength_60d,IONS,2018-12,M,-1.01577
rel_strength_60d,IONS,2018-12,M,0.72512
rel_strength_60d,IONS,2018-12,M,1.13819
rel_strength_60d,IONS,2019-01,M,0.7048
rel_strength_60d,IONS,2019-01,M,0.62611
rel_strength_60d,IONS,2019-01,M,2.10271
rel_strength_60d,IONS,2019-01,M,2.97642
rel_strength_60d,IONS,2019-03,M,0.23385
rel_strength_60d,IONS,2019-03,L,-0.28232
rel_strength_60d,IONS,2019-03,L,-1.02457
rel_strength_60d,IONS,2019-04,L,-1.0241
rel_strength_60d,IONS,2019-04,L,-1.01955
rel_strength_60d,IONS,2019-04,L,-1.01779
rel_strength_60d,IONS,2019-04,L,-1.01265
rel_strength_60d,IONS,2019-05,M,-1.01463
rel_strength_60d,IONS,2019-05,M,-0.3226
rel_strength_60d,IONS,2019-05,M,-0.44471
rel_strength_60d,IONS,2022-01,M,0.0323
rel_strength_60d,IONS,2022-01,M,0.48839
rel_strength_60d,IONS,2022-01,M,1.23813
rel_strength_60d,IONS,2022-02,M,0.87226
rel_strength_60d,IONS,2022-02,M,1.21509
rel_strength_60d,IONS,2022-02,M,2.98092
rel_strength_60d,IONS,2022-03,M,1.98748
rel_strength_60d,IONS,2022-03,M,1.74531
rel_strength_60d,IONS,2022-03,M,0.27064
rel_strength_60d,IONS,2022-03,M,-1.01709
rel_strength_60d,IONS,2022-04,M,-1.01791
rel_strength_60d,IONS,2022-04,M,-1.01933
rel_strength_60d,IONS,2022-04,M,-1.01917
rel_strength_60d,IONS,2022-05,M,-1.01426
rel_strength_60d,IONS,2022-05,M,0.83223
rel_strength_60d,IONS,2022-05,M,-0.00393
rel_strength_60d,IONS,2022-05,M,-0.05112
rel_strength_60d,IONS,2022-06,M,0.54688
rel_strength_60d,IONS,2022-06,M,0.78443
rel_strength_60d,IONS,2022-06,M,1.79341
rel_strength_60d,IONS,2022-06,M,1.44422
rel_strength_60d,IONS,2022-09,M,-0.20221
rel_strength_60d,IONS,2022-10,M,-1.01702
rel_strength_60d,IONS,2022-10,M,-1.01785
rel_strength_60d,IONS,2022-10,M,-1.01824
rel_strength_60d,IONS,2023-06,M,-0.23559
rel_strength_60d,IONS,2023-08,M,0.34784
rel_strength_60d,IONS,2023-08,M,0.46419
rel_strength_60d,IONS,2023-09,M,0.13992
rel_strength_60d,IONS,2023-09,M,1.4325
rel_strength_60d,IONS,2023-09,M,-1.02072
rel_strength_60d,IONS,2023-10,M,0.66869
rel_strength_60d,IONS,2023-10,M,-1.02026
rel_strength_60d,IONS,2023-10,M,0.63615
rel_strength_60d,IONS,2023-11,M,0.81019
rel_strength_60d,IONS,2023-11,M,0.65471
rel_strength_60d,IONS,2023-11,M,0.41219
rel_strength_60d,IONS,2023-11,M,0.87849
rel_strength_60d,IONS,2023-12,M,0.18736
rel_strength_60d,IONS,2024-08,M,-1.01547
rel_strength_60d,IONS,2024-08,M,-1.01921
rel_strength_60d,IONS,2024-08,M,-1.10811
rel_strength_60d,IONS,2025-05,M,1.3728
rel_strength_60d,IONS,2025-05,M,1.65254
rel_strength_60d,IONS,2025-06,M,1.98652
rel_strength_60d,IONS,2025-06,M,0.32347
rel_strength_60d,IONS,2025-07,M,0.11481
rel_strength_60d,IONS,2025-07,M,0.27163
rel_strength_60d,IONS,2025-07,M,2.97863
rel_strength_60d,IONS,2025-07,M,-1.02447
rel_strength_60d,IONS,2025-08,M,2.97872
rel_strength_60d,IONS,2025-08,M,2.97804
rel_strength_60d,IONS,2025-09,M,2.05969
rel_strength_60d,IONS,2025-09,L,0.8083
rel_strength_60d,IONS,2025-09,M,1.29308
rel_strength_60d,IONS,2025-09,L,1.09553
rel_strength_60d,IONS,2025-10,L,1.39817
rel_strength_60d,IONS,2025-10,L,2.19573
rel_strength_60d,IONS,2025-10,L,1.74807
rel_strength_60d,IONS,2025-10,L,-1.02232
rel_strength_60d,IONS,2025-11,L,1.4487
rel_strength_60d,IONS,2025-11,L,0.63803
rel_strength_60d,ARCT,2017-10,S,-0.73085
rel_strength_60d,ARCT,2017-10,S,-0.47652
rel_strength_60d,ARCT,2017-11,S,-0.47798
rel_strength_60d,ARCT,2017-11,S,-0.88925
rel_strength_60d,ARCT,2017-11,S,0.05664
rel_strength_60d,ARCT,2017-12,S,-0.06139
rel_strength_60d,ARCT,2017-12,S,0.27714
rel_strength_60d,ARCT,2017-12,S,-1.13941
rel_strength_60d,ARCT,2018-01,S,-1.14229
rel_strength_60d,ARCT,2018-05,S,-1.12437
rel_strength_60d,ARCT,2018-06,S,0.87603
rel_strength_60d,ARCT,2018-06,S,-0.38074
rel_strength_60d,ARCT,2018-06,S,-0.84706
rel_strength_60d,ARCT,2018-07,S,-0.53152
rel_strength_60d,ARCT,2018-07,S,-0.5115
rel_strength_60d,ARCT,2018-07,S,-0.34892
rel_strength_60d,ARCT,2018-07,S,-0.35089
rel_strength_60d,ARCT,2018-08,S,1.44173
rel_strength_60d,ARCT,2018-08,S,0.35815
rel_strength_60d,ARCT,2018-08,S,-0.20314
rel_strength_60d,ARCT,2018-08,S,-1.15036
rel_strength_60d,ARCT,2019-03,S,0.12282
rel_strength_60d,ARCT,2019-04,S,-1.08778
rel_strength_60d,ARCT,2019-04,S,-1.07476
rel_strength_60d,ARCT,2019-04,S,-1.08138
rel_strength_60d,ARCT,2019-05,S,-1.09863
rel_strength_60d,ARCT,2019-05,S,-1.10496
rel_strength_60d,ARCT,2019-05,S,2.22232
rel_strength_60d,ARCT,2019-05,S,1.70861
rel_strength_60d,ARCT,2019-06,S,2.37166
rel_strength_60d,ARCT,2019-06,S,2.87065
rel_strength_60d,ARCT,2019-06,S,2.89998
rel_strength_60d,ARCT,2019-06,S,0.00429
rel_strength_60d,ARCT,2019-07,S,0.43288
rel_strength_60d,ARCT,2019-07,S,2.86439
rel_strength_60d,ARCT,2019-07,S,-1.08652
rel_strength_60d,ARCT,2019-08,S,-1.07382
rel_strength_60d,ARCT,2019-08,S,1.00777
rel_strength_60d,ARCT,2019-08,S,-0.14034
rel_strength_60d,ARCT,2019-08,S,-0.09839
rel_strength_60d,ARCT,2019-09,S,-0.69676
rel_strength_60d,ARCT,2019-09,S,-0.50399
rel_strength_60d,ARCT,2019-09,S,-1.07899
rel_strength_60d,ARCT,2019-09,S,-0.26137
rel_strength_60d,ARCT,2019-10,S,-0.27427
rel_strength_60d,ARCT,2020-02,S,-1.11076
rel_strength_60d,ARCT,2020-02,S,-1.12037
rel_strength_60d,ARCT,2020-02,S,-1.08048
rel_strength_60d,ARCT,2020-03,S,-1.06856
rel_strength_60d,ARCT,2020-03,S,3.09211
rel_strength_60d,ARCT,2020-03,S,2.93
rel_strength_60d,ARCT,2020-04,S,3.24034
rel_strength_60d,ARCT,2020-04,S,2.90464
rel_strength_60d,ARCT,2020-04,S,2.88775
rel_strength_60d,ARCT,2020-04,S,-1.09381
rel_strength_60d,ARCT,2020-05,S,0.13991
rel_strength_60d,ARCT,2020-05,S,0.12921
rel_strength_60d,ARCT,2020-05,S,-1.0419
rel_strength_60d,ARCT,2020-06,S,0.69887
rel_strength_60d,ARCT,2020-06,S,1.58549
rel_strength_60d,ARCT,2020-06,S,1.20504
rel_strength_60d,ARCT,2020-06,S,0.62121
rel_strength_60d,ARCT,2020-07,S,0.81314
rel_strength_60d,ARCT,2020-07,S,0.43965
rel_strength_60d,ARCT,2020-07,S,-1.07622
rel_strength_60d,ARCT,2020-07,S,-1.0491
rel_strength_60d,ARCT,2020-08,S,-1.06219
rel_strength_60d,ARCT,2020-08,M,-1.08009
rel_strength_60d,ARCT,2020-08,S,-1.05935
rel_strength_60d,ARCT,2020-11,M,-1.0878
rel_strength_60d,ARCT,2020-11,M,2.91214
rel_strength_60d,ARCT,2020-12,M,-1.81389
rel_strength_60d,ARCT,2020-12,M,-1.34482
rel_strength_60d,ARCT,2020-12,M,-1.43083
rel_strength_60d,ARCT,2021-02,M,-1.06925
rel_strength_60d,ARCT,2021-08,S,2.85243
rel_strength_60d,ARCT,2021-08,M,0.16769
rel_strength_60d,ARCT,2021-08,M,-0.15662
rel_strength_60d,ARCT,2021-08,M,-0.88736
rel_strength_60d,ARCT,2021-09,M,-1.0878
rel_strength_60d,ARCT,2021-09,M,-1.0876
rel_strength_60d,ARCT,2021-09,M,-1.09731
rel_strength_60d,ARCT,2021-09,M,-1.09176
rel_strength_60d,ARCT,2021-10,M,-0.83263
rel_strength_60d,ARCT,2021-10,M,-1.08894
rel_strength_60d,ARCT,2021-10,M,-1.11156
rel_strength_60d,ARCT,2022-05,S,-1.11306
rel_strength_60d,ARCT,2022-06,S,-1.0498
rel_strength_60d,ARCT,2022-11,S,-1.06623
rel_strength_60d,ARCT,2022-11,S,-0.16429
rel_strength_60d,ARCT,2022-11,S,-0.0488
rel_strength_60d,ARCT,2022-12,S,0.34653
rel_strength_60d,ARCT,2022-12,S,0.60458
rel_strength_60d,ARCT,2022-12,S,0.71729
rel_strength_60d,ARCT,2023-01,S,-0.73599
rel_strength_60d,ARCT,2023-01,S,-1.09922
rel_strength_60d,ARCT,2023-03,S,2.85342
rel_strength_60d,ARCT,2023-04,S,0.07588
rel_strength_60d,ARCT,2023-04,S,-0.22599
rel_strength_60d,ARCT,2023-04,S,-0.31087
rel_strength_60d,ARCT,2023-05,S,0.05304
rel_strength_60d,ARCT,2023-05,S,-1.11878
rel_strength_60d,ARCT,2023-05,S,0.03162
rel_strength_60d,ARCT,2023-05,S,1.26309
rel_strength_60d,ARCT,2023-06,S,1.43299
rel_strength_60d,ARCT,2023-06,S,-1.12418
rel_strength_60d,ARCT,2023-06,S,2.84722
rel_strength_60d,ARCT,2023-07,S,-1.60622
rel_strength_60d,ARCT,2023-07,S,-1.37739
rel_strength_60d,ARCT,2023-08,S,-1.11387
rel_strength_60d,ARCT,2023-08,S,-0.30066
rel_strength_60d,ARCT,2023-08,S,-1.07743
rel_strength_60d,ARCT,2023-09,S,-1.11611
rel_strength_60d,ARCT,2023-09,S,-1.11666
rel_strength_60d,ARCT,2023-09,S,-1.10232
rel_strength_60d,ARCT,2024-01,S,0.50798
rel_strength_60d,ARCT,2024-01,S,0.73129
rel_strength_60d,ARCT,2024-01,S,0.61605
rel_strength_60d,ARCT,2024-02,S,-0.31204
rel_strength_60d,ARCT,2024-02,M,-1.12339
rel_strength_60d,ARCT,2024-02,S,-0.66971
rel_strength_60d,ARCT,2024-03,M,-1.0989
rel_strength_60d,ARCT,2024-03,S,-1.0961
rel_strength_60d,ARCT,2024-06,M,-1.10675
rel_strength_60d,ARCT,2025-06,S,-1.10246
rel_strength_60d,ARCT,2025-07,S,1.22229
rel_strength_60d,ARCT,2025-07,S,1.06787
rel_strength_60d,ARCT,2025-08,S,2.11842
rel_strength_60d,ARCT,2025-08,S,1.2108
rel_strength_60d,ARCT,2025-08,S,0.42393
rel_strength_60d,ARCT,2025-09,S,-2.43559
rel_strength_60d,ARCT,2025-09,S,-2.86366
rel_strength_60d,ARCT,2025-09,S,-3.04791
rel_strength_60d,ARCT,2025-10,S,-2.36011
rel_strength_60d,ARCT,2025-10,S,-1.86033
rel_strength_60d,ARCT,2025-10,S,-1.96462
rel_strength_60d,ARCT,2026-02,S,-1.10414
rel_strength_60d,ARCT,2026-03,S,-1.10598
rel_strength_60d,ARCT,2026-03,S,1.68771
rel_strength_60d,ARCT,2026-04,S,-1.1075
rel_strength_60d,ARCT,2026-04,S,-1.11034
rel_strength_60d,ARCT,2026-05,S,-1.09384
rel_strength_60d,NRIX,2020-10,S,2.09336
rel_strength_60d,NRIX,2020-10,S,2.95064
rel_strength_60d,NRIX,2020-11,S,2.95522
rel_strength_60d,NRIX,2020-11,S,-0.07892
rel_strength_60d,NRIX,2020-11,S,0.18439
rel_strength_60d,NRIX,2020-12,S,-1.03058
rel_strength_60d,NRIX,2021-01,S,0.23003
rel_strength_60d,NRIX,2021-01,M,-1.02502
rel_strength_60d,NRIX,2021-01,M,-1.02291
rel_strength_60d,NRIX,2021-02,M,-0.49688
rel_strength_60d,NRIX,2021-04,M,-0.84286
rel_strength_60d,NRIX,2021-08,M,0.54348
rel_strength_60d,NRIX,2021-08,M,0.31369
rel_strength_60d,NRIX,2021-08,M,0.09719
rel_strength_60d,NRIX,2021-09,M,-1.04007
rel_strength_60d,NRIX,2021-09,M,-1.04003
rel_strength_60d,NRIX,2021-09,M,-1.03528
rel_strength_60d,NRIX,2021-10,M,0.24957
rel_strength_60d,NRIX,2022-07,S,0.32266
rel_strength_60d,NRIX,2022-07,S,-0.22887
rel_strength_60d,NRIX,2022-07,S,0.00326
rel_strength_60d,NRIX,2022-08,S,0.04429
rel_strength_60d,NRIX,2022-08,S,-1.0384
rel_strength_60d,NRIX,2022-08,S,-0.59633
rel_strength_60d,NRIX,2022-08,S,-1.03302
rel_strength_60d,NRIX,2022-09,S,-1.03429
rel_strength_60d,NRIX,2022-09,S,-1.03599
rel_strength_60d,NRIX,2023-06,S,-1.04771
rel_strength_60d,NRIX,2023-12,S,-1.03663
rel_strength_60d,NRIX,2024-01,S,0.32853
rel_strength_60d,NRIX,2024-01,S,2.6385
rel_strength_60d,NRIX,2024-01,S,2.9523
rel_strength_60d,NRIX,2024-02,S,2.94557
rel_strength_60d,NRIX,2024-02,S,2.94268
rel_strength_60d,NRIX,2024-02,S,2.94157
rel_strength_60d,NRIX,2024-03,S,0.18379
rel_strength_60d,NRIX,2024-03,S,-0.55916
rel_strength_60d,NRIX,2024-03,S,-0.00583
rel_strength_60d,NRIX,2024-03,S,-0.32004
rel_strength_60d,NRIX,2024-04,S,0.53709
rel_strength_60d,NRIX,2024-04,S,-1.02451
rel_strength_60d,NRIX,2024-04,S,0.43625
rel_strength_60d,NRIX,2024-05,S,0.8467
rel_strength_60d,NRIX,2024-05,S,2.42242
rel_strength_60d,NRIX,2024-05,S,1.91542
rel_strength_60d,NRIX,2024-05,S,2.4345
rel_strength_60d,NRIX,2024-06,S,1.4115
rel_strength_60d,NRIX,2024-06,S,1.78504
rel_strength_60d,NRIX,2024-06,M,-0.13361
rel_strength_60d,NRIX,2024-07,M,0.23088
rel_strength_60d,NRIX,2024-07,M,0.65121
rel_strength_60d,NRIX,2024-07,M,0.63431
rel_strength_60d,NRIX,2024-07,M,0.45908
rel_strength_60d,NRIX,2024-08,M,1.1449
rel_strength_60d,NRIX,2024-08,M,0.47479
rel_strength_60d,NRIX,2024-08,M,-0.27735
rel_strength_60d,NRIX,2024-08,M,-0.2973
rel_strength_60d,NRIX,2024-09,M,0.02161
rel_strength_60d,NRIX,2024-09,M,0.69668
rel_strength_60d,NRIX,2024-09,M,-1.0501
rel_strength_60d,NRIX,2024-10,M,-1.04894
rel_strength_60d,NRIX,2024-10,M,-1.04558
rel_strength_60d,NRIX,2024-11,M,-1.04082
rel_strength_60d,NRIX,2024-11,M,-1.05032
rel_strength_60d,NRIX,2025-07,M,-1.05109
rel_strength_60d,NRIX,2025-11,M,1.20766
rel_strength_60d,NRIX,2025-12,M,0.49001
rel_strength_60d,NRIX,2025-12,M,-1.03719
rel_strength_60d,NRIX,2025-12,M,-0.65583
rel_strength_60d,NRIX,2025-12,M,-0.7141
rel_strength_60d,NRIX,2026-01,M,-1.05395
rel_strength_60d,NRIX,2026-01,M,-1.04989
rel_strength_60d,NRIX,2026-01,M,-1.04388
rel_strength_60d,NRIX,2026-01,M,-1.04053
rel_strength_60d,NRIX,2026-02,M,-0.49079
rel_strength_60d,NRIX,2026-06,M,0.70583
rel_strength_60d,BNTX,2020-02,M,4.2348
rel_strength_60d,BNTX,2020-02,M,2.98783
rel_strength_60d,BNTX,2020-03,M,-1.17758
rel_strength_60d,BNTX,2020-03,M,-1.00794
rel_strength_60d,BNTX,2020-03,L,-0.16755
rel_strength_60d,BNTX,2020-04,L,-0.22036
rel_strength_60d,BNTX,2020-04,M,0.03624
rel_strength_60d,BNTX,2020-04,M,0.26894
rel_strength_60d,BNTX,2020-04,M,0.03097
rel_strength_60d,BNTX,2020-05,M,0.13434
rel_strength_60d,BNTX,2020-05,M,1.75233
rel_strength_60d,BNTX,2020-05,L,1.52215
rel_strength_60d,BNTX,2020-06,L,2.63847
rel_strength_60d,BNTX,2020-06,M,3.58732
rel_strength_60d,BNTX,2020-07,L,0.33782
rel_strength_60d,BNTX,2020-07,L,-0.67023
rel_strength_60d,BNTX,2020-07,L,-1.05591
rel_strength_60d,BNTX,2020-08,L,-1.00543
rel_strength_60d,BNTX,2020-08,L,-0.21252
rel_strength_60d,BNTX,2020-08,L,0.54012
rel_strength_60d,BNTX,2020-08,L,1.59736
rel_strength_60d,BNTX,2020-09,L,1.69216
rel_strength_60d,BNTX,2020-09,L,1.54691
rel_strength_60d,BNTX,2020-10,L,3.61353
rel_strength_60d,BNTX,2020-11,L,1.03939
rel_strength_60d,BNTX,2020-11,L,-1.00977
rel_strength_60d,BNTX,2020-11,L,-0.65144
rel_strength_60d,BNTX,2020-11,L,-1.10443
rel_strength_60d,BNTX,2020-12,L,-1.00903
rel_strength_60d,BNTX,2020-12,L,-1.00661
rel_strength_60d,BNTX,2021-03,L,2.98516
rel_strength_60d,BNTX,2021-04,L,2.98336
rel_strength_60d,BNTX,2021-04,L,2.98245
rel_strength_60d,BNTX,2021-04,L,2.89619
rel_strength_60d,BNTX,2021-04,L,-1.28043
rel_strength_60d,BNTX,2021-05,L,0.50177
rel_strength_60d,BNTX,2021-05,L,0.4907
rel_strength_60d,BNTX,2021-05,L,0.48063
rel_strength_60d,BNTX,2021-06,L,0.42711
rel_strength_60d,BNTX,2021-06,L,-1.0935
rel_strength_60d,BNTX,2021-06,L,3.0115
rel_strength_60d,BNTX,2021-06,L,2.98605
rel_strength_60d,BNTX,2021-07,L,2.98417
rel_strength_60d,BNTX,2021-07,L,2.98217
rel_strength_60d,BNTX,2021-07,L,2.98294
rel_strength_60d,BNTX,2021-08,L,0.44875
rel_strength_60d,BNTX,2021-08,L,-1.00808
rel_strength_60d,BNTX,2021-08,L,-1.00454
rel_strength_60d,BNTX,2021-08,L,-1.00494
rel_strength_60d,BNTX,2021-09,L,-1.00719
rel_strength_60d,BNTX,2021-09,L,-1.01128
rel_strength_60d,BNTX,2021-09,L,-1.01037
rel_strength_60d,BNTX,2021-09,L,-1.00748
rel_strength_60d,BNTX,2021-10,L,0.82702
rel_strength_60d,BNTX,2021-11,L,-1.00991
rel_strength_60d,BNTX,2022-01,L,-1.00893
rel_strength_60d,BNTX,2022-05,L,-0.13949
rel_strength_60d,BNTX,2022-05,L,-1.00937
rel_strength_60d,BNTX,2022-05,L,-1.01
rel_strength_60d,BNTX,2022-06,L,-1.01219
rel_strength_60d,BNTX,2022-11,L,0.74784
rel_strength_60d,BNTX,2022-11,L,-0.5494
rel_strength_60d,BNTX,2022-11,L,-1.01589
rel_strength_60d,BNTX,2022-12,L,-1.01754
rel_strength_60d,BNTX,2022-12,L,-1.01556
rel_strength_60d,BNTX,2022-12,L,-1.01254
rel_strength_60d,BNTX,2023-08,L,0.11772
rel_strength_60d,BNTX,2023-08,L,-1.01627
rel_strength_60d,BNTX,2023-09,L,-1.01755
rel_strength_60d,BNTX,2023-09,L,-1.0218
rel_strength_60d,BNTX,2023-10,L,-1.33083
rel_strength_60d,BNTX,2023-10,L,-1.28169
rel_strength_60d,BNTX,2024-05,L,-1.02238
rel_strength_60d,BNTX,2024-05,L,-1.01637
rel_strength_60d,BNTX,2024-09,L,-0.55847
rel_strength_60d,BNTX,2024-09,L,-0.29331
rel_strength_60d,BNTX,2024-10,L,-1.01102
rel_strength_60d,BNTX,2024-10,L,-1.02096
rel_strength_60d,BNTX,2024-10,L,-1.02303
rel_strength_60d,BNTX,2024-10,L,-1.24404
rel_strength_60d,BNTX,2024-11,L,-1.02037
rel_strength_60d,BNTX,2024-11,L,0.63231
rel_strength_60d,BNTX,2024-11,L,0.71172
rel_strength_60d,BNTX,2024-12,L,-0.31816
rel_strength_60d,BNTX,2024-12,L,0.07098
rel_strength_60d,BNTX,2025-02,L,-1.01331
rel_strength_60d,BNTX,2025-02,L,-1.01302
rel_strength_60d,BNTX,2025-02,L,-1.0138
rel_strength_60d,BNTX,2025-06,L,-0.10644
rel_strength_60d,BNTX,2025-06,L,0.1448
rel_strength_60d,MRNA,2019-03,M,1.3037
rel_strength_60d,MRNA,2019-04,M,-0.32395
rel_strength_60d,MRNA,2019-04,M,-0.64448
rel_strength_60d,MRNA,2019-04,M,-1.0066
rel_strength_60d,MRNA,2019-05,M,-1.00966
rel_strength_60d,MRNA,2019-05,M,-1.00802
rel_strength_60d,MRNA,2019-05,M,-1.00793
rel_strength_60d,MRNA,2019-09,M,-1.00895
rel_strength_60d,MRNA,2019-09,M,-1.01011
rel_strength_60d,MRNA,2019-10,M,1.77105
rel_strength_60d,MRNA,2019-10,M,2.98335
rel_strength_60d,MRNA,2019-10,M,0.72884
rel_strength_60d,MRNA,2019-11,M,1.21841
rel_strength_60d,MRNA,2019-11,M,0.53082
rel_strength_60d,MRNA,2019-11,M,-0.75096
rel_strength_60d,MRNA,2019-12,M,-1.01413
rel_strength_60d,MRNA,2020-01,M,3.25733
rel_strength_60d,MRNA,2020-01,M,-1.01154
rel_strength_60d,MRNA,2020-02,M,-1.00915
rel_strength_60d,MRNA,2020-02,M,-1.0096
rel_strength_60d,MRNA,2020-03,M,1.91082
rel_strength_60d,MRNA,2020-03,M,2.17208
rel_strength_60d,MRNA,2020-03,M,1.81551
rel_strength_60d,MRNA,2020-03,L,2.78371
rel_strength_60d,MRNA,2020-04,L,2.99059
rel_strength_60d,MRNA,2020-04,L,2.98672
rel_strength_60d,MRNA,2020-04,L,0.87116
rel_strength_60d,MRNA,2020-05,L,1.09035
rel_strength_60d,MRNA,2020-05,L,-1.171
rel_strength_60d,MRNA,2020-05,L,-1.00625
rel_strength_60d,MRNA,2020-05,L,0.35763
rel_strength_60d,MRNA,2020-06,L,1.02123
rel_strength_60d,MRNA,2020-06,L,0.68794
rel_strength_60d,MRNA,2020-06,L,0.8589
rel_strength_60d,MRNA,2020-07,L,0.49035
rel_strength_60d,MRNA,2020-07,L,0.35628
rel_strength_60d,MRNA,2020-07,L,-1.00867
rel_strength_60d,MRNA,2020-07,L,-1.00558
rel_strength_60d,MRNA,2020-08,L,-1.00579
rel_strength_60d,MRNA,2020-08,L,-1.01153
rel_strength_60d,MRNA,2020-09,L,1.6992
rel_strength_60d,MRNA,2020-11,L,2.98442
rel_strength_60d,MRNA,2020-11,L,2.98535
rel_strength_60d,MRNA,2020-12,L,-1.0115
rel_strength_60d,MRNA,2020-12,L,-1.00676
rel_strength_60d,MRNA,2020-12,L,0.65849
rel_strength_60d,MRNA,2020-12,L,1.6645
rel_strength_60d,MRNA,2021-01,L,1.72097
rel_strength_60d,MRNA,2021-01,L,0.99241
rel_strength_60d,MRNA,2021-01,L,0.27021
rel_strength_60d,MRNA,2021-01,L,-1.01137
rel_strength_60d,MRNA,2021-02,L,-1.00844
rel_strength_60d,MRNA,2021-02,L,-1.0083
rel_strength_60d,MRNA,2021-03,L,0.58013
rel_strength_60d,MRNA,2021-03,L,1.51522
rel_strength_60d,MRNA,2021-04,L,1.20177
rel_strength_60d,MRNA,2021-04,L,1.00634
rel_strength_60d,MRNA,2021-04,L,1.50448
rel_strength_60d,MRNA,2021-05,L,-1.19835
rel_strength_60d,MRNA,2021-05,L,2.20344
rel_strength_60d,MRNA,2021-05,L,2.34198
rel_strength_60d,MRNA,2021-06,L,3.22713
rel_strength_60d,MRNA,2021-06,L,2.9836
rel_strength_60d,MRNA,2021-06,L,2.9858
rel_strength_60d,MRNA,2021-06,L,2.98403
rel_strength_60d,MRNA,2021-07,L,2.98462
rel_strength_60d,MRNA,2021-07,L,2.9818
rel_strength_60d,MRNA,2021-07,L,1.68108
rel_strength_60d,MRNA,2021-08,L,1.06281
rel_strength_60d,MRNA,2021-08,L,-0.14201
rel_strength_60d,MRNA,2021-08,L,-0.36059
rel_strength_60d,MRNA,2021-08,L,-0.87031
rel_strength_60d,MRNA,2021-09,L,-1.01067
rel_strength_60d,MRNA,2021-09,L,-1.01117
rel_strength_60d,MRNA,2021-09,L,-1.07251
rel_strength_60d,MRNA,2021-09,L,-1.04856
rel_strength_60d,MRNA,2021-10,L,-1.00702
rel_strength_60d,MRNA,2022-05,L,0.19236
rel_strength_60d,MRNA,2022-05,L,0.31355
rel_strength_60d,MRNA,2022-05,L,1.26307
rel_strength_60d,MRNA,2022-06,L,1.11255
rel_strength_60d,MRNA,2022-07,L,-1.01068
rel_strength_60d,MRNA,2022-08,L,-1.01261
rel_strength_60d,MRNA,2022-11,L,0.33756
rel_strength_60d,MRNA,2022-11,L,0.13694
rel_strength_60d,MRNA,2022-11,L,0.75514
rel_strength_60d,MRNA,2022-12,L,0.61961
rel_strength_60d,MRNA,2022-12,L,-0.67904
rel_strength_60d,MRNA,2022-12,L,-0.69329
rel_strength_60d,MRNA,2023-01,L,-0.35138
rel_strength_60d,MRNA,2023-01,L,-1.01193
rel_strength_60d,MRNA,2023-01,L,-1.01394
rel_strength_60d,MRNA,2023-01,L,-1.01479
rel_strength_60d,MRNA,2024-03,L,-0.25667
rel_strength_60d,MRNA,2024-04,L,2.98005
rel_strength_60d,MRNA,2024-05,L,2.98235
rel_strength_60d,MRNA,2024-05,L,-0.64055
rel_strength_60d,MRNA,2024-05,L,-1.01408
rel_strength_60d,MRNA,2024-06,L,-0.61864
rel_strength_60d,MRNA,2024-06,L,-1.00808
rel_strength_60d,MRNA,2024-06,L,-1.38104
rel_strength_60d,MRNA,2024-06,L,-1.18235
rel_strength_60d,MRNA,2025-07,L,-1.01404
rel_strength_60d,MRNA,2026-01,L,2.12731
rel_strength_60d,MRNA,2026-01,L,-1.01063
rel_strength_60d,MRNA,2026-01,L,0.66261
rel_strength_60d,MRNA,2026-02,L,1.10002
rel_strength_60d,MRNA,2026-02,L,0.25203
rel_strength_60d,MRNA,2026-02,L,-0.05526
rel_strength_60d,MRNA,2026-03,L,0.17608
rel_strength_60d,MRNA,2026-03,L,-0.601
rel_strength_60d,MRNA,2026-03,L,0.33086
rel_strength_60d,MRNA,2026-04,L,-0.31882
rel_strength_60d,MRNA,2026-04,L,-1.01201
rel_strength_60d,MRNA,2026-04,L,-1.01296
rel_strength_60d,MRNA,2026-05,L,-1.01033
rel_strength_60d,MRNA,2026-06,L,-1.00839
rel_strength_60d,MRNA,2026-07,L,-1.00733
rel_strength_60d,CMPS,2020-12,M,-0.72678
rel_strength_60d,CMPS,2020-12,M,-1.03026
rel_strength_60d,CMPS,2021-01,M,0.368
rel_strength_60d,CMPS,2021-02,M,-1.02827
rel_strength_60d,CMPS,2021-10,M,-1.05119
rel_strength_60d,CMPS,2021-11,M,-1.04667
rel_strength_60d,CMPS,2022-07,S,0.3413
rel_strength_60d,CMPS,2022-08,S,-0.323
rel_strength_60d,CMPS,2022-08,S,-1.02951
rel_strength_60d,CMPS,2022-08,S,-1.02455
rel_strength_60d,CMPS,2022-08,S,-1.02789
rel_strength_60d,CMPS,2022-09,S,-1.02821
rel_strength_60d,CMPS,2022-09,S,-1.02863
rel_strength_60d,CMPS,2022-09,S,-1.0279
rel_strength_60d,CMPS,2023-03,S,-1.04345
rel_strength_60d,CMPS,2023-03,S,-1.04737
rel_strength_60d,CMPS,2023-04,S,-1.04023
rel_strength_60d,CMPS,2023-08,S,0.05281
rel_strength_60d,CMPS,2023-08,S,-0.92046
rel_strength_60d,CMPS,2023-08,S,-1.03186
rel_strength_60d,CMPS,2023-09,S,-1.03051
rel_strength_60d,CMPS,2023-09,S,-1.03772
rel_strength_60d,CMPS,2023-09,S,-1.03308
rel_strength_60d,CMPS,2024-01,S,0.35811
rel_strength_60d,CMPS,2024-01,S,0.86891
rel_strength_60d,CMPS,2024-02,S,-0.55952
rel_strength_60d,CMPS,2024-02,S,-0.64394
rel_strength_60d,CMPS,2024-02,S,-1.03018
rel_strength_60d,CMPS,2024-02,S,-1.03741
rel_strength_60d,CMPS,2024-03,S,-1.02554
rel_strength_60d,CMPS,2024-03,S,-0.85429
rel_strength_60d,CMPS,2025-04,S,1.01599
rel_strength_60d,CMPS,2025-05,S,-1.75341
rel_strength_60d,CMPS,2025-05,S,-1.24536
rel_strength_60d,CMPS,2025-06,S,-1.38687
rel_strength_60d,CMPS,2025-06,S,-1.17546
rel_strength_60d,CMPS,2025-06,S,0.98178
rel_strength_60d,CMPS,2025-09,S,1.27802
rel_strength_60d,CMPS,2025-09,S,-0.0642
rel_strength_60d,CMPS,2025-10,S,-1.05213
rel_strength_60d,CMPS,2025-10,S,-1.10777
rel_strength_60d,CMPS,2025-10,S,-1.07811
rel_strength_60d,CMPS,2025-11,S,-1.0369
rel_strength_60d,CMPS,2026-02,S,-1.03141
rel_strength_60d,CMPS,2026-02,S,-1.02145
rel_strength_60d,CMPS,2026-03,S,1.11856
rel_strength_60d,CMPS,2026-04,S,1.31307
rel_strength_60d,CMPS,2026-04,S,1.39897
rel_strength_60d,CMPS,2026-05,S,0.98267
rel_strength_60d,CMPS,2026-05,S,2.27535
rel_strength_60d,CMPS,2026-05,M,0.52164
rel_strength_60d,CMPS,2026-06,M,-1.03482
rel_strength_60d,CMPS,2026-06,M,-0.00635
rel_strength_60d,CMPS,2026-06,M,-0.30462
rel_strength_60d,CMPS,2026-06,M,-1.03595
rel_strength_60d,ATAI,2021-11,M,-1.10724
rel_strength_60d,ATAI,2023-04,S,-0.83521
rel_strength_60d,ATAI,2023-05,S,-1.08871
rel_strength_60d,ATAI,2023-05,S,-1.0993
rel_strength_60d,ATAI,2023-06,S,-1.10817
rel_strength_60d,ATAI,2023-06,S,-1.11553
rel_strength_60d,ATAI,2024-01,S,-0.50195
rel_strength_60d,ATAI,2024-01,S,0.38541
rel_strength_60d,ATAI,2024-01,S,-0.1317
rel_strength_60d,ATAI,2024-02,S,-0.39096
rel_strength_60d,ATAI,2024-02,S,1.6348
rel_strength_60d,ATAI,2024-02,S,0.91386
rel_strength_60d,ATAI,2024-03,S,-1.09607
rel_strength_60d,ATAI,2024-03,S,0.04306
rel_strength_60d,ATAI,2024-03,S,0.79283
rel_strength_60d,ATAI,2024-04,S,-0.32443
rel_strength_60d,ATAI,2024-04,S,-1.06075
rel_strength_60d,ATAI,2024-04,S,-0.89864
rel_strength_60d,ATAI,2024-05,S,-1.07034
rel_strength_60d,ATAI,2024-05,S,-1.09019
rel_strength_60d,ATAI,2024-11,S,-1.07577
rel_strength_60d,ATAI,2024-11,S,-1.04937
rel_strength_60d,ATAI,2024-11,S,-0.56756
rel_strength_60d,ATAI,2024-12,S,-0.09105
rel_strength_60d,ATAI,2024-12,S,0.59374
rel_strength_60d,ATAI,2024-12,S,2.88918
rel_strength_60d,ATAI,2025-01,S,-1.09247
rel_strength_60d,ATAI,2025-01,S,0.58305
rel_strength_60d,ATAI,2025-01,S,-0.04119
rel_strength_60d,ATAI,2025-01,S,-0.1955
rel_strength_60d,ATAI,2025-02,S,-1.05527
rel_strength_60d,ATAI,2025-02,S,-1.03743
rel_strength_60d,ATAI,2025-02,S,-0.60884
rel_strength_60d,ATAI,2025-03,S,-0.32574
rel_strength_60d,ATAI,2025-03,S,-0.02178
rel_strength_60d,ATAI,2025-03,S,-1.092
rel_strength_60d,ATAI,2025-04,S,2.88813
rel_strength_60d,ATAI,2025-05,S,1.85791
rel_strength_60d,ATAI,2025-05,S,0.43407
rel_strength_60d,ATAI,2025-06,S,1.39772
rel_strength_60d,ATAI,2025-06,S,2.89388
rel_strength_60d,ATAI,2025-06,S,3.04057
rel_strength_60d,ATAI,2025-07,S,1.33003
rel_strength_60d,ATAI,2025-07,S,2.3856
rel_strength_60d,ATAI,2025-07,S,2.88441
rel_strength_60d,ATAI,2025-07,S,1.80285
rel_strength_60d,ATAI,2025-08,S,0.51959
rel_strength_60d,ATAI,2025-08,S,0.92145
rel_strength_60d,ATAI,2025-08,S,1.26701
rel_strength_60d,ATAI,2025-08,S,0.548
rel_strength_60d,ATAI,2025-09,S,0.76957
rel_strength_60d,ATAI,2025-09,S,1.15533
rel_strength_60d,ATAI,2025-09,M,-1.11501
rel_strength_60d,ATAI,2025-10,M,-1.08625
rel_strength_60d,ATAI,2025-10,M,-1.08013
rel_strength_60d,ATAI,2025-10,M,-1.09371
rel_strength_60d,ATAI,2025-10,M,-1.06752
rel_strength_60d,ATAI,2026-04,M,-1.09608
rel_strength_60d,ATAI,2026-06,M,-1.11553
rel_strength_60d,ATAI,2026-06,M,2.05443
rel_strength_60d,BFLY,2020-11,S,-1.0999
rel_strength_60d,BFLY,2020-12,S,1.61081
rel_strength_60d,BFLY,2020-12,S,1.11382
rel_strength_60d,BFLY,2020-12,S,1.05376
rel_strength_60d,BFLY,2020-12,S,0.41605
rel_strength_60d,BFLY,2021-01,S,1.29751
rel_strength_60d,BFLY,2021-01,S,-0.19098
rel_strength_60d,BFLY,2021-01,S,-1.0293
rel_strength_60d,BFLY,2021-02,S,-0.19292
rel_strength_60d,BFLY,2021-02,S,-1.03112
rel_strength_60d,BFLY,2021-02,S,-1.02917
rel_strength_60d,BFLY,2021-03,S,-0.4792
rel_strength_60d,BFLY,2021-03,S,-0.59539
rel_strength_60d,BFLY,2021-03,S,-0.67725
rel_strength_60d,BFLY,2021-08,M,-1.04914
rel_strength_60d,BFLY,2022-07,S,2.94944
rel_strength_60d,BFLY,2022-08,M,-0.31302
rel_strength_60d,BFLY,2022-08,M,-1.0289
rel_strength_60d,BFLY,2022-08,M,-0.24322
rel_strength_60d,BFLY,2022-08,M,-0.74414
rel_strength_60d,BFLY,2022-09,M,-1.02494
rel_strength_60d,BFLY,2022-09,M,-1.02963
rel_strength_60d,BFLY,2022-09,S,-1.02844
rel_strength_60d,BFLY,2022-10,S,-1.03503
rel_strength_60d,BFLY,2022-10,S,-1.03085
rel_strength_60d,BFLY,2023-04,S,-1.02843
rel_strength_60d,BFLY,2023-06,S,-0.41401
rel_strength_60d,BFLY,2023-07,S,-1.03242
rel_strength_60d,BFLY,2023-08,S,-1.02414
rel_strength_60d,BFLY,2024-02,S,-0.62528
rel_strength_60d,BFLY,2024-07,S,-1.03373
rel_strength_60d,BFLY,2024-07,S,1.68781
rel_strength_60d,BFLY,2024-09,S,2.94228
rel_strength_60d,BFLY,2024-09,S,-0.12079
rel_strength_60d,BFLY,2024-09,S,0.21504
rel_strength_60d,BFLY,2024-09,S,1.85735
rel_strength_60d,BFLY,2024-10,S,2.95617
rel_strength_60d,BFLY,2024-10,S,2.9571
rel_strength_60d,BFLY,2024-10,S,2.95067
rel_strength_60d,BFLY,2024-11,S,2.94729
rel_strength_60d,BFLY,2024-11,S,1.15871
rel_strength_60d,BFLY,2024-11,S,1.79961
rel_strength_60d,BFLY,2024-11,S,0.37813
rel_strength_60d,BFLY,2024-12,S,0.40483
rel_strength_60d,BFLY,2024-12,S,-1.03362
rel_strength_60d,BFLY,2024-12,S,1.3346
rel_strength_60d,BFLY,2024-12,S,1.35272
rel_strength_60d,BFLY,2025-01,S,0.18637
rel_strength_60d,BFLY,2025-01,S,-0.25416
rel_strength_60d,BFLY,2025-01,S,-1.02134
rel_strength_60d,BFLY,2025-02,S,-1.0224
rel_strength_60d,BFLY,2025-02,S,-1.02297
rel_strength_60d,BFLY,2025-02,M,-1.02682
rel_strength_60d,BFLY,2025-02,S,-1.02698
rel_strength_60d,BFLY,2025-10,S,-1.02813
rel_strength_60d,BFLY,2025-10,S,1.41427
rel_strength_60d,BFLY,2025-11,S,1.35937
rel_strength_60d,BFLY,2025-11,S,2.06694
rel_strength_60d,BFLY,2025-11,S,1.73914
rel_strength_60d,BFLY,2025-12,S,1.80874
rel_strength_60d,BFLY,2025-12,S,1.56524
rel_strength_60d,BFLY,2025-12,S,0.81318
rel_strength_60d,BFLY,2025-12,S,-1.03731
rel_strength_60d,BFLY,2026-01,S,-1.03722
rel_strength_60d,BFLY,2026-01,M,-1.04447
rel_strength_60d,BFLY,2026-01,M,-1.03232
rel_strength_60d,BFLY,2026-01,M,-1.02838
rel_strength_60d,BFLY,2026-02,S,0.87061
rel_strength_60d,BFLY,2026-02,S,1.37791
rel_strength_60d,BFLY,2026-02,M,-1.03678
rel_strength_60d,BFLY,2026-03,S,1.33537
rel_strength_60d,BFLY,2026-03,S,1.12369
rel_strength_60d,BFLY,2026-04,M,-1.04466
rel_strength_60d,BFLY,2026-04,M,-1.04002
rel_strength_60d,BFLY,2026-05,M,2.855
rel_strength_60d,BFLY,2026-05,M,2.95976
rel_strength_60d,BFLY,2026-05,M,2.95384
rel_strength_60d,BFLY,2026-05,M,3.49434
rel_strength_60d,BFLY,2026-06,M,2.95021
rel_strength_60d,BFLY,2026-06,M,2.94985
rel_strength_60d,BFLY,2026-06,M,0.36771
rel_strength_60d,BFLY,2026-07,M,0.28661
rel_strength_60d,CERS,2016-02,S,0.54388
rel_strength_60d,CERS,2016-02,S,0.87741
rel_strength_60d,CERS,2016-03,S,0.63535
rel_strength_60d,CERS,2016-03,S,0.03607
rel_strength_60d,CERS,2016-03,S,-0.33857
rel_strength_60d,CERS,2016-04,S,-0.67377
rel_strength_60d,CERS,2016-04,S,-1.15827
rel_strength_60d,CERS,2016-04,S,-1.15228
rel_strength_60d,CERS,2016-08,S,-1.13259
rel_strength_60d,CERS,2016-08,S,-1.19675
rel_strength_60d,CERS,2017-10,S,1.20391
rel_strength_60d,CERS,2017-10,S,1.54794
rel_strength_60d,CERS,2017-10,S,1.30956
rel_strength_60d,CERS,2017-11,S,0.08124
rel_strength_60d,CERS,2017-11,S,-0.43837
rel_strength_60d,CERS,2017-11,S,0.05265
rel_strength_60d,CERS,2017-11,S,-1.15989
rel_strength_60d,CERS,2017-12,S,0.95808
rel_strength_60d,CERS,2017-12,S,2.8201
rel_strength_60d,CERS,2017-12,S,3.6196
rel_strength_60d,CERS,2018-01,S,3.32972
rel_strength_60d,CERS,2018-01,S,-1.14591
rel_strength_60d,CERS,2018-01,S,0.95757
rel_strength_60d,CERS,2018-01,S,-1.10915
rel_strength_60d,CERS,2018-03,S,1.00359
rel_strength_60d,CERS,2018-03,S,-0.36348
rel_strength_60d,CERS,2018-03,S,0.93802
rel_strength_60d,CERS,2018-04,S,1.33497
rel_strength_60d,CERS,2018-04,S,1.62802
rel_strength_60d,CERS,2018-04,S,1.4129
rel_strength_60d,CERS,2018-04,S,1.95129
rel_strength_60d,CERS,2018-05,S,2.5181
rel_strength_60d,CERS,2018-05,S,-0.00241
rel_strength_60d,CERS,2018-05,S,0.50202
rel_strength_60d,CERS,2018-05,S,0.47774
rel_strength_60d,CERS,2018-06,S,1.1943
rel_strength_60d,CERS,2018-06,S,0.93777
rel_strength_60d,CERS,2018-06,S,-0.01797
rel_strength_60d,CERS,2018-07,S,-0.27507
rel_strength_60d,CERS,2018-07,S,-0.16944
rel_strength_60d,CERS,2018-07,S,-1.20932
rel_strength_60d,CERS,2018-07,S,-0.16232
rel_strength_60d,CERS,2019-02,S,-1.20375
rel_strength_60d,CERS,2019-03,S,-1.18244
rel_strength_60d,CERS,2019-08,S,-1.17563
rel_strength_60d,CERS,2019-09,S,-1.1597
rel_strength_60d,CERS,2020-02,S,-1.09649
rel_strength_60d,CERS,2020-03,S,-1.0898
rel_strength_60d,CERS,2020-03,S,-1.06769
rel_strength_60d,CERS,2020-03,S,0.61631
rel_strength_60d,CERS,2020-04,S,0.58579
rel_strength_60d,CERS,2020-04,S,0.75168
rel_strength_60d,CERS,2020-04,S,0.35636
rel_strength_60d,CERS,2020-05,S,0.25791
rel_strength_60d,CERS,2020-06,M,0.0533
rel_strength_60d,CERS,2020-06,S,0.70754
rel_strength_60d,CERS,2020-07,M,-1.13585
rel_strength_60d,CERS,2020-08,M,-1.13338
rel_strength_60d,CERS,2020-08,M,-1.14548
rel_strength_60d,CERS,2021-08,M,-0.61594
rel_strength_60d,CERS,2021-09,M,2.21607
rel_strength_60d,CERS,2021-09,M,1.31809
rel_strength_60d,CERS,2021-10,M,1.24043
rel_strength_60d,CERS,2021-10,M,0.84211
rel_strength_60d,CERS,2021-10,M,2.73648
rel_strength_60d,CERS,2021-11,M,-1.17111
rel_strength_60d,CERS,2021-11,M,-1.14174
rel_strength_60d,CERS,2021-11,M,-1.1395
rel_strength_60d,CERS,2021-11,M,-1.17942
rel_strength_60d,CERS,2021-12,M,-1.15426
rel_strength_60d,CERS,2021-12,M,-1.11604
rel_strength_60d,CERS,2021-12,M,-1.11638
rel_strength_60d,CERS,2022-01,M,-1.14608
rel_strength_60d,CERS,2022-01,M,-1.13534
rel_strength_60d,CERS,2022-05,S,0.18476
rel_strength_60d,CERS,2022-05,S,0.29125
rel_strength_60d,CERS,2022-06,S,-0.017
rel_strength_60d,CERS,2022-06,S,0.24831
rel_strength_60d,CERS,2022-07,S,-0.3044
rel_strength_60d,CERS,2022-07,M,-1.11225
rel_strength_60d,CERS,2022-07,S,-1.14395
rel_strength_60d,CERS,2023-07,S,-1.09481
rel_strength_60d,CERS,2023-08,S,-1.11018
rel_strength_60d,CERS,2023-12,S,-1.1309
rel_strength_60d,CERS,2023-12,S,-1.08543
rel_strength_60d,CERS,2024-01,S,0.42778
rel_strength_60d,CERS,2024-01,S,0.40809
rel_strength_60d,CERS,2024-03,S,-1.09189
rel_strength_60d,CERS,2024-07,S,-0.19948
rel_strength_60d,CERS,2024-07,S,-0.84321
rel_strength_60d,CERS,2024-08,S,-0.54873
rel_strength_60d,CERS,2024-08,S,-1.10228
rel_strength_60d,CERS,2025-01,S,-0.72627
rel_strength_60d,CERS,2025-01,S,-1.09751
rel_strength_60d,CERS,2025-02,S,-0.65226
rel_strength_60d,CERS,2025-12,S,2.85254
rel_strength_60d,CERS,2025-12,S,1.32256
rel_strength_60d,CERS,2025-12,S,0.26458
rel_strength_60d,CERS,2025-12,S,0.32718
rel_strength_60d,CERS,2026-01,S,2.81444
rel_strength_60d,CERS,2026-01,S,-1.10086
rel_strength_60d,CERS,2026-01,S,-1.08528
rel_strength_60d,CERS,2026-02,S,-1.09111
rel_strength_60d,CERS,2026-02,S,-1.1019
rel_strength_60d,CERS,2026-02,S,-1.10235
rel_strength_60d,CERS,2026-03,S,-1.10261
rel_strength_60d,CERS,2026-05,S,-0.18197
rel_strength_60d,CERS,2026-05,S,0.25617
rel_strength_60d,CERS,2026-06,S,0.11957
rel_strength_60d,CERS,2026-06,S,-0.8728
rel_strength_60d,CERS,2026-06,S,-1.09429
rel_strength_60d,CERS,2026-07,S,-1.26095
rel_strength_60d,CERS,2026-07,S,-1.38713
rel_strength_60d,CERS,2026-07,S,-1.33566
rel_strength_60d,CERS,2026-07,S,-1.2239
rel_strength_60d,LLY,2016-02,L,-0.01975
rel_strength_60d,LLY,2016-02,L,-1.02808
rel_strength_60d,LLY,2017-02,L,1.1215
rel_strength_60d,LLY,2018-07,L,1.51401
rel_strength_60d,LLY,2018-08,L,0.77653
rel_strength_60d,LLY,2018-08,L,0.8212
rel_strength_60d,LLY,2018-08,L,2.32415
rel_strength_60d,LLY,2018-09,L,1.59363
rel_strength_60d,LLY,2018-09,L,-0.05405
rel_strength_60d,LLY,2018-09,L,-0.07879
rel_strength_60d,LLY,2018-09,L,1.22836
rel_strength_60d,LLY,2018-10,L,-1.04077
rel_strength_60d,LLY,2018-10,L,0.94812
rel_strength_60d,LLY,2018-10,L,0.38843
rel_strength_60d,LLY,2018-10,L,0.30218
rel_strength_60d,LLY,2018-11,L,0.0268
rel_strength_60d,LLY,2018-11,L,0.42191
rel_strength_60d,LLY,2018-11,L,0.4704
rel_strength_60d,LLY,2018-12,L,-1.03023
rel_strength_60d,LLY,2018-12,L,-1.02879
rel_strength_60d,LLY,2018-12,L,1.29369
rel_strength_60d,LLY,2018-12,L,0.45887
rel_strength_60d,LLY,2019-01,L,1.05282
rel_strength_60d,LLY,2020-01,L,-1.03726
rel_strength_60d,LLY,2020-02,L,-1.03535
rel_strength_60d,LLY,2020-02,L,-1.03677
rel_strength_60d,LLY,2020-03,L,-1.02291
rel_strength_60d,LLY,2020-03,L,1.78005
rel_strength_60d,LLY,2020-03,L,0.74768
rel_strength_60d,LLY,2020-03,L,0.80712
rel_strength_60d,LLY,2020-04,L,0.32536
rel_strength_60d,LLY,2020-04,L,0.2176
rel_strength_60d,LLY,2021-01,L,-0.19527
rel_strength_60d,LLY,2021-02,L,-1.02341
rel_strength_60d,LLY,2021-02,L,-1.02912
rel_strength_60d,LLY,2021-03,L,-1.03062
rel_strength_60d,LLY,2021-03,L,-1.02782
rel_strength_60d,LLY,2021-03,L,0.6902
rel_strength_60d,LLY,2021-04,L,0.69937
rel_strength_60d,LLY,2021-04,L,1.82612
rel_strength_60d,LLY,2021-05,L,2.96278
rel_strength_60d,LLY,2021-05,L,2.96043
rel_strength_60d,LLY,2021-06,L,1.2621
rel_strength_60d,LLY,2021-06,L,0.89872
rel_strength_60d,LLY,2021-06,L,1.30912
rel_strength_60d,LLY,2021-07,L,2.52185
rel_strength_60d,LLY,2021-07,L,1.63813
rel_strength_60d,LLY,2021-07,L,2.9503
rel_strength_60d,LLY,2021-07,L,-0.69339
rel_strength_60d,LLY,2021-08,L,-1.02991
rel_strength_60d,LLY,2021-08,L,-1.02712
rel_strength_60d,LLY,2021-08,L,-1.02717
rel_strength_60d,LLY,2021-09,L,-1.03265
rel_strength_60d,LLY,2021-09,L,-1.03554
rel_strength_60d,LLY,2021-11,L,-1.03267
rel_strength_60d,LLY,2021-12,L,-0.08487
rel_strength_60d,LLY,2021-12,L,-1.02734
rel_strength_60d,LLY,2021-12,L,-1.02054
rel_strength_60d,LLY,2021-12,L,-1.05129
rel_strength_60d,LLY,2022-01,L,-1.02739
rel_strength_60d,LLY,2022-01,L,0.89734
rel_strength_60d,LLY,2022-01,L,1.34109
rel_strength_60d,LLY,2022-02,L,2.23498
rel_strength_60d,LLY,2022-02,L,2.97181
rel_strength_60d,LLY,2022-02,L,2.96879
rel_strength_60d,LLY,2022-03,L,2.96972
rel_strength_60d,LLY,2022-03,L,1.02607
rel_strength_60d,LLY,2022-03,L,0.20689
rel_strength_60d,LLY,2022-03,L,-0.0001
rel_strength_60d,LLY,2022-04,L,-1.03146
rel_strength_60d,LLY,2022-04,L,-1.03002
rel_strength_60d,LLY,2022-04,L,0.7091
rel_strength_60d,LLY,2022-05,L,-0.12097
rel_strength_60d,LLY,2022-05,L,1.26121
rel_strength_60d,LLY,2022-05,L,0.80426
rel_strength_60d,LLY,2022-05,L,0.85288
rel_strength_60d,LLY,2022-06,L,0.611
rel_strength_60d,LLY,2022-06,L,1.45281
rel_strength_60d,LLY,2022-06,L,0.14251
rel_strength_60d,LLY,2022-06,L,-0.48862
rel_strength_60d,LLY,2022-07,L,-1.02577
rel_strength_60d,LLY,2022-10,L,0.26636
rel_strength_60d,LLY,2022-11,L,0.23626
rel_strength_60d,LLY,2022-11,L,0.33592
rel_strength_60d,LLY,2022-11,L,-0.18206
rel_strength_60d,LLY,2022-12,L,-1.03235
rel_strength_60d,LLY,2022-12,L,-0.7513
rel_strength_60d,LLY,2022-12,L,-1.03025
rel_strength_60d,LLY,2023-04,L,2.96176
rel_strength_60d,LLY,2023-04,L,2.95666
rel_strength_60d,LLY,2023-05,L,2.24295
rel_strength_60d,LLY,2023-05,L,0.75951
rel_strength_60d,LLY,2023-05,L,0.80696
rel_strength_60d,LLY,2023-05,L,0.85244
rel_strength_60d,LLY,2023-06,L,0.22597
rel_strength_60d,LLY,2023-06,L,0.2648
rel_strength_60d,LLY,2023-06,L,-0.23381
rel_strength_60d,LLY,2023-06,L,2.36602
rel_strength_60d,LLY,2023-07,L,2.96458
rel_strength_60d,LLY,2023-07,L,2.96879
rel_strength_60d,LLY,2023-07,L,2.96305
rel_strength_60d,LLY,2023-08,L,0.78538
rel_strength_60d,LLY,2023-08,L,-0.16038
rel_strength_60d,LLY,2023-08,L,0.43552
rel_strength_60d,LLY,2023-09,L,-1.03709
rel_strength_60d,LLY,2023-09,L,-1.03823
rel_strength_60d,LLY,2023-09,L,-1.03127
rel_strength_60d,LLY,2023-09,L,1.2668
rel_strength_60d,LLY,2023-10,L,1.49862
rel_strength_60d,LLY,2023-10,L,-1.03118
rel_strength_60d,LLY,2023-10,L,0.33585
rel_strength_60d,LLY,2023-11,L,0.32918
rel_strength_60d,LLY,2023-11,L,-0.76702
rel_strength_60d,LLY,2023-11,L,-0.15601
rel_strength_60d,LLY,2023-11,L,0.56898
rel_strength_60d,LLY,2024-03,L,-0.52094
rel_strength_60d,LLY,2024-03,L,-0.07869
rel_strength_60d,LLY,2024-04,L,0.29908
rel_strength_60d,LLY,2024-04,L,1.06864
rel_strength_60d,LLY,2024-04,L,1.27315
rel_strength_60d,LLY,2024-04,L,2.74039
rel_strength_60d,LLY,2024-05,L,1.90003
rel_strength_60d,LLY,2024-05,L,2.96331
rel_strength_60d,LLY,2024-06,L,-0.6852
rel_strength_60d,LLY,2024-06,L,-1.03264
rel_strength_60d,LLY,2024-06,L,-1.03002
rel_strength_60d,LLY,2024-07,L,-1.0316
rel_strength_60d,LLY,2024-08,L,-0.50084
rel_strength_60d,LLY,2024-10,L,-2.18462
rel_strength_60d,LLY,2025-02,L,-0.03451
rel_strength_60d,LLY,2025-02,L,-1.02633
rel_strength_60d,LLY,2025-02,L,-1.02501
rel_strength_60d,LLY,2025-03,L,-1.02754
rel_strength_60d,LLY,2025-04,L,-1.02313
rel_strength_60d,LLY,2025-04,L,-0.16236
rel_strength_60d,LLY,2025-04,L,-0.48839
rel_strength_60d,LLY,2025-11,L,2.2029
rel_strength_60d,LLY,2025-11,L,0.67497
rel_strength_60d,LLY,2025-11,L,-0.01555
rel_strength_60d,LLY,2025-12,L,-0.1891
rel_strength_60d,LLY,2025-12,L,-0.18561
rel_strength_60d,LLY,2026-01,L,-1.02434
rel_strength_60d,LLY,2026-01,L,-0.75098
rel_strength_60d,LLY,2026-06,L,0.25093
