date,HG,KMLM,SLEEVE,HARV,BOOK_29_29_27_15
2015-06-12,-0.00021911,,,,
2015-06-15,0.00010908,,,,
2015-06-16,-0.00032820,,,,
2015-06-17,0.00043841,,,,
2015-06-18,-0.00146273,,,,
2015-06-19,-0.00300991,,,,
2015-06-22,0.02227162,,,,
2015-06-23,0.00468249,,,,
2015-06-24,-0.02452158,,,,
2015-06-25,-0.00176548,,,,
2015-06-26,-0.00707641,,,,
2015-06-29,-0.07577004,,,,
2015-06-30,0.01360669,,,,
2015-07-01,0.00791333,,,,
2015-07-02,-0.00833460,,,,
2015-07-06,-0.00954819,,,,
2015-07-07,-0.00021934,,,,
2015-07-08,0.00000000,,,,
2015-07-09,0.00010697,,,,
2015-07-10,-0.00010696,,,,
2015-07-13,-0.00102601,,,,
2015-07-14,0.02006497,,,,
2015-07-15,0.00476547,,,,
2015-07-16,0.03906870,,,,
2015-07-17,0.04573361,,,,
2015-07-20,0.01119141,,,,
2015-07-21,-0.00274675,,,,
2015-07-22,-0.03282223,,,,
2015-07-23,-0.01196253,,,,
2015-07-24,-0.02841647,,,,
2015-07-27,-0.02568686,,,,
2015-07-28,0.02636407,,,,
2015-07-29,0.01007229,,,,
2015-07-30,-0.00045544,,,,
2015-07-31,-0.00305976,,,,
2015-08-03,-0.00920641,,,,
2015-08-04,-0.00644542,,,,
2015-08-05,0.02342237,,,,
2015-08-06,-0.04905053,,,,
2015-08-07,0.00000000,,,,
2015-08-10,0.00021842,,,,
2015-08-11,-0.00021838,,,,
2015-08-12,0.00000000,,,,
2015-08-13,0.00000000,,,,
2015-08-14,-0.00021951,,,,
2015-08-17,0.00000000,,,,
2015-08-18,0.00021956,,,,
2015-08-19,0.00021842,,,,
2015-08-20,-0.00135263,,,,
2015-08-21,-0.02641794,,,,
2015-08-24,-0.07546628,,,,
2015-08-25,-0.01154504,,,,
2015-08-26,0.09900393,,,,
2015-08-27,-0.00021919,,,,
2015-08-28,0.00021923,,,,
2015-08-31,0.00000000,,,,
2015-09-01,0.00000000,,,,
2015-09-02,-0.00021919,,,,
2015-09-03,0.00021923,,,,
2015-09-04,-0.00021919,,,,
2015-09-08,0.00000000,,,,
2015-09-09,0.00000000,,,,
2015-09-10,-0.00021923,,,,
2015-09-11,0.00021928,,,,
2015-09-14,-0.00102717,,,,
2015-09-15,0.03490731,,,,
2015-09-16,0.01671478,,,,
2015-09-17,0.00163256,,,,
2015-09-18,-0.04201495,,,,
2015-09-21,-0.00559626,,,,
2015-09-22,-0.04411443,,,,
2015-09-23,0.00159491,,,,
2015-09-24,-0.01157310,,,,
2015-09-25,-0.02537998,,,,
2015-09-28,-0.05787681,,,,
2015-09-29,0.00470169,,,,
2015-09-30,0.10206100,,,,
2015-10-01,0.00021797,,,,
2015-10-02,0.00000000,,,,
2015-10-05,-0.00124295,,,,
2015-10-06,0.00346564,,,,
2015-10-07,0.02193463,,,,
2015-10-08,0.02551996,,,,
2015-10-09,0.00692132,,,,
2015-10-12,0.00736433,,,,
2015-10-13,-0.00861026,,,,
2015-10-14,-0.02900690,,,,
2015-10-15,0.04050654,,,,
2015-10-16,0.00989394,,,,
2015-10-19,0.00279991,,,,
2015-10-20,-0.01767649,,,,
2015-10-21,-0.00880613,,,,
2015-10-22,0.05701863,,,,
2015-10-23,0.02581765,,,,
2015-10-26,0.00296901,,,,
2015-10-27,0.00651188,,,,
2015-10-28,0.02206403,,,,
2015-10-29,0.02481202,,,,
2015-10-30,-0.01368498,,,,
2015-11-02,0.03409944,,,,
2015-11-03,0.00953709,,,,
2015-11-04,0.00040004,,,,
2015-11-05,-0.00880210,,,,
2015-11-06,0.00330986,,,,
2015-11-09,-0.03218797,,,,
2015-11-10,-0.00816689,,,,
2015-11-11,-0.01003317,,,,
2015-11-12,-0.04389611,,,,
2015-11-13,-0.05986838,,,,
2015-11-16,0.02435694,,,,
2015-11-17,0.00290238,,,,
2015-11-18,0.04186070,,,,
2015-11-19,0.00149906,,,,
2015-11-20,0.01987337,,,,
2015-11-23,-0.00916858,,,,
2015-11-24,0.00252788,,,,
2015-11-25,-0.00111944,,,,
2015-11-27,0.01024131,,,,
2015-11-30,-0.01171826,,,,
2015-12-01,0.01747064,,,,
2015-12-02,-0.01818665,,,,
2015-12-03,-0.05205225,,,,
2015-12-04,0.02864431,,,,
2015-12-07,-0.01222950,,,,
2015-12-08,0.00008071,,,,
2015-12-09,-0.04658714,,,,
2015-12-10,0.01418087,,,,
2015-12-11,-0.06960077,,,,
2015-12-14,0.01901408,,,,
2015-12-15,-0.00021951,,,,
2015-12-16,-0.00080732,,,,
2015-12-17,-0.04152499,,,,
2015-12-18,0.00021851,,,,
2015-12-21,-0.00021965,,,,
2015-12-22,0.00000000,,,,
2015-12-23,0.00000000,,,,
2015-12-24,0.00010985,,,,
2015-12-28,-0.00010984,,,,
2015-12-29,-0.00102806,,,,
2015-12-30,-0.02554620,,,,
2015-12-31,-0.03816046,,,,
2016-01-04,0.00021807,,,,
2016-01-05,0.00000000,,,,
2016-01-06,-0.00043732,,,,
2016-01-07,-0.00080741,,,,
2016-01-08,-0.01581920,,,,
2016-01-11,0.00802506,,,,
2016-01-12,0.08733226,,,,
2016-01-13,-0.00124495,,,,
2016-01-14,0.10953298,,,,
2016-01-15,-0.00102947,,,,
2016-01-19,0.00864296,,,,
2016-01-20,0.12768249,,,,
2016-01-21,0.01874718,,,,
2016-01-22,0.08530768,,,,
2016-01-25,0.00021846,,,,
2016-01-26,-0.00021841,,,,
2016-01-27,0.00021846,,,,
2016-01-28,0.00000000,,,,
2016-01-29,0.00021926,,,,
2016-02-01,-0.00146228,,,,
2016-02-02,-0.03852248,,,,
2016-02-03,0.00021860,,,,
2016-02-04,0.00021855,,,,
2016-02-05,0.00000000,,,,
2016-02-08,-0.00124377,,,,
2016-02-09,0.01147184,,,,
2016-02-10,0.00945202,,,,
2016-02-11,-0.02636688,,,,
2016-02-12,0.09135789,,,,
2016-02-16,-0.00000082,,,,
2016-02-17,-0.00102538,,,,
2016-02-18,-0.00910140,,,,
2016-02-19,-0.00412776,,,,
2016-02-22,0.02872591,,,,
2016-02-23,-0.02473750,,,,
2016-02-24,0.00637901,,,,
2016-02-25,0.02282641,,,,
2016-02-26,-0.01081528,,,,
2016-02-29,-0.01249488,,,,
2016-03-01,0.06476474,,,,
2016-03-02,0.03120297,,,,
2016-03-03,0.03048460,,,,
2016-03-04,0.01611080,,,,
2016-03-07,0.03357580,,,,
2016-03-08,-0.07440647,,,,
2016-03-09,0.00676075,,,,
2016-03-10,-0.00117508,,,,
2016-03-11,0.03815805,,,,
2016-03-14,0.00339965,,,,
2016-03-15,0.00403440,,,,
2016-03-16,0.01414316,,,,
2016-03-17,0.02567354,,,,
2016-03-18,0.02024141,,,,
2016-03-21,0.00348340,,,,
2016-03-22,-0.00543321,,,,
2016-03-23,-0.01368639,,,,
2016-03-24,0.00092527,,,,
2016-03-28,0.00385036,,,,
2016-03-29,0.01641537,,,,
2016-03-30,0.01403826,,,,
2016-03-31,-0.00535875,,,,
2016-04-01,0.01855691,,,,
2016-04-04,-0.00896210,,,,
2016-04-05,-0.02415274,,,,
2016-04-06,0.04789018,,,,
2016-04-07,-0.04316816,,,,
2016-04-08,-0.00235385,,,,
2016-04-11,-0.01182511,,,,
2016-04-12,0.02765456,,,,
2016-04-13,0.03032985,,,,
2016-04-14,0.00432894,,,,
2016-04-15,-0.00517208,,,,
2016-04-18,0.01747545,,,,
2016-04-19,0.00908415,,,,
2016-04-20,0.00759614,,,,
2016-04-21,-0.01745062,,,,
2016-04-22,0.00094169,,,,
2016-04-25,-0.02218988,,,,
2016-04-26,0.00080448,,,,
2016-04-27,0.01003764,,,,
2016-04-28,-0.03608683,,,,
2016-04-29,-0.02414173,,,,
2016-05-02,0.01797044,,,,
2016-05-03,0.00021875,,,,
2016-05-04,-0.00124376,,,,
2016-05-05,-0.00030351,,,,
2016-05-06,0.02009084,,,,
2016-05-09,0.00000000,,,,
2016-05-10,0.00000000,,,,
2016-05-11,-0.00043795,,,,
2016-05-12,0.00000000,,,,
2016-05-13,0.00000000,,,,
2016-05-16,0.00000000,,,,
2016-05-17,0.00000000,,,,
2016-05-18,0.00021874,,,,
2016-05-19,-0.00021869,,,,
2016-05-20,-0.00080771,,,,
2016-05-23,-0.00601211,,,,
2016-05-24,0.06147151,,,,
2016-05-25,0.02153979,,,,
2016-05-26,0.00837555,,,,
2016-05-27,0.01504746,,,,
2016-05-31,0.00596861,,,,
2016-06-01,-0.00073429,,,,
2016-06-02,0.02322343,,,,
2016-06-03,-0.01747060,,,,
2016-06-06,0.03176311,,,,
2016-06-07,0.00751197,,,,
2016-06-08,0.02368451,,,,
2016-06-09,-0.01928026,,,,
2016-06-10,-0.04135736,,,,
2016-06-13,-0.03190038,,,,
2016-06-14,-0.00941481,,,,
2016-06-15,0.00221769,,,,
2016-06-16,-0.00102775,,,,
2016-06-17,-0.01044800,,,,
2016-06-20,0.00021829,,,,
2016-06-21,0.00000000,,,,
2016-06-22,0.00000000,,,,
2016-06-23,0.00000000,,,,
2016-06-24,-0.00021825,,,,
2016-06-27,-0.00102488,,,,
2016-06-28,0.04090743,,,,
2016-06-29,0.00000000,,,,
2016-06-30,0.00000000,,,,
2016-07-01,-0.00058769,,,,
2016-07-05,-0.01920158,,,,
2016-07-06,-0.00124326,,,,
2016-07-07,-0.00270283,,,,
2016-07-08,0.04621535,,,,
2016-07-11,0.01707238,,,,
2016-07-12,0.01460988,,,,
2016-07-13,-0.01323719,,,,
2016-07-14,0.02135849,,,,
2016-07-15,0.00091491,,,,
2016-07-18,0.00404838,,,,
2016-07-19,0.00546235,,,,
2016-07-20,0.00556195,,,,
2016-07-21,-0.01402409,,,,
2016-07-22,0.01160864,,,,
2016-07-25,0.00088294,,,,
2016-07-26,0.00335143,,,,
2016-07-27,0.01951487,,,,
2016-07-28,0.01086397,,,,
2016-07-29,0.00656786,,,,
2016-08-01,0.01455476,,,,
2016-08-02,0.03927263,,,,
2016-08-03,0.00947385,,,,
2016-08-04,0.00896270,,,,
2016-08-05,0.02891102,,,,
2016-08-08,-0.00317577,,,,
2016-08-09,0.00661803,,,,
2016-08-10,-0.00771136,,,,
2016-08-11,0.01292443,,,,
2016-08-12,0.00185742,,,,
2016-08-15,0.01257438,,,,
2016-08-16,-0.01576166,,,,
2016-08-17,0.00469084,,,,
2016-08-18,0.00096623,,,,
2016-08-19,-0.00136692,,,,
2016-08-22,0.00096568,,,,
2016-08-23,0.00595390,,,,
2016-08-24,-0.02035632,,,,
2016-08-25,0.00487850,,,,
2016-08-26,-0.00613260,,,,
2016-08-29,0.01645435,,,,
2016-08-30,0.00493233,,,,
2016-08-31,-0.01661209,,,,
2016-09-01,0.00038010,,,,
2016-09-02,-0.00080579,,,,
2016-09-06,0.00331570,,,,
2016-09-07,0.00072512,,,,
2016-09-08,-0.00546850,,,,
2016-09-09,-0.09513871,,,,
2016-09-12,0.03429078,,,,
2016-09-13,0.00021855,,,,
2016-09-14,0.00000000,,,,
2016-09-15,-0.00102547,,,,
2016-09-16,-0.00112436,,,,
2016-09-19,-0.01310291,,,,
2016-09-20,0.00553866,,,,
2016-09-21,0.02908069,,,,
2016-09-22,0.02337843,,,,
2016-09-23,-0.01799836,,,,
2016-09-26,-0.02483006,,,,
2016-09-27,0.02835377,,,,
2016-09-28,0.00546756,,,,
2016-09-29,-0.02120769,,,,
2016-09-30,0.02055587,,,,
2016-10-03,-0.00225529,,,,
2016-10-04,-0.00568975,,,,
2016-10-05,0.01042548,,,,
2016-10-06,-0.00155155,,,,
2016-10-07,-0.00652662,,,,
2016-10-10,0.01791033,,,,
2016-10-11,-0.04133697,,,,
2016-10-12,-0.00208403,,,,
2016-10-13,-0.01281568,,,,
2016-10-14,0.00484342,,,,
2016-10-17,-0.01026255,,,,
2016-10-18,0.00000000,,,,
2016-10-19,0.00021866,,,,
2016-10-20,-0.00021861,,,,
2016-10-21,-0.00102547,,,,
2016-10-24,0.03644225,,,,
2016-10-25,-0.00999147,,,,
2016-10-26,-0.01918317,,,,
2016-10-27,-0.01506781,,,,
2016-10-28,0.00021871,,,,
2016-10-31,-0.00080616,,,,
2016-11-01,-0.01769876,,,,
2016-11-02,-0.00080578,,,,
2016-11-03,-0.12070216,,,,
2016-11-04,0.08890563,,,,
2016-11-07,0.04727719,,,,
2016-11-08,0.00021860,,,,
2016-11-09,-0.00146133,,,,
2016-11-10,0.03480356,,,,
2016-11-11,-0.00043755,,,,
2016-11-14,0.00043774,,,,
2016-11-15,0.00021825,,,,
2016-11-16,0.00000000,,,,
2016-11-17,-0.00080545,,,,
2016-11-18,0.01454193,,,,
2016-11-21,0.01444240,,,,
2016-11-22,0.02761725,,,,
2016-11-23,0.01749980,,,,
2016-11-25,0.01085193,,,,
2016-11-28,-0.03916695,,,,
2016-11-29,0.00668755,,,,
2016-11-30,0.00198135,,,,
2016-12-01,0.00918948,,,,
2016-12-02,-0.00438007,,,,
2016-12-05,0.00555696,,,,
2016-12-06,0.00667747,,,,
2016-12-07,0.04608876,,,,
2016-12-08,0.01147906,,,,
2016-12-09,0.02345422,,,,
2016-12-12,0.00770934,,,,
2016-12-13,0.01603437,,,,
2016-12-14,-0.01880662,,,,
2016-12-15,0.00886520,,,,
2016-12-16,-0.00031249,,,,
2016-12-19,0.00604550,,,,
2016-12-20,0.01295047,,,,
2016-12-21,-0.00480532,,,,
2016-12-22,-0.00339218,,,,
2016-12-23,0.00041265,,,,
2016-12-27,0.00288694,,,,
2016-12-28,-0.01655178,,,,
2016-12-29,-0.00261363,,,,
2016-12-30,-0.00565983,,,,
2017-01-03,0.01349215,,,,
2017-01-04,0.01060842,,,,
2017-01-05,-0.00627761,,,,
2017-01-06,0.00983854,,,,
2017-01-09,-0.01097743,,,,
2017-01-10,0.00572614,,,,
2017-01-11,0.00768702,,,,
2017-01-12,-0.00508544,,,,
2017-01-13,0.01150062,,,,
2017-01-17,-0.00940451,,,,
2017-01-18,0.00680144,,,,
2017-01-19,-0.00267374,,,,
2017-01-20,0.00649133,,,,
2017-01-23,0.00224359,,,,
2017-01-24,0.02084517,,,,
2017-01-25,0.02807102,,,,
2017-01-26,0.00691790,,,,
2017-01-27,-0.01124288,,,,
2017-01-30,0.02674493,,,,
2017-01-31,-0.00553726,,,,
2017-02-01,0.01901178,,,,
2017-02-02,-0.00253246,,,,
2017-02-03,0.00868440,,,,
2017-02-06,0.00370837,,,,
2017-02-07,0.01029323,,,,
2017-02-08,0.00561650,,,,
2017-02-09,0.01039077,,,,
2017-02-10,0.00880371,,,,
2017-02-13,-0.06298510,,,,
2017-02-14,-0.08763503,,,,
2017-02-15,0.03308299,,,,
2017-02-16,0.00640437,,,,
2017-02-17,-0.00085021,,,,
2017-02-21,0.00693094,,,,
2017-02-22,0.00902015,,,,
2017-02-23,0.05163205,,,,
2017-02-24,-0.00004727,,,,
2017-02-27,-0.01119420,,,,
2017-02-28,0.05081260,,,,
2017-03-01,0.04090113,,,,
2017-03-02,0.00857586,,,,
2017-03-03,0.00131349,,,,
2017-03-06,-0.00690944,,,,
2017-03-07,-0.00475553,,,,
2017-03-08,-0.00908110,,,,
2017-03-09,0.00306975,,,,
2017-03-10,0.01094614,,,,
2017-03-13,0.00582155,,,,
2017-03-14,-0.00740830,,,,
2017-03-15,0.01749243,,,,
2017-03-16,-0.00057279,,,,
2017-03-17,-0.00240826,,,,
2017-03-20,0.00298858,,,,
2017-03-21,-0.04458446,,,,
2017-03-22,0.01967368,,,,
2017-03-23,-0.00799974,,,,
2017-03-24,0.00545512,,,,
2017-03-27,0.00530792,,,,
2017-03-28,0.01877263,,,,
2017-03-29,0.01324447,,,,
2017-03-30,0.00500118,,,,
2017-03-31,-0.00237503,,,,
2017-04-03,-0.00215428,,,,
2017-04-04,0.00454476,,,,
2017-04-05,-0.01142271,,,,
2017-04-06,0.00080059,,,,
2017-04-07,-0.00114293,,,,
2017-04-10,0.00114424,,,,
2017-04-11,-0.01363933,,,,
2017-04-12,-0.04034986,,,,
2017-04-13,-0.03053361,,,,
2017-04-17,0.03373824,,,,
2017-04-18,-0.00289934,,,,
2017-04-19,0.00240642,,,,
2017-04-20,-0.00102457,,,,
2017-04-21,-0.00045284,,,,
2017-04-24,0.03634089,,,,
2017-04-25,0.02217616,,,,
2017-04-26,-0.00438138,,,,
2017-04-27,0.01749643,,,,
2017-04-28,0.00569694,,,,
2017-05-01,0.02407670,,,,
2017-05-02,0.00793183,,,,
2017-05-03,0.00473289,,,,
2017-05-04,0.00102701,,,,
2017-05-05,0.00979554,,,,
2017-05-08,0.00604802,,,,
2017-05-09,-0.00340435,,,,
2017-05-10,0.00426964,,,,
2017-05-11,-0.00271976,,,,
2017-05-12,-0.00343012,,,,
2017-05-15,-0.02218434,,,,
2017-05-16,-0.00872628,,,,
2017-05-17,0.17925215,,,,
2017-05-18,0.02532051,,,,
2017-05-19,0.01209147,,,,
2017-05-22,0.02591865,,,,
2017-05-23,0.00246713,,,,
2017-05-24,0.01378229,,,,
2017-05-25,0.02631573,,,,
2017-05-26,0.00425768,,,,
2017-05-30,0.00207271,,,,
2017-05-31,-0.00122210,,,,
2017-06-01,0.01195514,,,,
2017-06-02,0.03303772,,,,
2017-06-05,0.00563253,,,,
2017-06-06,0.01061551,,,,
2017-06-07,0.01092691,,,,
2017-06-08,0.00270220,,,,
2017-06-09,-0.07330601,,,,
2017-06-12,-0.00647533,,,,
2017-06-13,0.01365075,,,,
2017-06-14,0.01067083,,,,
2017-06-15,-0.00329948,,,,
2017-06-16,-0.00306215,,,,
2017-06-19,0.02782525,,,,
2017-06-20,-0.00000025,,,,
2017-06-21,0.00021871,,,,
2017-06-22,0.00021866,,,,
2017-06-23,-0.00124200,,,,
2017-06-26,0.00316454,,,,
2017-06-27,0.00000000,,,,
2017-06-28,0.00043740,,,,
2017-06-29,-0.00021860,,,,
2017-06-30,0.00021865,,,,
2017-07-03,0.00011347,,,,
2017-07-05,-0.00021858,,,,
2017-07-06,0.00021863,,,,
2017-07-07,0.00000000,,,,
2017-07-10,0.00000000,,,,
2017-07-11,0.00000000,,,,
2017-07-12,-0.00124172,,,,
2017-07-13,0.00726732,,,,
2017-07-14,0.00577211,,,,
2017-07-17,-0.00390091,,,,
2017-07-18,0.00004513,,,,
2017-07-19,0.01722091,,,,
2017-07-20,0.00072459,,,,
2017-07-21,-0.00302213,,,,
2017-07-24,0.01302854,,,,
2017-07-25,-0.00775302,,,,
2017-07-26,-0.00022069,,,,
2017-07-27,-0.00306822,,,,
2017-07-28,0.00451687,,,,
2017-07-31,0.01100957,,,,
2017-08-01,0.00598152,,,,
2017-08-02,0.00716570,,,,
2017-08-03,0.00514691,,,,
2017-08-04,0.00346393,,,,
2017-08-07,0.00510264,,,,
2017-08-08,-0.00283690,,,,
2017-08-09,-0.00299502,,,,
2017-08-10,-0.02759086,,,,
2017-08-11,0.00021834,,,,
2017-08-14,-0.00124154,,,,
2017-08-15,0.00287777,,,,
2017-08-16,0.00407804,,,,
2017-08-17,-0.03995270,,,,
2017-08-18,-0.00021874,,,,
2017-08-21,0.00021879,,,,
2017-08-22,0.00021849,,,,
2017-08-23,0.00000000,,,,
2017-08-24,0.00000000,,,,
2017-08-25,-0.00021844,,,,
2017-08-28,0.00021849,,,,
2017-08-29,0.00000000,,,,
2017-08-30,-0.00102386,,,,
2017-08-31,0.02841103,,,,
2017-09-01,-0.00069281,,,,
2017-09-05,-0.02677868,,,,
2017-09-06,0.00863756,,,,
2017-09-07,0.00617982,,,,
2017-09-08,-0.02569499,,,,
2017-09-11,0.03099016,,,,
2017-09-12,0.00720254,,,,
2017-09-13,0.00011744,,,,
2017-09-14,-0.00453745,,,,
2017-09-15,0.00718056,,,,
2017-09-18,0.00754569,,,,
2017-09-19,-0.00102422,,,,
2017-09-20,0.00588220,,,,
2017-09-21,-0.00943955,,,,
2017-09-22,0.01119761,,,,
2017-09-25,0.00536915,,,,
2017-09-26,0.00814526,,,,
2017-09-27,0.00000000,,,,
2017-09-28,-0.00021880,,,,
2017-09-29,-0.00058662,,,,
2017-10-02,0.03728798,,,,
2017-10-03,0.00638733,,,,
2017-10-04,-0.00915126,,,,
2017-10-05,0.00789518,,,,
2017-10-06,-0.00530549,,,,
2017-10-09,-0.00150031,,,,
2017-10-10,0.01065282,,,,
2017-10-11,0.00527038,,,,
2017-10-12,-0.00443610,,,,
2017-10-13,0.00499596,,,,
2017-10-16,0.00846433,,,,
2017-10-17,0.00626173,,,,
2017-10-18,0.02131594,,,,
2017-10-19,-0.00012958,,,,
2017-10-20,0.02048477,,,,
2017-10-23,-0.00419241,,,,
2017-10-24,0.02066839,,,,
2017-10-25,-0.01449994,,,,
2017-10-26,0.00925933,,,,
2017-10-27,0.00289049,,,,
2017-10-30,-0.01229845,,,,
2017-10-31,0.01057600,,,,
2017-11-01,-0.00130806,,,,
2017-11-02,-0.00613995,,,,
2017-11-03,0.00210858,,,,
2017-11-06,-0.00078435,,,,
2017-11-07,0.00164098,,,,
2017-11-08,0.01143963,,,,
2017-11-09,0.02500429,,,,
2017-11-10,-0.00029903,,,,
2017-11-13,0.00299055,,,,
2017-11-14,-0.01006340,,,,
2017-11-15,-0.01468372,,,,
2017-11-16,0.03744747,,,,
2017-11-17,-0.01119695,,,,
2017-11-20,-0.00351371,,,,
2017-11-21,0.03038721,,,,
2017-11-22,0.00398186,,,,
2017-11-24,0.01124982,,,,
2017-11-27,-0.00164019,,,,
2017-11-28,0.00629304,,,,
2017-11-29,-0.00284059,,,,
2017-11-30,0.04306597,,,,
2017-12-01,-0.00403899,,,,
2017-12-04,0.00754766,,,,
2017-12-05,-0.01408775,,,,
2017-12-06,-0.00544340,,,,
2017-12-07,0.00957804,,,,
2017-12-08,0.01524747,,,,
2017-12-11,0.00723111,,,,
2017-12-12,0.01502092,,,,
2017-12-13,0.01088139,,,,
2017-12-14,-0.00893445,,,,
2017-12-15,0.01455426,,,,
2017-12-18,0.01884157,,,,
2017-12-19,-0.00651470,,,,
2017-12-20,-0.00264401,,,,
2017-12-21,0.00615061,,,,
2017-12-22,-0.00326739,,,,
2017-12-26,-0.00188458,,,,
2017-12-27,0.00318138,,,,
2017-12-28,0.00507402,,,,
2017-12-29,-0.00830876,,,,
2018-01-02,0.00890869,,,,
2018-01-03,0.00915638,,,,
2018-01-04,0.00786489,,,,
2018-01-05,0.02685305,,,,
2018-01-08,-0.00271787,,,,
2018-01-09,0.00347853,,,,
2018-01-10,-0.00402443,,,,
2018-01-11,0.02237107,,,,
2018-01-12,0.02766776,,,,
2018-01-16,0.02545559,,,,
2018-01-17,0.03713764,,,,
2018-01-18,0.00441593,,,,
2018-01-19,-0.00053736,,,,
2018-01-22,-0.01412592,,,,
2018-01-23,0.01388201,,,,
2018-01-24,0.01557871,,,,
2018-01-25,0.01198397,,,,
2018-01-26,0.02368366,,,,
2018-01-29,0.01955260,,,,
2018-01-30,-0.04314282,,,,
2018-01-31,0.01234342,,,,
2018-02-01,-0.02603010,,,,
2018-02-02,-0.07754116,,,,
2018-02-05,-0.11543445,,,,
2018-02-06,0.07710005,,,,
2018-02-07,-0.03954439,,,,
2018-02-08,-0.12484982,,,,
2018-02-09,0.03177518,,,,
2018-02-12,-0.00000020,,,,
2018-02-13,0.00000000,,,,
2018-02-14,0.00000000,,,,
2018-02-15,-0.00091454,,,,
2018-02-16,-0.01220811,,,,
2018-02-20,-0.00102363,,,,
2018-02-21,-0.01004550,,,,
2018-02-22,-0.00091455,,,,
2018-02-23,0.05957142,,,,
2018-02-26,0.04014179,,,,
2018-02-27,-0.03580752,,,,
2018-02-28,-0.02010156,,,,
2018-03-01,-0.04812590,,,,
2018-03-02,0.02749155,,,,
2018-03-05,0.03136921,,,,
2018-03-06,0.01158002,,,,
2018-03-07,0.02610844,,,,
2018-03-08,-0.00551964,,,,
2018-03-09,0.04509160,,,,
2018-03-12,0.01496754,,,,
2018-03-13,-0.03731439,,,,
2018-03-14,-0.01292436,,,,
2018-03-15,-0.01595351,,,,
2018-03-16,-0.00765983,,,,
2018-03-19,-0.02699139,,,,
2018-03-20,0.00013592,,,,
2018-03-21,0.01522787,,,,
2018-03-22,-0.06481860,,,,
2018-03-23,-0.06611547,,,,
2018-03-26,0.11311282,,,,
2018-03-27,0.00021851,,,,
2018-03-28,0.00010923,,,,
2018-03-29,0.00021844,,,,
2018-04-02,-0.00005509,,,,
2018-04-03,-0.00010940,,,,
2018-04-04,0.00021882,,,,
2018-04-05,0.00010919,,,,
2018-04-06,0.00000000,,,,
2018-04-09,0.00010938,,,,
2018-04-10,-0.00010936,,,,
2018-04-11,0.00021875,,,,
2018-04-12,0.00000000,,,,
2018-04-13,0.00000000,,,,
2018-04-16,-0.00080485,,,,
2018-04-17,0.03175707,,,,
2018-04-18,0.00840679,,,,
2018-04-19,-0.01990065,,,,
2018-04-20,-0.01618877,,,,
2018-04-23,-0.00474125,,,,
2018-04-24,-0.01653355,,,,
2018-04-25,-0.00470151,,,,
2018-04-26,0.01316918,,,,
2018-04-27,-0.00554016,,,,
2018-04-30,-0.01721657,,,,
2018-05-01,0.03251686,,,,
2018-05-02,-0.01847251,,,,
2018-05-03,0.00000000,,,,
2018-05-04,-0.00080549,,,,
2018-05-07,0.02376622,,,,
2018-05-08,-0.00435643,,,,
2018-05-09,0.01636044,,,,
2018-05-10,0.01517349,,,,
2018-05-11,0.00519885,,,,
2018-05-14,-0.01135692,,,,
2018-05-15,-0.03336609,,,,
2018-05-16,0.03019202,,,,
2018-05-17,0.01408268,,,,
2018-05-18,0.00350302,,,,
2018-05-21,0.02044646,,,,
2018-05-22,-0.02162499,,,,
2018-05-23,0.00437067,,,,
2018-05-24,0.00087040,,,,
2018-05-25,-0.00559011,,,,
2018-05-29,-0.00424734,,,,
2018-05-30,0.04491272,,,,
2018-05-31,-0.02621087,,,,
2018-06-01,0.04651970,,,,
2018-06-04,0.02564561,,,,
2018-06-05,0.01033486,,,,
2018-06-06,0.01649900,,,,
2018-06-07,-0.02423450,,,,
2018-06-08,0.00962873,,,,
2018-06-11,0.00402149,,,,
2018-06-12,0.01190217,,,,
2018-06-13,-0.01186938,,,,
2018-06-14,0.03040637,,,,
2018-06-15,-0.00994150,,,,
2018-06-18,-0.00327609,,,,
2018-06-19,0.00166492,,,,
2018-06-20,0.02349282,,,,
2018-06-21,-0.02901683,,,,
2018-06-22,-0.01148524,,,,
2018-06-25,-0.04715171,,,,
2018-06-26,0.01882323,,,,
2018-06-27,-0.04938424,,,,
2018-06-28,0.00715849,,,,
2018-06-29,0.00021840,,,,
2018-07-02,-0.00014281,,,,
2018-07-03,0.00021857,,,,
2018-07-05,0.00000000,,,,
2018-07-06,-0.00080463,,,,
2018-07-09,0.01899976,,,,
2018-07-10,-0.01583714,,,,
2018-07-11,-0.02207050,,,,
2018-07-12,0.04934689,,,,
2018-07-13,0.00291978,,,,
2018-07-16,-0.00674213,,,,
2018-07-17,0.01851278,,,,
2018-07-18,-0.00740095,,,,
2018-07-19,-0.01257314,,,,
2018-07-20,-0.00245126,,,,
2018-07-23,0.00252050,,,,
2018-07-24,0.01360791,,,,
2018-07-25,0.02723439,,,,
2018-07-26,-0.01054043,,,,
2018-07-27,-0.00855669,,,,
2018-07-30,-0.01715807,,,,
2018-07-31,0.01191719,,,,
2018-08-01,-0.00950412,,,,
2018-08-02,-0.00227966,,,,
2018-08-03,0.00966570,,,,
2018-08-06,0.00718005,,,,
2018-08-07,0.00477770,,,,
2018-08-08,-0.00606497,,,,
2018-08-09,-0.00269092,,,,
2018-08-10,-0.01491947,,,,
2018-08-13,-0.00289087,,,,
2018-08-14,0.01846202,,,,
2018-08-15,-0.03741315,,,,
2018-08-16,0.02161462,,,,
2018-08-17,0.01317766,,,,
2018-08-20,0.01070525,,,,
2018-08-21,0.00752332,,,,
2018-08-22,-0.01084378,,,,
2018-08-23,-0.00885915,,,,
2018-08-24,0.01410735,,,,
2018-08-27,0.00512994,,,,
2018-08-28,0.00118955,,,,
2018-08-29,0.00988635,,,,
2018-08-30,-0.00565513,,,,
2018-08-31,0.00291289,,,,
2018-09-04,-0.01189496,,,,
2018-09-05,-0.04075686,,,,
2018-09-06,0.00269924,,,,
2018-09-07,-0.00884525,,,,
2018-09-10,-0.00708134,,,,
2018-09-11,0.01270038,,,,
2018-09-12,0.00202589,,,,
2018-09-13,0.01790694,,,,
2018-09-14,0.00037823,,,,
2018-09-17,-0.01160663,,,,
2018-09-18,-0.00000018,,,,
2018-09-19,0.00000000,,,,
2018-09-20,-0.00080497,,,,
2018-09-21,0.00664314,,,,
2018-09-24,-0.00091427,,,,
2018-09-25,-0.00741088,,,,
2018-09-26,-0.01194605,,,,
2018-09-27,0.00357736,,,,
2018-09-28,-0.00154391,,,,
2018-10-01,0.00471327,,,,
2018-10-02,0.01261852,,,,
2018-10-03,0.00512590,,,,
2018-10-04,-0.02277326,,,,
2018-10-05,-0.01907491,,,,
2018-10-08,0.00486141,,,,
2018-10-09,-0.00666371,,,,
2018-10-10,-0.09292103,,,,
2018-10-11,-0.00984289,,,,
2018-10-12,0.05442578,,,,
2018-10-15,-0.00091414,,,,
2018-10-16,0.15743042,,,,
2018-10-17,0.00000000,,,,
2018-10-18,0.00000000,,,,
2018-10-19,0.00010919,,,,
2018-10-22,0.00021852,,,,
2018-10-23,0.00000000,,,,
2018-10-24,-0.00091415,,,,
2018-10-25,0.12385144,,,,
2018-10-26,0.00010896,,,,
2018-10-29,0.00000000,,,,
2018-10-30,0.00000000,,,,
2018-10-31,0.00010925,,,,
2018-11-01,0.00022306,,,,
2018-11-02,0.00000000,,,,
2018-11-05,0.00010937,,,,
2018-11-06,0.00000000,,,,
2018-11-07,-0.00091407,,,,
2018-11-08,0.00559185,,,,
2018-11-09,-0.02372837,,,,
2018-11-12,-0.00010932,,,,
2018-11-13,0.00010933,,,,
2018-11-14,-0.00010932,,,,
2018-11-15,0.00032784,,,,
2018-11-16,0.00010929,,,,
2018-11-19,-0.00010928,,,,
2018-11-20,0.00021843,,,,
2018-11-21,0.00021854,,,,
2018-11-23,0.00000000,,,,
2018-11-26,0.00010925,,,,
2018-11-27,0.00000000,,,,
2018-11-28,-0.00091428,,,,
2018-11-29,-0.00330166,,,,
2018-11-30,0.01253355,,,,
2018-12-03,0.02546417,,,,
2018-12-04,-0.06451527,,,,
2018-12-06,0.00021864,,,,
2018-12-07,0.00010922,,,,
2018-12-10,-0.00091442,,,,
2018-12-11,0.01072130,,,,
2018-12-12,0.02519327,,,,
2018-12-13,0.00021578,,,,
2018-12-14,-0.07543110,,,,
2018-12-17,-0.06556202,,,,
2018-12-18,0.00000000,,,,
2018-12-19,-0.00010951,,,,
2018-12-20,-0.00080451,,,,
2018-12-21,-0.12947197,,,,
2018-12-24,-0.01431485,,,,
2018-12-26,0.12194557,,,,
2018-12-27,0.00032812,,,,
2018-12-28,0.00010934,,,,
2018-12-31,0.00010932,,,,
2019-01-02,-0.00010931,,,,
2019-01-03,0.00032797,,,,
2019-01-04,0.00010948,,,,
2019-01-07,-0.00102321,,,,
2019-01-08,0.04343213,,,,
2019-01-09,0.02545972,,,,
2019-01-10,0.01458129,,,,
2019-01-11,0.00194202,,,,
2019-01-14,-0.02985063,,,,
2019-01-15,0.02677314,,,,
2019-01-16,0.01945906,,,,
2019-01-17,0.02691358,,,,
2019-01-18,0.03141255,,,,
2019-01-22,-0.05143244,,,,
2019-01-23,0.00160353,,,,
2019-01-24,-0.00447137,,,,
2019-01-25,0.02176696,,,,
2019-01-28,-0.01716669,,,,
2019-01-29,-0.00643492,,,,
2019-01-30,0.03077142,,,,
2019-01-31,-0.00263799,,,,
2019-02-01,0.00204783,,,,
2019-02-04,0.01297823,,,,
2019-02-05,0.00217656,,,,
2019-02-06,-0.00439491,,,,
2019-02-07,-0.02322512,,,,
2019-02-08,-0.00857241,,,,
2019-02-11,0.02484884,,,,
2019-02-12,0.03670648,,,,
2019-02-13,0.00893278,,,,
2019-02-14,0.00676123,,,,
2019-02-15,0.04669005,,,,
2019-02-19,0.00840210,,,,
2019-02-20,0.01393721,,,,
2019-02-21,-0.01150447,,,,
2019-02-22,0.02614879,,,,
2019-02-25,0.00044184,,,,
2019-02-26,-0.02308587,,,,
2019-02-27,-0.00934487,,,,
2019-02-28,-0.00608769,,,,
2019-03-01,0.01891185,,,,
2019-03-04,-0.00923684,,,,
2019-03-05,0.00249627,,,,
2019-03-06,-0.01724136,,,,
2019-03-07,-0.03645228,,,,
2019-03-08,-0.00566442,,,,
2019-03-11,0.06246171,,,,
2019-03-12,0.01627735,,,,
2019-03-13,0.02166955,,,,
2019-03-14,-0.00442641,,,,
2019-03-15,0.02482398,,,,
2019-03-18,0.00903831,,,,
2019-03-19,0.01003224,,,,
2019-03-20,0.01153795,,,,
2019-03-21,0.04521065,,,,
2019-03-22,0.17315873,,,,
2019-03-25,-0.00627811,,,,
2019-03-26,0.01371844,,,,
2019-03-27,-0.01958691,,,,
2019-03-28,0.00635657,,,,
2019-03-29,0.02255913,,,,
2019-04-01,0.03935769,,,,
2019-04-02,0.01103752,,,,
2019-04-03,0.01729925,,,,
2019-04-04,-0.00148583,,,,
2019-04-05,0.01504612,,,,
2019-04-08,0.00781896,,,,
2019-04-09,-0.01099076,,,,
2019-04-10,0.01617919,,,,
2019-04-11,-0.00755871,,,,
2019-04-12,0.01231559,,,,
2019-04-15,0.00080045,,,,
2019-04-16,0.00975680,,,,
2019-04-17,0.00997941,,,,
2019-04-18,0.00313674,,,,
2019-04-22,0.00844284,,,,
2019-04-23,0.03689952,,,,
2019-04-24,0.02276444,,,,
2019-04-25,0.01010458,,,,
2019-04-26,-0.04954144,,,,
2019-04-29,0.02380958,,,,
2019-04-30,-0.00196248,,,,
2019-05-01,-0.01481108,,,,
2019-05-02,-0.01327912,,,,
2019-05-03,0.01773606,,,,
2019-05-06,-0.01893406,,,,
2019-05-07,-0.06029446,,,,
2019-05-08,-0.01444435,,,,
2019-05-09,-0.01126192,,,,
2019-05-10,0.00536715,,,,
2019-05-13,-0.00113231,,,,
2019-05-14,0.04736908,,,,
2019-05-15,0.00010920,,,,
2019-05-16,0.00010919,,,,
2019-05-17,0.00010927,,,,
2019-05-20,0.00010926,,,,
2019-05-21,0.00000000,,,,
2019-05-22,0.00021849,,,,
2019-05-23,0.00021845,,,,
2019-05-24,0.00000000,,,,
2019-05-28,0.00010920,,,,
2019-05-29,-0.00102438,,,,
2019-05-30,0.01208017,,,,
2019-05-31,-0.00102427,,,,
2019-06-03,-0.00446483,,,,
2019-06-04,0.05356085,,,,
2019-06-05,-0.00000009,,,,
2019-06-06,0.00032797,,,,
2019-06-07,-0.00113220,,,,
2019-06-10,0.00881548,,,,
2019-06-11,-0.00246699,,,,
2019-06-12,-0.00353224,,,,
2019-06-13,0.00873789,,,,
2019-06-14,-0.00454410,,,,
2019-06-17,0.00174188,,,,
2019-06-18,0.04122328,,,,
2019-06-19,0.00294725,,,,
2019-06-20,0.02879814,,,,
2019-06-21,-0.00437972,,,,
2019-06-24,0.00124320,,,,
2019-06-25,-0.02028561,,,,
2019-06-26,-0.00195464,,,,
2019-06-27,-0.00254605,,,,
2019-06-28,0.00834479,,,,
2019-07-01,0.01210184,,,,
2019-07-02,0.00434764,,,,
2019-07-03,0.02210731,,,,
2019-07-05,-0.00538403,,,,
2019-07-08,-0.01213620,,,,
2019-07-09,0.00234764,,,,
2019-07-10,0.00745678,,,,
2019-07-11,-0.00370751,,,,
2019-07-12,0.02544468,,,,
2019-07-15,0.00323644,,,,
2019-07-16,-0.00134413,,,,
2019-07-17,-0.01337046,,,,
2019-07-18,-0.00063662,,,,
2019-07-19,-0.00591555,,,,
2019-07-22,0.00238029,,,,
2019-07-23,0.01826654,,,,
2019-07-24,-0.00989878,,,,
2019-07-25,-0.02956606,,,,
2019-07-26,0.01330483,,,,
2019-07-29,-0.00330141,,,,
2019-07-30,-0.00599598,,,,
2019-07-31,-0.02310088,,,,
2019-08-01,-0.04380263,,,,
2019-08-02,-0.03435688,,,,
2019-08-05,-0.09116927,,,,
2019-08-06,0.02831366,,,,
2019-08-07,0.00021846,,,,
2019-08-08,0.00010925,,,,
2019-08-09,-0.00010924,,,,
2019-08-12,0.00010925,,,,
2019-08-13,0.00021859,,,,
2019-08-14,-0.00010922,,,,
2019-08-15,0.00043702,,,,
2019-08-16,-0.00010918,,,,
2019-08-19,0.00000000,,,,
2019-08-20,0.00010919,,,,
2019-08-21,-0.00113235,,,,
2019-08-22,-0.01071476,,,,
2019-08-23,-0.00010937,,,,
2019-08-26,0.00010918,,,,
2019-08-27,0.00010906,,,,
2019-08-28,-0.00010925,,,,
2019-08-29,-0.00080486,,,,
2019-08-30,0.00303139,,,,
2019-09-03,-0.03142315,,,,
2019-09-04,0.02212044,,,,
2019-09-05,0.02619394,,,,
2019-09-06,0.00132303,,,,
2019-09-09,-0.00033462,,,,
2019-09-10,0.00670294,,,,
2019-09-11,0.02310750,,,,
2019-09-12,-0.00005209,,,,
2019-09-13,0.00433658,,,,
2019-09-16,-0.01791486,,,,
2019-09-17,-0.00844776,,,,
2019-09-18,-0.02029361,,,,
2019-09-19,-0.00060994,,,,
2019-09-20,-0.01029505,,,,
2019-09-23,0.00023116,,,,
2019-09-24,-0.01696316,,,,
2019-09-25,0.01788794,,,,
2019-09-26,-0.00859805,,,,
2019-09-27,-0.01010203,,,,
2019-09-30,0.01137828,,,,
2019-10-01,-0.00003262,,,,
2019-10-02,0.00000000,,,,
2019-10-03,0.00032799,,,,
2019-10-04,0.00000000,,,,
2019-10-07,0.00010929,,,,
2019-10-08,0.00000000,,,,
2019-10-09,0.00000000,,,,
2019-10-10,0.00021867,,,,
2019-10-11,-0.00091410,,,,
2019-10-14,0.00110330,,,,
2019-10-15,0.03794661,,,,
2019-10-16,-0.00743323,,,,
2019-10-17,0.00687773,,,,
2019-10-18,-0.02970491,,,,
2019-10-21,0.02897515,,,,
2019-10-22,0.00188872,,,,
2019-10-23,0.00342754,,,,
2019-10-24,-0.00375743,,,,
2019-10-25,0.01577230,,,,
2019-10-28,0.02447263,,,,
2019-10-29,0.01103788,,,,
2019-10-30,-0.01079062,,,,
2019-10-31,-0.00712736,,,,
2019-11-01,0.02606018,,,,
2019-11-04,0.00601082,,,,
2019-11-05,-0.00464429,,,,
2019-11-06,-0.01775947,,,,
2019-11-07,0.00575295,,,,
2019-11-08,-0.00094010,,,,
2019-11-11,-0.00492680,,,,
2019-11-12,0.00184665,,,,
2019-11-13,0.00860256,,,,
2019-11-14,0.00087034,,,,
2019-11-15,0.02443469,,,,
2019-11-18,0.00271628,,,,
2019-11-19,-0.01159834,,,,
2019-11-20,-0.01175515,,,,
2019-11-21,-0.00328546,,,,
2019-11-22,0.00408434,,,,
2019-11-25,0.01527145,,,,
2019-11-26,0.00463907,,,,
2019-11-27,0.00860568,,,,
2019-11-29,-0.00886217,,,,
2019-12-02,-0.02666140,,,,
2019-12-03,-0.01495318,,,,
2019-12-04,0.02040168,,,,
2019-12-05,0.00259461,,,,
2019-12-06,0.03409951,,,,
2019-12-09,-0.00588838,,,,
2019-12-10,0.00177697,,,,
2019-12-11,-0.00044341,,,,
2019-12-12,0.02602774,,,,
2019-12-13,-0.01398204,,,,
2019-12-16,0.01989808,,,,
2019-12-17,0.00133885,,,,
2019-12-18,0.00230975,,,,
2019-12-19,0.02037604,,,,
2019-12-20,0.01083399,,,,
2019-12-23,0.00372515,,,,
2019-12-24,-0.01552812,,,,
2019-12-26,-0.00315459,,,,
2019-12-27,0.03085442,,,,
2019-12-30,0.05341338,,,,
2019-12-31,0.00569354,,,,
2020-01-02,0.04847662,,,,
2020-01-03,0.07145279,,,,
2020-01-06,0.01901087,,,,
2020-01-07,-0.00122161,,,,
2020-01-08,0.02301533,,,,
2020-01-09,0.02521471,,,,
2020-01-10,-0.00816288,,,,
2020-01-13,0.03495087,,,,
2020-01-14,-0.01166992,,,,
2020-01-15,0.00062692,,,,
2020-01-16,0.02788215,,,,
2020-01-17,0.01388198,,,,
2020-01-21,-0.00000006,,,,
2020-01-22,0.00336355,,,,
2020-01-23,0.00315219,,,,
2020-01-24,0.08810775,,,,
2020-01-27,-0.06182348,,,,
2020-01-28,0.04648400,,,,
2020-01-29,0.00360714,,,,
2020-01-30,0.01129590,,,,
2020-01-31,-0.04914696,,,,
2020-02-03,0.04592044,,,,
2020-02-04,0.06830718,,,,
2020-02-05,0.01156453,,,,
2020-02-06,0.02437641,,,,
2020-02-07,-0.01291268,,,,
2020-02-10,0.03606803,,,,
2020-02-11,0.00072145,,,,
2020-02-12,0.02928987,,,,
2020-02-13,-0.00385256,,,,
2020-02-14,0.00676800,,,,
2020-02-18,0.00174608,,,,
2020-02-19,0.02893501,,,,
2020-02-20,-0.02846006,,,,
2020-02-21,-0.05719269,,,,
2020-02-24,-0.11522099,,,,
2020-02-25,-0.08089473,,,,
2020-02-26,0.01375947,,,,
2020-02-27,-0.15040986,,,,
2020-02-28,0.01004882,,,,
2020-03-02,0.09298832,,,,
2020-03-03,0.00021854,,,,
2020-03-04,0.00043712,,,,
2020-03-05,0.00021853,,,,
2020-03-06,0.00000000,,,,
2020-03-09,-0.00058663,,,,
2020-03-10,0.10607667,,,,
2020-03-11,0.00021834,,,,
2020-03-12,-0.00091369,,,,
2020-03-13,0.18907448,,,,
2020-03-16,-0.00091376,,,,
2020-03-17,0.01009953,,,,
2020-03-18,0.00021822,,,,
2020-03-19,-0.00021827,,,,
2020-03-20,0.00032735,,,,
2020-03-23,-0.00021820,,,,
2020-03-24,0.00000000,,,,
2020-03-25,0.00000000,,,,
2020-03-26,0.00000000,,,,
2020-03-27,-0.00021830,,,,
2020-03-30,0.00000000,,,,
2020-03-31,0.00010915,,,,
2020-04-01,-0.00008445,,,,
2020-04-02,0.00010925,,,,
2020-04-03,-0.00032760,,,,
2020-04-06,-0.00091392,,,,
2020-04-07,0.00096333,,,,
2020-04-08,0.06727269,,,,
2020-04-09,0.02976249,,,,
2020-04-13,-0.01950736,,,,
2020-04-14,0.12975078,,,,
2020-04-15,-0.03317174,,,,
2020-04-16,0.05356845,,,,
2020-04-17,0.02503844,,,,
2020-04-20,-0.03236933,,,,
2020-04-21,-0.11057763,,,,
2020-04-22,0.08845550,,,,
2020-04-23,-0.00655895,,,,
2020-04-24,0.04830915,,,,
2020-04-27,0.01950847,,,,
2020-04-28,-0.05508079,,,,
2020-04-29,0.13989159,,,,
2020-04-30,-0.11136732,,,,
2020-05-01,-0.08972332,,,,
2020-05-04,0.03526989,,,,
2020-05-05,0.03193915,,,,
2020-05-06,0.01974940,,,,
2020-05-07,0.03902298,,,,
2020-05-08,0.04033938,,,,
2020-05-11,0.02486964,,,,
2020-05-12,-0.05949120,,,,
2020-05-13,-0.03786935,,,,
2020-05-14,0.03316033,,,,
2020-05-15,0.01716440,,,,
2020-05-18,0.05789552,,,,
2020-05-19,-0.00765148,,,,
2020-05-20,0.05854679,,,,
2020-05-21,-0.03074074,,,,
2020-05-22,0.00904344,,,,
2020-05-26,-0.00520256,,,,
2020-05-27,0.09589562,,,,
2020-05-28,-0.07095964,,,,
2020-05-29,0.00658854,,,,
2020-06-01,0.01232321,,,,
2020-06-02,0.01993075,,,,
2020-06-03,0.01251994,,,,
2020-06-04,0.00145958,,,,
2020-06-05,0.09182330,,,,
2020-06-08,0.05379788,,,,
2020-06-09,-0.03178253,,,,
2020-06-10,0.03501213,,,,
2020-06-11,0.50011550,,,,
2020-06-12,0.02168674,,,,
2020-06-15,0.03525939,,,,
2020-06-16,0.05285335,,,,
2020-06-17,0.00973713,,,,
2020-06-18,0.00771454,,,,
2020-06-19,-0.00138229,,,,
2020-06-22,0.03556217,,,,
2020-06-23,0.02611551,,,,
2020-06-24,-0.05891783,,,,
2020-06-25,0.02651191,,,,
2020-06-26,-0.07188049,,,,
2020-06-29,0.03196241,,,,
2020-06-30,0.05750487,,,,
2020-07-01,0.03573986,,,,
2020-07-02,0.02125772,,,,
2020-07-06,0.07348244,,,,
2020-07-07,-0.01966089,,,,
2020-07-08,0.03845439,,,,
2020-07-09,0.02498229,,,,
2020-07-10,0.02117550,,,,
2020-07-13,-0.06178588,,,,
2020-07-14,0.02119979,,,,
2020-07-15,0.00494703,,,,
2020-07-16,-0.02246167,,,,
2020-07-17,0.00503589,,,,
2020-07-20,0.01582464,,,,
2020-07-21,-0.03297240,,,,
2020-07-22,0.01133818,,,,
2020-07-23,-0.02428722,,,,
2020-07-24,-0.04801459,,,,
2020-07-27,0.01407509,,,,
2020-07-28,-0.01219958,,,,
2020-07-29,0.02297811,,,,
2020-07-30,-0.00912649,,,,
2020-07-31,-0.03027354,,,,
2020-08-03,0.01381527,,,,
2020-08-04,0.00741369,,,,
2020-08-05,0.01261564,,,,
2020-08-06,0.01335822,,,,
2020-08-07,0.00012855,,,,
2020-08-10,0.03259001,,,,
2020-08-11,-0.01827242,,,,
2020-08-12,0.01136960,,,,
2020-08-13,-0.00712770,,,,
2020-08-14,0.00239290,,,,
2020-08-17,-0.00843619,,,,
2020-08-18,-0.02952077,,,,
2020-08-19,-0.01254550,,,,
2020-08-20,0.00590921,,,,
2020-08-21,0.00563756,,,,
2020-08-24,0.03056693,,,,
2020-08-25,0.01010768,,,,
2020-08-26,0.02945380,,,,
2020-08-27,0.04423143,,,,
2020-08-28,0.01961712,,,,
2020-08-31,-0.01234157,,,,
2020-09-01,0.02604854,,,,
2020-09-02,0.03614455,,,,
2020-09-03,0.19894159,,,,
2020-09-04,-0.01652996,,,,
2020-09-08,-0.06784445,,,,
2020-09-09,0.04856540,,,,
2020-09-10,-0.04317812,,,,
2020-09-11,0.01429884,,,,
2020-09-14,0.03462838,,,,
2020-09-15,-0.00021850,,,,
2020-09-16,0.00021853,,,,
2020-09-17,-0.00000001,,,,
2020-09-18,-0.00021850,,,,
2020-09-21,-0.00000001,,,,
2020-09-22,-0.00000001,,,,
2020-09-23,-0.00000001,,,,
2020-09-24,0.00010925,,,,
2020-09-25,-0.00010926,,,,
2020-09-28,0.00010925,,,,
2020-09-29,-0.00000001,,,,
2020-09-30,-0.00113204,,,,
2020-10-01,0.04682962,,,,
2020-10-02,-0.08341068,,,,
2020-10-05,0.08228043,,,,
2020-10-06,-0.00968110,,,,
2020-10-07,0.06699249,,,,
2020-10-08,0.03395310,,,,
2020-10-09,0.01511596,,,,
2020-10-12,0.01976892,,,,
2020-10-13,-0.02064452,,,,
2020-10-14,-0.02827764,,,,
2020-10-15,0.03095236,,,,
2020-10-16,-0.00872467,,,,
2020-10-19,-0.03572353,,,,
2020-10-20,0.00617446,,,,
2020-10-21,-0.02508004,,,,
2020-10-22,0.05145045,,,,
2020-10-23,0.01717853,,,,
2020-10-26,-0.06422721,,,,
2020-10-27,-0.02670384,,,,
2020-10-28,-0.11826011,,,,
2020-10-29,0.00010924,,,,
2020-10-30,-0.00000001,,,,
2020-11-02,-0.00000001,,,,
2020-11-03,-0.00000001,,,,
2020-11-04,-0.00113200,,,,
2020-11-05,0.07717016,,,,
2020-11-06,0.00337993,,,,
2020-11-09,-0.06199929,,,,
2020-11-10,0.05248772,,,,
2020-11-11,-0.00102277,,,,
2020-11-12,-0.04819277,,,,
2020-11-13,0.06260065,,,,
2020-11-16,0.07060861,,,,
2020-11-17,0.01577987,,,,
2020-11-18,-0.04222267,,,,
2020-11-19,0.02141816,,,,
2020-11-20,0.00244300,,,,
2020-11-23,0.05889518,,,,
2020-11-24,0.05427692,,,,
2020-11-25,-0.00982354,,,,
2020-11-27,0.01304427,,,,
2020-11-30,-0.05664366,,,,
2020-12-01,0.03929878,,,,
2020-12-02,0.00401876,,,,
2020-12-03,0.00406327,,,,
2020-12-04,0.01121907,,,,
2020-12-07,0.00137062,,,,
2020-12-08,0.00811423,,,,
2020-12-09,-0.02186779,,,,
2020-12-10,0.02958477,,,,
2020-12-11,-0.01600000,,,,
2020-12-14,0.00464576,,,,
2020-12-15,0.07415356,,,,
2020-12-16,-0.00953260,,,,
2020-12-17,0.03508224,,,,
2020-12-18,-0.01364727,,,,
2020-12-21,-0.00243274,,,,
2020-12-22,0.03308445,,,,
2020-12-23,0.02626530,,,,
2020-12-24,-0.00258807,,,,
2020-12-28,-0.01182068,,,,
2020-12-29,-0.05902381,,,,
2020-12-30,-0.00016631,,,,
2020-12-31,0.00781641,,,,
2021-01-04,-0.04372937,,,,
2021-01-05,0.02507908,,,,
2021-01-06,-0.04234276,,,,
2021-01-07,0.05384406,,,,
2021-01-08,-0.00737164,,,,
2021-01-11,-0.00128041,,,,
2021-01-12,0.05269228,,,,
2021-01-13,-0.02070394,,,,
2021-01-14,0.05969406,,,,
2021-01-15,-0.04424363,,,,
2021-01-19,0.03781924,,,,
2021-01-20,0.01336960,,,,
2021-01-21,-0.02668236,,,,
2021-01-22,-0.01008850,,,,
2021-01-25,-0.00437994,,,,
2021-01-26,0.00106475,,,,
2021-01-27,-0.08158796,,,,
2021-01-28,-0.01193172,,,,
2021-01-29,-0.06229266,,,,
2021-02-01,0.07240065,,,,
2021-02-02,0.04037481,,,,
2021-02-03,-0.01250747,,,,
2021-02-04,0.06204378,,,,
2021-02-05,0.04145880,,,,
2021-02-08,0.07472057,,,,
2021-02-09,0.01574725,,,,
2021-02-10,-0.02018331,,,,
2021-02-11,-0.00358246,,,,
2021-02-12,0.00808947,,,,
2021-02-16,-0.02041993,,,,
2021-02-17,-0.00042967,,,,
2021-02-18,-0.01087438,,,,
2021-02-19,-0.00107262,,,,
2021-02-22,0.00402650,,,,
2021-02-23,0.00115852,,,,
2021-02-24,0.03961190,,,,
2021-02-25,-0.05274425,,,,
2021-02-26,-0.04410043,,,,
2021-03-01,-0.00010928,,,,
2021-03-02,-0.00000001,,,,
2021-03-03,0.00010928,,,,
2021-03-04,-0.00102269,,,,
2021-03-05,0.06909824,,,,
2021-03-08,-0.00113187,,,,
2021-03-09,0.14390436,,,,
2021-03-10,-0.00000001,,,,
2021-03-11,0.00010928,,,,
2021-03-12,-0.00010928,,,,
2021-03-15,-0.00000001,,,,
2021-03-16,-0.00102279,,,,
2021-03-17,0.01660603,,,,
2021-03-18,-0.01307099,,,,
2021-03-19,-0.00000001,,,,
2021-03-22,-0.00102279,,,,
2021-03-23,-0.02891641,,,,
2021-03-24,0.00008222,,,,
2021-03-25,0.01825509,,,,
2021-03-26,0.04053943,,,,
2021-03-29,0.01016684,,,,
2021-03-30,-0.00868162,,,,
2021-03-31,-0.00534761,,,,
2021-04-01,0.01072686,,,,
2021-04-05,0.02872186,,,,
2021-04-06,-0.00214231,,,,
2021-04-07,0.00401893,,,,
2021-04-08,0.01365083,,,,
2021-04-09,0.02176993,,,,
2021-04-12,0.00089188,,,,
2021-04-13,0.00841583,,,,
2021-04-14,-0.01063643,,,,
2021-04-15,0.02000851,,,,
2021-04-16,0.01075886,,,,
2021-04-19,-0.01602497,,,,
2021-04-20,-0.01497458,,,,
2021-04-21,0.01864081,,,,
2021-04-22,-0.01803323,,,,
2021-04-23,0.02144020,,,,
2021-04-26,0.00425119,,,,
2021-04-27,-0.00061735,,,,
2021-04-28,-0.00123545,,,,
2021-04-29,0.01298815,,,,
2021-04-30,-0.01299609,,,,
2021-05-03,0.00303461,,,,
2021-05-04,-0.01946587,,,,
2021-05-05,0.00010930,,,,
2021-05-06,-0.00000001,,,,
2021-05-07,-0.00010930,,,,
2021-05-10,-0.00000001,,,,
2021-05-11,-0.00000001,,,,
2021-05-12,-0.00113196,,,,
2021-05-13,0.03830432,,,,
2021-05-14,-0.00000001,,,,
2021-05-17,0.00010930,,,,
2021-05-18,-0.00000001,,,,
2021-05-19,-0.00010930,,,,
2021-05-20,-0.00000001,,,,
2021-05-21,0.00010930,,,,
2021-05-24,-0.00113199,,,,
2021-05-25,-0.00514846,,,,
2021-05-26,0.01012083,,,,
2021-05-27,-0.01268736,,,,
2021-05-28,-0.00209093,,,,
2021-06-01,0.00141931,,,,
2021-06-02,0.00279704,,,,
2021-06-03,-0.02702881,,,,
2021-06-04,0.01585797,,,,
2021-06-07,-0.01288819,,,,
2021-06-08,0.03159906,,,,
2021-06-09,-0.01980295,,,,
2021-06-10,-0.02249714,,,,
2021-06-11,0.00793650,,,,
2021-06-14,0.02801683,,,,
2021-06-15,-0.01852509,,,,
2021-06-16,-0.01070782,,,,
2021-06-17,0.03733258,,,,
2021-06-18,-0.02387479,,,,
2021-06-21,0.01829875,,,,
2021-06-22,0.02793345,,,,
2021-06-23,0.00173084,,,,
2021-06-24,0.01840173,,,,
2021-06-25,-0.00313879,,,,
2021-06-28,0.03540121,,,,
2021-06-29,0.01125995,,,,
2021-06-30,-0.00438883,,,,
2021-07-01,0.00048979,,,,
2021-07-02,0.03288229,,,,
2021-07-06,0.02307674,,,,
2021-07-07,0.00427959,,,,
2021-07-08,0.09582687,,,,
2021-07-09,0.01692911,,,,
2021-07-12,0.01254353,,,,
2021-07-13,-0.00053527,,,,
2021-07-14,0.00543226,,,,
2021-07-15,-0.02069855,,,,
2021-07-16,-0.02455516,,,,
2021-07-19,-0.02397832,,,,
2021-07-20,0.03297420,,,,
2021-07-21,0.02283500,,,,
2021-07-22,0.02101197,,,,
2021-07-23,0.03321478,,,,
2021-07-26,0.00417398,,,,
2021-07-27,-0.03366095,,,,
2021-07-28,-0.00266379,,,,
2021-07-29,0.00389192,,,,
2021-07-30,-0.01619649,,,,
2021-08-02,-0.00030134,,,,
2021-08-03,0.01740766,,,,
2021-08-04,0.00496261,,,,
2021-08-05,0.01879422,,,,
2021-08-06,-0.01403310,,,,
2021-08-09,-0.00414981,,,,
2021-08-10,-0.01595553,,,,
2021-08-11,0.00511006,,,,
2021-08-12,0.00563159,,,,
2021-08-13,0.00388895,,,,
2021-08-16,0.00480358,,,,
2021-08-17,-0.01287687,,,,
2021-08-18,-0.02326420,,,,
2021-08-19,-0.00707607,,,,
2021-08-20,-0.00102274,,,,
2021-08-23,0.02451975,,,,
2021-08-24,0.00986958,,,,
2021-08-25,0.00111692,,,,
2021-08-26,-0.01694442,,,,
2021-08-27,0.02922398,,,,
2021-08-30,0.03314953,,,,
2021-08-31,-0.00280168,,,,
2021-09-01,0.00548532,,,,
2021-09-02,-0.00139711,,,,
2021-09-03,0.00899398,,,,
2021-09-07,0.00409378,,,,
2021-09-08,-0.01025845,,,,
2021-09-09,-0.01069698,,,,
2021-09-10,-0.02249830,,,,
2021-09-13,-0.00226727,,,,
2021-09-14,-0.00860765,,,,
2021-09-15,0.02215739,,,,
2021-09-16,0.00197065,,,,
2021-09-17,-0.03632254,,,,
2021-09-20,-0.07114455,,,,
2021-09-21,-0.00000000,,,,
2021-09-22,0.04139827,,,,
2021-09-23,0.00010934,,,,
2021-09-24,-0.00010934,,,,
2021-09-27,-0.00000000,,,,
2021-09-28,-0.00102278,,,,
2021-09-29,-0.00244434,,,,
2021-09-30,-0.00939287,,,,
2021-10-01,0.01242839,,,,
2021-10-04,-0.00124116,,,,
2021-10-05,0.01301457,,,,
2021-10-06,-0.00000000,,,,
2021-10-07,-0.00000000,,,,
2021-10-08,-0.00000000,,,,
2021-10-11,-0.00000000,,,,
2021-10-12,-0.00000000,,,,
2021-10-13,-0.00000000,,,,
2021-10-14,-0.00113196,,,,
2021-10-15,-0.01015610,,,,
2021-10-18,-0.00448740,,,,
2021-10-19,0.01484841,,,,
2021-10-20,0.00773254,,,,
2021-10-21,0.00556684,,,,
2021-10-22,-0.00224435,,,,
2021-10-25,0.01019720,,,,
2021-10-26,0.00127378,,,,
2021-10-27,-0.01463630,,,,
2021-10-28,0.03282894,,,,
2021-10-29,0.01478088,,,,
2021-11-01,0.00986078,,,,
2021-11-02,0.01333844,,,,
2021-11-03,0.03068519,,,,
2021-11-04,0.02118932,,,,
2021-11-05,0.05421685,,,,
2021-11-08,0.00126984,,,,
2021-11-09,0.02558544,,,,
2021-11-10,-0.01635991,,,,
2021-11-11,-0.00030788,,,,
2021-11-12,0.00130869,,,,
2021-11-15,0.00028234,,,,
2021-11-16,0.00665986,,,,
2021-11-17,-0.00859919,,,,
2021-11-18,0.03058807,,,,
2021-11-19,0.01693551,,,,
2021-11-22,-0.03466184,,,,
2021-11-23,-0.01463586,,,,
2021-11-24,0.00414849,,,,
2021-11-26,-0.04425422,,,,
2021-11-29,0.06211141,,,,
2021-11-30,-0.04296670,,,,
2021-12-01,-0.05131812,,,,
2021-12-02,0.01882656,,,,
2021-12-03,-0.05121981,,,,
2021-12-06,-0.00000000,,,,
2021-12-07,-0.00102277,,,,
2021-12-08,0.00514771,,,,
2021-12-09,-0.01455072,,,,
2021-12-10,-0.00091351,,,,
2021-12-13,-0.02682265,,,,
2021-12-14,-0.00000000,,,,
2021-12-15,-0.00102277,,,,
2021-12-16,-0.00418600,,,,
2021-12-17,0.00010937,,,,
2021-12-20,-0.00010937,,,,
2021-12-21,-0.00010938,,,,
2021-12-22,-0.00102277,,,,
2021-12-23,0.01241739,,,,
2021-12-27,0.02829336,,,,
2021-12-28,-0.00155489,,,,
2021-12-29,0.00141048,,,,
2021-12-30,-0.00746705,,,,
2021-12-31,-0.00540731,,,,
2022-01-03,0.02021038,,,,
2022-01-04,0.01760888,,,,
2022-01-05,-0.03153461,,,,
2022-01-06,-0.01363583,,,,
2022-01-07,-0.00023835,,,,
2022-01-10,-0.01323161,,,,
2022-01-11,0.01357747,,,,
2022-01-12,0.00010938,,,,
2022-01-13,0.00010939,,,,
2022-01-14,-0.00000000,,,,
2022-01-18,-0.00021875,,,,
2022-01-19,-0.00080413,,,,
2022-01-20,-0.05027376,,,,
2022-01-21,-0.06384962,,,,
2022-01-24,0.01213870,,,,
2022-01-25,-0.04997144,,,,
2022-01-26,0.00165316,,,,
2022-01-27,-0.02325583,,,,
2022-01-28,0.06296444,,,,
2022-01-31,0.00021879,,,,
2022-02-01,-0.00010939,,,,
2022-02-02,0.00010939,,,,
2022-02-03,-0.00000001,,,,
2022-02-04,-0.00021875,,,,
2022-02-07,-0.00000001,,,,
2022-02-08,0.00010939,,,,
2022-02-09,-0.00113204,,,,
2022-02-10,-0.04481607,,,,
2022-02-11,-0.00102275,,,,
2022-02-14,-0.00885247,,,,
2022-02-15,0.08038369,,,,
2022-02-16,0.00356480,,,,
2022-02-17,-0.00010939,,,,
2022-02-18,0.00010939,,,,
2022-02-22,-0.00000000,,,,
2022-02-23,-0.00113206,,,,
2022-02-24,0.06590572,,,,
2022-02-25,-0.00000000,,,,
2022-02-28,-0.00000000,,,,
2022-03-01,-0.00000000,,,,
2022-03-02,-0.00000000,,,,
2022-03-03,0.00010939,,,,
2022-03-04,-0.00000000,,,,
2022-03-07,-0.00000000,,,,
2022-03-08,-0.00000000,,,,
2022-03-09,-0.00000000,,,,
2022-03-10,-0.00000000,,,,
2022-03-11,-0.00010938,,,,
2022-03-14,0.00010939,,,,
2022-03-15,-0.00021877,,,,
2022-03-16,-0.00080420,,,,
2022-03-17,0.03574009,,,,
2022-03-18,0.02319084,,,,
2022-03-21,-0.01793792,,,,
2022-03-22,0.02262372,,,,
2022-03-23,-0.02566893,,,,
2022-03-24,0.02997790,,,,
2022-03-25,0.00965072,,,,
2022-03-28,0.01395841,,,,
2022-03-29,0.02453683,,,,
2022-03-30,-0.01939491,,,,
2022-03-31,-0.03186443,,,,
2022-04-01,-0.00531722,,,,
2022-04-04,0.01609990,,,,
2022-04-05,-0.06708216,,,,
2022-04-06,-0.02049245,,,,
2022-04-07,0.00999220,,,,
2022-04-08,-0.00612089,,,,
2022-04-11,-0.03675260,,,,
2022-04-12,-0.00783030,,,,
2022-04-13,0.02979438,,,,
2022-04-14,-0.00010939,,,,
2022-04-18,0.00010939,,,,
2022-04-19,-0.00010939,,,,
2022-04-20,0.00021880,,,,
2022-04-21,-0.00000000,,,,
2022-04-22,-0.00010939,,,,
2022-04-25,0.00010939,,,,
2022-04-26,-0.00113198,,,,
2022-04-27,-0.02835333,,,,
2022-04-28,0.00794825,,,,
2022-04-29,-0.00021874,,,,
2022-05-02,0.00010939,,,,
2022-05-03,-0.00010939,,,,
2022-05-04,0.00021878,,,,
2022-05-05,-0.00000000,,,,
2022-05-06,-0.00000000,,,,
2022-05-09,-0.00113197,,,,
2022-05-10,0.14950907,,,,
2022-05-11,-0.00102272,,,,
2022-05-12,0.10869562,,,,
2022-05-13,0.16155693,,,,
2022-05-16,-0.00010935,,,,
2022-05-17,-0.00000000,,,,
2022-05-18,-0.00000000,,,,
2022-05-19,0.00021871,,,,
2022-05-20,-0.00000000,,,,
2022-05-23,-0.00000000,,,,
2022-05-24,-0.00010934,,,,
2022-05-25,0.00010934,,,,
2022-05-26,0.00021868,,,,
2022-05-27,-0.00124120,,,,
2022-05-31,-0.01699535,,,,
2022-06-01,-0.01663677,,,,
2022-06-02,0.03930999,,,,
2022-06-03,-0.03147436,,,,
2022-06-06,0.01175949,,,,
2022-06-07,0.04736840,,,,
2022-06-08,-0.04480735,,,,
2022-06-09,-0.06247260,,,,
2022-06-10,-0.08206685,,,,
2022-06-13,-0.14034636,,,,
2022-06-14,-0.01274075,,,,
2022-06-15,0.03945013,,,,
2022-06-16,0.00021874,,,,
2022-06-17,-0.00010935,,,,
2022-06-21,0.00021873,,,,
2022-06-22,0.00010933,,,,
2022-06-23,-0.00000000,,,,
2022-06-24,-0.00021866,,,,
2022-06-27,-0.00000000,,,,
2022-06-28,0.00021870,,,,
2022-06-29,0.00010932,,,,
2022-06-30,0.00010931,,,,
2022-07-01,-0.00007804,,,,
2022-07-05,-0.00000000,,,,
2022-07-06,-0.00102293,,,,
2022-07-07,0.06197393,,,,
2022-07-08,0.00468298,,,,
2022-07-11,-0.06382212,,,,
2022-07-12,-0.02910765,,,,
2022-07-13,-0.00631164,,,,
2022-07-14,0.01032153,,,,
2022-07-15,0.05265225,,,,
2022-07-18,-0.02314290,,,,
2022-07-19,0.08639069,,,,
2022-07-20,0.04771946,,,,
2022-07-21,0.01355579,,,,
2022-07-22,-0.05328144,,,,
2022-07-25,0.00813911,,,,
2022-07-26,-0.02357001,,,,
2022-07-27,0.06743331,,,,
2022-07-28,0.04187072,,,,
2022-07-29,0.01916698,,,,
2022-08-01,-0.00739751,,,,
2022-08-02,-0.00253634,,,,
2022-08-03,0.04276468,,,,
2022-08-04,-0.00523142,,,,
2022-08-05,-0.02478925,,,,
2022-08-08,0.03159730,,,,
2022-08-09,-0.04182509,,,,
2022-08-10,0.08619928,,,,
2022-08-11,0.01014814,,,,
2022-08-12,0.06088004,,,,
2022-08-15,0.01022727,,,,
2022-08-16,-0.00289616,,,,
2022-08-17,-0.01410159,,,,
2022-08-18,0.00322977,,,,
2022-08-19,-0.02575502,,,,
2022-08-22,-0.05586153,,,,
2022-08-23,-0.01600832,,,,
2022-08-24,0.02354233,,,,
2022-08-25,0.04514187,,,,
2022-08-26,-0.10088028,,,,
2022-08-29,-0.00000000,,,,
2022-08-30,0.00010926,,,,
2022-08-31,0.00021851,,,,
2022-09-01,0.00020193,,,,
2022-09-02,-0.00091353,,,,
2022-09-06,-0.02058151,,,,
2022-09-07,0.04629268,,,,
2022-09-08,0.00021869,,,,
2022-09-09,-0.00000000,,,,
2022-09-12,-0.00010934,,,,
2022-09-13,0.00021867,,,,
2022-09-14,-0.00000000,,,,
2022-09-15,0.00032794,,,,
2022-09-16,-0.00000000,,,,
2022-09-19,-0.00000000,,,,
2022-09-20,-0.00010929,,,,
2022-09-21,0.00021857,,,,
2022-09-22,-0.00058619,,,,
2022-09-23,-0.03897639,,,,
2022-09-26,-0.02312338,,,,
2022-09-27,0.00654367,,,,
2022-09-28,0.02854151,,,,
2022-09-29,-0.00080465,,,,
2022-09-30,-0.05706758,,,,
2022-10-03,0.08873525,,,,
2022-10-04,0.00032815,,,,
2022-10-05,-0.00000000,,,,
2022-10-06,0.00021870,,,,
2022-10-07,-0.00000000,,,,
2022-10-10,0.00010931,,,,
2022-10-11,-0.00102271,,,,
2022-10-12,-0.00600396,,,,
2022-10-13,0.02954636,,,,
2022-10-14,-0.00000000,,,,
2022-10-17,-0.00000000,,,,
2022-10-18,-0.00000000,,,,
2022-10-19,-0.00000000,,,,
2022-10-20,0.00043711,,,,
2022-10-21,-0.00091369,,,,
2022-10-24,0.04110442,,,,
2022-10-25,0.03210368,,,,
2022-10-26,-0.00000000,,,,
2022-10-27,0.01769778,,,,
2022-10-28,-0.00113185,,,,
2022-10-31,-0.01041666,,,,
2022-11-01,-0.00874218,,,,
2022-11-02,-0.04679626,,,,
2022-11-03,-0.01510573,,,,
2022-11-04,0.03968556,,,,
2022-11-07,0.03946152,,,,
2022-11-08,0.02821768,,,,
2022-11-09,0.00054662,,,,
2022-11-10,-0.00091361,,,,
2022-11-11,0.00395778,,,,
2022-11-14,-0.01724706,,,,
2022-11-15,0.00317568,,,,
2022-11-16,-0.00099968,,,,
2022-11-17,-0.00050034,,,,
2022-11-18,0.01718671,,,,
2022-11-21,-0.00377294,,,,
2022-11-22,0.03424992,,,,
2022-11-23,0.00875656,,,,
2022-11-25,0.01199494,,,,
2022-11-28,-0.04351215,,,,
2022-11-29,-0.00048916,,,,
2022-11-30,0.06704730,,,,
2022-12-01,-0.01528818,,,,
2022-12-02,0.00310511,,,,
2022-12-05,-0.04163444,,,,
2022-12-06,-0.03165374,,,,
2022-12-07,-0.00050034,,,,
2022-12-08,0.01564578,,,,
2022-12-09,-0.00010925,,,,
2022-12-12,0.00010925,,,,
2022-12-13,-0.00102276,,,,
2022-12-14,-0.01457472,,,,
2022-12-15,0.00021841,,,,
2022-12-16,-0.00000000,,,,
2022-12-19,0.00012339,,,,
2022-12-20,0.00010948,,,,
2022-12-21,0.00010948,,,,
2022-12-22,0.00065681,,,,
2022-12-23,-0.00000000,,,,
2022-12-27,-0.00000000,,,,
2022-12-28,-0.00069497,,,,
2022-12-29,0.04735770,,,,
2022-12-30,-0.00010932,,,,
2023-01-03,0.00010933,,,,
2023-01-04,-0.00010932,,,,
2023-01-05,0.00032798,,,,
2023-01-06,-0.00010929,,,,
2023-01-09,0.00021859,,,,
2023-01-10,-0.00113190,,,,
2023-01-11,0.03626500,,,,
2023-01-12,0.05042709,,,,
2023-01-13,0.01810074,,,,
2023-01-17,-0.00412266,,,,
2023-01-18,-0.04890038,,,,
2023-01-19,-0.02937976,,,,
2023-01-20,0.04769367,,,,
2023-01-23,0.06571851,,,,
2023-01-24,-0.00552237,,,,
2023-01-25,-0.00786674,,,,
2023-01-26,0.05783584,,,,
2023-01-27,0.02865963,,,,
2023-01-30,-0.06000862,,0.00029815,,
2023-01-31,0.04361910,,0.00000000,,
2023-02-01,0.04652289,,0.00039808,,
2023-02-02,0.05818973,,0.00044791,,
2023-02-03,-0.05262357,,-0.00051367,,
2023-02-06,-0.04432081,,0.01998142,,
2023-02-07,0.06192195,,0.00141455,,
2023-02-08,-0.05376751,,0.02590068,,
2023-02-09,-0.02681070,,0.01630034,,
2023-02-10,-0.02156119,,0.01353397,,
2023-02-13,0.02354819,,-0.00094024,,
2023-02-14,-0.00199682,,0.00003245,,
2023-02-15,0.02236167,,0.00558351,,
2023-02-16,-0.05717575,,0.02188455,,
2023-02-17,-0.02257202,,-0.02196988,,
2023-02-21,-0.08873256,,0.04821572,,
2023-02-22,0.00089489,,-0.01389099,,
2023-02-23,0.02398463,,-0.00413505,,
2023-02-24,0.00010907,,0.02809763,,
2023-02-27,0.00010906,,-0.00773228,,
2023-02-28,0.00010905,,-0.00980963,,
2023-03-01,0.00005777,,0.00530386,,
2023-03-02,0.00032801,,0.01353125,,
2023-03-03,0.00021861,,-0.02782100,,
2023-03-06,0.00010927,,-0.00046397,,
2023-03-07,-0.00000000,,-0.00258705,,
2023-03-08,0.00021854,,0.00473381,,
2023-03-09,0.00021847,,0.02249610,,
2023-03-10,0.00021843,,-0.00038916,,
2023-03-13,0.00021839,,0.02584511,,
2023-03-14,0.00010916,,0.01464290,,
2023-03-15,-0.00047767,,0.05730858,,
2023-03-16,0.07918651,,-0.06540640,,
2023-03-17,-0.01483563,,0.07432093,,
2023-03-20,0.01058205,,-0.03151063,,
2023-03-21,0.04228752,,-0.00036461,,
2023-03-22,-0.04081588,,0.01944244,,
2023-03-23,0.03565636,,0.00044683,,
2023-03-24,0.01017221,,0.00019565,,
2023-03-27,-0.02052678,,-0.00036477,,
2023-03-28,-0.01660736,,-0.01711272,,
2023-03-29,0.05468434,,-0.00014850,,
2023-03-30,0.02706828,,0.00049454,,
2023-03-31,0.04899771,,0.00000000,,
2023-04-03,-0.00707712,,0.00009870,,
2023-04-04,-0.00997859,,0.00029606,,
2023-04-05,-0.03302756,,0.00039544,,
2023-04-06,-0.00000000,,0.00009862,,
2023-04-10,0.00902173,,-0.00036591,,
2023-04-11,0.00876580,,-0.00731920,,
2023-04-12,-0.00278069,,0.00015522,,
2023-04-13,0.03206692,,0.00019707,,
2023-04-14,-0.01334010,,0.00024875,,
2023-04-17,0.00889954,,-0.00025936,,
2023-04-18,-0.00186598,,0.00313774,,
2023-04-19,-0.00832315,,-0.00741307,,
2023-04-20,-0.01252760,0.00641121,0.00741649,-0.00037119,0.00017302
2023-04-21,0.00224603,-0.00483842,0.00019397,-0.00025923,-0.00073830
2023-04-24,0.00586107,-0.00382602,0.00019966,0.00060769,0.00073523
2023-04-25,-0.03149706,0.08775684,0.00019635,-0.00029515,0.01632408
2023-04-26,0.00021802,-0.02773983,0.00029610,0.00661242,-0.00690951
2023-04-27,-0.00069617,0.01052121,0.00004988,0.00709195,0.00392652
2023-04-28,0.02022385,0.01224890,0.00014718,0.00023694,0.00949238
2023-05-01,-0.00283186,-0.02185984,-0.00087642,-0.00577500,-0.00826348
2023-05-02,-0.02662407,0.01888362,-0.00933814,0.00101756,-0.00461339
2023-05-03,-0.02069637,0.00424787,0.00004873,-0.00016760,-0.00478205
2023-05-04,0.00032815,-0.00798190,0.00014784,-0.00541776,-0.00299233
2023-05-05,-0.00080436,-0.04483813,0.00024775,0.01258597,-0.01128153
2023-05-08,0.00815315,-0.01035727,0.00014531,0.00060966,-0.00050851
2023-05-09,-0.01933899,-0.00349152,0.00019729,-0.00020277,-0.00659799
2023-05-10,0.03226964,-0.02447867,0.00019643,0.00060941,0.00240383
2023-05-11,0.00833623,0.00797686,0.00049180,0.00020367,0.00489413
2023-05-12,-0.01033417,-0.00629087,0.00009815,0.00000000,-0.00479476
2023-05-15,0.01531498,-0.00838175,0.00009731,0.00060891,0.00212825
2023-05-16,0.00377097,-0.00076005,-0.00004865,-0.00077666,0.00074353
2023-05-17,0.03586069,0.04107794,-0.00010061,0.00648962,0.02325848
2023-05-18,0.05374214,0.05247740,0.00876689,-0.00033138,0.03312102
2023-05-19,-0.00688357,-0.01447793,-0.00646202,0.00762823,-0.00679535
2023-05-22,0.01039698,0.00285640,-0.01427370,0.00010190,0.00000487
2023-05-23,-0.03866544,-0.02122541,-0.00156858,0.00064334,-0.01769536
2023-05-24,-0.01621797,-0.02224587,0.01452320,-0.00048292,-0.00730569
2023-05-25,0.07220573,0.08156171,0.01980077,0.00437655,0.05059525
2023-05-26,0.07564573,0.04678154,-0.01175275,-0.00057378,0.03224460
2023-05-30,0.01400801,0.01514910,0.00139099,-0.00141209,0.00861931
2023-05-31,-0.02029887,-0.00702619,0.00034298,-0.00151959,-0.00805960
2023-06-01,0.03625899,0.03976616,0.00034368,0.00010372,0.02215564
2023-06-02,0.02249377,0.01201143,0.00034274,-0.00122709,0.00991499
2023-06-05,0.00217273,-0.01131364,-0.00004895,-0.00392548,-0.00325290
2023-06-06,-0.00108404,0.01298144,0.00019661,-0.00053488,0.00342310
2023-06-07,-0.05197403,-0.01737670,-0.00011093,0.00446263,-0.01947227
2023-06-08,-0.01363382,0.02306851,-0.00042745,0.00050853,0.00269693
2023-06-09,-0.02469355,0.00721818,-0.00009793,-0.00063727,-0.00518989
2023-06-12,0.01729733,0.06061597,0.00029382,0.00150442,0.02289985
2023-06-13,0.02129830,-0.00698555,-0.00061113,-0.00179871,0.00371588
2023-06-14,0.00162278,-0.03158218,0.00553213,-0.00852434,-0.00847320
2023-06-15,0.03402509,0.02894907,0.00000000,0.00726686,0.01935254
2023-06-16,-0.01768694,-0.04724319,0.00088095,-0.02126123,-0.02178107
2023-06-20,-0.01666485,0.00863638,0.00014927,0.00591500,-0.00140070
2023-06-21,-0.04106851,-0.02808649,0.00019304,-0.00016885,-0.02002816
2023-06-22,0.00609908,0.01517523,0.00034303,0.00084737,0.00638927
2023-06-23,-0.02964625,-0.03313783,-0.00009809,0.00023781,-0.01819820
2023-06-26,-0.04052006,-0.00413876,-0.00004864,0.00432399,-0.01231559
2023-06-27,0.02193220,0.06284234,0.00034215,0.01147904,0.02639886
2023-06-28,0.00106421,-0.00755522,0.00019533,0.00060696,-0.00173861
2023-06-29,0.00691002,0.00295280,0.00029335,-0.00037075,0.00288381
2023-06-30,0.02322717,0.03492670,0.00024465,-0.00396036,0.01633663
2023-07-03,0.00257953,0.00595316,0.00014578,-0.00524428,0.00172720
2023-07-05,-0.00377358,-0.03154207,-0.00002429,-0.00061539,-0.01034040
2023-07-06,-0.01601241,-0.01823440,0.02220196,-0.00037064,-0.00399264
2023-07-07,-0.00609173,0.00925339,0.00475971,0.00426879,0.00284232
2023-07-10,-0.00027086,0.00101170,-0.02270337,0.00674516,-0.00490329
2023-07-11,0.02620455,-0.00988988,-0.00041792,-0.00016784,0.00459324
2023-07-12,0.01590045,-0.02684712,0.00000000,-0.00766948,-0.00432496
2023-07-13,0.01359345,0.03783955,0.00039469,0.00257951,0.01540906
2023-07-14,-0.00090785,-0.01238671,0.00021623,-0.00486096,-0.00452619
2023-07-17,0.02771465,0.04088750,0.00016939,0.00232964,0.02028981
2023-07-18,0.02387269,0.00587874,0.00000000,-0.00055735,0.00854431
2023-07-19,0.00000000,0.02455229,-0.00014598,0.00961810,0.00852347
2023-07-20,-0.07111479,0.00051137,0.00024360,0.00519881,-0.01962940
2023-07-21,-0.00015692,0.00866536,0.00000000,-0.00020244,0.00243708
2023-07-24,0.01569120,0.00135473,0.00053627,0.00040497,0.00514886
2023-07-25,0.00185386,-0.00165935,0.00014588,0.00003373,0.00010086
2023-07-26,0.00709328,-0.03234525,0.00009751,-0.00473122,-0.00800643
2023-07-27,-0.02097687,0.05686719,0.00030378,0.00913557,0.01186055
2023-07-28,0.01345012,0.03043820,0.00028033,0.00807215,0.01401413
2023-07-31,0.00925924,0.00597858,-0.00014576,0.00023512,0.00441488
2023-08-01,0.00443425,0.00293515,-0.00011518,0.00311298,0.00257298
2023-08-02,-0.02922818,-0.06331755,0.01142971,0.00007305,-0.02374128
2023-08-03,-0.00752705,0.00628637,0.00014017,0.00196375,-0.00002739
2023-08-04,-0.01270267,0.00831876,0.00053751,-0.00910642,-0.00249217
2023-08-07,-0.00000000,-0.01522514,-0.00031597,0.01860763,-0.00170946
2023-08-08,0.00021857,0.01988072,0.00031607,0.00000000,0.00591413
2023-08-09,0.00010926,0.02468516,0.00048629,-0.00033301,0.00727173
2023-08-10,0.00054627,-0.00257953,0.00019410,0.00045323,-0.00046925
2023-08-11,0.00010920,0.01689656,0.00009703,0.00533315,0.00575784
2023-08-14,0.00010919,-0.02465931,0.00033958,0.00151701,-0.00680030
2023-08-15,0.00010916,0.02372611,-0.00020829,-0.00053471,0.00677578
2023-08-16,0.00021831,0.02334329,0.01662935,-0.00555597,0.01048939
2023-08-17,-0.00058624,0.02242666,0.00028940,-0.01409171,0.00429810
2023-08-18,0.02098154,0.00392031,0.00029323,0.00754537,0.00843251
2023-08-21,0.03140768,0.04610207,-0.00030096,0.01332747,0.02439569
2023-08-22,0.00010906,0.00417672,0.00050983,0.00010149,0.00139575
2023-08-23,0.00021810,-0.03646064,-0.00468066,-0.00006703,-0.01178417
2023-08-24,0.00032708,-0.05096104,0.00063053,0.00631190,-0.01356682
2023-08-25,0.00021798,-0.01804126,-0.00046534,0.00020263,-0.00526400
2023-08-28,0.00021793,-0.01654384,-0.00359570,0.00000000,-0.00570535
2023-08-29,-0.00113114,-0.04795093,0.00000000,0.00067808,-0.01413209
2023-08-30,0.00780059,0.01271067,0.00029074,-0.00514729,0.00525467
2023-08-31,-0.00472045,0.01052549,0.00009689,-0.00732136,0.00061142
2023-09-01,-0.00353440,0.00549172,0.00038751,-0.00097352,0.00052622
2023-09-05,0.00260109,0.00219914,0.00006771,-0.00448444,0.00073768
2023-09-06,-0.02641510,0.00088055,-0.00329389,-0.00077650,-0.00841085
2023-09-07,-0.02180229,0.01821616,0.00893252,0.00175578,0.00163517
2023-09-08,0.00297175,-0.00173245,-0.00171526,0.00563235,0.00074113
2023-09-11,0.03407408,-0.02468490,0.00371246,0.00000000,0.00372523
2023-09-12,-0.03199619,0.02500487,-0.00637472,0.00020290,-0.00371822
2023-09-13,0.00986680,-0.00770372,0.00739537,0.00060764,0.00271519
2023-09-14,0.02240257,-0.01567506,-0.00002966,-0.00057364,0.00185692
2023-09-15,-0.02537537,0.03766898,0.01512519,0.00550319,0.00847443
2023-09-18,0.00066911,-0.00240770,0.00744568,0.00060802,0.00159734
2023-09-19,-0.01037431,0.00607498,0.00520926,0.00003438,0.00016485
2023-09-20,-0.02049434,0.03033224,0.01426355,-0.00439181,0.00604538
2023-09-21,-0.00047751,-0.04811532,0.01919705,-0.01747677,-0.01153023
2023-09-22,-0.03307888,0.00426001,-0.00704558,0.00045115,-0.01019211
2023-09-25,-0.04308477,0.00696781,0.00135446,-0.00135759,-0.01031185
2023-09-26,-0.00091371,0.03804218,0.00048240,-0.00118736,0.01071940
2023-09-27,0.00431863,0.00671763,-0.00020822,0.01390837,0.00523055
2023-09-28,0.01926245,0.02039123,0.00226361,0.02374598,0.01567264
2023-09-29,0.00010891,-0.00136372,0.00752489,0.00040438,0.00172848
2023-10-02,0.00015639,-0.01875358,-0.00009654,-0.00012374,-0.00543781
2023-10-03,0.00021873,-0.03068205,-0.00028672,-0.00062152,-0.00900501
2023-10-04,0.00010933,0.02052348,0.02532734,0.01757569,0.01545825
2023-10-05,0.00065596,0.07425504,0.00024119,0.00040564,0.02185016
2023-10-06,0.00000000,0.02716723,0.00062636,-0.00016850,0.00802234
2023-10-09,-0.00091350,0.00321473,-0.00028946,-0.00032984,0.00053973
2023-10-10,0.01635885,0.02417407,0.00028954,-0.00743471,0.01071751
2023-10-11,0.02128764,0.01298485,0.00009625,-0.00655035,0.00898245
2023-10-12,-0.01169292,-0.00331868,-0.00027303,0.00944507,-0.00301032
2023-10-13,-0.03780867,-0.07551693,-0.03029231,-0.00016936,-0.04106875
2023-10-16,0.03368084,0.05029036,0.00004780,0.01431778,0.02651222
2023-10-17,-0.01058103,-0.01833395,0.00052943,-0.00040456,-0.00830308
2023-10-18,-0.03019910,0.03121438,-0.00030500,0.00023676,0.00024760
2023-10-19,-0.02671758,0.02110255,0.01532503,-0.01130533,0.00081360
2023-10-20,-0.04509800,0.03230534,-0.00374338,-0.00451259,-0.00539748
2023-10-23,0.00880020,-0.04098225,0.00041717,0.01615471,-0.00679695
2023-10-24,0.02820591,0.05614956,0.00033636,0.01865574,0.02735226
2023-10-25,-0.07419466,0.05407545,0.00019245,-0.00049623,-0.00585704
2023-10-26,-0.00058710,-0.01310296,0.00067236,-0.00126049,-0.00397765
2023-10-27,0.00857025,0.00719074,0.00000000,-0.01587922,0.00218880
2023-10-30,0.00010892,0.03565468,0.00028806,0.03823242,0.01618408
2023-10-31,-0.00000000,0.01830125,0.00000000,0.00000000,0.00530736
2023-11-01,0.00030286,-0.03978269,0.00019223,-0.00001547,-0.01139957
2023-11-02,-0.00069491,0.04335221,0.00048012,-0.00752233,0.01137190
2023-11-03,0.01832173,0.03404125,0.00038348,-0.00908118,0.01392663
2023-11-06,0.00323857,0.00713350,-0.00019203,-0.01276111,0.00104189
2023-11-07,0.00345595,0.00806397,0.00014423,-0.00436742,0.00272461
2023-11-08,0.00179122,0.00678240,0.00000000,-0.00833476,0.00123614
2023-11-09,-0.02375481,-0.01863188,0.00033552,0.01657468,-0.00971535
2023-11-10,0.06671895,0.06187394,0.00038322,-0.00037048,0.03733984
2023-11-13,-0.00907529,-0.00737160,-0.00019117,0.00184159,-0.00454498
2023-11-14,0.06287126,0.04270990,-0.00056059,0.00002907,0.03047154
2023-11-15,0.00176906,0.01496300,-0.01722078,-0.00856983,-0.00108279
2023-11-16,-0.00384510,0.00224585,0.00047856,-0.00994537,-0.00182637
2023-11-17,0.00239233,-0.01827233,0.00014372,-0.00430076,-0.00521151
2023-11-20,0.01413401,0.01718793,0.00004790,-0.00448876,0.00842298
2023-11-21,-0.01912498,-0.02499158,0.00019159,-0.00700112,-0.01379224
2023-11-22,0.00725614,0.00736174,0.00062182,0.00115047,0.00457965
2023-11-24,-0.00018585,0.01288201,0.00014358,-0.01986964,0.00074021
2023-11-27,-0.00434364,-0.00082321,0.00028711,0.00577023,-0.00055533
2023-11-28,0.00630152,-0.00488155,0.00019135,0.00020137,0.00049366
2023-11-29,0.00369299,0.01207769,0.00004783,0.00040450,0.00464709
2023-11-30,0.04367303,-0.00139069,0.00004783,-0.00066189,0.01217551
2023-12-01,0.02529122,-0.00909166,0.00066881,-0.00949252,0.00345457
2023-12-04,-0.00313946,0.00805213,0.00000000,0.01256224,0.00330901
2023-12-05,-0.00569887,-0.01048093,-0.00028676,0.00020263,-0.00473917
2023-12-06,-0.00754150,-0.01752431,0.00047807,-0.00016852,-0.00716528
2023-12-07,0.00471126,0.04311363,0.00043005,0.00127007,0.01417584
2023-12-08,0.00998337,0.01792679,0.00023882,-0.00077634,0.00804198
2023-12-11,0.01302980,0.04893109,-0.00009550,-0.00500597,0.01719198
2023-12-12,0.01389709,0.01200402,0.00038132,-0.00981251,0.00614240
2023-12-13,0.04184894,-0.01741324,-0.00079906,-0.01180275,0.00510019
2023-12-14,0.01315607,-0.00538680,-0.00321939,-0.00499987,0.00063387
2023-12-15,0.00013814,0.04017944,0.00593602,0.02044018,0.01636085
2023-12-18,0.00187536,0.00457934,0.00004765,0.00615077,0.00280734
2023-12-19,0.02330743,0.02246089,0.00009529,0.02367616,0.01684996
2023-12-20,0.08674183,0.07166926,0.00009528,0.03023503,0.05050020
2023-12-21,0.02446912,0.01905220,0.00025797,0.00020097,0.01272098
2023-12-22,-0.00157053,0.00945593,0.00064769,0.00020181,0.00249191
2023-12-26,0.03699074,0.01572110,-0.00004759,0.00003246,0.01527845
2023-12-27,0.01012290,0.01345997,0.00028484,-0.01020113,0.00538577
2023-12-28,-0.01341681,0.00207733,0.00057245,0.00062392,-0.00304030
2023-12-29,-0.00187921,-0.00424304,0.00095183,0.00188655,-0.00123548
2024-01-02,0.00107586,-0.02797455,-0.00038008,-0.00037129,-0.00795894
2024-01-03,-0.02324021,-0.03864119,0.00038022,-0.00426352,-0.01848247
2024-01-04,0.00192547,-0.01143319,0.00076088,0.00287405,-0.00212069
2024-01-05,0.00000000,0.00155812,-0.00030529,0.01421218,0.00250125
2024-01-08,0.01715855,-0.04448881,-0.03475897,0.00728943,-0.01621728
2024-01-09,-0.01322537,0.00041091,0.00047533,-0.00371370,-0.00414491
2024-01-10,0.01312909,0.00555516,-0.00009457,-0.00016793,0.00536771
2024-01-11,0.00094492,0.00956610,0.00028448,0.00234881,0.00347733
2024-01-12,-0.01153047,-0.00062864,0.00047501,0.00181891,-0.00312505
2024-01-16,-0.00852972,0.01838317,0.00038028,0.00755621,0.00409361
2024-01-17,-0.01829717,-0.02297855,0.00023730,-0.00013074,-0.01192550
2024-01-18,-0.00058586,0.04968537,0.00023725,0.00879950,0.01562284
2024-01-19,0.05779673,0.05340935,0.00002719,0.00007078,0.03226772
2024-01-22,0.00403373,0.01591811,-0.01706819,-0.00854562,-0.00010422
2024-01-23,0.01186996,0.01465567,-0.02351626,-0.00847479,0.00007183
2024-01-24,0.01642304,0.03172694,0.00028489,0.00659127,0.01502911
2024-01-25,0.00284090,0.01448416,0.00047363,0.00562178,0.00599542
2024-01-26,-0.01941673,-0.00940301,-0.00018952,-0.00299569,-0.00885825
2024-01-29,0.01528962,0.00918196,0.00028473,-0.00091361,0.00703659
2024-01-30,-0.00202725,-0.01699695,0.00028386,0.00193384,-0.00515030
2024-01-31,-0.03334525,0.05920608,-0.00037890,0.02271486,0.01080457
2024-02-01,0.02820413,0.01114057,0.00085323,0.00234730,0.01199243
2024-02-02,0.00995150,0.01400309,0.00028364,-0.00057289,0.00693748
2024-02-05,-0.02335887,0.03249832,0.00000000,-0.00548578,0.00182757
2024-02-06,0.00533987,-0.00508490,0.00023643,0.00040448,0.00019845
2024-02-07,0.01636523,0.03157877,-0.00033062,-0.00033272,0.01376458
2024-02-08,0.00084745,0.02043316,0.00037865,-0.00084850,0.00614634
2024-02-09,0.01143100,0.01975707,0.00037850,0.00416343,0.00977125
2024-02-12,-0.00153483,-0.00673744,-0.00018918,0.01214290,-0.00062860
2024-02-13,-0.02738961,-0.01051961,0.00005417,0.01232248,-0.00913067
2024-02-14,0.01781610,-0.02438564,-0.02420175,0.00455884,-0.00775581
2024-02-15,0.01312817,0.00397855,-0.02072934,0.00040388,-0.00057539
2024-02-16,-0.01017138,-0.00505920,-0.00060797,0.00020145,-0.00455080
2024-02-20,-0.01097972,0.01742770,0.00657997,0.00020141,0.00367672
2024-02-21,0.00128096,0.00958825,0.00493620,0.00040356,0.00454538
2024-02-22,0.04108031,-0.06663146,-0.01356233,-0.00053460,-0.01115185
2024-02-23,0.00122884,0.00709265,-0.01467318,-0.00572553,-0.00240736
2024-02-26,-0.00750036,-0.00371521,0.00009365,-0.00590693,-0.00411327
2024-02-27,0.00316021,-0.00600256,-0.00032439,0.00020211,-0.00088155
2024-02-28,-0.00301329,-0.01744397,0.00464835,0.00000000,-0.00467755
2024-02-29,0.00686907,0.04036784,0.00047118,-0.00016908,0.01380056
2024-03-01,0.01869286,0.01788925,0.00004743,-0.00099649,0.01047214
2024-03-04,-0.00267880,0.00239221,0.00004743,0.00764217,0.00107602
2024-03-05,-0.01987646,-0.03906251,0.00018803,0.01022782,-0.01550736
2024-03-06,0.01000274,0.00436945,0.00018883,-0.00096935,0.00407352
2024-03-07,0.01967169,0.01720913,0.00014139,0.00003329,0.01073860
2024-03-08,-0.01311694,0.02763447,0.00018876,0.00479447,0.00498022
2024-03-11,-0.02345984,-0.00035519,0.00018790,0.00000000,-0.00685562
2024-03-12,0.02132828,0.04064229,0.00004738,-0.00016969,0.01795881
2024-03-13,-0.00303989,-0.00987318,-0.00004738,0.00097630,-0.00361114
2024-03-14,-0.00503779,0.02488329,0.00009892,0.00020185,0.00581218
2024-03-15,-0.01385744,0.02741577,-0.00219927,-0.00016871,0.00331281
2024-03-18,0.01216053,-0.02054399,0.01669665,0.00393357,0.00266693
2024-03-19,0.01107995,-0.00533855,-0.00968437,0.00003217,-0.00094495
2024-03-20,0.01757140,-0.02622598,-0.01184657,-0.00558512,-0.00654617
2024-03-21,0.00482475,-0.00997543,0.00056514,0.00052647,-0.00126214
2024-03-22,-0.02465657,0.00206040,-0.00009456,0.00189866,-0.00629362
2024-03-25,-0.00596552,-0.00370019,-0.00009373,0.00020169,-0.00279811
2024-03-26,-0.00456619,0.00213280,0.00094072,0.00020084,-0.00042157
2024-03-27,0.01677589,0.00748347,0.00028178,-0.00016935,0.00708589
2024-03-28,-0.00077342,-0.00135282,-0.00032517,0.00160587,-0.00046352
2024-04-01,-0.00348295,0.00404635,0.00284805,0.00028909,0.00097572
2024-04-02,-0.01333333,0.01949810,0.02882067,-0.00016906,0.00954400
2024-04-03,0.00223038,-0.00413992,-0.00216229,0.00221021,-0.00080605
2024-04-04,-0.02639194,0.03536195,0.00786543,-0.00041455,0.00466279
2024-04-05,0.01030092,-0.02602866,-0.00079378,-0.00158014,-0.00501239
2024-04-08,0.00065770,0.00005055,-0.00152511,0.00020206,-0.00017608
2024-04-09,0.00107936,-0.00895293,-0.01653126,0.00050464,-0.00667108
2024-04-10,0.00021853,0.02018178,0.03039377,-0.00137880,0.01391559
2024-04-11,-0.00069445,-0.03426594,-0.02179014,0.00327938,-0.01552995
2024-04-12,-0.04927079,0.03518021,0.02394271,0.00014372,0.00239982
2024-04-15,0.00021838,0.03777144,0.02627876,-0.00863731,0.01681672
2024-04-16,0.00010917,0.00362766,0.01192594,0.01444022,0.00646972
2024-04-17,0.00010916,0.02754084,0.00013563,0.00394583,0.00864699
2024-04-18,-0.00047668,-0.00577529,0.01524154,0.00108137,0.00246435
2024-04-19,-0.02360218,-0.04829613,0.00435598,-0.00355594,-0.02020779
2024-04-22,0.02461348,0.02778376,-0.00881693,0.03990859,0.01880091
2024-04-23,0.00010905,0.04690406,0.00000000,0.00003143,0.01363852
2024-04-24,0.00000000,-0.00656135,0.00025320,-0.00142874,-0.00204874
2024-04-25,0.00054520,0.01203979,0.00040244,0.00040298,0.00381875
2024-04-26,0.00000000,-0.03615963,-0.00023182,-0.00017034,-0.01057443
2024-04-29,0.00021796,-0.00882839,-0.02586019,-0.00404117,-0.01008545
2024-04-30,0.00010896,0.04233324,-0.00006923,0.00111571,0.01245690
2024-05-01,0.00019190,0.01838188,-0.02549366,-0.00316716,-0.00197197
2024-05-02,0.00054693,-0.02966785,-0.00737455,0.00588887,-0.00955287
2024-05-03,-0.00091270,0.05690759,0.00023403,0.00023411,0.01633682
2024-05-06,0.03726706,0.03592076,0.00018653,-0.00502806,0.02052062
2024-05-07,0.00676906,-0.01278359,-0.00009325,-0.00203851,-0.00207517
2024-05-08,-0.01574694,0.00334792,0.00028058,-0.00194838,-0.00381222
2024-05-09,0.02675076,-0.00576469,0.00046697,-0.00317337,0.00573604
2024-05-10,0.00847979,0.01332964,0.00037356,-0.00135558,0.00622226
2024-05-13,-0.00536193,0.00798023,0.00009315,0.00154256,0.00101584
2024-05-14,0.00784122,0.02576587,0.00000000,-0.01054670,0.00816405
2024-05-15,0.02678832,0.05608118,-0.00009315,-0.01620807,0.02157580
2024-05-16,-0.00572020,-0.01010027,0.00074684,0.00234344,-0.00403477
2024-05-17,0.01018836,-0.01375697,0.00009308,-0.00426676,-0.00164978
2024-05-20,-0.01508038,0.03633490,0.00004734,-0.00092976,0.00603713
2024-05-21,0.00457433,-0.00131528,0.00013961,-0.00453949,0.00030190
2024-05-22,-0.00721334,0.01544957,0.00009306,0.00978034,0.00388069
2024-05-23,-0.01487682,-0.00832791,0.00046605,-0.00016956,-0.00662897
2024-05-24,0.02800064,0.01981634,0.00032632,0.00481457,0.01467721
2024-05-28,0.01086459,-0.00430050,-0.00004649,0.00020126,0.00192122
2024-05-29,-0.02089010,-0.02214815,-0.00021081,-0.00037155,-0.01259374
2024-05-30,-0.03215832,-0.02719540,-0.01252373,0.00124741,-0.02040688
2024-05-31,-0.00213898,0.00100657,-0.00078835,0.00708493,0.00052149
2024-06-03,0.00154498,0.00292942,0.00009344,0.00052502,0.00140156
2024-06-04,0.00090443,-0.00622482,0.00018605,0.00020188,-0.00146240
2024-06-05,0.06036787,0.07081853,0.00018602,-0.00053406,0.03801417
2024-06-06,-0.00118608,-0.00015662,0.00023309,0.00394552,0.00026538
2024-06-07,-0.00371083,0.00445500,0.00013966,-0.00138384,0.00004594
2024-06-10,0.01057805,0.01748263,0.00000000,-0.00023200,0.00810280
2024-06-11,0.02063986,0.02187693,0.00009255,-0.00013955,0.01233393
2024-06-12,0.03837185,0.03688466,0.00018671,0.00024464,0.02191149
2024-06-13,-0.00000000,0.00112848,0.00027839,0.00442747,0.00106654
2024-06-14,0.04408648,0.03613622,0.00055824,0.01354071,0.02544642
2024-06-17,-0.00893220,-0.00683242,0.00009326,-0.00047048,-0.00461713
2024-06-18,-0.00573535,-0.00311725,0.00055707,0.00563148,-0.00157212
2024-06-20,0.04754851,0.04119504,-0.00009239,0.02614661,0.02963268
2024-06-21,-0.00432381,-0.00427726,0.00065002,0.00060396,-0.00222821
2024-06-24,-0.00680580,-0.02983157,0.00027863,-0.00037081,-0.01060523
2024-06-25,-0.02364700,0.03620914,0.00009312,0.00315193,0.00414095
2024-06-26,0.00230578,-0.00075413,-0.00037164,0.00000000,0.00034964
2024-06-27,0.00264740,-0.00618787,0.00018548,0.00003199,-0.00097186
2024-06-28,-0.00864138,0.00935630,0.00069644,0.00260550,0.00078619
2024-07-01,0.00435836,0.01238753,-0.00037388,0.00019665,0.00478486
2024-07-02,0.01301830,0.02046570,0.00798709,0.00007122,0.01187756
2024-07-03,0.00844837,0.03449124,0.00046341,0.00683190,0.01360239
2024-07-05,0.01168142,0.00103729,0.00046320,-0.00139262,0.00360459
2024-07-08,0.00072612,-0.01701417,0.00018535,-0.00409220,-0.00528732
2024-07-09,0.00116678,0.00124944,0.00009306,0.00493067,0.00146543
2024-07-10,0.01860045,-0.00671703,-0.00018530,-0.01553558,0.00106582
2024-07-11,0.00362708,0.00663737,0.00046294,0.01556881,0.00543701
2024-07-12,0.03157893,0.00330781,0.00046353,0.00040263,0.01030270
2024-07-15,0.05695301,-0.00863078,0.00018517,0.00000000,0.01406344
2024-07-16,0.10215537,0.00965942,0.00009216,-0.00049756,0.03237654
2024-07-17,-0.03073225,0.03997787,-0.00051287,0.00988157,0.00402499
2024-07-18,-0.03809001,0.03172573,0.00073683,-0.00367837,-0.00219845
2024-07-19,-0.02906533,0.02012677,0.00046228,-0.00339730,-0.00297696
2024-07-22,0.04631098,-0.03106481,0.00018499,0.00935143,0.00587405
2024-07-23,0.03170724,0.00844543,0.00018495,0.00040294,0.01175465
2024-07-24,-0.00069444,0.07999334,-0.00025777,-0.00029644,0.02288262
2024-07-25,-0.02191277,-0.02833304,-0.01409907,-0.00411717,-0.01899561
2024-07-26,0.01915451,0.03012688,0.00064730,0.01494409,0.01670799
2024-07-29,-0.00000000,-0.00412058,0.00009253,0.00000000,-0.00116999
2024-07-30,-0.00091242,0.03064847,0.00018423,0.00000000,0.00867320
2024-07-31,0.12549227,0.09406759,0.00009250,-0.00017011,0.06367182
2024-08-01,0.00024411,0.01023290,0.00000000,0.01467537,0.00523964
2024-08-02,0.00054693,0.03054904,-0.00042109,0.00060535,0.00899494
2024-08-05,-0.00102119,-0.03805388,0.29060424,-0.00100831,0.06698013
2024-08-06,0.01730274,0.02809309,0.00000000,0.00020187,0.01319507
2024-08-07,-0.02319395,-0.03953442,0.00027672,-0.00081796,-0.01823920
2024-08-08,0.10936060,0.08822180,0.00032318,0.02477299,0.06110210
2024-08-09,0.00021853,0.04203508,0.00041484,0.00060590,0.01245644
2024-08-12,0.00032772,0.00776354,0.00000000,0.00023444,0.00238163
2024-08-13,0.00010921,0.07467360,0.00009801,-0.01614924,0.01929109
2024-08-14,-0.00091202,0.01846742,0.00027767,-0.01510332,0.00290054
2024-08-15,0.03412297,0.06585505,0.00027697,0.00087023,0.02919894
2024-08-16,0.00344214,-0.00134574,0.00036982,0.00193272,0.00099771
2024-08-19,0.01904425,0.02733087,0.00018515,0.00421837,0.01413153
2024-08-20,-0.00336622,-0.02707024,-0.00018512,0.01598322,-0.00647907
2024-08-21,0.00710459,0.00915824,0.00046194,-0.00363235,0.00429609
2024-08-22,-0.01719515,0.05417071,0.00000000,0.01250227,0.01259825
2024-08-23,0.03113108,-0.06639386,0.00064617,0.00100675,-0.00990073
2024-08-26,0.00615007,-0.00160056,-0.00009216,0.00000000,0.00129448
2024-08-27,0.00077795,-0.02271030,0.00036930,0.00020087,-0.00623054
2024-08-28,-0.01132704,0.05978290,0.00027641,-0.00037050,0.01407126
2024-08-29,0.01819612,0.00730684,-0.00060467,-0.00058608,0.00714468
2024-08-30,0.01500276,0.04011961,-0.02032035,0.00023221,0.01053382
2024-09-03,-0.04325618,0.22802405,0.14770986,0.02269492,0.09686858
2024-09-04,0.00022721,0.02958854,0.00000000,-0.00859787,0.00735688
2024-09-05,-0.01419648,-0.04992383,0.00009201,0.01321849,-0.01658727
2024-09-06,-0.03175006,-0.00581332,0.00027599,-0.01987567,-0.01380021
2024-09-09,-0.00000000,-0.02487220,0.00018450,0.01454124,-0.00498194
2024-09-10,0.00032776,0.00540137,0.00027643,0.00060514,0.00182685
2024-09-11,0.00000000,-0.00064693,0.00000000,-0.00057223,-0.00027344
2024-09-12,-0.00091198,-0.00356614,0.00009193,-0.00070349,-0.00137936
2024-09-13,0.00867659,0.00219372,0.00046017,0.00068226,0.00337898
2024-09-16,0.01688183,0.00723648,0.00009188,0.00144161,0.00723536
2024-09-17,-0.00108508,-0.00366397,0.00000000,0.00296714,-0.00093215
2024-09-18,-0.00937666,-0.01039587,0.00046047,-0.00457195,-0.00629550
2024-09-19,0.06171981,0.06300303,0.00018366,-0.00049736,0.03614461
2024-09-20,-0.03212361,-0.01369548,0.00045962,0.00753472,-0.01203323
2024-09-23,0.00432261,0.00362061,0.00009177,0.00059765,0.00241796
2024-09-24,0.00713836,0.01154521,0.00018408,-0.00218514,0.00514017
2024-09-25,-0.02331237,0.00336423,0.00018349,0.00416119,-0.00511124
2024-09-26,0.00672204,0.04033773,0.00009228,-0.00053429,0.01359211
2024-09-27,-0.01821897,-0.03213067,0.00018344,0.01218968,-0.01272342
2024-09-30,0.00054095,-0.00251230,0.00036737,-0.00093603,-0.00061291
2024-10-01,-0.01963355,-0.05379615,0.00009167,0.01562426,-0.01892622
2024-10-02,0.00210681,-0.01564475,0.00027554,-0.00130878,-0.00404792
2024-10-03,-0.01387575,-0.01174753,0.00009164,-0.00037040,-0.00746157
2024-10-04,0.02409125,0.03065994,-0.00000777,0.00892372,0.01721430
2024-10-07,-0.02826506,0.10104514,0.06455194,0.01658261,0.04102264
2024-10-08,0.01733787,0.03315153,0.00036672,0.00040283,0.01480136
2024-10-09,0.02305232,0.02088040,0.00009178,-0.00057141,0.01267956
2024-10-10,-0.00431519,-0.01211219,0.00000000,0.00008378,-0.00475137
2024-10-11,0.00154005,0.01203742,0.00045832,0.00043484,0.00412644
2024-10-14,0.01600563,0.03454243,-0.00009173,-0.00888284,0.01330175
2024-10-15,-0.02467670,-0.07097811,0.00036694,0.00229592,-0.02729644
2024-10-16,0.04885057,0.00475510,-0.00016516,0.00040280,0.01556147
2024-10-17,-0.00944239,0.01398255,0.00643988,0.00020067,0.00308552
2024-10-18,0.00196444,0.00868348,0.00038523,-0.00016912,0.00316654
2024-10-21,-0.02374073,-0.00280282,0.01215684,-0.00181179,-0.00468705
2024-10-22,-0.00150750,-0.00254835,0.00018307,0.00020103,-0.00109661
2024-10-23,-0.01865631,-0.02934850,0.00018303,-0.00073503,-0.01398223
2024-10-24,0.00417582,0.01234627,0.00000000,0.00240786,0.00515258
2024-10-25,-0.00178638,-0.00556864,0.00027450,0.00040260,-0.00199845
2024-10-28,0.00093656,0.01695371,0.00020032,0.00020057,0.00527235
2024-10-29,0.02767009,0.03029055,-0.00056407,-0.00016904,0.01663093
2024-10-30,-0.02224245,-0.05014886,0.00171872,0.00502321,-0.01977595
2024-10-31,-0.07703768,-0.07190070,0.00009135,-0.00078035,-0.04328452
2024-11-01,0.01501035,-0.01687344,0.00010869,-0.00434011,-0.00116197
2024-11-04,-0.01031660,0.00801179,-0.00048422,-0.00021345,-0.00083115
2024-11-05,-0.00000000,-0.02605501,-0.00030221,0.01444188,-0.00547127
2024-11-06,-0.00080276,0.06353546,-0.01301624,-0.00061679,0.01458558
2024-11-07,-0.01161484,0.04109350,0.00259981,-0.00915990,0.00787677
2024-11-08,0.02122821,-0.01161978,-0.01246221,-0.00664616,-0.00157528
2024-11-11,0.04454342,-0.03557429,-0.00236086,-0.00286842,0.00153335
2024-11-12,-0.05320661,-0.00370827,0.01773579,0.00547221,-0.01089582
2024-11-13,0.00103510,-0.02558926,0.00397416,0.00020119,-0.00601751
2024-11-14,-0.01323545,-0.00730322,0.02325232,0.00003213,0.00032673
2024-11-15,-0.02719166,-0.00489590,0.04214950,-0.00855342,0.00079196
2024-11-18,-0.00245026,-0.01331292,0.00000000,0.01213773,-0.00275066
2024-11-19,-0.00995294,0.01179898,0.00009133,0.00020109,0.00059018
2024-11-20,0.00074200,-0.01194469,0.00013651,0.00000000,-0.00321192
2024-11-21,0.00924264,0.02193908,0.00004566,-0.00037008,0.00899951
2024-11-22,0.02799999,0.01353215,0.00036476,-0.00302513,0.01168903
2024-11-25,0.02899760,0.00941847,0.00027383,-0.00530282,0.01041917
2024-11-26,0.00891329,-0.01021200,-0.00023869,-0.00214238,-0.00076243
2024-11-27,-0.00856684,-0.03039150,-0.02035145,0.00204795,-0.01648562
2024-11-29,0.01494150,0.02435207,0.01979841,-0.00013242,0.01672085
2024-12-02,-0.01005767,0.03945497,-0.00650725,0.00236511,0.00712303
2024-12-03,0.00050792,-0.00215659,-0.00100186,-0.00040153,-0.00080885
2024-12-04,0.01228551,0.03603272,0.00058137,0.00606916,0.01507963
2024-12-05,-0.00330993,-0.02025827,0.00241566,0.01312061,-0.00421446
2024-12-06,0.00259799,0.01212184,0.01259983,-0.00009489,0.00765647
2024-12-09,-0.02336450,0.02596372,0.01581653,0.00575697,0.00588778
2024-12-10,-0.01085307,-0.00038943,0.00027283,-0.00037049,-0.00324223
2024-12-11,0.05344503,-0.01475558,0.00018168,-0.00132393,0.01107040
2024-12-12,-0.01982304,0.00753156,-0.00009059,0.00000000,-0.00358899
2024-12-13,0.02148079,0.03386161,0.00054547,0.00000000,0.01619657
2024-12-16,0.04351231,0.03309858,-0.00014826,0.00040262,0.02223752
2024-12-17,-0.01339907,0.02410408,0.00015579,0.00040246,0.00320688
2024-12-18,-0.10810517,0.18215515,0.04677730,-0.00126418,0.03391474
2024-12-19,-0.01413084,-0.01155490,0.00394458,-0.03978769,-0.01235198
2024-12-20,0.02594836,0.02417610,-0.01519086,0.00060397,0.01052516
2024-12-23,0.02785840,-0.02137327,-0.00007525,0.00000000,0.00186037
2024-12-24,0.03973667,-0.02943625,-0.00029967,0.00003149,0.00291093
2024-12-26,-0.00214837,0.00276471,-0.00566683,0.00246159,-0.00098207
2024-12-27,-0.04067988,0.03245769,0.01077298,0.00730642,0.00162023
2024-12-30,-0.04114081,0.03202745,0.01247475,-0.00013059,0.00070572
2024-12-31,0.00021879,0.02014597,0.00063506,0.00146725,0.00629733
2025-01-02,0.00021874,0.00588008,0.00045339,0.00412667,0.00251007
2025-01-03,0.00010935,-0.03642718,-0.00007523,-0.00140868,-0.01076378
2025-01-06,0.00010934,-0.02667752,0.00187520,-0.00016889,-0.00722380
2025-01-07,0.00021865,-0.04387122,-0.00016575,0.00967503,-0.01125275
2025-01-08,0.00021860,-0.00039289,0.00421423,0.00040319,0.00114778
2025-01-10,0.00032783,0.03641911,0.02494602,-0.00053438,0.01731188
2025-01-13,0.00010925,0.00742141,0.00018136,-0.00064750,0.00213573
2025-01-14,0.00021846,0.00369660,0.00018089,0.00326844,0.00167447
2025-01-15,0.00010921,-0.05140335,0.00000000,0.00003261,-0.01487041
2025-01-16,0.00000000,-0.01028521,0.00018086,-0.00284592,-0.00336077
2025-01-17,-0.00047576,0.01481408,0.00054292,-0.00013145,0.00428498
2025-01-21,0.03815039,0.02435346,0.00000000,-0.00494505,0.01738436
2025-01-22,0.00731121,0.01912920,0.00018116,0.00240393,0.00807722
2025-01-23,0.02674052,0.00828668,0.00018070,-0.00579096,0.00933803
2025-01-24,-0.00958050,-0.01195286,0.00045188,0.00115110,-0.00595000
2025-01-27,0.02000375,-0.14219645,0.00000000,-0.00037077,-0.03549150
2025-01-28,0.00837860,0.03575488,0.00027109,0.00873443,0.01418207
2025-01-29,-0.00812636,-0.00493557,0.00000000,0.00020114,-0.00375779
2025-01-30,0.01003406,0.02257942,-0.00033177,0.00000000,0.00936833
2025-01-31,-0.02351440,-0.01019032,0.02603243,0.00020046,-0.00271554
2025-02-03,-0.00830688,-0.03583603,0.00000000,0.00003330,-0.01279645
2025-02-04,0.00865882,0.00254742,0.00018021,0.00407364,0.00390951
2025-02-05,0.02062145,-0.02582396,0.00000000,0.00020152,-0.00147850
2025-02-06,-0.00886817,0.00224593,0.00027090,-0.00037043,-0.00190287
2025-02-07,-0.02905637,-0.02900112,0.00027083,0.00529707,-0.01596899
2025-02-10,0.00932359,0.02404279,-0.00009025,0.00040288,0.00971231
2025-02-11,-0.00813670,-0.00069073,0.00045088,0.00020168,-0.00240797
2025-02-12,-0.01768323,0.00266752,0.00000000,0.00000000,-0.00435455
2025-02-13,0.04213613,0.01936575,0.00018044,0.00023397,0.01791936
2025-02-14,0.01171304,0.00287296,0.00054122,0.00309355,0.00484010
2025-02-18,0.00623401,0.02175007,0.00000000,0.00066420,0.00821501
2025-02-19,0.00011061,0.02085683,0.00009015,0.00037388,0.00616098
2025-02-20,-0.01216813,-0.00482228,0.00027002,-0.00012816,-0.00487354
2025-02-21,-0.06259799,-0.05655265,0.00009012,0.00018816,-0.03450113
2025-02-24,-0.03694199,-0.01855633,0.00009011,0.00492585,-0.01533130
2025-02-25,-0.01111512,0.01198556,0.00009011,-0.00066839,0.00017650
2025-02-26,-0.01359705,-0.02050585,0.00018019,0.00454165,-0.00915994
2025-02-27,-0.03266072,-0.00982995,0.00009008,-0.01506455,-0.01455766
2025-02-28,0.03936021,0.02576207,0.00044995,0.00610109,0.01992211
2025-03-03,-0.00081003,0.00278642,0.00018007,0.00023365,0.00065682
2025-03-04,-0.00586919,-0.00464644,0.00018003,-0.00098109,-0.00314809
2025-03-05,0.04068486,0.03317830,0.00018000,0.01064585,0.02306579
2025-03-06,-0.00091196,0.06045789,0.00000000,-0.00033266,0.01721842
2025-03-07,0.01277633,0.03251072,0.00035952,0.01148235,0.01495267
2025-03-10,-0.00091202,0.08386022,-0.00017948,-0.00054110,0.02392535
2025-03-11,-0.00725994,-0.00896338,0.00010252,0.00576229,-0.00381274
2025-03-12,0.02304709,0.04088034,0.00482638,0.02368487,0.02339481
2025-03-13,-0.03660781,-0.04223477,-0.00654584,-0.00082451,-0.02475540
2025-03-14,0.04659740,0.07306023,0.00470491,0.03890685,0.04180707
2025-03-17,0.00021838,-0.01444733,-0.00347555,0.00020147,-0.00503457
2025-03-18,0.00000000,0.03775893,-0.00085402,0.00020143,0.01074972
2025-03-19,0.00010917,-0.02939477,-0.00358241,0.00040277,-0.00939966
2025-03-20,0.00021831,0.00044299,0.00000000,-0.00020131,0.00016158
2025-03-21,0.00032740,-0.00515189,0.00035911,0.00020135,-0.00127194
2025-03-24,-0.00102115,-0.04694967,-0.00069148,-0.00073523,-0.01420852
2025-03-25,0.00115097,-0.01211980,0.01461311,0.00514401,0.00153618
2025-03-26,-0.02417231,0.04359815,0.02284025,0.00967441,0.01325152
2025-03-27,0.00021816,0.01317606,0.00257139,0.00020135,0.00460880
2025-03-28,0.00032715,0.06008868,-0.01005379,-0.00001312,0.01480410
2025-03-31,0.00000000,-0.00029955,0.00026913,-0.00432972,-0.00066366
2025-04-01,0.00023388,-0.01831685,0.00008982,0.00017642,-0.00519335
2025-04-02,0.00010938,0.06949499,0.00008941,-0.00020158,0.02017917
2025-04-03,-0.00091187,0.00261026,-0.00008940,-0.00025718,0.00042982
2025-04-04,-0.07552281,-0.16277009,0.00011553,-0.05220594,-0.07690464
2025-04-07,0.02163260,0.00934313,0.02331630,-0.00181713,0.01500579
2025-04-08,-0.05637004,-0.04244182,-0.03342524,0.00000000,-0.03768025
2025-04-09,0.38700995,0.28698570,-0.00015352,-0.00077456,0.19530110
2025-04-10,0.00010928,-0.15303746,0.14018084,0.04408196,0.00011195
2025-04-11,0.00043706,0.02810911,0.00637316,0.00040460,0.01005983
2025-04-14,0.00000000,0.05182109,0.00008957,0.00000000,0.01505230
2025-04-15,0.00021843,0.00892571,0.00035825,0.00121446,0.00293069
2025-04-16,0.00010920,-0.07466932,0.00008953,0.00003419,-0.02159313
2025-04-17,0.00043673,0.00536374,0.00017904,0.00285242,0.00215834
2025-04-21,0.00010914,-0.04313363,-0.00008951,-0.00013060,-0.01252086
2025-04-22,0.00000000,0.04627784,0.00040263,0.01429850,0.01567406
2025-04-23,0.00021824,0.05987723,0.00013404,-0.00020171,0.01743362
2025-04-24,-0.00102100,0.07906583,0.00008947,0.00104181,0.02281343
2025-04-25,0.01294524,0.02573750,0.00053674,-0.00565682,0.01051439
2025-04-28,-0.00074265,-0.00237519,-0.00017882,0.00251127,-0.00057576
2025-04-29,0.01846849,-0.00992977,0.00008943,-0.00276941,0.00208496
2025-04-30,0.00025203,0.00150813,0.00044709,0.00865603,0.00192957
2025-05-01,0.01370501,0.00262617,-0.00017875,-0.00721562,0.00360544
2025-05-02,0.04685569,0.04820564,0.00010088,-0.01490330,0.02535953
2025-05-05,-0.01733129,-0.01490620,0.00698130,0.00540520,-0.00665314
2025-05-06,-0.02842465,-0.02419045,0.05096723,0.00080787,-0.00137605
2025-05-07,0.01163198,0.02901488,-0.00017842,-0.00020137,0.01170921
2025-05-08,0.02979094,0.02460167,0.00017845,0.00000000,0.01582204
2025-05-09,-0.00236846,0.01442787,0.00053593,0.00060539,0.00373274
2025-05-12,0.12107852,0.13215488,-0.00017866,-0.00057849,0.07330268
2025-05-13,0.04583271,0.03363559,0.00026787,0.00001327,0.02312012
2025-05-14,0.01764533,0.02382706,0.00008915,0.00601959,0.01295401
2025-05-15,0.00312680,-0.01862877,0.00008914,-0.00518737,-0.00524961
2025-05-16,0.01232642,-0.00183294,0.00017861,0.01022816,0.00462556
2025-05-19,0.00265920,0.01278838,0.00017824,0.00718335,0.00560543
2025-05-20,-0.01046901,-0.01128035,-0.00016703,-0.00252358,-0.00673095
2025-05-21,-0.04161375,-0.04358250,0.01955084,0.00577921,-0.01856131
2025-05-22,0.00515160,-0.00768918,0.00093859,-0.00055302,-0.00056543
2025-05-23,-0.02884756,-0.04555970,0.00239541,-0.00646416,-0.02190097
2025-05-27,0.06966223,-0.04848342,0.00017822,0.01870175,0.00899524
2025-05-28,-0.01282774,-0.00935604,0.00017818,-0.00020104,-0.00641534
2025-05-29,0.00485507,0.00287075,0.00017815,0.00060379,0.00237916
2025-05-30,-0.00525793,-0.02451748,0.00035657,0.00020095,-0.00850845
2025-06-02,0.02299999,0.01942563,0.00008903,0.00002065,0.01233056
2025-06-03,0.02332078,-0.00296714,-0.00008902,-0.00352317,0.00535004
2025-06-04,0.00805131,0.01597562,0.00017806,0.00324048,0.00750196
2025-06-05,-0.02328413,-0.00977995,0.00008901,0.00464182,-0.00886828
2025-06-06,0.02855162,0.02171280,0.00018860,-0.00016837,0.01460235
2025-06-09,0.00342145,0.03174163,0.00072679,-0.00023342,0.01035851
2025-06-10,0.01585382,0.02579762,0.00026677,-0.00032019,0.01210292
2025-06-11,-0.01026585,0.00740165,0.00008890,0.00150305,-0.00058116
2025-06-12,0.00651595,0.00441214,0.00000000,0.00020155,0.00319938
2025-06-13,-0.03876796,-0.05820991,0.00017811,-0.00016876,-0.02810081
2025-06-16,0.01805119,0.06228853,0.00017775,0.00697906,0.02439337
2025-06-17,-0.02955147,-0.03064908,0.00000000,0.00020180,-0.01742789
2025-06-18,-0.00135941,0.01031522,-0.00008886,0.00000000,0.00257319
2025-06-20,-0.01475580,-0.00985276,0.00080014,0.00003252,-0.00691557
2025-06-23,0.01962081,0.01814374,0.00026672,0.00085111,0.01115140
2025-06-24,0.02101070,0.06483762,0.00026632,-0.00053370,0.02488787
2025-06-25,0.00768242,0.01482801,0.00008875,-0.00248695,0.00617894
2025-06-26,0.02739553,0.00839106,0.00008907,-0.00389690,0.00981763
2025-06-27,0.00979785,-0.00067730,0.00017747,0.00309134,0.00315658
2025-06-30,0.01940555,0.01328402,0.00026615,0.00411074,0.01016845
2025-07-01,-0.02641654,-0.00572612,-0.00026608,-0.00039370,-0.00945227
2025-07-02,-0.00154433,0.01348620,0.00008872,0.00181888,0.00375993
2025-07-03,0.02103527,0.01487067,0.00039936,-0.00085391,0.01039246
2025-07-07,-0.02755397,0.00895620,0.00031053,0.00315990,-0.00483553
2025-07-08,-0.00172571,0.02977963,-0.00033416,0.00020133,0.00807561
2025-07-09,0.01179580,0.01587178,-0.03544542,0.00020184,-0.00151639
2025-07-10,0.00572865,0.01329783,-0.00051197,0.00003290,0.00538438
2025-07-11,-0.00779454,-0.00675065,0.00346149,0.00078248,-0.00316613
2025-07-14,0.00352502,-0.00228881,-0.00042289,0.00020108,0.00027448
2025-07-15,-0.00984356,0.01998613,0.02520231,0.00000000,0.00974597
2025-07-16,0.00282919,-0.00572644,-0.01720664,0.00060423,-0.00539536
2025-07-17,0.02327494,0.00470453,0.00017730,-0.00037009,0.00810640
2025-07-18,-0.00344629,0.00623355,0.00026590,-0.00273946,0.00046918
2025-07-21,0.01521614,0.00380003,0.00026582,0.00003240,0.00559132
2025-07-22,-0.01656070,-0.01491216,0.00008858,0.00140201,-0.00889291
2025-07-23,0.01675922,-0.00343891,0.00000000,-0.00843042,0.00259833
2025-07-24,0.00087780,-0.00363530,0.00008824,-0.00624896,-0.00171319
2025-07-25,0.00750341,0.00190040,0.00035428,0.00036787,0.00287794
2025-07-28,-0.00058034,-0.03471045,0.00008854,-0.01146646,-0.01193039
2025-07-29,-0.00653145,0.00560113,0.00017706,0.01684063,0.00230411
2025-07-30,0.00346833,0.00623459,0.00026554,-0.00037026,0.00283000
2025-07-31,-0.01650129,-0.03781381,0.00000000,-0.00067436,-0.01585253
2025-08-01,-0.05997051,-0.03958808,0.00044212,-0.00857762,-0.03003926
2025-08-04,0.05475157,0.03931277,0.00008845,0.00812485,0.02852127
2025-08-05,-0.02180907,-0.01073059,0.00008844,-0.00020122,-0.00944281
2025-08-06,0.01362321,0.00378515,0.00008844,0.00040308,0.00513276
2025-08-07,0.01013056,0.01539723,0.00008843,-0.00020173,0.00739668
2025-08-08,0.02696679,0.02313831,0.00044210,0.00003271,0.01465475
2025-08-11,-0.00878906,-0.00376799,0.00000000,0.00035310,-0.00358858
2025-08-12,0.03689109,0.05147234,0.00017643,0.00007037,0.02568359
2025-08-13,0.00045576,0.01748073,0.00017673,0.00100066,0.00539940
2025-08-14,-0.04054249,-0.00336846,0.00000000,0.00219526,-0.01240488
2025-08-15,-0.00492519,-0.00679373,0.00044175,0.00376288,-0.00271478
2025-08-18,-0.00085664,0.00338357,0.00026493,0.00020139,0.00083455
2025-08-19,-0.01225061,0.00348883,0.00000000,-0.00037024,-0.00259645
2025-08-20,-0.00040630,0.01362945,0.00008829,-0.00063948,0.00376263
2025-08-21,-0.00945028,0.00993328,0.00017622,-0.00441207,-0.00047416
2025-08-22,0.05693477,-0.03093694,0.00035306,0.02681101,0.01165635
2025-08-25,-0.02390335,-0.00146442,0.00026470,0.00238259,-0.00692780
2025-08-26,0.02372715,-0.00031902,0.00000000,0.00000000,0.00678836
2025-08-27,0.02076289,-0.00022067,0.00013231,-0.00036973,0.00593751
2025-08-28,0.00354778,0.00377218,0.00004410,-0.00148646,0.00191173
2025-08-29,-0.01514724,-0.04987127,0.00070522,0.00295581,-0.01822159
2025-09-02,0.00024050,0.01874628,-0.00008813,-0.00058405,0.00539476
2025-09-03,0.00010932,-0.01741949,0.00026442,0.00061394,-0.00485647
2025-09-04,-0.00080232,0.00576684,0.00000000,-0.00016855,0.00141443
2025-09-05,0.01412097,0.01082390,0.00035247,0.00140611,0.00754009
2025-09-08,0.00673010,-0.02030003,-0.00008809,0.00000000,-0.00395906
2025-09-09,-0.01990418,-0.00526237,0.00017619,-0.00036993,-0.00730622
2025-09-10,-0.01511809,-0.00943827,0.00017582,0.00005256,-0.00706599
2025-09-11,0.01515479,0.00874035,0.00008806,-0.00574864,0.00609107
2025-09-12,-0.03079090,0.00213589,0.00044027,0.00169157,-0.00793734
2025-09-15,0.00960377,0.01854952,0.00000000,0.00225575,0.00850282
2025-09-16,-0.00272094,0.02036734,0.00017603,0.00704323,0.00622147
2025-09-17,-0.00636621,-0.04036666,-0.00008800,0.00000000,-0.01357629
2025-09-18,0.02695006,-0.00081319,0.00017602,-0.00041508,0.00756495
2025-09-19,0.01980590,-0.00188301,0.00035163,0.00076059,0.00540667
2025-09-22,0.01585852,0.02110895,0.00026388,0.00610728,0.01170791
2025-09-23,0.01471853,0.01159399,0.00026382,0.00327709,0.00819342
2025-09-24,-0.01075177,-0.00356919,0.00008792,0.00020078,-0.00409922
2025-09-25,-0.01341090,-0.00854831,-0.00025634,-0.00077127,-0.00655307
2025-09-26,0.01199400,0.01786390,-0.01533841,0.00766470,0.00566712
2025-09-29,0.01333332,0.00035131,-0.01722973,0.00040188,-0.00062320
2025-09-30,0.00779728,0.00956222,0.00035132,-0.00016939,0.00510370
2025-10-01,0.01411992,0.01219527,0.00008806,-0.00051247,0.00757831
2025-10-02,0.01220674,0.00144534,0.00017541,0.00283181,0.00443124
2025-10-03,-0.01457384,-0.00446014,0.00017573,-0.00144069,-0.00568851
2025-10-06,-0.00576429,0.01366834,0.00008767,0.00106072,0.00247496
2025-10-07,-0.00737685,-0.01540883,0.00000000,0.00327459,-0.00611666
2025-10-08,0.01055732,0.04325916,0.00008801,0.00000000,0.01563054
2025-10-09,-0.00394929,-0.00189719,0.00000000,0.00000000,-0.00169548
2025-10-10,-0.10493315,-0.11935115,0.00052665,-0.00037779,-0.06495692
2025-10-13,0.06237383,0.00386632,-0.00008796,0.01711758,0.02175353
2025-10-14,0.04313894,0.00245218,0.00000000,0.00020067,0.01325152
2025-10-15,0.02992518,-0.00170258,0.00017559,-0.00020063,0.00820187
2025-10-16,-0.06255043,0.00567816,0.00026316,0.00020067,-0.01639180
2025-10-17,-0.02359779,-0.00110225,0.00026309,0.00020114,-0.00706180
2025-10-20,0.03750358,0.00202202,0.00026302,-0.00036988,0.01147796
2025-10-21,-0.00213182,0.00391356,0.00000000,0.00279234,0.00093556
2025-10-22,-0.02198800,-0.01619176,-0.00008754,0.00074566,-0.01098392
2025-10-23,0.00788879,0.03393942,0.00035052,-0.00020098,0.01219467
2025-10-24,0.01500946,0.02407301,0.00017537,-0.00013197,0.01136147
2025-10-27,0.01879818,0.04253020,-0.00008784,-0.00361880,0.01721869
2025-10-28,0.02284634,-0.00798586,0.00017536,0.00577650,0.00522336
2025-10-29,0.01276346,0.01515002,0.00008749,0.00462794,0.00881272
2025-10-30,-0.04674136,-0.01964609,-0.00025622,0.00395471,-0.01872833
2025-10-31,0.00289907,0.00033281,-0.00482419,-0.00383942,-0.00094120
2025-11-03,-0.01475930,0.00977413,0.01934722,0.00014074,0.00379916
2025-11-04,-0.06214827,-0.06017121,0.00017525,-0.00053441,-0.03550549
2025-11-05,0.01318641,0.04879648,0.00052531,0.01050391,0.01969246
2025-11-06,-0.02451417,-0.03688275,-0.00026269,-0.00053417,-0.01795616
2025-11-07,0.00310700,-0.00259410,0.00008759,0.00201101,0.00047404
2025-11-10,0.02327802,0.04964680,0.00034997,0.00447752,0.02191432
2025-11-11,0.00353099,-0.03616601,0.00000000,0.00176902,-0.00919880
2025-11-12,0.02103725,0.00077846,0.00008755,0.00084951,0.00647762
2025-11-13,-0.05109153,-0.06564616,0.00008754,0.00977852,-0.03236352
2025-11-14,0.00043687,-0.00133885,0.00026771,0.00392134,0.00039891
2025-11-17,0.00000000,-0.03940057,-0.00394845,-0.00335012,-0.01299477
2025-11-18,0.00021834,0.02605648,-0.00294710,-0.00508009,0.00606197
2025-11-19,0.00000000,-0.01238080,0.00008743,0.00212834,-0.00324758
2025-11-20,-0.00080265,0.05175203,0.00008742,-0.00086091,0.01466978
2025-11-21,0.00921664,0.00840799,0.00043707,0.00598550,0.00612698
2025-11-24,-0.00000000,-0.05809236,0.00034950,-0.00036990,-0.01680790
2025-11-25,0.00021819,0.00357343,0.00008735,-0.00421229,0.00049131
2025-11-26,-0.00091179,0.00261805,0.00034901,-0.00298666,0.00014105
2025-11-28,0.01574972,-0.00434480,0.00034923,-0.00474502,0.00268997
2025-12-01,-0.03709268,-0.01119122,0.00026183,-0.00634689,-0.01488367
2025-12-02,0.00244009,0.03390753,0.00017451,0.00000000,0.01058793
2025-12-03,0.00602447,0.02642395,0.00013069,0.00003362,0.00945037
2025-12-04,0.02565721,0.00692243,-0.00004344,-0.00171574,0.00917901
2025-12-05,-0.01312282,0.01833954,0.00000513,-0.00328103,0.00102208
2025-12-08,0.00145439,0.02011332,-0.00159650,0.00173140,0.00608329
2025-12-09,0.00560167,0.00123149,0.01494308,0.00000000,0.00601625
2025-12-10,0.04064369,0.02053164,-0.00545098,-0.00016816,0.01624386
2025-12-11,0.03509119,-0.00118745,0.00034894,-0.00065311,0.00982833
2025-12-12,-0.04713336,-0.00834144,-0.00008245,-0.00141793,-0.01632264
2025-12-15,-0.00133825,0.01129978,0.00170724,-0.00118127,0.00317261
2025-12-16,-0.02043551,-0.00421927,0.00041567,0.00063958,-0.00694172
2025-12-17,-0.01385089,0.04143294,0.00026108,-0.00308982,0.00760581
2025-12-18,0.00433501,-0.03164378,0.00026135,0.00683994,-0.00682299
2025-12-19,0.00984116,-0.02735357,0.00043524,0.00020120,-0.00493090
2025-12-22,0.01315522,-0.00880213,0.00026117,-0.00057079,0.00124730
2025-12-23,-0.01962881,-0.01134603,0.00034802,0.00017863,-0.00886194
2025-12-24,0.00585419,0.00511159,0.00000000,0.00227448,0.00352125
2025-12-26,-0.00066258,-0.00195574,0.00052202,0.00206854,-0.00030809
2025-12-29,-0.01658583,0.00295336,0.00026087,0.00359807,-0.00334327
2025-12-30,-0.00373167,-0.00569281,-0.00017398,0.00012378,-0.00276151
2025-12-31,0.00010945,-0.00681826,0.00000980,-0.00033187,-0.00199269
2026-01-02,0.00043773,0.00531889,0.00413437,0.00069791,0.00289039
2026-01-05,-0.00102074,-0.01751002,0.00475635,0.00000000,-0.00408971
2026-01-06,0.02925792,-0.02016368,0.00026055,-0.00016812,0.00268246
2026-01-07,-0.02925934,0.00427902,0.00008672,0.00267193,-0.00682009
2026-01-08,0.03295184,-0.01456796,-0.00007767,0.00000000,0.00531035
2026-01-09,0.02177650,-0.02239984,-0.00894114,-0.00013088,-0.00261451
2026-01-12,0.01439523,-0.00239006,0.00000000,-0.00069329,0.00337751
2026-01-13,-0.00184299,0.00144578,0.00017331,0.00065193,0.00002939
2026-01-14,0.02067947,0.00349317,0.00017362,-0.00036930,0.00700155
2026-01-15,0.02568741,-0.03381897,0.00000000,0.00289080,-0.00192453
2026-01-16,0.00211641,0.00458307,-0.00033873,0.00060370,0.00194195
2026-01-20,-0.03607885,0.12285453,0.00315938,-0.00098042,0.02587092
2026-01-21,0.05879131,-0.09985275,-0.01638465,0.01475452,-0.01411850
2026-01-22,0.02102957,-0.03025751,-0.02010804,0.00020116,-0.00807510
2026-01-23,-0.00069335,0.00143421,0.01835858,0.00060335,0.00526217
2026-01-26,-0.01018585,-0.00190577,-0.00253484,-0.00036971,-0.00424643
2026-01-27,0.00691487,0.01978081,-0.00008668,0.00244168,0.00808459
2026-01-28,0.00919702,-0.00065358,-0.00042484,0.00013421,0.00238302
2026-01-29,-0.01787592,0.00141203,-0.00543826,0.00458878,-0.00555454
2026-01-30,-0.03738611,-0.00501400,0.00017302,0.00003206,-0.01224451
2026-02-02,-0.00086838,0.02900011,0.00000381,0.00557456,0.00899541
2026-02-03,-0.01836237,0.04535779,-0.00186409,0.00003285,0.00733030
2026-02-04,0.01479434,0.01949464,0.01560920,-0.00382445,0.01358462
2026-02-05,-0.03703005,0.06606308,0.02722160,-0.00601325,0.01486742
2026-02-06,0.11726448,-0.06783026,0.00069273,0.01495774,0.01676662
2026-02-09,-0.00000000,-0.03976739,0.00008666,0.00020137,-0.01147894
2026-02-10,0.00010936,0.02010507,-0.00025961,0.00000000,0.00579209
2026-02-11,0.00021870,0.00061592,0.00025968,0.00000000,0.00031215
2026-02-12,0.00000000,0.07002687,0.00008632,-0.00053385,0.02025102
2026-02-13,0.00043730,0.01544807,0.00077877,-0.00316007,0.00434302
2026-02-17,0.00010928,-0.03962047,0.00034563,0.00520729,-0.01058383
2026-02-18,0.00010927,-0.00283708,-0.00017276,0.00000000,-0.00083771
2026-02-19,0.00000000,0.00080354,0.00017279,0.00020151,0.00030991
2026-02-20,0.00032776,-0.00165505,0.00017276,0.00003166,-0.00033352
2026-02-23,0.00000000,0.00281429,0.00000000,0.00366331,0.00136564
2026-02-24,0.00021844,0.00133625,0.00008653,0.00000000,0.00047422
2026-02-25,-0.00091157,0.00008342,0.00017271,-0.00036992,-0.00024902
2026-02-26,-0.01215415,0.00305265,0.00008617,0.00234654,-0.00226419
2026-02-27,0.00021834,0.00472331,0.00034566,0.00060291,0.00161684
2026-03-02,0.00014342,-0.00767349,0.00008614,-0.00049577,-0.00223483
2026-03-03,0.00010942,-0.00245517,0.00025905,-0.00073496,-0.00072057
2026-03-04,-0.00091137,-0.03283946,-0.00068423,0.00535515,-0.00916921
2026-03-05,-0.00915241,-0.00379283,0.01727580,0.00000000,0.00091035
2026-03-06,-0.04635591,0.03430144,0.00299525,0.00060482,-0.00259636
2026-03-09,-0.00091145,-0.03030354,-0.02385990,-0.00020164,-0.01552477
2026-03-10,0.00020246,-0.00864289,0.00517658,0.00040337,-0.00098954
2026-03-11,-0.00203181,0.00053647,0.01628829,-0.00040321,0.00390371
2026-03-12,0.00021867,0.03883664,0.02375909,-0.00089833,0.01760625
2026-03-13,0.00032794,0.01191184,0.00994793,-0.00615146,0.00531276
2026-03-16,0.00000000,0.02703330,-0.01811273,0.02099452,0.00609840
2026-03-17,0.00010928,-0.01075798,-0.00411841,0.00040303,-0.00413964
2026-03-18,0.00021853,0.03168782,0.02289344,-0.00036964,0.01537863
2026-03-19,0.00000000,0.00679326,-0.01166030,0.00084909,-0.00105087
2026-03-20,0.00032773,0.03921226,0.02703589,-0.01146189,0.01704700
2026-03-23,0.00010921,0.02949717,-0.01417318,0.02569937,0.00861400
2026-03-24,0.00010919,-0.01690810,0.00008624,0.00020157,-0.00481816
2026-03-25,-0.00010918,-0.01472459,0.00017215,0.00000000,-0.00425531
2026-03-26,0.00021839,0.05346336,0.00008811,-0.00093661,0.01545101
2026-03-27,-0.00069351,0.04010973,0.02658800,-0.01525224,0.01632163
2026-03-30,-0.01533160,-0.04376996,-0.00462193,-0.00123184,-0.01857215
2026-03-31,0.06609061,0.10184181,-0.05465721,0.03116862,0.03861825
2026-04-01,0.00025890,-0.02822522,-0.00496072,0.00003368,-0.00944458
2026-04-02,0.00021881,-0.00228831,-0.00623427,-0.00229787,-0.00262809
2026-04-06,0.00021878,-0.00229657,0.00234861,-0.00435270,-0.00062134
2026-04-07,0.00010936,0.00095850,0.00019750,0.00421641,0.00099547
2026-04-08,-0.00102067,-0.00153571,-0.01222445,-0.01275627,-0.00595539
2026-04-09,0.01768867,0.01485021,-0.00008582,-0.00779609,0.00824369
2026-04-10,-0.00912365,0.00030839,0.00042979,0.00278803,-0.00202218
2026-04-13,0.01843537,0.03637576,-0.00025770,-0.00867433,0.01452450
2026-04-14,0.04000517,0.02263338,0.00017195,-0.00560172,0.01737135
2026-04-15,0.04193970,0.01760270,0.00025805,0.00452368,0.01801552
2026-04-16,0.01401618,0.01328340,0.00025765,-0.00199485,0.00768722
2026-04-17,0.03721769,-0.01429011,0.00025792,-0.00319730,0.00623904
2026-04-20,0.01044713,0.01490729,0.00025785,0.00930770,0.00881856
2026-04-21,-0.03140658,0.02128289,0.00025745,0.00426875,-0.00222604
2026-04-22,0.04895469,-0.00922425,0.00000000,0.00000000,0.01152183
2026-04-23,-0.01644246,-0.00812265,0.00017203,0.00020141,-0.00704722
2026-04-24,0.05639987,0.02820504,0.00025734,0.00060412,0.02469553
2026-04-27,0.00127877,-0.03506175,-0.00008565,-0.00016872,-0.00984550
2026-04-28,-0.03033206,-0.02442263,0.00017164,-0.00326053,-0.01632160
2026-04-29,0.01843925,-0.00591718,-0.00051185,-0.00040249,0.00343283
2026-04-30,0.02715809,-0.00141340,-0.01174315,0.00020156,0.00432554
2026-05-01,0.02769910,0.01347854,0.00194544,0.00133832,0.01266753
2026-05-04,-0.00597244,-0.00266288,-0.00034010,0.00234556,-0.00224423
2026-05-05,0.03820675,0.04889101,-0.00610043,-0.00036995,0.02355574
2026-05-06,0.06094311,-0.02277847,0.00000000,-0.00383384,0.01049267
2026-05-07,-0.00885936,-0.01320709,0.00017149,-0.00910997,-0.00771946
2026-05-08,0.00642056,0.00525562,0.00034292,-0.00074185,0.00336740
2026-05-11,0.02437672,0.02019198,0.00000000,0.00758424,0.01406256
2026-05-12,-0.03451798,-0.02838261,0.00017140,-0.01006038,-0.01970395
2026-05-13,0.02936461,0.01807302,0.00000000,-0.00118521,0.01357913
2026-05-14,-0.03486788,-0.02687406,0.00017137,-0.00293625,-0.01829933
2026-05-15,0.00828407,0.00533679,0.00008635,-0.00334112,0.00347219
2026-05-18,-0.01454534,-0.02101712,0.01672040,0.00040279,-0.00573819
2026-05-19,-0.01397667,-0.00746830,0.00607901,-0.00057111,-0.00466337
2026-05-20,0.04908815,0.06093438,-0.02885000,-0.00290003,0.02368203
2026-05-21,0.00575089,0.02188111,0.00008556,0.00000000,0.00803638
2026-05-22,0.01156595,0.03683491,0.00077061,0.00023401,0.01427942
2026-05-26,0.05280061,0.07787981,-0.00017096,-0.00406851,0.03724088
2026-05-27,-0.00341671,-0.02626626,-0.00008550,-0.00466474,-0.00933086
2026-05-28,0.02461124,0.02686301,0.00034236,-0.00073358,0.01490993
2026-05-29,0.01051625,0.02286567,0.00000000,-0.00454641,0.00899880
2026-06-01,0.01646394,0.03301673,0.00025642,0.00895857,0.01576241
2026-06-02,-0.01735614,-0.02085705,0.00008579,-0.00313677,-0.01152918
2026-06-03,-0.00341946,-0.00182393,0.00000000,-0.00009532,-0.00153488
2026-06-04,-0.01548059,-0.03624557,0.00008545,0.00322205,-0.01449421
2026-06-05,-0.14368166,0.07986289,0.00017088,-0.00081684,-0.01858383
2026-06-08,-0.00490948,0.08427171,-0.00008542,0.00502562,0.02374583
2026-06-09,0.00323774,-0.03914656,0.00042749,0.00262379,-0.00990457
2026-06-10,-0.05552152,-0.06995898,0.00000000,-0.01026415,-0.03792897
2026-06-11,0.08905972,-0.07234731,-0.00017079,0.00636116,0.00575466
2026-06-12,0.02529783,0.02628660,0.00034198,0.00040296,0.01511226
2026-06-15,0.02319804,0.10168905,-0.00008538,-0.00036979,0.03613874
2026-06-16,0.01728684,-0.09762631,0.00025616,0.00160172,-0.02298902
2026-06-17,-0.03108773,0.00702188,-0.00025610,-0.00080555,-0.00716908
2026-06-18,-0.00058394,0.10615743,0.00051266,0.00080620,0.03087566
2026-06-22,0.02703079,0.00762333,0.00017103,0.00000000,0.01009587
2026-06-23,-0.03090598,-0.06463140,-0.00017100,0.00023364,-0.02771696
2026-06-24,0.00010919,-0.00998875,0.00008534,0.00122142,-0.00265882
2026-06-25,0.00010918,0.04837259,0.00042736,0.00975658,0.01563859
2026-06-26,0.00032751,-0.07917948,0.00008530,-0.00033263,-0.02289394
2026-06-29,0.00010913,0.06386365,-0.00017092,0.00339593,0.01901535
2026-06-30,-0.00102051,0.07984848,-0.00017061,-0.00027085,0.02277342
2026-07-01,0.00011970,-0.10133721,0.00042695,-0.00001319,-0.02923978
2026-07-02,0.00043764,-0.09138432,0.00017091,0.00040380,-0.02626782
2026-07-06,-0.00010936,0.04484180,0.03583290,-0.00033205,0.02259748
2026-07-07,0.00021875,0.01032235,0.00670456,0.00028740,0.00491026
2026-07-08,0.00000000,-0.00562181,0.03198764,-0.00020159,0.00697610
2026-07-09,0.00010935,-0.03697902,-0.00673396,0.00000000,-0.01251037
2026-07-10,-0.00058361,-0.00625786,0.02405755,-0.00016818,0.00448629
2026-07-13,-0.01628432,0.04306092,0.01771566,-0.00045375,0.01248038
2026-07-14,0.00010929,-0.02504255,-0.00140940,0.00020129,-0.00758099
2026-07-15,0.00010928,0.00526020,-0.00518381,0.00020172,0.00018778
2026-07-16,0.00010927,0.03842807,0.00017031,0.00000000,0.01122181
2026-07-17,0.00021850,0.03700065,0.00017028,-0.00013100,0.01081988
2026-07-20,0.00010923,-0.00257544,-0.00042639,-0.00259244,-0.00121919
2026-07-21,0.00000000,-0.04314419,-0.01454457,-0.00598600,-0.01733675
2026-07-22,0.00021844,0.01172316,0.01367473,0.00000000,0.00715524
2026-07-23,0.00000000,0.04266591,0.00146569,-0.00073535,0.01265855
2026-07-24,0.00032758,0.02614486,0.00870330,-0.00098753,0.00987877
2026-07-27,0.00010916,0.00810968,-0.00485517,0.00243126,0.00143726
2026-07-28,0.00010914,0.02149906,0.00001523,0.00040233,0.00633084
2026-07-29,-0.00091150,0.04657103,-0.00034135,-0.00077917,0.01303223
2026-07-30,0.06465100,0.12189956,-0.01623932,0.00497515,0.05046132
2026-07-31,0.00032732,-0.01485130,0.02162941,0.00043027,0.00169253
2026-08-03,0.00014169,-0.04000452,-0.00159815,-0.00013044,-0.01201129
2026-08-04,-0.00102050,0.13042978,-0.00008500,0.00085556,0.03763408
2026-08-05,-0.00479868,-0.01268322,0.00008501,-0.01080537,-0.00666760
2026-08-06,-0.02601110,-0.00226707,0.00016969,-0.00053474,-0.00823506
2026-08-07,0.01128668,0.03749402,0.00025495,-0.00041369,0.01415319
2026-08-10,-0.00027902,-0.03718247,-0.00008618,0.00103273,-0.01073219
2026-08-11,-0.00697739,0.00578233,-0.00014354,-0.00251925,-0.00076321
2026-08-12,0.00534008,0.04248365,-0.00681315,0.00000000,0.01202933
2026-08-13,0.01369862,0.02005892,0.00016991,-0.00021202,0.00980376
2026-08-14,-0.00441256,-0.00566726,0.00025451,0.00135858,-0.00265064
2026-08-17,-0.01070591,0.01909477,-0.00034089,-0.00020174,0.00231047
2026-08-18,-0.03893990,-0.08612826,-0.00275008,-0.00033232,-0.03706214
2026-08-19,0.00396994,0.00688848,-0.00008487,0.01105435,0.00478418
2026-08-20,-0.01694676,-0.00698664,0.00008488,-0.00033258,-0.00696765
2026-08-21,0.00775750,-0.00536213,-0.00000276,0.00521561,0.00147625
2026-08-24,-0.00700159,0.02254179,0.00224934,0.00020150,0.00514420
2026-08-25,0.00857960,-0.01448439,0.00016967,0.00000000,-0.00166658
2026-08-26,-0.00540103,-0.00152712,0.00033899,0.00000000,-0.00191764
2026-08-27,0.00386180,-0.00228642,0.00008464,0.00003248,0.00048458
2026-08-28,-0.00565909,-0.05394726,-0.00000306,-0.00016615,-0.01731159
2026-08-31,0.00010911,-0.00322131,0.00458096,0.00014311,0.00035579
2026-09-01,0.00010693,-0.00400330,-0.00203869,-0.00073474,-0.00179061
2026-09-02,0.00010942,-0.00363897,-0.00920460,0.00495293,-0.00276587
2026-09-03,0.00021882,-0.02661674,0.00323195,0.00003375,-0.00677771
2026-09-04,0.00032816,0.00063330,0.00149931,-0.00294904,0.00024128
2026-09-08,0.00010935,0.00076495,0.00914284,0.00020167,0.00275236
2026-09-09,0.00000000,-0.00487801,0.01656158,-0.00036988,0.00300152
2026-09-10,0.00010933,0.02396456,0.02065575,-0.00219942,0.01222857
2026-09-11,0.00032798,-0.01826596,0.00307130,0.00783934,-0.00319686
2026-09-14,0.00000000,0.01867845,-0.00674877,0.00020151,0.00362481
2026-09-15,0.00010929,0.01511423,0.01853700,-0.00016781,0.00939464
2026-09-16,0.00000000,-0.00010819,-0.00170059,0.00015615,-0.00046711
2026-09-17,-0.00080219,-0.03847721,-0.02777674,0.00623759,-0.01795511
2026-09-18,0.01765200,-0.00485980,0.01308000,0.00000000,0.00724134
2026-09-21,0.08631608,0.00421374,-0.01262804,-0.00033262,0.02279418
2026-09-22,0.02433151,0.03580967,-0.01616019,-0.00779677,0.01190818
2026-09-23,-0.02496453,-0.02037092,0.04225626,0.00164299,-0.00149164
2026-09-24,-0.00101704,-0.00264792,0.00571806,0.00000000,0.00048104
2026-09-25,0.01298040,0.01997689,0.00617537,0.00020153,0.01125519
2026-09-28,-0.03216080,-0.02790733,-0.00825203,-0.00040298,-0.01970825
2026-09-29,0.00545171,0.01356825,-0.00079282,-0.00036993,0.00524624
2026-09-30,0.00735864,0.00501925,-0.00451823,0.00192381,0.00265824
2026-10-01,0.00897091,0.00819546,0.03448674,-0.00580238,0.01341931
2026-10-02,0.02895974,0.03510251,0.00132066,-0.00037011,0.01887911
