date,ticker,delta_weight_pct,notional_compounding_$,half_spread_bps,drag_composer_bps_of_nav,drag_ibkr_bps_of_nav
2023-04-20,PULS,-0.041,29.71,1.01,0.002,0.048
2023-04-20,TLT,0.041,29.71,0.5,0.002,0.048
2023-04-21,PULS,0.083,60.54,1.01,0.004,0.049
2023-04-21,TLT,-75.083,54519.37,0.5,3.754,0.655
2023-04-21,UVXY,75.0,54458.83,13.26,9.947,17.905
2023-04-24,PULS,-0.011,8.17,1.01,0.001,0.048
2023-04-24,UVXY,0.011,8.17,13.33,0.002,0.049
2023-04-25,PULS,-15.08,11864.85,1.01,0.754,0.275
2023-04-25,ZVOL,17.0,13375.9,15.0,2.55,2.049
2023-04-25,UVXY,-1.92,1511.05,11.93,0.229,0.413
2023-04-26,PULS,-0.219,167.15,1.01,0.011,0.047
2023-04-26,SOXL,75.0,57374.36,3.74,3.75,5.049
2023-04-26,ZVOL,-0.645,493.57,15.0,0.097,0.094
2023-04-26,UVXY,-74.136,56713.64,12.41,9.198,16.556
2023-04-27,PULS,17.089,13210.71,1.01,0.854,0.312
2023-04-27,SOXL,-75.091,58048.6,3.69,3.755,4.991
2023-04-27,ZVOL,-16.998,13140.28,15.0,2.55,2.033
2023-04-27,TLT,75.0,57978.17,0.5,3.75,0.653
2023-04-28,PULS,-0.012,9.76,1.01,0.001,0.045
2023-04-28,TLT,0.012,9.76,0.5,0.001,0.045
2023-05-01,PULS,0.063,48.47,1.02,0.003,0.046
2023-05-01,TLT,-0.063,48.47,0.5,0.003,0.046
2023-05-02,PULS,-0.057,44.17,1.02,0.003,0.045
2023-05-02,TLT,0.057,44.17,0.5,0.003,0.045
2023-05-03,PULS,-0.0,0.09,1.02,0.0,0.045
2023-05-03,TLT,0.0,0.09,0.5,0.0,0.045
2023-05-04,PULS,-12.912,10031.38,1.01,0.646,0.236
2023-05-04,ZVOL,13.0,10099.98,15.0,1.95,1.573
2023-05-04,TLT,-75.088,58337.71,0.5,3.754,0.651
2023-05-04,SQQQ,75.0,58269.11,1.62,3.75,2.193
2023-05-05,PULS,12.473,9256.35,1.02,0.624,0.228
2023-05-05,ZVOL,-13.968,10365.11,15.0,2.095,1.673
2023-05-05,TLT,75.0,55656.5,0.5,3.75,0.652
2023-05-05,SQQQ,-73.506,54547.74,1.73,3.675,2.294
2023-05-08,PULS,0.023,16.83,1.02,0.001,0.048
2023-05-08,TLT,-0.023,16.83,0.5,0.001,0.048
2023-05-09,PULS,-0.364,266.35,1.02,0.018,0.05
2023-05-09,TLT,-74.636,54621.39,0.5,3.732,0.657
2023-05-09,SQQQ,75.0,54887.74,1.71,3.75,2.312
2023-05-10,PULS,-0.623,445.07,1.02,0.031,0.052
2023-05-10,TLT,75.0,53544.17,0.5,3.75,0.656
2023-05-10,SQQQ,-74.377,53099.1,1.77,3.719,2.368
2023-05-11,PULS,-0.007,5.12,1.02,0.0,0.049
2023-05-11,TLT,0.007,5.12,0.5,0.0,0.049
2023-05-12,PULS,0.043,30.7,1.02,0.002,0.049
2023-05-12,TLT,-0.043,30.7,0.5,0.002,0.049
2023-05-15,PULS,-0.207,146.93,1.02,0.01,0.05
2023-05-15,SOXL,37.5,26591.12,3.31,1.875,2.234
2023-05-15,TECL,37.5,26591.12,1.5,1.875,0.937
2023-05-15,TLT,-74.793,53035.3,0.5,3.74,0.658
2023-05-16,PULS,-8.997,6374.77,1.02,0.45,0.164
2023-05-16,SOXL,0.138,98.12,3.32,0.007,0.052
2023-05-16,SVIX,37.5,26570.88,4.0,1.875,2.028
2023-05-16,ZVOL,9.0,6377.01,15.0,1.35,1.074
2023-05-16,TECL,-37.642,26671.23,1.5,1.882,0.938
2023-05-17,PULS,0.028,20.73,1.02,0.001,0.048
2023-05-17,SOXL,-0.029,21.67,3.1,0.001,0.048
2023-05-17,SVIX,0.008,6.14,4.0,0.0,0.048
2023-05-17,ZVOL,-0.007,5.19,15.0,0.001,0.048
2023-05-18,PULS,-2.633,2044.49,1.02,0.132,0.058
2023-05-18,SOXL,-2.647,2055.29,2.83,0.132,0.135
2023-05-18,SVIX,0.741,575.34,4.0,0.037,0.06
2023-05-18,ZVOL,-8.46,6568.45,15.0,1.269,0.998
2023-05-18,VXZ,12.4,9627.06,3.0,0.62,0.55
2023-05-19,PULS,12.826,9812.4,1.02,0.641,0.234
2023-05-19,SOXL,0.054,41.21,2.88,0.003,0.047
2023-05-19,SVIX,0.51,390.13,4.0,0.025,0.056
2023-05-19,VXZ,-12.781,9777.98,3.0,0.639,0.561
2023-05-22,PULS,-0.031,24.04,1.02,0.002,0.046
2023-05-22,SOXL,0.006,4.41,2.85,0.0,0.046
2023-05-22,SVIX,0.026,19.62,4.0,0.001,0.046
2023-05-23,PULS,-9.454,7099.41,1.01,0.473,0.173
2023-05-23,SOXL,-37.16,27905.6,2.96,1.858,1.977
2023-05-23,SVIX,0.113,85.02,4.0,0.006,0.049
2023-05-23,ZVOL,9.0,6758.71,15.0,1.35,1.067
2023-05-23,TECL,37.5,28161.27,1.5,1.875,0.899
2023-05-24,PULS,-4.359,3200.37,1.01,0.218,0.08
2023-05-24,SOXL,37.5,27534.86,3.12,1.875,2.105
2023-05-24,SVIX,0.521,382.76,4.0,0.026,0.058
2023-05-24,ZVOL,3.809,2796.86,15.0,0.571,0.452
2023-05-24,TECL,-37.472,27514.11,1.5,1.874,0.913
2023-05-25,PULS,13.915,11050.57,1.01,0.696,0.254
2023-05-25,SOXL,-41.396,32874.58,2.61,2.07,1.945
2023-05-25,SVIX,2.111,1676.39,4.0,0.106,0.114
2023-05-25,ZVOL,-12.13,9633.1,15.0,1.82,1.433
2023-05-25,TECL,37.5,29780.72,1.5,1.875,0.848
2023-05-26,PULS,0.022,18.54,1.01,0.001,0.042
2023-05-26,SVIX,0.001,1.18,4.0,0.0,0.042
2023-05-26,TECL,-0.024,19.72,1.5,0.001,0.042
2023-05-30,PULS,-0.072,60.85,1.01,0.004,0.042
2023-05-30,SVIX,-0.008,6.64,4.0,0.0,0.042
2023-05-30,TECL,-0.02,16.9,1.5,0.001,0.042
2023-05-31,PULS,1.3,1089.56,1.01,0.065,0.048
2023-05-31,SOXL,37.5,31423.86,2.36,1.875,1.596
2023-05-31,SVIX,-0.685,574.3,4.0,0.034,0.055
2023-05-31,TECL,-38.115,31939.12,1.5,1.906,0.823
2023-06-01,PULS,0.054,46.8,1.02,0.003,0.04
2023-06-01,SOXL,0.012,10.41,2.26,0.001,0.04
2023-06-01,SVIX,0.034,29.92,4.0,0.002,0.041
2023-06-02,PULS,-13.772,12143.63,1.02,0.689,0.252
2023-06-02,SOXL,0.427,376.8,2.27,0.021,0.045
2023-06-02,SVIX,-1.655,1459.56,4.0,0.083,0.081
2023-06-02,VXZ,14.6,12873.68,3.0,0.73,0.688
2023-06-05,PULS,14.875,12968.11,1.02,0.744,0.272
2023-06-05,SOXL,1.364,1189.08,2.38,0.068,0.059
2023-06-05,SVIX,-38.75,33782.03,4.0,1.937,1.864
2023-06-05,VXZ,-14.686,12803.13,3.0,0.734,0.695
2023-06-05,TECL,37.5,32692.63,1.5,1.875,0.795
2023-06-06,PULS,-12.676,11194.73,1.02,0.634,0.232
2023-06-06,SOXL,-0.856,755.93,2.3,0.043,0.049
2023-06-06,VXZ,12.7,11215.64,3.0,0.635,0.617
2023-06-06,TECL,0.532,470.09,1.5,0.027,0.044
2023-06-07,PULS,12.792,11100.04,1.02,0.64,0.234
2023-06-07,SOXL,-0.501,434.43,2.31,0.025,0.046
2023-06-07,VXZ,-13.05,11324.09,3.0,0.652,0.63
2023-06-07,TECL,1.064,923.37,1.5,0.053,0.048
2023-06-08,PULS,-0.049,43.31,1.02,0.002,0.04
2023-06-08,SOXL,-0.039,34.25,2.24,0.002,0.04
2023-06-08,TECL,-0.013,11.22,1.5,0.001,0.04
2023-06-09,PULS,-12.244,10947.99,1.02,0.612,0.224
2023-06-09,SOXL,-0.164,146.58,2.23,0.008,0.041
2023-06-09,VXZ,12.4,11087.85,3.0,0.62,0.609
2023-06-09,TECL,-0.592,529.79,1.5,0.03,0.044
2023-06-12,PULS,-5.314,5039.72,1.02,0.266,0.097
2023-06-12,SOXL,-38.797,36794.39,2.03,1.94,1.419
2023-06-12,VXZ,6.988,6626.88,3.0,0.349,0.342
2023-06-12,TECL,-37.611,35669.02,1.5,1.881,0.767
2023-06-12,UVXY,75.0,71127.79,21.93,16.447,29.605
2023-06-13,PULS,-0.045,42.0,1.02,0.002,0.037
2023-06-13,VXZ,0.011,10.36,3.0,0.001,0.037
2023-06-13,UVXY,0.036,33.63,22.12,0.008,0.041
2023-06-14,PULS,0.005,4.55,1.02,0.0,0.038
2023-06-14,VXZ,-0.033,30.01,3.0,0.002,0.039
2023-06-14,UVXY,-0.062,56.82,23.04,0.014,0.046
2023-06-15,PULS,0.065,60.72,1.01,0.003,0.038
2023-06-15,VXZ,-0.027,25.15,3.0,0.001,0.038
2023-06-15,UVXY,-0.046,43.21,22.22,0.01,0.042
2023-06-16,PULS,10.597,9474.96,1.01,0.53,0.194
2023-06-16,VXZ,-11.423,10213.39,3.0,0.571,0.569
2023-06-16,UVXY,1.041,930.51,23.58,0.245,0.442
2023-06-20,PULS,0.032,28.49,1.01,0.002,0.039
2023-06-20,VXZ,-0.072,64.81,3.0,0.004,0.04
2023-06-20,UVXY,0.039,35.55,23.36,0.009,0.043
2023-06-21,PULS,-1.346,1179.39,1.01,0.067,0.047
2023-06-21,SOXL,37.5,32869.68,2.19,1.875,1.482
2023-06-21,ZVOL,9.0,7888.72,15.0,1.35,1.003
2023-06-21,VXZ,-8.008,7019.59,3.0,0.4,0.398
2023-06-21,TECL,37.5,32869.68,1.5,1.875,0.769
2023-06-21,UVXY,-74.543,65339.15,24.15,18.006,32.41
2023-06-22,PULS,0.039,34.89,1.01,0.002,0.04
2023-06-22,SOXL,0.042,37.15,2.16,0.002,0.04
2023-06-22,ZVOL,0.004,3.74,15.0,0.001,0.04
2023-06-22,TECL,0.015,13.19,1.5,0.001,0.039
2023-06-23,PULS,-0.035,30.17,1.01,0.002,0.041
2023-06-23,SOXL,-0.017,14.47,2.28,0.001,0.041
2023-06-23,ZVOL,0.052,44.76,15.0,0.008,0.045
2023-06-23,TECL,-0.0,0.12,1.5,0.0,0.041
2023-06-26,PULS,0.026,22.07,1.01,0.001,0.041
2023-06-26,SOXL,0.011,9.49,2.26,0.001,0.041
2023-06-26,ZVOL,-0.047,40.02,15.0,0.007,0.044
2023-06-26,TECL,0.01,8.46,1.5,0.0,0.041
2023-06-27,PULS,-0.024,21.95,1.01,0.001,0.039
2023-06-27,SOXL,-0.013,11.96,2.05,0.001,0.039
2023-06-27,ZVOL,0.044,40.23,15.0,0.007,0.042
2023-06-27,TECL,-0.007,6.32,1.5,0.0,0.038
2023-06-28,PULS,0.074,66.49,1.01,0.004,0.039
2023-06-28,SOXL,0.044,39.88,2.11,0.002,0.039
2023-06-28,ZVOL,-0.0,0.24,15.0,0.0,0.039
2023-06-28,TECL,-0.017,15.76,1.5,0.001,0.039
2023-06-29,PULS,-0.039,35.04,1.01,0.002,0.039
2023-06-29,SOXL,0.006,5.25,2.1,0.0,0.039
2023-06-29,ZVOL,0.011,9.62,15.0,0.002,0.039
2023-06-29,TECL,0.022,20.17,1.5,0.001,0.039
2023-06-30,PULS,-4.981,4672.3,1.01,0.249,0.091
2023-06-30,SOXL,-0.684,641.75,2.01,0.034,0.044
2023-06-30,ZVOL,-9.03,8470.79,15.0,1.355,0.986
2023-06-30,VXZ,14.8,13883.42,3.0,0.74,0.764
2023-06-30,TECL,-0.305,286.2,1.5,0.015,0.04
2023-07-03,PULS,-0.045,42.38,1.02,0.002,0.037
2023-07-03,SOXL,0.032,29.87,1.96,0.002,0.037
2023-07-03,VXZ,0.02,19.28,3.0,0.001,0.037
2023-07-03,TECL,-0.008,7.89,1.5,0.0,0.037
2023-07-05,PULS,14.779,13506.6,1.02,0.739,0.27
2023-07-05,SOXL,0.502,459.09,2.1,0.025,0.044
2023-07-05,VXZ,-15.073,13775.57,3.0,0.754,0.783
2023-07-05,TECL,-0.002,1.41,1.5,0.0,0.038
2023-07-06,PULS,-9.442,8471.97,1.02,0.472,0.173
2023-07-06,SOXL,-36.771,32992.61,2.18,1.839,1.44
2023-07-06,ZVOL,9.0,8075.15,15.0,1.35,0.989
2023-07-06,TECL,-37.786,33903.5,1.5,1.889,0.755
2023-07-06,SQQQ,75.0,67292.92,2.6,3.75,3.508
2023-07-07,PULS,0.037,33.54,1.02,0.002,0.039
2023-07-07,ZVOL,-0.014,12.32,15.0,0.002,0.04
2023-07-07,SQQQ,-0.023,21.22,2.57,0.001,0.039
2023-07-10,PULS,0.006,5.78,1.02,0.0,0.039
2023-07-10,ZVOL,0.041,36.88,15.0,0.006,0.042
2023-07-10,SQQQ,0.053,47.99,2.57,0.003,0.039
2023-07-11,PULS,-0.046,41.27,1.01,0.002,0.039
2023-07-11,ZVOL,-0.032,29.06,15.0,0.005,0.041
2023-07-11,SQQQ,0.078,70.32,2.61,0.004,0.04
2023-07-12,PULS,-4.437,3875.13,1.01,0.222,0.081
2023-07-12,SOXL,37.5,32752.44,1.95,1.875,1.314
2023-07-12,ZVOL,-9.752,8517.72,15.0,1.463,1.053
2023-07-12,VXZ,13.0,11354.18,3.0,0.65,0.694
2023-07-12,TECL,37.5,32752.44,1.5,1.875,0.733
2023-07-12,SQQQ,-73.811,64466.22,2.71,3.691,3.602
2023-07-13,PULS,-3.564,3231.0,1.01,0.178,0.065
2023-07-13,SOXL,-0.852,772.6,1.83,0.043,0.046
2023-07-13,SVIX,37.5,33991.73,4.0,1.875,1.6
2023-07-13,VXZ,4.32,3916.16,3.0,0.216,0.23
2023-07-13,TECL,-37.504,33994.94,1.5,1.875,0.717
2023-07-14,PULS,-0.095,85.36,1.01,0.005,0.04
2023-07-14,SOXL,1.006,900.8,1.91,0.05,0.049
2023-07-14,SVIX,-38.325,34309.79,4.0,1.916,1.627
2023-07-14,VXZ,0.016,14.0,3.0,0.001,0.039
2023-07-14,TECL,37.5,33570.95,1.5,1.875,0.719
2023-07-17,PULS,-1.683,1567.88,1.01,0.084,0.046
2023-07-17,SOXL,-1.025,954.75,1.78,0.051,0.047
2023-07-17,SVIX,37.5,34943.63,4.0,1.875,1.588
2023-07-17,VXZ,2.117,1972.29,3.0,0.106,0.113
2023-07-17,TECL,-37.409,34859.2,1.5,1.87,0.701
2023-07-18,PULS,-4.962,4651.32,1.01,0.248,0.091
2023-07-18,SOXL,-37.515,35163.66,1.77,1.876,1.195
2023-07-18,SVIX,-37.66,35298.87,4.0,1.883,1.586
2023-07-18,VXZ,5.234,4906.07,3.0,0.262,0.279
2023-07-18,UVXY,75.0,70298.38,2.95,3.75,3.987
2023-07-19,PULS,0.024,22.98,1.01,0.001,0.037
2023-07-19,VXZ,0.034,32.48,3.0,0.002,0.037
2023-07-19,UVXY,0.033,31.37,2.87,0.002,0.037
2023-07-20,PULS,24.002,23060.03,1.01,1.2,0.438
2023-07-20,SOXL,37.5,36028.46,2.06,1.875,1.389
2023-07-20,VXZ,-23.391,22473.2,3.0,1.17,1.233
2023-07-20,TECL,37.5,36028.46,1.5,1.875,0.719
2023-07-20,UVXY,-75.212,72260.42,2.87,3.761,3.884
2023-07-21,PULS,0.02,19.18,1.01,0.001,0.036
2023-07-21,SOXL,-0.042,40.79,2.01,0.002,0.037
2023-07-21,TECL,0.022,21.61,1.5,0.001,0.036
2023-07-24,PULS,0.243,235.56,1.01,0.012,0.037
2023-07-24,SOXL,-37.988,36863.88,2.01,1.899,1.373
2023-07-24,TECL,-37.254,36151.51,1.5,1.863,0.713
2023-07-24,UVXY,75.0,72779.83,3.0,3.75,4.056
2023-07-25,PULS,-9.03,8748.32,1.01,0.452,0.165
2023-07-25,SOXL,37.5,36329.64,1.91,1.875,1.292
2023-07-25,VXZ,8.6,8331.6,3.0,0.43,0.46
2023-07-25,TECL,37.5,36329.64,1.5,1.875,0.703
2023-07-25,UVXY,-74.97,72630.06,3.01,3.748,4.06
2023-07-26,PULS,-4.524,4241.23,1.01,0.226,0.082
2023-07-26,SOXL,-37.135,34813.87,2.0,1.857,1.334
2023-07-26,VXZ,4.136,3877.5,3.0,0.207,0.224
2023-07-26,TECL,-37.164,34841.79,1.5,1.858,0.715
2023-07-26,UVXY,75.0,70312.85,3.13,3.75,4.227
2023-07-27,PULS,4.656,4613.05,1.01,0.233,0.085
2023-07-27,SVIX,37.5,37154.92,4.0,1.875,1.588
2023-07-27,ZVOL,9.0,8917.18,15.0,1.35,0.973
2023-07-27,VXZ,-12.422,12307.65,3.0,0.621,0.662
2023-07-27,TECL,37.5,37154.92,1.5,1.875,0.725
2023-07-27,UVXY,-76.139,75438.75,2.92,3.807,3.996
2023-07-28,PULS,9.466,9664.43,1.01,0.473,0.172
2023-07-28,SOXL,37.5,38285.8,1.78,1.875,1.199
2023-07-28,SVIX,-37.713,38503.19,4.0,1.886,1.567
2023-07-28,ZVOL,-8.921,9107.96,15.0,1.338,0.958
2023-07-28,TECL,-0.332,339.1,1.5,0.017,0.037
2023-07-31,PULS,0.034,34.43,1.01,0.002,0.034
2023-07-31,SOXL,-0.021,21.98,1.76,0.001,0.034
2023-07-31,TECL,-0.012,12.45,1.5,0.001,0.034
2023-08-01,PULS,0.198,204.07,1.02,0.01,0.035
2023-08-01,SOXL,-37.634,38765.52,1.75,1.882,1.187
2023-08-01,SVIX,37.5,38627.78,4.0,1.875,1.564
2023-08-01,TECL,-0.064,66.33,1.5,0.003,0.034
2023-08-02,PULS,-14.682,14166.32,1.02,0.734,0.268
2023-08-02,SVIX,-36.311,35034.42,4.0,1.816,1.595
2023-08-02,ZVOL,13.0,12543.09,15.0,1.95,1.413
2023-08-02,TECL,-37.007,35706.33,1.5,1.85,0.728
2023-08-02,SQQQ,75.0,72363.98,2.75,3.75,3.713
2023-08-03,PULS,-0.03,28.97,1.01,0.001,0.036
2023-08-03,ZVOL,0.035,34.0,15.0,0.005,0.039
2023-08-03,SQQQ,-0.005,5.03,2.73,0.0,0.036
2023-08-04,PULS,-0.009,8.9,1.01,0.0,0.036
2023-08-04,ZVOL,0.006,6.26,15.0,0.001,0.036
2023-08-04,SQQQ,0.003,2.64,2.69,0.0,0.036
2023-08-07,PULS,13.017,12549.49,1.01,0.651,0.238
2023-08-07,ZVOL,-13.26,12783.78,15.0,1.989,1.434
2023-08-07,SQQQ,0.243,234.29,2.76,0.012,0.04
2023-08-08,PULS,-0.013,12.51,1.01,0.001,0.036
2023-08-08,SQQQ,0.013,12.51,2.69,0.001,0.036
2023-08-09,PULS,-11.911,12001.08,1.01,0.596,0.217
2023-08-09,ZVOL,13.0,13097.88,15.0,1.95,1.413
2023-08-09,SQQQ,-1.089,1096.8,2.6,0.054,0.051
2023-08-10,PULS,-0.031,31.19,1.01,0.002,0.035
2023-08-10,ZVOL,-0.049,49.4,15.0,0.007,0.039
2023-08-10,SQQQ,-0.02,19.91,2.61,0.001,0.035
2023-08-11,PULS,-0.01,10.17,1.01,0.0,0.034
2023-08-11,ZVOL,0.003,3.31,15.0,0.0,0.034
2023-08-11,SQQQ,-0.093,95.33,2.56,0.005,0.035
2023-08-14,PULS,12.886,12843.92,1.01,0.644,0.235
2023-08-14,ZVOL,-13.388,13344.46,15.0,2.008,1.446
2023-08-14,SQQQ,0.502,500.54,2.65,0.025,0.042
2023-08-15,PULS,-12.417,12670.22,1.01,0.621,0.227
2023-08-15,ZVOL,13.0,13264.68,15.0,1.95,1.416
2023-08-15,SQQQ,-0.583,594.46,2.57,0.029,0.042
2023-08-16,PULS,-0.031,32.48,1.01,0.002,0.034
2023-08-16,ZVOL,0.031,32.5,15.0,0.005,0.036
2023-08-17,PULS,-9.436,10073.53,1.01,0.472,0.172
2023-08-17,ZVOL,10.913,11650.99,15.0,1.637,1.2
2023-08-17,TECL,75.0,80069.84,1.5,3.75,1.652
2023-08-17,SQQQ,-76.478,81647.3,2.41,3.824,3.312
2023-08-18,PULS,0.007,7.3,1.01,0.0,0.033
2023-08-18,ZVOL,0.0,0.29,15.0,0.0,0.033
2023-08-18,TECL,-0.007,7.6,1.5,0.0,0.033
2023-08-21,PULS,23.09,25888.32,1.01,1.154,0.421
2023-08-21,ZVOL,-22.433,25151.34,15.0,3.365,2.447
2023-08-21,TECL,-75.657,84826.82,1.5,3.783,1.604
2023-08-21,SQQQ,75.0,84089.84,2.52,3.75,3.397
2023-08-22,PULS,0.001,1.67,1.01,0.0,0.031
2023-08-22,SQQQ,-0.001,1.67,2.5,0.0,0.031
2023-08-23,PULS,-9.828,10661.59,1.01,0.491,0.179
2023-08-23,SOXL,37.5,40681.16,2.21,1.875,1.493
2023-08-23,SVIX,37.5,40681.16,4.0,1.875,1.633
2023-08-23,VXZ,8.9,9655.0,3.0,0.445,0.465
2023-08-23,SQQQ,-74.172,80464.22,2.63,3.709,3.508
2023-08-24,PULS,8.151,8392.07,1.01,0.408,0.148
2023-08-24,SOXL,-35.655,36707.66,2.45,1.783,1.572
2023-08-24,SVIX,-37.85,38967.53,4.0,1.893,1.687
2023-08-24,VXZ,-9.541,9822.64,3.0,0.477,0.492
2023-08-24,SQQQ,75.0,77214.15,2.46,3.75,3.323
2023-08-25,PULS,0.035,35.85,1.01,0.002,0.035
2023-08-25,SQQQ,-0.035,35.85,2.52,0.002,0.035
2023-08-28,PULS,-0.029,28.66,1.01,0.001,0.035
2023-08-28,SQQQ,0.029,28.66,2.58,0.001,0.036
2023-08-29,PULS,-15.213,14399.96,1.01,0.761,0.277
2023-08-29,SOXL,37.5,35495.59,2.17,1.875,1.463
2023-08-29,VXZ,12.9,12210.48,3.0,0.645,0.692
2023-08-29,TECL,37.5,35495.59,1.5,1.875,0.753
2023-08-29,SQQQ,-72.787,68896.37,2.76,3.639,3.611
2023-08-30,PULS,0.056,53.24,1.01,0.003,0.037
2023-08-30,SOXL,0.041,39.72,2.14,0.002,0.037
2023-08-30,VXZ,-0.017,16.01,3.0,0.001,0.037
2023-08-30,TECL,0.018,17.7,1.5,0.001,0.037
2023-08-31,PULS,13.228,12813.97,1.01,0.661,0.24
2023-08-31,SOXL,-0.396,383.61,2.1,0.02,0.04
2023-08-31,VXZ,-12.282,11897.86,3.05,0.614,0.673
2023-08-31,TECL,-0.451,436.74,1.5,0.023,0.04
2023-09-01,PULS,-12.849,12515.24,1.02,0.642,0.235
2023-09-01,SOXL,-0.04,39.31,2.08,0.002,0.036
2023-09-01,VXZ,12.7,12370.03,3.05,0.635,0.698
2023-09-01,TECL,-0.111,107.69,1.5,0.006,0.037
2023-09-05,PULS,13.025,12715.16,1.01,0.651,0.238
2023-09-05,SOXL,-37.383,36492.74,2.08,1.869,1.401
2023-09-05,VXZ,-12.552,12253.24,3.08,0.628,0.696
2023-09-05,TECL,-37.791,36891.31,1.5,1.89,0.733
2023-09-05,TLT,75.0,73214.07,0.53,3.75,0.722
2023-09-06,PULS,-8.946,8741.03,1.01,0.447,0.163
2023-09-06,ZVOL,9.0,8793.43,15.0,1.35,0.963
2023-09-06,TLT,-75.054,73330.98,0.53,3.753,0.721
2023-09-06,SQQQ,75.0,73278.59,2.75,3.75,3.713
2023-09-07,PULS,-0.014,13.59,1.01,0.001,0.035
2023-09-07,ZVOL,0.014,13.56,15.0,0.002,0.036
2023-09-08,PULS,0.063,62.73,1.01,0.003,0.036
2023-09-08,ZVOL,-0.016,16.21,15.0,0.002,0.036
2023-09-08,SQQQ,-0.047,46.52,2.7,0.002,0.036
2023-09-11,PULS,0.0,0.29,1.01,0.0,0.036
2023-09-11,ZVOL,-0.001,1.03,15.0,0.0,0.036
2023-09-11,SQQQ,0.001,0.74,2.79,0.0,0.036
2023-09-12,PULS,-0.008,8.11,1.01,0.0,0.035
2023-09-12,ZVOL,0.028,28.14,15.0,0.004,0.037
2023-09-12,SQQQ,0.08,79.25,2.7,0.004,0.036
2023-09-13,PULS,-0.016,16.14,1.01,0.001,0.036
2023-09-13,ZVOL,-0.053,52.54,15.0,0.008,0.04
2023-09-13,SQQQ,0.07,68.68,2.73,0.003,0.036
2023-09-14,PULS,0.05,48.31,1.01,0.002,0.036
2023-09-14,ZVOL,-0.002,2.21,15.0,0.0,0.036
2023-09-14,SQQQ,-0.048,46.1,2.8,0.002,0.037
2023-09-15,PULS,-0.015,15.13,1.01,0.001,0.035
2023-09-15,ZVOL,0.082,82.49,15.0,0.012,0.041
2023-09-15,SQQQ,0.033,33.27,2.66,0.002,0.035
2023-09-18,PULS,-0.031,31.6,1.01,0.002,0.035
2023-09-18,ZVOL,-0.043,43.29,15.0,0.006,0.038
2023-09-18,SQQQ,0.075,74.89,2.67,0.004,0.036
2023-09-19,PULS,-0.012,12.16,1.01,0.001,0.035
2023-09-19,ZVOL,0.016,16.16,15.0,0.002,0.036
2023-09-19,SQQQ,-0.004,4.0,2.65,0.0,0.035
2023-09-20,PULS,-5.034,5238.38,1.01,0.252,0.092
2023-09-20,SOXL,75.0,78043.03,2.71,3.75,3.653
2023-09-20,ZVOL,6.28,6534.95,15.0,0.942,0.666
2023-09-20,SQQQ,-76.246,79339.59,2.58,3.812,3.544
2023-09-21,PULS,-8.497,8415.9,1.01,0.425,0.155
2023-09-21,SOXL,-74.209,73504.19,2.87,3.71,3.834
2023-09-21,ZVOL,7.705,7632.01,15.0,1.156,0.824
2023-09-21,TECL,75.0,74288.08,1.5,3.75,1.686
2023-09-22,PULS,0.008,7.63,1.01,0.0,0.035
2023-09-22,ZVOL,-0.013,12.56,15.0,0.002,0.036
2023-09-22,TECL,0.005,4.93,1.5,0.0,0.035
2023-09-25,PULS,23.015,23053.32,1.01,1.151,0.419
2023-09-25,LABU,75.0,75124.67,13.74,10.302,18.544
2023-09-25,ZVOL,-22.708,22746.07,15.0,3.406,2.428
2023-09-25,TECL,-75.307,75431.92,1.5,3.765,1.675
2023-09-26,PULS,-23.054,23971.31,1.01,1.153,0.42
2023-09-26,LABU,-75.946,78965.77,13.05,9.915,17.846
2023-09-26,ZVOL,24.0,24954.45,15.0,3.6,2.607
2023-09-26,TECL,75.0,77982.64,1.5,3.75,1.732
2023-09-27,PULS,0.006,6.77,1.01,0.0,0.033
2023-09-27,ZVOL,0.015,15.51,15.0,0.002,0.035
2023-09-27,TECL,-0.021,22.28,1.5,0.001,0.034
2023-09-28,PULS,24.021,25656.6,1.01,1.201,0.437
2023-09-28,ZVOL,-24.303,25958.56,15.0,3.646,2.608
2023-09-28,TECL,-74.717,79805.53,1.5,3.736,1.697
2023-09-28,SQQQ,75.0,80107.48,2.44,3.75,3.296
2023-09-29,PULS,-0.044,47.2,1.01,0.002,0.033
2023-09-29,SQQQ,0.044,47.2,2.45,0.002,0.033
2023-10-02,PULS,-0.455,476.64,1.02,0.023,0.036
2023-10-02,SPXL,75.0,78497.99,1.0,3.75,0.999
2023-10-02,SQQQ,-74.545,78021.35,2.51,3.727,3.363
2023-10-03,PULS,-25.795,26169.87,1.01,1.29,0.471
2023-10-03,ZVOL,25.0,25363.17,15.0,3.75,2.737
2023-10-03,SPXL,0.795,806.71,1.0,0.04,0.038
2023-10-04,PULS,25.0,25883.8,1.01,1.25,0.457
2023-10-04,LABU,75.0,77651.39,15.15,11.364,20.455
2023-10-04,ZVOL,-24.929,25810.05,15.0,3.739,2.714
2023-10-04,SPXL,-75.071,77725.13,1.0,3.754,1.012
2023-10-05,PULS,1.737,1931.89,1.01,0.087,0.04
2023-10-05,SOXL,37.5,41708.74,2.72,1.875,1.834
2023-10-05,SVIX,37.5,41708.74,4.0,1.875,1.659
2023-10-05,LABU,-76.737,85349.37,13.77,10.57,19.026
2023-10-06,PULS,0.056,64.45,1.01,0.003,0.031
2023-10-06,SOXL,-0.031,35.4,2.57,0.002,0.031
2023-10-06,SVIX,-0.025,29.05,4.0,0.001,0.031
2023-10-09,PULS,-12.328,14129.86,1.01,0.616,0.225
2023-10-09,SOXL,-0.793,909.23,2.58,0.04,0.041
2023-10-09,SVIX,0.122,139.5,4.0,0.006,0.033
2023-10-09,VXZ,12.9,14784.97,3.0,0.645,0.686
2023-10-10,PULS,-0.014,16.76,1.01,0.001,0.03
2023-10-10,SOXL,0.02,23.06,2.49,0.001,0.03
2023-10-10,SVIX,0.01,11.82,4.0,0.001,0.03
2023-10-10,VXZ,-0.018,20.88,3.0,0.001,0.03
2023-10-11,PULS,0.043,51.31,1.01,0.002,0.03
2023-10-11,SOXL,0.028,33.41,2.44,0.001,0.03
2023-10-11,SVIX,0.009,11.02,4.0,0.0,0.03
2023-10-11,VXZ,0.018,21.63,3.02,0.001,0.03
2023-10-12,PULS,13.375,15850.58,1.01,0.669,0.244
2023-10-12,SOXL,-1.202,1424.88,2.42,0.06,0.052
2023-10-12,SVIX,0.258,305.92,4.0,0.013,0.035
2023-10-12,VXZ,-12.33,14612.85,3.0,0.617,0.661
2023-10-13,PULS,-11.044,12100.43,1.01,0.552,0.201
2023-10-13,SOXL,0.276,302.39,2.63,0.014,0.036
2023-10-13,SVIX,1.768,1937.32,4.0,0.088,0.081
2023-10-13,ZVOL,9.0,9860.72,15.0,1.35,0.99
2023-10-16,PULS,-0.034,39.02,1.01,0.002,0.031
2023-10-16,SOXL,0.034,39.31,2.52,0.002,0.031
2023-10-16,SVIX,0.019,22.02,4.0,0.001,0.031
2023-10-16,ZVOL,-0.019,22.32,15.0,0.003,0.032
2023-10-17,PULS,9.536,10772.05,1.01,0.477,0.174
2023-10-17,SOXL,-36.986,41781.26,2.59,1.849,1.725
2023-10-17,SVIX,-38.646,43655.69,4.0,1.932,1.72
2023-10-17,ZVOL,-8.904,10058.18,15.0,1.336,0.972
2023-10-17,SQQQ,75.0,84723.08,2.66,3.75,3.585
2023-10-18,PULS,0.042,49.06,1.01,0.002,0.03
2023-10-18,SQQQ,-0.042,49.06,2.55,0.002,0.031
2023-10-19,PULS,-11.795,14029.73,1.01,0.59,0.215
2023-10-19,ZVOL,13.0,15463.3,15.0,1.95,1.448
2023-10-19,SQQQ,-1.205,1433.57,2.48,0.06,0.054
2023-10-20,PULS,-3.625,4450.57,1.01,0.181,0.066
2023-10-20,LABU,75.0,92093.34,17.67,13.251,23.852
2023-10-20,ZVOL,4.532,5564.52,15.0,0.68,0.506
2023-10-20,SQQQ,-75.907,93207.28,2.37,3.795,3.241
2023-10-23,PULS,-0.042,49.42,1.01,0.002,0.03
2023-10-23,LABU,-0.008,9.53,18.8,0.002,0.03
2023-10-23,ZVOL,0.05,58.95,15.0,0.008,0.033
2023-10-24,PULS,17.147,21326.29,1.01,0.857,0.312
2023-10-24,LABU,-74.491,92645.58,17.54,13.069,23.524
2023-10-24,ZVOL,-17.656,21959.14,15.0,2.648,1.941
2023-10-24,SQQQ,75.0,93278.43,2.46,3.75,3.323
2023-10-25,PULS,-15.7,20581.97,1.01,0.785,0.286
2023-10-25,SOXL,75.0,98322.5,3.34,3.75,4.509
2023-10-25,ZVOL,17.0,22286.43,15.0,2.55,1.894
2023-10-25,SQQQ,-76.3,100026.96,2.29,3.815,3.15
2023-10-26,PULS,-6.103,7895.64,1.01,0.305,0.111
2023-10-26,SOXL,-74.715,96665.49,3.39,3.736,4.565
2023-10-26,ZVOL,5.818,7526.77,15.0,0.873,0.648
2023-10-26,TECL,75.0,97034.37,1.5,3.75,1.795
2023-10-27,PULS,-0.984,1282.44,1.01,0.049,0.032
2023-10-27,ZVOL,1.575,2052.52,15.0,0.236,0.177
2023-10-27,SPXL,75.0,97732.13,1.0,3.75,1.088
2023-10-27,TECL,-75.591,98502.21,1.5,3.78,1.79
2023-10-30,PULS,24.035,32436.74,1.01,1.202,0.437
2023-10-30,SOXL,75.0,101217.08,3.44,3.75,4.646
2023-10-30,ZVOL,-24.097,32520.74,15.0,3.615,2.666
2023-10-30,SPXL,-74.938,101133.07,1.0,3.747,1.063
2023-10-31,PULS,0.469,643.86,1.01,0.023,0.028
2023-10-31,SOXL,-75.469,103713.5,3.36,3.773,4.559
2023-10-31,SQQQ,75.0,103069.64,2.3,3.75,3.111
2023-11-01,PULS,-10.023,13226.39,1.02,0.501,0.183
2023-11-01,SOXL,37.5,49484.65,3.13,1.875,2.116
2023-11-01,VXZ,9.0,11876.31,3.0,0.45,0.479
2023-11-01,TECL,37.5,49484.65,1.5,1.875,0.825
2023-11-01,SQQQ,-73.977,97619.22,2.43,3.699,3.237
2023-11-02,PULS,-5.331,7340.11,1.02,0.267,0.097
2023-11-02,SOXL,-0.971,1336.21,2.93,0.049,0.051
2023-11-02,SVIX,37.5,51630.32,4.0,1.875,1.62
2023-11-02,VXZ,6.255,8612.54,3.0,0.313,0.338
2023-11-02,TECL,-37.754,51979.59,1.5,1.888,0.804
2023-11-03,PULS,0.025,35.15,1.01,0.001,0.025
2023-11-03,SOXL,-0.024,34.36,2.72,0.001,0.025
2023-11-03,SVIX,-0.014,20.47,4.0,0.001,0.025
2023-11-03,VXZ,0.004,5.6,3.05,0.0,0.025
2023-11-06,PULS,-0.03,42.67,1.01,0.001,0.025
2023-11-06,SOXL,0.052,75.09,2.74,0.003,0.025
2023-11-06,SVIX,-0.02,28.4,4.0,0.001,0.025
2023-11-06,VXZ,-0.005,7.1,3.12,0.0,0.024
2023-11-07,PULS,-0.031,44.4,1.01,0.002,0.024
2023-11-07,SOXL,-0.024,34.08,2.69,0.001,0.025
2023-11-07,SVIX,0.039,56.89,4.0,0.002,0.025
2023-11-07,VXZ,0.013,18.11,3.14,0.001,0.024
2023-11-08,PULS,0.068,99.21,1.01,0.003,0.024
2023-11-08,SOXL,0.018,26.26,2.68,0.001,0.024
2023-11-08,SVIX,-0.039,57.47,4.0,0.002,0.025
2023-11-08,VXZ,0.051,74.58,3.18,0.003,0.025
2023-11-09,PULS,15.321,21881.07,1.01,0.766,0.28
2023-11-09,SOXL,-1.439,2055.59,2.72,0.072,0.07
2023-11-09,SVIX,0.113,161.98,4.0,0.006,0.027
2023-11-09,VXZ,-13.791,19696.43,3.1,0.69,0.769
2023-11-10,PULS,-0.044,65.98,1.01,0.002,0.023
2023-11-10,SOXL,0.041,61.82,2.43,0.002,0.024
2023-11-10,SVIX,0.003,4.15,4.0,0.0,0.023
2023-11-13,PULS,0.001,1.84,1.01,0.0,0.023
2023-11-13,SOXL,-0.071,107.25,2.5,0.004,0.024
2023-11-13,SVIX,-0.03,45.12,4.0,0.001,0.024
2023-11-14,PULS,-16.766,26316.72,1.01,0.838,0.306
2023-11-14,SOXL,-3.577,5615.46,2.26,0.179,0.145
2023-11-14,SVIX,1.343,2108.15,4.0,0.067,0.055
2023-11-14,VXZ,18.9,29667.06,3.19,0.945,1.084
2023-11-15,PULS,-0.011,18.31,1.01,0.001,0.022
2023-11-15,SOXL,0.035,56.5,2.21,0.002,0.022
2023-11-15,SVIX,-0.012,19.01,4.0,0.001,0.022
2023-11-15,VXZ,-0.014,21.53,3.22,0.001,0.022
2023-11-16,PULS,-1.884,3009.01,1.01,0.094,0.034
2023-11-16,SOXL,-37.835,60414.41,2.2,1.892,1.499
2023-11-16,SVIX,-38.056,60767.85,4.0,1.903,1.539
2023-11-16,VXZ,2.775,4430.81,3.26,0.139,0.163
2023-11-16,UVXY,75.0,119759.98,4.39,3.75,5.921
2023-11-17,PULS,-0.073,114.41,1.01,0.004,0.023
2023-11-17,SOXL,37.5,58786.23,2.16,1.875,1.459
2023-11-17,SVIX,37.5,58786.23,4.0,1.875,1.502
2023-11-17,VXZ,-0.262,410.29,3.28,0.013,0.027
2023-11-17,UVXY,-74.664,117044.97,4.48,3.733,6.027
2023-11-20,PULS,-2.931,4673.45,1.01,0.147,0.053
2023-11-20,SOXL,-38.508,61405.84,2.07,1.925,1.433
2023-11-20,SVIX,-37.041,59065.66,4.0,1.852,1.48
2023-11-20,VXZ,3.578,5705.19,3.3,0.179,0.212
2023-11-20,UVXY,75.0,119596.4,4.55,3.75,6.136
2023-11-21,PULS,15.976,24838.2,1.01,0.799,0.291
2023-11-21,SOXL,37.5,58303.71,2.19,1.875,1.478
2023-11-21,VXZ,-16.53,25700.54,3.32,0.827,0.987
2023-11-21,TECL,37.5,58303.71,1.5,1.875,0.695
2023-11-21,UVXY,-74.545,115900.56,4.69,3.727,6.288
2023-11-22,PULS,-14.897,23332.15,1.01,0.745,0.271
2023-11-22,SOXL,-0.004,6.11,2.17,0.0,0.022
2023-11-22,SVIX,37.5,58733.06,4.0,1.875,1.492
2023-11-22,VXZ,15.124,23688.16,3.31,0.756,0.9
2023-11-22,TECL,-37.723,59082.96,1.5,1.886,0.694
2023-11-24,PULS,0.025,40.36,1.01,0.001,0.022
2023-11-24,SOXL,0.347,550.79,2.17,0.017,0.026
2023-11-24,SVIX,-38.665,61338.21,4.0,1.933,1.506
2023-11-24,VXZ,0.492,781.19,3.38,0.025,0.03
2023-11-24,TECL,37.5,59489.95,1.5,1.875,0.692
2023-11-27,PULS,22.998,36453.27,1.01,1.15,0.418
2023-11-27,SOXL,0.172,273.37,2.18,0.009,0.024
2023-11-27,VXZ,-22.879,36265.29,3.35,1.144,1.381
2023-11-27,TECL,0.009,14.44,1.5,0.0,0.022
2023-11-28,PULS,-0.028,43.66,1.01,0.001,0.022
2023-11-28,SOXL,0.022,33.97,2.22,0.001,0.022
2023-11-28,TECL,0.006,9.68,1.5,0.0,0.022
2023-11-29,PULS,0.199,318.0,1.01,0.01,0.023
2023-11-29,SOXL,-0.147,234.16,2.15,0.007,0.024
2023-11-29,SVIX,37.5,59864.08,4.0,1.875,1.466
2023-11-29,TECL,-37.553,59947.92,1.5,1.878,0.69
2023-11-30,PULS,-21.015,33501.24,1.01,1.051,0.382
2023-11-30,SOXL,-36.853,58748.75,2.19,1.843,1.454
2023-11-30,SVIX,-38.132,60789.18,4.0,1.907,1.479
2023-11-30,VXZ,20.9,33317.9,3.35,1.045,1.262
2023-11-30,UVXY,75.0,119561.85,5.0,3.75,6.75
2023-12-01,PULS,-0.039,61.78,1.01,0.002,0.022
2023-12-01,VXZ,-0.054,85.1,3.39,0.003,0.023
2023-12-01,UVXY,-0.006,9.64,5.05,0.0,0.022
2023-12-04,PULS,21.027,33483.24,1.01,1.051,0.383
2023-12-04,VXZ,-20.942,33347.09,3.34,1.047,1.261
2023-12-04,UVXY,0.014,21.94,5.01,0.001,0.022
2023-12-05,PULS,-0.25,394.66,1.01,0.013,0.023
2023-12-05,SOXL,37.5,59088.38,2.28,1.875,1.539
2023-12-05,TECL,37.5,59088.38,1.5,1.875,0.694
2023-12-05,UVXY,-74.75,117782.1,5.08,3.794,6.83
2023-12-06,PULS,0.049,75.58,1.01,0.002,0.023
2023-12-06,SOXL,0.032,48.9,2.33,0.002,0.023
2023-12-06,TECL,0.02,30.33,1.5,0.001,0.023
2023-12-07,PULS,-0.027,42.89,1.01,0.001,0.022
2023-12-07,SOXL,0.029,46.6,2.16,0.001,0.022
2023-12-07,TECL,-0.002,3.71,1.5,0.0,0.022
2023-12-08,PULS,0.04,64.98,1.01,0.002,0.021
2023-12-08,SOXL,-0.071,116.94,2.11,0.004,0.022
2023-12-08,TECL,0.032,51.96,1.5,0.002,0.022
2023-12-11,PULS,-12.901,22243.12,1.01,0.645,0.235
2023-12-11,SOXL,-3.246,5596.73,1.91,0.162,0.112
2023-12-11,VXZ,14.8,25518.21,3.47,0.74,0.923
2023-12-11,TECL,1.146,1976.79,1.5,0.057,0.029
2023-12-12,PULS,-5.873,10247.84,1.01,0.294,0.107
2023-12-12,SOXL,-37.789,65939.79,1.88,1.889,1.276
2023-12-12,VXZ,6.421,11204.47,3.52,0.321,0.407
2023-12-12,TECL,-37.762,65892.66,1.5,1.888,0.667
2023-12-12,UVXY,75.0,130871.37,5.69,4.266,7.679
2023-12-13,PULS,0.024,41.64,1.01,0.001,0.021
2023-12-13,VXZ,-0.07,119.83,3.57,0.003,0.022
2023-12-13,UVXY,-0.051,87.2,5.8,0.003,0.022
2023-12-14,PULS,-0.027,46.25,1.01,0.001,0.021
2023-12-14,VXZ,0.071,121.62,3.59,0.004,0.022
2023-12-14,UVXY,-0.043,73.18,5.83,0.003,0.022
2023-12-15,PULS,-0.042,74.13,1.01,0.002,0.02
2023-12-15,VXZ,-0.012,20.99,3.52,0.001,0.02
2023-12-15,UVXY,0.046,81.43,5.57,0.003,0.021
2023-12-18,PULS,0.015,27.36,1.01,0.001,0.02
2023-12-18,VXZ,-0.008,13.97,3.48,0.0,0.02
2023-12-18,UVXY,-0.008,15.01,5.55,0.0,0.02
2023-12-19,PULS,-0.014,24.98,1.01,0.001,0.019
2023-12-19,VXZ,-0.025,46.13,3.4,0.001,0.02
2023-12-19,UVXY,-0.065,119.06,5.42,0.004,0.021
2023-12-20,PULS,21.451,41879.22,1.01,1.073,0.39
2023-12-20,SVIX,37.5,73211.54,4.0,1.875,1.467
2023-12-20,VXZ,-19.825,38703.7,3.3,0.991,1.177
2023-12-20,TECL,37.5,73211.54,1.5,1.875,0.661
2023-12-20,UVXY,-76.44,149234.22,4.99,3.822,6.859
2023-12-21,PULS,-0.038,74.63,1.01,0.002,0.018
2023-12-21,SVIX,0.03,59.54,4.0,0.001,0.018
2023-12-21,TECL,0.008,15.1,1.5,0.0,0.018
2023-12-22,PULS,0.025,49.77,1.01,0.001,0.018
2023-12-22,SVIX,-0.007,14.32,4.0,0.0,0.018
2023-12-22,TECL,-0.018,35.45,1.5,0.001,0.018
2023-12-26,PULS,-0.033,68.12,1.01,0.002,0.017
2023-12-26,SVIX,-0.047,95.92,4.0,0.002,0.018
2023-12-26,TECL,-0.02,39.94,1.5,0.001,0.017
2023-12-27,PULS,-0.015,31.41,1.01,0.001,0.017
2023-12-27,SVIX,-0.031,63.28,4.0,0.002,0.018
2023-12-27,TECL,-0.054,112.04,1.5,0.003,0.017
2023-12-28,PULS,0.021,42.62,1.01,0.001,0.017
2023-12-28,SVIX,-0.072,149.84,4.0,0.004,0.018
2023-12-28,TECL,0.052,107.21,1.5,0.003,0.017
2023-12-29,PULS,-0.01,21.2,1.01,0.001,0.017
2023-12-29,SVIX,0.054,110.63,4.0,0.003,0.018
2023-12-29,TECL,-0.043,89.43,1.5,0.002,0.017
2024-01-02,PULS,-8.37,16782.68,1.01,0.418,0.153
2024-01-02,SOXL,37.5,75192.87,1.78,1.875,1.204
2024-01-02,SVIX,-40.599,81407.68,4.0,2.03,1.51
2024-01-02,ZVOL,9.0,18046.29,15.0,1.35,0.932
2024-01-02,TECL,2.469,4951.2,1.5,0.123,0.045
2024-01-03,PULS,-6.636,12792.3,1.01,0.332,0.121
2024-01-03,SOXL,-36.487,70334.97,1.9,1.824,1.251
2024-01-03,ZVOL,5.757,11097.57,15.0,0.864,0.598
2024-01-03,TECL,-37.634,72545.06,1.5,1.882,0.694
2024-01-03,TLT,75.0,144574.76,0.51,3.75,0.684
2024-01-04,PULS,-0.108,205.62,1.01,0.005,0.019
2024-01-04,ZVOL,-0.235,447.29,15.0,0.035,0.036
2024-01-04,TLT,-74.657,142268.94,0.51,3.733,0.691
2024-01-04,SQQQ,75.0,142921.85,3.37,3.75,4.549
2024-01-05,PULS,0.011,21.89,1.01,0.001,0.018
2024-01-05,ZVOL,-0.03,56.56,15.0,0.004,0.021
2024-01-05,SQQQ,0.018,34.67,3.38,0.001,0.019
2024-01-08,PULS,5.539,10102.24,1.01,0.277,0.101
2024-01-08,SOXL,37.5,68388.2,1.76,1.875,1.187
2024-01-08,ZVOL,-16.234,29604.82,15.0,2.435,1.667
2024-01-08,VXZ,8.9,16230.8,3.58,0.445,0.573
2024-01-08,TECL,37.5,68388.2,1.5,1.875,0.671
2024-01-08,SQQQ,-73.306,133687.0,3.6,3.665,4.75
2024-01-09,PULS,0.007,12.24,1.01,0.0,0.019
2024-01-09,SOXL,0.029,52.74,1.76,0.001,0.019
2024-01-09,VXZ,-0.013,24.6,3.61,0.001,0.019
2024-01-09,TECL,-0.022,40.46,1.5,0.001,0.019
2024-01-10,PULS,-0.015,27.11,1.01,0.001,0.019
2024-01-10,SOXL,-0.065,118.67,1.77,0.003,0.02
2024-01-10,VXZ,0.025,44.98,3.64,0.001,0.02
2024-01-10,TECL,0.054,99.79,1.5,0.003,0.019
2024-01-11,PULS,0.038,70.13,1.01,0.002,0.019
2024-01-11,SOXL,0.073,135.68,1.76,0.004,0.02
2024-01-11,VXZ,-0.062,114.02,3.63,0.003,0.02
2024-01-11,TECL,-0.051,93.55,1.5,0.003,0.019
2024-01-12,PULS,-0.023,42.37,1.01,0.001,0.019
2024-01-12,SOXL,-0.055,102.48,1.78,0.003,0.019
2024-01-12,VXZ,0.063,117.15,3.61,0.003,0.02
2024-01-12,TECL,0.015,27.82,1.5,0.001,0.019
2024-01-16,PULS,9.495,17898.6,1.01,0.475,0.173
2024-01-16,SOXL,0.286,538.62,1.71,0.014,0.021
2024-01-16,SVIX,37.5,70685.88,4.0,1.875,1.394
2024-01-16,VXZ,-8.73,16456.2,3.53,0.437,0.555
2024-01-16,TECL,-38.453,72481.89,1.5,1.923,0.665
2024-01-17,PULS,-13.595,25036.74,1.01,0.68,0.247
2024-01-17,SOXL,0.123,225.68,1.76,0.006,0.02
2024-01-17,SVIX,0.472,869.66,4.0,0.024,0.028
2024-01-17,ZVOL,13.0,23941.39,15.0,1.95,1.344
2024-01-18,PULS,13.57,26232.14,1.01,0.678,0.246
2024-01-18,SOXL,-1.688,3262.31,1.6,0.084,0.049
2024-01-18,SVIX,0.724,1398.66,4.0,0.036,0.033
2024-01-18,ZVOL,-12.606,24368.49,15.0,1.891,1.297
2024-01-19,PULS,-11.744,23914.59,1.01,0.587,0.213
2024-01-19,SOXL,-2.282,4647.05,1.43,0.114,0.059
2024-01-19,SVIX,1.026,2088.47,4.0,0.051,0.038
2024-01-19,VXZ,12.8,26065.9,3.62,0.64,0.834
2024-01-22,PULS,-0.016,33.92,1.01,0.001,0.017
2024-01-22,SOXL,-0.035,72.17,1.42,0.002,0.017
2024-01-22,SVIX,0.038,77.66,4.0,0.002,0.018
2024-01-22,VXZ,0.011,21.94,3.68,0.001,0.017
2024-01-23,PULS,-3.62,7598.79,1.01,0.181,0.066
2024-01-23,SOXL,-37.418,78549.31,1.39,1.871,0.938
2024-01-23,SVIX,-38.726,81294.82,4.0,1.936,1.388
2024-01-23,VXZ,4.86,10202.61,3.73,0.243,0.326
2024-01-23,UVXY,75.0,157443.83,6.92,5.187,9.336
2024-01-24,PULS,0.053,115.84,1.01,0.003,0.016
2024-01-24,VXZ,-0.023,50.4,3.7,0.001,0.017
2024-01-24,UVXY,0.063,137.42,6.65,0.004,0.018
2024-01-25,PULS,0.013,27.82,1.01,0.001,0.016
2024-01-25,VXZ,0.019,42.45,3.67,0.001,0.016
2024-01-25,UVXY,0.065,142.75,6.54,0.004,0.018
2024-01-26,PULS,-0.073,159.01,1.01,0.004,0.016
2024-01-26,VXZ,-0.007,15.34,3.68,0.0,0.016
2024-01-26,UVXY,-0.019,41.24,6.61,0.001,0.017
2024-01-29,PULS,0.062,135.44,1.01,0.003,0.016
2024-01-29,VXZ,-0.022,48.07,3.68,0.001,0.016
2024-01-29,UVXY,-0.041,89.26,6.53,0.003,0.017
2024-01-30,PULS,-0.035,76.65,1.01,0.002,0.016
2024-01-30,VXZ,-0.027,57.97,3.68,0.001,0.017
2024-01-30,UVXY,-0.036,77.45,6.68,0.002,0.017
2024-01-31,PULS,8.637,19751.1,1.01,0.432,0.156
2024-01-31,SOXL,37.5,85759.28,1.56,1.875,1.051
2024-01-31,SVIX,37.5,85759.28,4.0,1.875,1.397
2024-01-31,ZVOL,9.0,20582.23,15.0,1.35,0.929
2024-01-31,VXZ,-16.096,36809.68,3.58,0.805,1.036
2024-01-31,UVXY,-76.352,174610.77,6.23,4.754,8.558
2024-02-01,PULS,-0.024,56.25,1.01,0.001,0.015
2024-02-01,SOXL,0.009,20.5,1.54,0.0,0.015
2024-02-01,SVIX,-0.017,38.97,4.0,0.001,0.015
2024-02-01,ZVOL,0.032,74.72,15.0,0.005,0.018
2024-02-02,PULS,0.021,50.27,1.01,0.001,0.015
2024-02-02,SOXL,-0.05,116.11,1.49,0.002,0.015
2024-02-02,SVIX,0.001,3.37,4.0,0.0,0.015
2024-02-02,ZVOL,-0.073,172.01,15.0,0.011,0.02
2024-02-05,PULS,-0.03,73.04,1.01,0.002,0.015
2024-02-05,SOXL,-0.031,76.23,1.42,0.002,0.015
2024-02-05,SVIX,0.014,34.34,4.0,0.001,0.015
2024-02-05,ZVOL,0.047,114.93,15.0,0.007,0.018
2024-02-06,PULS,9.824,23663.77,1.01,0.491,0.179
2024-02-06,SOXL,0.029,69.22,1.48,0.001,0.015
2024-02-06,SVIX,-38.533,92812.9,4.0,1.927,1.385
2024-02-06,ZVOL,-8.82,21245.03,15.0,1.323,0.903
2024-02-06,TECL,37.5,90324.94,1.5,1.875,0.606
2024-02-07,PULS,-12.227,30380.94,1.01,0.611,0.222
2024-02-07,SOXL,-0.476,1183.88,1.41,0.024,0.017
2024-02-07,SVIX,37.5,93177.3,4.0,1.875,1.347
2024-02-07,VXZ,13.0,32301.46,3.69,0.65,0.864
2024-02-07,TECL,-37.796,93913.94,1.5,1.89,0.598
2024-02-08,PULS,0.04,101.89,1.01,0.002,0.014
2024-02-08,SOXL,-0.01,24.75,1.35,0.0,0.014
2024-02-08,SVIX,-0.011,28.7,4.0,0.001,0.014
2024-02-08,VXZ,-0.019,48.44,3.7,0.001,0.014
2024-02-09,PULS,-0.074,191.17,1.01,0.004,0.014
2024-02-09,SOXL,0.036,93.28,1.27,0.002,0.014
2024-02-09,SVIX,-0.007,17.15,4.0,0.0,0.014
2024-02-09,VXZ,-0.056,143.53,3.67,0.003,0.015
2024-02-12,PULS,-1.59,4083.37,1.01,0.079,0.029
2024-02-12,SOXL,-40.207,103256.95,1.28,2.01,0.924
2024-02-12,SVIX,-35.394,90897.7,4.0,1.77,1.285
2024-02-12,VXZ,2.091,5369.26,3.6,0.105,0.136
2024-02-12,TLT,75.0,192611.95,0.53,3.75,0.718
2024-02-13,PULS,5.909,15014.78,1.01,0.295,0.107
2024-02-13,ZVOL,9.0,22869.69,15.0,1.35,0.933
2024-02-13,VXZ,-15.376,39071.09,3.53,0.769,0.976
2024-02-13,TLT,-74.432,189137.59,0.54,3.722,0.725
2024-02-13,SQQQ,75.0,190580.78,4.24,3.75,5.72
2024-02-14,PULS,8.601,21322.37,1.01,0.43,0.156
2024-02-14,ZVOL,-9.33,23130.74,15.0,1.4,0.964
2024-02-14,TLT,75.0,185933.42,0.54,3.75,0.727
2024-02-14,SQQQ,-74.271,184125.04,4.38,3.714,5.858
2024-02-15,PULS,-0.011,27.29,1.01,0.001,0.014
2024-02-15,TLT,0.011,27.29,0.54,0.001,0.014
2024-02-16,PULS,-0.012,30.93,1.01,0.001,0.014
2024-02-16,TLT,-74.988,185697.83,0.54,3.749,0.728
2024-02-16,SQQQ,75.0,185728.76,4.29,3.75,5.794
2024-02-20,PULS,0.023,58.91,1.01,0.001,0.014
2024-02-20,SQQQ,-0.023,58.91,4.19,0.001,0.014
2024-02-21,PULS,0.024,60.51,1.01,0.001,0.014
2024-02-21,SQQQ,-0.024,60.51,4.14,0.001,0.014
2024-02-22,PULS,-14.118,33518.32,1.01,0.706,0.256
2024-02-22,SVIX,37.5,89032.91,4.0,1.875,1.375
2024-02-22,VXZ,12.9,30627.32,3.61,0.645,0.839
2024-02-22,TECL,37.5,89032.91,1.5,1.875,0.592
2024-02-22,SQQQ,-73.882,175412.24,4.54,3.694,6.034
2024-02-23,PULS,0.087,207.23,1.01,0.004,0.015
2024-02-23,SVIX,-38.419,91862.31,4.0,1.921,1.389
2024-02-23,VXZ,0.249,595.08,3.65,0.012,0.019
2024-02-23,TECL,-36.918,88273.74,1.5,1.846,0.585
2024-02-23,TLT,75.0,179331.87,0.53,3.75,0.719
2024-02-26,PULS,12.957,30866.58,1.01,0.648,0.235
2024-02-26,VXZ,-12.813,30522.82,3.69,0.641,0.852
2024-02-26,TLT,-0.044,104.69,0.53,0.002,0.015
2024-02-27,PULS,-0.137,323.75,1.01,0.007,0.015
2024-02-27,SOXL,37.5,88797.16,1.22,1.875,0.821
2024-02-27,TECL,37.5,88797.16,1.5,1.875,0.592
2024-02-27,TLT,-74.863,177270.57,0.54,3.743,0.725
2024-02-28,PULS,0.056,130.4,1.01,0.003,0.015
2024-02-28,SOXL,-0.05,115.74,1.26,0.002,0.015
2024-02-28,TECL,-0.006,14.66,1.5,0.0,0.015
2024-02-29,PULS,-8.504,20585.33,1.01,0.425,0.154
2024-02-29,SOXL,-38.16,92368.17,1.17,1.908,0.802
2024-02-29,SVIX,37.5,90770.33,4.0,1.875,1.34
2024-02-29,VXZ,8.9,21542.82,3.7,0.445,0.592
2024-02-29,TECL,0.165,398.3,1.5,0.008,0.016
2024-03-01,PULS,-0.029,70.86,1.01,0.001,0.014
2024-03-01,SVIX,-0.063,154.89,4.0,0.003,0.015
2024-03-01,VXZ,-0.018,43.84,3.71,0.001,0.015
2024-03-01,TECL,0.008,18.88,1.5,0.0,0.014
2024-03-04,PULS,0.022,53.34,1.01,0.001,0.014
2024-03-04,SVIX,0.008,20.08,4.0,0.0,0.014
2024-03-04,VXZ,0.012,29.99,3.66,0.001,0.014
2024-03-04,TECL,-0.042,103.75,1.5,0.002,0.014
2024-03-05,PULS,-0.048,114.58,1.01,0.002,0.015
2024-03-05,SVIX,-0.015,36.7,4.0,0.001,0.015
2024-03-05,VXZ,0.058,136.75,3.59,0.003,0.016
2024-03-05,TECL,0.01,24.18,1.5,0.001,0.015
2024-03-06,PULS,0.074,177.07,1.01,0.004,0.015
2024-03-06,SVIX,0.011,25.37,4.0,0.001,0.015
2024-03-06,VXZ,-0.027,65.43,3.6,0.001,0.015
2024-03-06,TECL,0.042,100.31,1.5,0.002,0.015
2024-03-07,PULS,-0.002,6.0,1.01,0.0,0.014
2024-03-07,SVIX,-35.712,86587.71,4.0,1.786,1.302
2024-03-07,VXZ,-0.157,381.82,3.59,0.008,0.017
2024-03-07,TECL,-39.03,94631.83,1.5,1.951,0.597
2024-03-07,UVXY,75.0,181845.31,6.98,5.237,9.427
2024-03-08,PULS,9.434,23506.77,1.01,0.472,0.171
2024-03-08,SVIX,37.5,93435.47,4.0,1.875,1.38
2024-03-08,VXZ,-8.867,22092.3,3.54,0.443,0.566
2024-03-08,TECL,37.5,93435.47,1.5,1.875,0.588
2024-03-08,UVXY,-75.568,188285.4,6.74,5.092,9.166
2024-03-11,PULS,-0.009,22.11,1.01,0.0,0.014
2024-03-11,SVIX,0.034,85.84,4.0,0.002,0.015
2024-03-11,TECL,-0.026,63.73,1.5,0.001,0.014
2024-03-12,PULS,-0.028,73.33,1.01,0.001,0.014
2024-03-12,SVIX,-0.087,225.25,4.0,0.004,0.015
2024-03-12,TECL,0.015,39.38,1.5,0.001,0.014
2024-03-13,PULS,0.75,1924.94,1.01,0.038,0.017
2024-03-13,SVIX,-38.727,99386.47,4.0,1.936,1.386
2024-03-13,TECL,-37.024,95015.99,1.5,1.851,0.575
2024-03-13,UVXY,75.0,192477.52,7.43,5.572,10.03
2024-03-14,PULS,0.621,1633.51,1.01,0.031,0.016
2024-03-14,UVXY,-75.621,198900.44,7.18,5.433,9.779
2024-03-14,SQQQ,75.0,197266.93,4.56,3.75,6.159
2024-03-15,PULS,0.062,168.54,1.01,0.003,0.013
2024-03-15,SQQQ,-0.062,168.54,4.4,0.003,0.014
2024-03-18,PULS,-0.022,56.98,1.01,0.001,0.013
2024-03-18,SQQQ,0.022,56.98,4.52,0.001,0.014
2024-03-19,PULS,-0.044,115.03,1.01,0.002,0.014
2024-03-19,SQQQ,0.044,115.03,4.56,0.002,0.014
2024-03-20,PULS,-13.67,35044.76,1.01,0.683,0.248
2024-03-20,VXZ,12.9,33071.02,3.64,0.645,0.845
2024-03-20,SQQQ,0.67,1717.38,4.79,0.033,0.058
2024-03-21,PULS,-2.116,5371.22,1.01,0.106,0.038
2024-03-21,VXZ,1.87,4745.79,3.64,0.093,0.122
2024-03-21,UVXY,75.0,190355.23,7.85,5.887,10.597
2024-03-21,SQQQ,-74.753,189727.45,4.85,3.738,6.532
2024-03-22,PULS,15.026,38214.74,1.01,0.751,0.272
2024-03-22,VXZ,-14.914,37930.84,3.62,0.746,0.972
2024-03-22,TLT,75.0,190746.98,0.53,3.75,0.718
2024-03-22,UVXY,-75.012,190777.32,7.82,5.869,10.565
2024-03-25,PULS,0.002,5.3,1.01,0.0,0.014
2024-03-25,TLT,-0.002,5.3,0.53,0.0,0.014
2024-03-26,PULS,0.048,122.88,1.01,0.002,0.014
2024-03-26,TLT,-0.048,122.88,0.53,0.002,0.014
2024-03-27,PULS,-0.019,47.81,1.01,0.001,0.014
2024-03-27,TLT,0.019,47.81,0.53,0.001,0.014
2024-03-28,PULS,0.08,205.5,1.01,0.004,0.014
2024-03-28,TLT,-75.08,191817.69,0.53,3.754,0.714
2024-03-28,UVXY,75.0,191612.2,7.91,5.934,10.68
2024-04-01,PULS,0.113,289.39,1.01,0.006,0.014
2024-04-01,UVXY,-75.113,192676.98,7.86,5.905,10.629
2024-04-01,SQQQ,75.0,192387.59,4.8,3.75,6.484
2024-04-02,PULS,-0.027,69.85,1.01,0.001,0.014
2024-04-02,SQQQ,0.027,69.85,4.68,0.001,0.014
2024-04-03,PULS,0.088,229.55,1.01,0.004,0.014
2024-04-03,SQQQ,-0.088,229.55,4.71,0.004,0.016
2024-04-04,PULS,-13.858,37367.41,1.01,0.693,0.252
2024-04-04,ZVOL,15.0,40446.8,15.0,2.25,1.57
2024-04-04,SQQQ,-1.142,3079.39,4.5,0.057,0.092
2024-04-05,PULS,14.733,38694.01,1.01,0.737,0.268
2024-04-05,ZVOL,-15.373,40373.64,15.0,2.306,1.61
2024-04-05,SQQQ,0.64,1679.63,4.66,0.032,0.054
2024-04-08,PULS,-0.004,9.95,1.01,0.0,0.013
2024-04-08,SQQQ,0.004,9.95,4.66,0.0,0.013
2024-04-09,PULS,-0.039,100.36,1.01,0.002,0.014
2024-04-09,SQQQ,0.039,100.36,4.71,0.002,0.014
2024-04-10,PULS,0.024,62.82,1.01,0.001,0.013
2024-04-10,SQQQ,-0.024,62.82,4.59,0.001,0.014
2024-04-11,PULS,-0.005,12.42,1.01,0.0,0.014
2024-04-11,SQQQ,0.005,12.42,4.81,0.0,0.014
2024-04-12,PULS,0.058,152.9,1.01,0.003,0.013
2024-04-12,SQQQ,-0.058,152.9,4.59,0.003,0.015
2024-04-15,PULS,-15.889,43772.63,1.01,0.794,0.288
2024-04-15,ZVOL,17.0,46833.6,15.0,2.55,1.799
2024-04-15,SQQQ,-1.111,3060.98,4.37,0.056,0.087
2024-04-16,PULS,0.029,80.02,1.01,0.001,0.013
2024-04-16,ZVOL,-0.0,0.73,15.0,0.0,0.013
2024-04-16,SQQQ,-0.029,79.29,4.37,0.001,0.013
2024-04-17,PULS,-3.784,10750.85,1.01,0.189,0.069
2024-04-17,ZVOL,4.091,11622.96,15.0,0.614,0.43
2024-04-17,SPXL,75.0,213079.49,1.0,3.75,0.794
2024-04-17,SQQQ,-75.307,213951.6,4.22,3.765,5.715
2024-04-18,PULS,-2.02,5706.02,1.01,0.101,0.037
2024-04-18,ZVOL,1.865,5268.88,15.0,0.28,0.196
2024-04-18,SPXL,-74.845,211411.82,1.0,3.742,0.795
2024-04-18,TECL,75.0,211848.97,1.5,3.75,1.295
2024-04-19,PULS,-0.002,6.33,1.01,0.0,0.013
2024-04-19,ZVOL,0.024,65.02,15.0,0.004,0.015
2024-04-19,TECL,-0.022,58.7,1.5,0.001,0.013
2024-04-22,PULS,22.958,63432.44,1.01,1.148,0.416
2024-04-22,SOXL,75.0,207219.66,1.56,3.75,2.105
2024-04-22,ZVOL,-24.385,67373.09,15.0,3.658,2.534
2024-04-22,TECL,-73.574,203279.01,1.5,3.679,1.3
2024-04-23,PULS,-7.869,22761.07,1.01,0.393,0.143
2024-04-23,SOXL,-76.131,220210.92,1.47,3.807,2.009
2024-04-23,VXZ,9.0,26032.71,3.7,0.45,0.599
2024-04-23,SQQQ,75.0,216939.28,4.2,3.75,5.668
2024-04-24,PULS,-0.002,7.02,1.01,0.0,0.012
2024-04-24,VXZ,-0.036,103.49,3.71,0.002,0.013
2024-04-24,SQQQ,-0.062,176.84,4.23,0.003,0.013
2024-04-25,PULS,-0.031,89.39,1.01,0.002,0.012
2024-04-25,VXZ,0.005,13.96,3.71,0.0,0.012
2024-04-25,SQQQ,-0.074,215.38,4.17,0.004,0.014
2024-04-26,PULS,-0.017,46.39,1.01,0.001,0.013
2024-04-26,VXZ,0.008,22.86,3.73,0.0,0.013
2024-04-26,SQQQ,0.008,23.53,4.37,0.0,0.013
2024-04-29,PULS,0.046,128.56,1.01,0.002,0.013
2024-04-29,VXZ,-0.071,197.9,3.77,0.004,0.014
2024-04-29,SQQQ,-0.075,208.49,4.42,0.004,0.014
2024-04-30,PULS,-0.041,118.01,1.01,0.002,0.012
2024-04-30,VXZ,0.028,81.12,3.76,0.001,0.013
2024-04-30,SQQQ,0.013,36.89,4.18,0.001,0.012
2024-05-01,PULS,-0.018,54.26,1.01,0.001,0.012
2024-05-01,VXZ,0.029,85.39,3.7,0.001,0.012
2024-05-01,SQQQ,-0.011,31.13,4.09,0.001,0.012
2024-05-02,PULS,8.83,25269.11,1.01,0.442,0.161
2024-05-02,SOXL,37.5,107310.54,1.37,1.875,0.926
2024-05-02,VXZ,-8.887,25430.85,3.78,0.444,0.604
2024-05-02,TECL,37.5,107310.54,1.5,1.875,0.649
2024-05-02,SQQQ,-74.943,214459.35,4.24,3.747,5.726
2024-05-03,PULS,0.032,96.7,1.01,0.002,0.012
2024-05-03,SOXL,-0.034,101.39,1.28,0.002,0.012
2024-05-03,TECL,0.002,4.69,1.5,0.0,0.012
2024-05-06,PULS,-10.875,34073.91,1.01,0.544,0.198
2024-05-06,SOXL,-1.269,3974.61,1.21,0.063,0.028
2024-05-06,VXZ,12.9,40417.05,3.91,0.645,0.908
2024-05-06,TECL,-0.856,2681.84,1.5,0.043,0.018
2024-05-07,PULS,0.045,138.17,1.01,0.002,0.012
2024-05-07,SOXL,-0.021,64.48,1.24,0.001,0.011
2024-05-07,VXZ,-0.016,49.04,3.93,0.001,0.012
2024-05-07,TECL,-0.007,20.65,1.5,0.0,0.011
2024-05-08,PULS,-0.062,191.51,1.01,0.003,0.012
2024-05-08,SOXL,-0.022,67.98,1.24,0.001,0.011
2024-05-08,VXZ,-0.006,17.68,3.94,0.0,0.011
2024-05-08,TECL,-0.011,34.21,1.5,0.001,0.011
2024-05-09,PULS,0.013,39.56,1.01,0.001,0.011
2024-05-09,SOXL,-0.037,113.21,1.25,0.002,0.012
2024-05-09,VXZ,-0.006,17.75,3.97,0.0,0.011
2024-05-09,TECL,0.03,93.5,1.5,0.002,0.012
2024-05-10,PULS,-0.037,116.19,1.01,0.002,0.011
2024-05-10,SOXL,0.011,35.72,1.22,0.001,0.011
2024-05-10,VXZ,-0.005,16.03,3.98,0.0,0.011
2024-05-10,TECL,-0.07,220.28,1.5,0.004,0.012
2024-05-13,PULS,-0.024,76.03,1.01,0.001,0.011
2024-05-13,SOXL,0.042,131.07,1.21,0.002,0.011
2024-05-13,VXZ,-0.037,117.06,3.97,0.002,0.012
2024-05-13,TECL,0.019,59.84,1.5,0.001,0.011
2024-05-14,PULS,-0.003,9.31,1.01,0.0,0.011
2024-05-14,SOXL,-0.071,228.34,1.16,0.004,0.011
2024-05-14,VXZ,0.007,23.16,4.03,0.0,0.011
2024-05-14,TECL,-0.036,116.93,1.5,0.002,0.011
2024-05-15,PULS,-9.002,30735.02,1.01,0.45,0.163
2024-05-15,SOXL,-1.671,5704.11,1.06,0.084,0.032
2024-05-15,VXZ,11.678,39871.4,4.12,0.584,0.866
2024-05-15,TECL,-1.011,3450.13,1.5,0.051,0.018
2024-05-16,PULS,12.981,43873.86,1.01,0.649,0.235
2024-05-16,SOXL,-37.253,125904.4,1.08,1.863,0.725
2024-05-16,VXZ,-13.285,44900.56,4.11,0.664,0.982
2024-05-16,TECL,-37.443,126546.64,1.5,1.872,0.577
2024-05-16,UVXY,75.1,253818.86,1.94,3.755,2.624
2024-05-17,PULS,-11.199,37329.17,1.01,0.56,0.203
2024-05-17,SOXL,37.5,124996.47,1.1,1.875,0.743
2024-05-17,VXZ,11.069,36897.18,4.15,0.553,0.826
2024-05-17,TECL,37.5,124996.47,1.5,1.875,0.581
2024-05-17,UVXY,-74.87,249560.95,1.97,3.744,2.658
2024-05-20,PULS,0.04,139.15,1.01,0.002,0.01
2024-05-20,SOXL,0.044,150.73,1.04,0.002,0.01
2024-05-20,VXZ,-0.042,143.95,4.15,0.002,0.011
2024-05-20,TECL,-0.042,145.94,1.5,0.002,0.01
2024-05-21,PULS,-0.007,23.21,1.01,0.0,0.01
2024-05-21,SOXL,-0.035,121.35,1.04,0.002,0.01
2024-05-21,VXZ,0.082,284.42,4.17,0.004,0.012
2024-05-21,TECL,0.059,205.12,1.5,0.003,0.011
2024-05-22,PULS,21.165,74144.87,1.01,1.058,0.384
2024-05-22,SOXL,-1.256,4399.43,1.01,0.063,0.023
2024-05-22,SVIX,37.5,131366.46,4.0,1.875,1.278
2024-05-22,VXZ,-20.093,70387.93,4.13,1.005,1.492
2024-05-22,TECL,-37.317,130723.97,1.5,1.866,0.564
2024-05-23,PULS,-9.203,31970.42,1.01,0.46,0.167
2024-05-23,SOXL,-37.361,129787.97,1.02,1.868,0.689
2024-05-23,SVIX,0.063,220.48,4.0,0.003,0.011
2024-05-23,ZVOL,9.0,31265.4,15.0,1.35,0.915
2024-05-23,TECL,37.5,130272.51,1.5,1.875,0.574
2024-05-24,PULS,0.005,16.38,1.01,0.0,0.01
2024-05-24,SVIX,0.04,139.99,4.0,0.002,0.011
2024-05-24,ZVOL,-0.046,164.49,15.0,0.007,0.013
2024-05-24,TECL,0.002,8.13,1.5,0.0,0.01
2024-05-28,PULS,0.029,102.36,1.01,0.001,0.01
2024-05-28,SVIX,-0.022,78.76,4.0,0.001,0.01
2024-05-28,ZVOL,0.031,108.21,15.0,0.005,0.012
2024-05-28,TECL,-0.037,131.8,1.5,0.002,0.01
2024-05-29,PULS,-0.058,199.36,1.01,0.003,0.01
2024-05-29,SVIX,0.04,137.81,4.0,0.002,0.011
2024-05-29,ZVOL,0.021,72.44,15.0,0.003,0.012
2024-05-29,TECL,-0.003,10.89,1.5,0.0,0.01
2024-05-30,PULS,-4.543,15245.08,1.01,0.227,0.082
2024-05-30,SVIX,-37.541,125973.9,4.0,1.877,1.303
2024-05-30,ZVOL,3.726,12503.53,15.0,0.559,0.379
2024-05-30,TECL,-36.642,122954.87,1.5,1.832,0.578
2024-05-30,SQQQ,75.0,251670.33,4.99,3.75,6.737
2024-05-31,PULS,13.018,43727.37,1.01,0.651,0.236
2024-05-31,SOXL,37.5,125961.89,1.03,1.875,0.695
2024-05-31,ZVOL,-13.161,44207.08,15.0,1.974,1.335
2024-05-31,TECL,37.5,125961.89,1.5,1.875,0.59
2024-05-31,SQQQ,-74.857,251444.08,4.99,3.743,6.724
2024-06-03,PULS,-0.04,134.93,1.01,0.002,0.011
2024-06-03,SOXL,0.01,32.2,1.03,0.0,0.01
2024-06-03,TECL,0.03,102.72,1.5,0.002,0.011
2024-06-04,PULS,0.039,130.32,1.01,0.002,0.011
2024-06-04,SOXL,-0.06,200.22,1.05,0.003,0.011
2024-06-04,TECL,-0.079,264.88,1.5,0.004,0.011
2024-06-05,PULS,-11.452,41053.56,1.01,0.573,0.208
2024-06-05,SOXL,-38.668,138621.47,1.0,1.933,0.663
2024-06-05,SVIX,37.5,134435.4,4.0,1.875,1.276
2024-06-05,VXZ,13.0,46604.27,4.12,0.65,0.964
2024-06-05,TECL,-0.381,1364.64,1.5,0.019,0.013
2024-06-06,PULS,-0.004,15.26,1.01,0.0,0.01
2024-06-06,SVIX,-0.057,202.99,4.0,0.003,0.011
2024-06-06,VXZ,0.002,5.82,4.09,0.0,0.01
2024-06-06,TECL,0.059,212.43,1.5,0.003,0.01
2024-06-07,PULS,13.059,47018.54,1.01,0.653,0.237
2024-06-07,SOXL,37.5,135013.07,1.0,1.875,0.657
2024-06-07,SVIX,-37.811,136132.0,4.0,1.891,1.279
2024-06-07,VXZ,-13.014,46854.19,4.1,0.651,0.959
2024-06-07,TECL,0.265,954.58,1.5,0.013,0.012
2024-06-10,PULS,-12.574,46063.51,1.01,0.629,0.228
2024-06-10,SOXL,-0.828,3033.46,1.0,0.041,0.014
2024-06-10,VXZ,12.9,47256.49,4.1,0.645,0.953
2024-06-10,TECL,0.402,1474.15,1.5,0.02,0.013
2024-06-11,PULS,-1.742,6520.5,1.01,0.087,0.032
2024-06-11,SOXL,0.668,2501.51,1.0,0.033,0.013
2024-06-11,SVIX,37.5,140378.9,4.0,1.875,1.267
2024-06-11,VXZ,2.287,8559.4,4.11,0.114,0.169
2024-06-11,TECL,-38.715,144927.47,1.5,1.936,0.569
2024-06-12,PULS,-5.636,21877.39,1.01,0.282,0.102
2024-06-12,SOXL,-39.171,152044.27,1.0,1.959,0.629
2024-06-12,SVIX,-36.726,142552.54,4.0,1.836,1.232
2024-06-12,VXZ,6.63,25734.87,4.1,0.332,0.49
2024-06-12,UVXY,75.0,291113.38,2.12,3.75,2.861
2024-06-13,PULS,0.008,29.88,1.01,0.0,0.009
2024-06-13,VXZ,-0.067,260.94,4.08,0.003,0.01
2024-06-13,UVXY,0.059,230.23,2.12,0.003,0.01
2024-06-14,PULS,0.038,152.56,1.01,0.002,0.009
2024-06-14,VXZ,0.034,138.55,4.02,0.002,0.009
2024-06-14,UVXY,0.024,97.48,2.03,0.001,0.009
2024-06-17,PULS,-0.022,88.36,1.01,0.001,0.009
2024-06-17,VXZ,-0.013,50.24,4.02,0.001,0.009
2024-06-17,UVXY,0.035,140.95,2.05,0.002,0.009
2024-06-18,PULS,-0.015,61.26,1.01,0.001,0.009
2024-06-18,VXZ,0.018,72.72,4.0,0.001,0.009
2024-06-18,UVXY,-0.003,10.22,2.06,0.0,0.009
2024-06-20,PULS,21.259,88232.88,1.01,1.063,0.385
2024-06-20,SOXL,37.5,155641.83,1.0,1.875,0.594
2024-06-20,SVIX,37.5,155641.83,4.0,1.875,1.287
2024-06-20,VXZ,-20.599,85496.7,3.89,1.03,1.444
2024-06-20,UVXY,-75.563,313621.61,1.96,3.778,2.672
2024-06-21,PULS,-0.023,93.24,1.01,0.001,0.009
2024-06-21,SOXL,-0.019,78.86,1.0,0.001,0.009
2024-06-21,SVIX,0.042,172.1,4.0,0.002,0.009
2024-06-24,PULS,-9.858,39525.53,1.01,0.493,0.179
2024-06-24,SOXL,3.115,12489.34,1.0,0.156,0.054
2024-06-24,SVIX,-39.757,159401.58,4.0,1.988,1.352
2024-06-24,ZVOL,9.0,36084.73,15.0,1.35,0.921
2024-06-24,TECL,37.5,150353.04,1.5,1.875,0.544
2024-06-25,PULS,9.563,39732.08,1.01,0.478,0.173
2024-06-25,SOXL,-0.191,795.46,1.0,0.01,0.009
2024-06-25,SVIX,37.5,155797.23,4.0,1.875,1.264
2024-06-25,ZVOL,-8.763,36407.96,15.0,1.314,0.899
2024-06-25,TECL,-38.109,158325.9,1.5,1.905,0.539
2024-06-26,PULS,-0.009,37.69,1.01,0.0,0.008
2024-06-26,SOXL,0.339,1407.89,1.0,0.017,0.01
2024-06-26,SVIX,-37.83,157049.99,4.0,1.892,1.271
2024-06-26,TECL,37.5,155679.78,1.5,1.875,0.531
2024-06-27,PULS,0.034,141.43,1.01,0.002,0.009
2024-06-27,SOXL,0.042,171.87,1.0,0.002,0.009
2024-06-27,TECL,0.024,99.27,1.5,0.001,0.009
2024-06-28,PULS,0.068,283.36,1.01,0.003,0.009
2024-06-28,SOXL,-0.27,1123.12,1.0,0.013,0.01
2024-06-28,SVIX,37.5,156164.01,4.0,1.875,1.261
2024-06-28,TECL,-37.298,155324.25,1.5,1.865,0.529
2024-07-01,PULS,0.311,1310.45,1.01,0.016,0.01
2024-07-01,SOXL,0.474,1997.22,1.0,0.024,0.011
2024-07-01,SVIX,-38.285,161406.21,4.0,1.914,1.271
2024-07-01,TECL,37.5,158098.53,1.5,1.875,0.526
2024-07-02,PULS,-12.51,53821.9,1.01,0.626,0.227
2024-07-02,SOXL,-0.73,3139.43,1.0,0.036,0.012
2024-07-02,VXZ,13.0,55929.2,4.14,0.65,0.969
2024-07-02,TECL,0.24,1032.13,1.5,0.012,0.01
2024-07-03,PULS,-5.599,24920.88,1.01,0.28,0.102
2024-07-03,SOXL,-0.489,2174.64,1.0,0.024,0.01
2024-07-03,SVIX,37.5,166898.07,4.0,1.875,1.242
2024-07-03,VXZ,6.273,27917.21,4.08,0.314,0.461
2024-07-03,TECL,-37.685,167719.76,1.5,1.884,0.516
2024-07-05,PULS,-5.991,26692.36,1.01,0.3,0.109
2024-07-05,SOXL,-37.69,167919.63,1.0,1.885,0.591
2024-07-05,SVIX,-37.385,166557.99,4.0,1.869,1.239
2024-07-05,VXZ,6.066,27027.29,4.09,0.303,0.447
2024-07-05,UVXY,75.0,334142.68,2.27,3.75,3.063
2024-07-08,VXZ,-0.029,125.76,4.11,0.001,0.009
2024-07-08,UVXY,0.029,125.76,2.32,0.001,0.008
2024-07-09,VXZ,0.007,30.44,4.09,0.0,0.008
2024-07-09,UVXY,-0.007,30.44,2.32,0.0,0.008
2024-07-10,VXZ,0.026,111.55,4.15,0.001,0.009
2024-07-10,UVXY,-0.026,111.55,2.33,0.001,0.008
2024-07-11,PULS,25.0,109609.01,1.01,1.25,0.454
2024-07-11,VXZ,-25.424,111466.61,4.08,1.271,1.869
2024-07-11,TLT,75.0,328827.03,0.53,3.75,0.722
2024-07-11,UVXY,-74.576,326969.44,2.32,3.729,3.109
2024-07-12,PULS,-0.028,121.48,1.01,0.001,0.008
2024-07-12,TLT,0.028,121.48,0.53,0.001,0.008
2024-07-15,PULS,-0.017,73.52,1.01,0.001,0.008
2024-07-15,TLT,0.017,73.52,0.54,0.001,0.008
2024-07-16,PULS,-16.841,74152.71,1.01,0.842,0.305
2024-07-16,VXZ,17.0,74851.38,4.07,0.85,1.247
2024-07-16,TLT,-75.159,330925.37,0.53,3.758,0.718
2024-07-16,UVXY,75.0,330226.7,2.29,3.75,3.098
2024-07-17,PULS,8.307,38039.73,1.01,0.415,0.151
2024-07-17,ZVOL,9.0,41211.31,15.0,1.35,0.923
2024-07-17,VXZ,-16.597,75996.52,4.01,0.83,1.199
2024-07-17,UVXY,-0.711,3254.51,2.19,0.036,0.028
2024-07-18,PULS,-3.496,16513.87,1.01,0.175,0.063
2024-07-18,ZVOL,4.369,20639.7,15.0,0.655,0.449
2024-07-18,UVXY,-75.873,358448.96,2.09,3.794,2.857
2024-07-18,SQQQ,75.0,354323.14,6.08,4.557,8.202
2024-07-19,PULS,0.034,166.0,1.01,0.002,0.007
2024-07-19,ZVOL,0.04,193.19,15.0,0.006,0.01
2024-07-19,SQQQ,0.025,122.75,5.91,0.002,0.008
2024-07-22,PULS,12.833,59927.6,1.01,0.642,0.233
2024-07-22,ZVOL,-13.308,62145.37,15.0,1.996,1.365
2024-07-22,SQQQ,0.475,2217.76,6.18,0.029,0.053
2024-07-23,PULS,-0.001,3.03,1.01,0.0,0.007
2024-07-23,SQQQ,0.001,3.03,6.11,0.0,0.007
2024-07-24,PULS,-14.951,76037.96,1.01,0.748,0.271
2024-07-24,ZVOL,17.0,86458.94,15.0,2.55,1.775
2024-07-24,TECL,75.0,381436.52,1.5,3.75,1.153
2024-07-24,SQQQ,-77.049,391857.51,5.52,4.252,7.654
2024-07-25,PULS,-0.03,148.21,1.01,0.001,0.007
2024-07-25,ZVOL,0.005,23.82,15.0,0.001,0.007
2024-07-25,TECL,0.025,124.38,1.5,0.001,0.007
2024-07-26,PULS,17.039,86740.97,1.01,0.852,0.308
2024-07-26,ZVOL,-17.219,87656.48,15.0,2.583,1.791
2024-07-26,TECL,-74.82,380880.12,1.5,3.741,1.15
2024-07-26,SQQQ,75.0,381795.63,5.49,4.121,7.418
2024-07-29,PULS,-0.003,17.49,1.01,0.0,0.007
2024-07-29,SQQQ,0.003,17.49,5.52,0.0,0.007
2024-07-30,PULS,0.665,3476.31,1.01,0.033,0.012
2024-07-30,TECL,75.0,391875.66,1.5,3.75,1.21
2024-07-30,SQQQ,-75.665,395351.97,5.3,4.012,7.222
2024-07-31,PULS,-6.835,39072.17,1.01,0.342,0.124
2024-07-31,VXZ,9.0,51448.64,3.0,0.45,0.252
2024-07-31,TECL,-77.165,441115.09,1.5,3.858,1.17
2024-07-31,TLT,75.0,428738.63,0.53,3.75,0.712
2024-08-01,PULS,0.047,271.82,1.01,0.002,0.006
2024-08-01,VXZ,0.033,192.51,3.0,0.002,0.007
2024-08-01,TLT,0.02,113.16,0.52,0.001,0.006
2024-08-02,PULS,9.591,57079.56,1.01,0.48,0.174
2024-08-02,SOXL,75.0,446357.5,1.7,3.75,2.301
2024-08-02,VXZ,-9.787,58244.76,3.0,0.489,0.26
2024-08-02,TLT,-74.804,445192.31,0.51,3.74,0.685
2024-08-05,PULS,-0.943,5398.07,1.01,0.047,0.017
2024-08-05,SOXL,-74.057,423974.12,1.79,3.703,2.39
2024-08-05,TECL,75.0,429372.2,1.5,3.75,1.345
2024-08-06,PULS,-0.022,127.19,1.01,0.001,0.006
2024-08-06,TECL,0.022,127.19,1.5,0.001,0.006
2024-08-07,PULS,-15.292,86445.49,1.01,0.765,0.278
2024-08-07,ZVOL,15.0,84796.56,15.0,2.25,1.647
2024-08-07,TECL,0.292,1648.93,1.5,0.015,0.008
2024-08-08,PULS,15.817,97305.86,1.01,0.791,0.287
2024-08-08,SOXL,37.5,230694.02,1.59,1.875,1.073
2024-08-08,SVIX,37.5,230694.02,4.0,1.875,1.781
2024-08-08,ZVOL,-14.353,88299.0,15.0,2.153,1.555
2024-08-08,TECL,-76.464,470394.89,1.5,3.823,1.304
2024-08-09,PULS,-0.006,38.18,1.01,0.0,0.005
2024-08-09,SOXL,0.028,177.05,1.61,0.001,0.006
2024-08-09,SVIX,-0.022,138.87,4.0,0.001,0.006
2024-08-12,PULS,-0.029,190.35,1.01,0.001,0.006
2024-08-12,SOXL,-0.081,522.07,1.59,0.004,0.006
2024-08-12,SVIX,0.01,66.4,4.0,0.001,0.006
2024-08-13,PULS,-10.174,70635.5,1.01,0.509,0.185
2024-08-13,SOXL,0.26,1806.96,1.42,0.013,0.007
2024-08-13,SVIX,-3.086,21425.39,4.0,0.154,0.131
2024-08-13,VXZ,12.9,89559.67,3.0,0.645,0.358
2024-08-14,PULS,0.004,27.57,1.01,0.0,0.005
2024-08-14,SOXL,-0.015,106.92,1.43,0.001,0.005
2024-08-14,SVIX,-0.081,572.23,4.0,0.004,0.007
2024-08-14,VXZ,-0.008,55.51,3.0,0.0,0.005
2024-08-15,PULS,0.021,157.7,1.01,0.001,0.005
2024-08-15,SOXL,-0.046,350.18,1.25,0.002,0.005
2024-08-15,SVIX,-0.0,2.07,4.0,0.0,0.005
2024-08-15,VXZ,0.026,194.55,3.0,0.001,0.005
2024-08-16,PULS,-0.022,163.24,1.01,0.001,0.005
2024-08-16,SOXL,0.034,252.97,1.26,0.002,0.005
2024-08-16,SVIX,0.037,274.73,4.0,0.002,0.005
2024-08-16,VXZ,0.052,388.19,3.0,0.003,0.005
2024-08-19,PULS,0.004,30.13,1.01,0.0,0.005
2024-08-19,SOXL,-0.01,74.52,1.2,0.0,0.005
2024-08-19,SVIX,-0.037,284.8,4.0,0.002,0.005
2024-08-19,VXZ,-0.057,444.02,3.0,0.003,0.005
2024-08-20,PULS,-0.019,139.24,1.01,0.001,0.005
2024-08-20,SOXL,-0.064,477.69,1.25,0.003,0.005
2024-08-20,SVIX,-0.015,112.53,4.0,0.001,0.005
2024-08-20,VXZ,-0.003,22.81,3.0,0.0,0.005
2024-08-21,PULS,-3.003,22800.69,1.01,0.15,0.054
2024-08-21,SOXL,-40.544,307791.08,1.2,2.027,0.874
2024-08-21,SVIX,-36.632,278095.05,4.0,1.832,1.504
2024-08-21,VXZ,5.179,39315.04,3.0,0.259,0.144
2024-08-21,UVXY,75.0,569371.78,2.13,3.75,2.872
2024-08-22,PULS,17.416,139374.11,1.01,0.871,0.316
2024-08-22,VXZ,-16.44,131565.2,3.0,0.822,0.452
2024-08-22,UVXY,-0.976,7808.91,1.99,0.049,0.035
2024-08-23,PULS,-0.005,33.66,1.01,0.0,0.005
2024-08-23,UVXY,0.005,33.66,2.19,0.0,0.005
2024-08-26,PULS,-0.043,320.45,1.01,0.002,0.005
2024-08-26,UVXY,0.043,320.45,2.19,0.002,0.005
2024-08-27,PULS,0.071,520.6,1.01,0.004,0.005
2024-08-27,UVXY,-0.071,520.6,2.26,0.004,0.006
2024-08-28,PULS,-9.927,76697.14,1.01,0.496,0.18
2024-08-28,SOXL,37.5,289723.75,1.37,1.875,0.922
2024-08-28,SVIX,37.5,289723.75,4.0,1.875,1.558
2024-08-28,ZVOL,9.0,69533.7,15.0,1.35,0.949
2024-08-28,UVXY,-74.073,572284.07,2.09,3.704,2.782
2024-08-29,PULS,9.121,70980.72,1.01,0.456,0.165
2024-08-29,SOXL,0.707,5502.62,1.38,0.035,0.018
2024-08-29,SVIX,-38.406,298889.68,4.0,1.92,1.57
2024-08-29,ZVOL,-8.922,69434.69,15.0,1.338,0.941
2024-08-29,TECL,37.5,291841.04,1.5,1.875,0.585
2024-08-30,PULS,-8.03,64997.08,1.0,0.401,0.145
2024-08-30,SOXL,-38.611,312540.42,1.29,1.931,0.896
2024-08-30,VXZ,9.0,72851.96,3.0,0.45,0.251
2024-08-30,TECL,-37.36,302414.09,1.5,1.868,0.572
2024-08-30,UVXY,75.0,607099.63,2.29,3.75,3.092
2024-09-03,PULS,-0.032,321.39,1.01,0.002,0.004
2024-09-03,VXZ,0.005,46.56,3.0,0.0,0.004
2024-09-03,UVXY,0.028,274.83,1.77,0.001,0.004
2024-09-04,PULS,-0.632,6469.98,1.01,0.032,0.011
2024-09-04,ZVOL,13.0,133045.77,15.0,1.95,1.408
2024-09-04,VXZ,-7.765,79465.44,3.0,0.388,0.209
2024-09-04,UVXY,-4.603,47110.35,1.71,0.23,0.141
2024-09-05,PULS,-0.618,6011.05,1.01,0.031,0.011
2024-09-05,ZVOL,-1.023,9945.76,15.0,0.153,0.11
2024-09-05,TLT,75.0,729251.74,0.5,3.75,0.678
2024-09-05,UVXY,-73.359,713294.93,1.84,3.668,2.424
2024-09-06,PULS,-6.07,58675.75,1.01,0.303,0.11
2024-09-06,ZVOL,6.438,62231.93,15.0,0.966,0.7
2024-09-06,TLT,-75.368,728568.72,0.5,3.768,0.681
2024-09-06,SQQQ,75.0,725012.55,5.14,3.858,6.944
2024-09-09,PULS,18.854,177726.41,1.01,0.943,0.342
2024-09-09,ZVOL,-19.861,187213.94,15.0,2.979,2.147
2024-09-09,TLT,75.0,706981.03,0.5,3.75,0.675
2024-09-09,SQQQ,-73.994,697493.5,5.34,3.953,7.115
2024-09-10,PULS,0.019,182.71,1.01,0.001,0.004
2024-09-10,TLT,-0.019,182.71,0.5,0.001,0.004
2024-09-11,PULS,-0.011,105.16,1.01,0.001,0.004
2024-09-11,TLT,0.011,105.16,0.5,0.001,0.004
2024-09-12,PULS,-12.993,122623.54,1.01,0.65,0.236
2024-09-12,VXZ,13.0,122686.53,3.0,0.65,0.357
2024-09-12,TLT,-0.007,62.99,0.5,0.0,0.004
2024-09-13,PULS,0.015,145.72,1.01,0.001,0.004
2024-09-13,VXZ,-0.078,735.65,3.0,0.004,0.005
2024-09-13,TLT,-0.038,355.89,0.5,0.002,0.004
2024-09-16,PULS,-0.028,267.67,1.01,0.001,0.004
2024-09-16,VXZ,0.047,444.31,3.0,0.002,0.004
2024-09-16,TLT,-0.019,176.64,0.5,0.001,0.004
2024-09-17,PULS,0.068,643.52,1.01,0.003,0.004
2024-09-17,SOXL,37.5,355936.77,1.55,1.875,1.049
2024-09-17,SVIX,37.5,355936.77,4.0,1.875,1.655
2024-09-17,VXZ,-0.014,131.29,3.0,0.001,0.004
2024-09-17,TLT,-75.054,712385.76,0.5,3.753,0.671
2024-09-18,PULS,12.873,120917.55,1.01,0.644,0.233
2024-09-18,SOXL,0.813,7636.6,1.61,0.041,0.023
2024-09-18,SVIX,-0.656,6161.76,4.0,0.033,0.029
2024-09-18,VXZ,-13.03,122392.39,3.0,0.652,0.358
2024-09-19,PULS,-15.519,154952.53,1.01,0.776,0.281
2024-09-19,SOXL,-2.279,22757.8,1.42,0.114,0.058
2024-09-19,SVIX,0.798,7969.3,4.0,0.04,0.034
2024-09-19,VXZ,17.0,169741.03,3.0,0.85,0.473
2024-09-20,PULS,12.885,126890.33,1.01,0.644,0.233
2024-09-20,SOXL,1.184,11663.14,1.49,0.059,0.032
2024-09-20,SVIX,-0.636,6266.72,4.0,0.032,0.027
2024-09-20,VXZ,-13.433,132286.75,3.0,0.672,0.372
2024-09-23,PULS,-10.925,107980.4,1.01,0.546,0.198
2024-09-23,SOXL,-0.272,2692.18,1.47,0.014,0.007
2024-09-23,SVIX,0.206,2032.17,4.0,0.01,0.009
2024-09-23,VXZ,10.992,108640.41,3.0,0.55,0.304
2024-09-24,PULS,0.008,82.09,1.0,0.0,0.004
2024-09-24,SOXL,0.003,33.67,1.43,0.0,0.004
2024-09-24,SVIX,-0.041,406.59,4.0,0.002,0.004
2024-09-24,VXZ,0.029,290.83,3.0,0.001,0.004
2024-09-25,PULS,15.137,151843.99,1.0,0.757,0.274
2024-09-25,SOXL,-1.496,15002.56,1.4,0.075,0.038
2024-09-25,SVIX,1.213,12171.09,4.0,0.061,0.053
2024-09-25,VXZ,-14.855,149012.51,3.0,0.743,0.41
2024-09-26,PULS,-12.027,125516.5,1.0,0.601,0.218
2024-09-26,SOXL,-2.484,25920.7,1.26,0.124,0.056
2024-09-26,SVIX,1.511,15768.98,4.0,0.076,0.066
2024-09-26,VXZ,13.0,135668.23,3.0,0.65,0.358
2024-09-27,PULS,12.594,127202.65,1.0,0.63,0.228
2024-09-27,SOXL,0.705,7122.2,1.33,0.035,0.017
2024-09-27,SVIX,0.45,4545.31,4.0,0.023,0.02
2024-09-27,VXZ,-13.749,138870.16,3.0,0.687,0.375
2024-09-30,PULS,-13.049,131475.69,1.0,0.652,0.236
2024-09-30,SOXL,0.889,8957.58,1.36,0.044,0.022
2024-09-30,SVIX,-0.84,8460.59,4.0,0.042,0.037
2024-09-30,VXZ,13.0,130978.7,3.0,0.65,0.356
2024-10-01,PULS,3.319,31643.25,1.01,0.166,0.06
2024-10-01,SOXL,-36.52,348146.98,1.48,1.826,0.972
2024-10-01,SVIX,-36.656,349448.17,4.0,1.833,1.684
2024-10-01,ZVOL,9.0,85798.59,15.0,1.35,0.978
2024-10-01,VXZ,-14.144,134834.98,3.0,0.707,0.382
2024-10-01,UVXY,75.0,714988.28,1.8,3.75,2.428
2024-10-02,PULS,8.76,82200.66,1.01,0.438,0.159
2024-10-02,SVIX,37.5,351901.48,4.0,1.875,1.709
2024-10-02,ZVOL,-9.112,85503.47,15.0,1.367,0.991
2024-10-02,TECL,37.5,351901.48,1.5,1.875,0.575
2024-10-02,UVXY,-74.648,700500.15,1.83,3.732,2.465
2024-10-03,PULS,-9.285,86105.98,1.01,0.464,0.169
2024-10-03,SOXL,37.5,347767.59,1.42,1.875,0.959
2024-10-03,SVIX,1.243,11528.45,4.0,0.062,0.058
2024-10-03,ZVOL,9.0,83464.22,15.0,1.35,0.984
2024-10-03,TECL,-38.458,356654.28,1.5,1.923,0.586
2024-10-04,PULS,0.49,4678.87,1.01,0.024,0.009
2024-10-04,SOXL,-37.87,361971.01,1.36,1.894,0.929
2024-10-04,SVIX,-37.669,360042.43,4.0,1.883,1.725
2024-10-04,ZVOL,-8.95,85550.03,15.0,1.343,0.971
2024-10-04,VXZ,9.0,86023.35,3.0,0.45,0.244
2024-10-04,UVXY,75.0,716861.24,1.82,3.75,2.458
2024-10-07,PULS,10.478,110273.26,1.01,0.524,0.19
2024-10-07,SVIX,37.5,394647.45,4.0,1.875,1.807
2024-10-07,VXZ,-8.549,89970.02,3.0,0.427,0.227
2024-10-07,TECL,37.5,394647.45,1.5,1.875,0.568
2024-10-07,UVXY,-76.929,809598.14,1.61,3.846,2.231
2024-10-08,PULS,0.802,8720.39,1.01,0.04,0.015
2024-10-08,SOXL,37.5,407730.71,1.33,1.875,0.901
2024-10-08,SVIX,-0.056,611.11,4.0,0.003,0.004
2024-10-08,TECL,-38.246,415839.98,1.5,1.912,0.564
2024-10-09,PULS,0.016,181.5,1.01,0.001,0.003
2024-10-09,SOXL,-0.061,672.05,1.3,0.003,0.004
2024-10-09,SVIX,0.044,490.56,4.0,0.002,0.004
2024-10-10,PULS,-0.015,167.57,1.01,0.001,0.003
2024-10-10,SOXL,0.01,106.25,1.32,0.0,0.003
2024-10-10,SVIX,0.006,61.31,4.0,0.0,0.003
2024-10-11,PULS,-0.025,275.65,1.01,0.001,0.003
2024-10-11,SOXL,0.023,257.09,1.29,0.001,0.003
2024-10-11,SVIX,0.002,18.56,4.0,0.0,0.003
2024-10-14,PULS,-13.664,156870.09,1.01,0.683,0.248
2024-10-14,SOXL,-1.165,13375.25,1.22,0.058,0.026
2024-10-14,SVIX,-0.171,1965.68,4.0,0.009,0.008
2024-10-14,VXZ,15.0,172211.01,3.0,0.75,0.412
2024-10-15,PULS,14.234,151814.88,1.01,0.712,0.258
2024-10-15,SOXL,3.421,36485.35,1.45,0.171,0.089
2024-10-15,SVIX,-1.438,15332.9,4.0,0.072,0.067
2024-10-15,VXZ,-16.217,172967.33,3.0,0.811,0.445
2024-10-16,PULS,0.008,88.66,1.01,0.0,0.003
2024-10-16,SOXL,-0.012,125.69,1.45,0.001,0.003
2024-10-16,SVIX,0.003,37.03,4.0,0.0,0.003
2024-10-17,PULS,-0.062,670.07,1.01,0.003,0.004
2024-10-17,SOXL,0.014,147.85,1.42,0.001,0.003
2024-10-17,SVIX,0.048,522.23,4.0,0.002,0.004
2024-10-18,PULS,0.006,68.52,1.01,0.0,0.003
2024-10-18,SOXL,-0.039,432.85,1.42,0.002,0.003
2024-10-18,SVIX,-0.067,731.75,4.0,0.003,0.005
2024-10-21,PULS,0.007,79.82,1.01,0.0,0.003
2024-10-21,SOXL,0.049,533.37,1.42,0.002,0.004
2024-10-21,SVIX,-0.056,613.19,4.0,0.003,0.004
2024-10-22,PULS,0.033,355.11,1.01,0.002,0.003
2024-10-22,SOXL,-0.069,755.22,1.44,0.003,0.004
2024-10-22,SVIX,0.037,400.11,4.0,0.002,0.004
2024-10-23,PULS,-13.232,140024.42,1.01,0.662,0.24
2024-10-23,SOXL,0.465,4920.9,1.48,0.023,0.012
2024-10-23,SVIX,-0.233,2465.56,4.0,0.012,0.011
2024-10-23,ZVOL,13.0,137569.07,15.0,1.95,1.398
2024-10-24,PULS,13.146,140827.32,1.01,0.657,0.238
2024-10-24,SOXL,-0.075,798.37,1.46,0.004,0.004
2024-10-24,SVIX,-0.161,1721.66,4.0,0.008,0.007
2024-10-24,ZVOL,-12.91,138307.29,15.0,1.937,1.386
2024-10-25,PULS,-0.05,533.57,1.01,0.003,0.004
2024-10-25,SOXL,0.001,13.82,1.42,0.0,0.003
2024-10-25,SVIX,0.049,519.75,4.0,0.002,0.004
2024-10-28,PULS,0.014,151.11,1.01,0.001,0.003
2024-10-28,SOXL,-0.028,304.76,1.41,0.001,0.003
2024-10-28,SVIX,-0.086,929.74,4.0,0.004,0.005
2024-10-29,PULS,-0.003,28.49,1.0,0.0,0.003
2024-10-29,SOXL,0.025,277.56,1.32,0.001,0.003
2024-10-29,SVIX,-0.022,249.07,4.0,0.001,0.004
2024-10-30,PULS,0.037,395.31,1.01,0.002,0.003
2024-10-30,SOXL,-0.017,176.96,1.47,0.001,0.003
2024-10-30,SVIX,-0.021,218.35,4.0,0.001,0.004
2024-10-31,PULS,-21.233,208932.71,1.01,1.062,0.384
2024-10-31,SOXL,-35.808,352348.98,1.66,1.79,1.071
2024-10-31,SVIX,-36.959,363674.02,4.0,1.848,1.808
2024-10-31,ZVOL,19.0,186959.13,15.0,2.85,2.087
2024-10-31,SQQQ,75.0,737996.57,6.58,4.934,8.882
2024-11-01,PULS,18.895,182790.6,1.01,0.945,0.343
2024-11-01,ZVOL,-19.229,186020.2,15.0,2.884,2.115
2024-11-01,SQQQ,0.334,3229.59,6.72,0.022,0.04
2024-11-04,PULS,-14.808,144394.7,1.01,0.74,0.269
2024-11-04,ZVOL,15.0,146271.59,15.0,2.25,1.638
2024-11-04,SQQQ,-0.192,1876.9,6.65,0.013,0.023
2024-11-05,PULS,14.742,140010.11,1.01,0.737,0.268
2024-11-05,SOXL,37.5,356151.68,1.59,1.875,1.076
2024-11-05,ZVOL,-15.774,149808.74,15.0,2.366,1.709
2024-11-05,TECL,37.5,356151.68,1.5,1.875,0.562
2024-11-05,SQQQ,-73.968,702504.73,6.92,5.115,9.208
2024-11-06,PULS,-13.503,136388.46,1.01,0.675,0.245
2024-11-06,SOXL,-0.832,8407.7,1.47,0.042,0.022
2024-11-06,VXZ,15.0,151512.01,3.0,0.75,0.42
2024-11-06,TECL,-0.665,6715.86,1.5,0.033,0.01
2024-11-07,PULS,-0.015,158.3,1.01,0.001,0.003
2024-11-07,SOXL,-0.027,278.82,1.38,0.001,0.004
2024-11-07,VXZ,0.02,206.1,3.0,0.001,0.004
2024-11-07,TECL,0.022,231.03,1.5,0.001,0.003
2024-11-08,PULS,-0.017,174.05,1.01,0.001,0.003
2024-11-08,SOXL,0.005,51.03,1.41,0.0,0.003
2024-11-08,VXZ,-0.024,247.81,3.0,0.001,0.004
2024-11-08,TECL,-0.064,668.55,1.5,0.003,0.004
2024-11-11,PULS,-2.06,20649.0,1.01,0.103,0.037
2024-11-11,SOXL,-36.28,363669.71,1.53,1.814,0.996
2024-11-11,VXZ,2.335,23406.17,3.0,0.117,0.066
2024-11-11,TECL,-38.995,390886.21,1.5,1.95,0.554
2024-11-11,UVXY,75.0,751798.75,2.4,3.75,3.237
2024-11-12,PULS,16.979,169569.52,1.01,0.849,0.308
2024-11-12,SOXL,37.5,374504.94,1.58,1.875,1.066
2024-11-12,VXZ,-17.204,171809.31,3.0,0.86,0.486
2024-11-12,TECL,37.5,374504.94,1.5,1.875,0.532
2024-11-12,UVXY,-74.776,746770.08,2.41,3.739,3.246
2024-11-13,PULS,0.038,372.17,1.01,0.002,0.004
2024-11-13,SOXL,0.021,206.15,1.68,0.001,0.004
2024-11-13,TECL,0.041,394.81,1.5,0.002,0.004
2024-11-14,PULS,-9.851,95165.98,1.01,0.493,0.179
2024-11-14,SOXL,-36.188,349582.28,1.69,1.809,1.1
2024-11-14,ZVOL,9.0,86941.62,15.0,1.35,0.957
2024-11-14,TECL,-37.961,366706.83,1.5,1.898,0.543
2024-11-14,TLT,75.0,724513.46,0.55,3.75,0.747
2024-11-15,PULS,-4.069,39114.31,1.01,0.203,0.074
2024-11-15,ZVOL,4.177,40151.61,15.0,0.627,0.448
2024-11-15,TLT,-75.108,722003.74,0.56,3.755,0.75
2024-11-15,SQQQ,75.0,720966.44,1.42,3.75,1.924
2024-11-18,PULS,12.847,121848.39,1.01,0.642,0.233
2024-11-18,SOXL,37.5,355684.5,1.81,1.875,1.22
2024-11-18,ZVOL,-13.483,127881.37,15.0,2.022,1.434
2024-11-18,TECL,37.5,355684.5,1.5,1.875,0.555
2024-11-18,SQQQ,-74.364,705336.02,1.46,3.718,1.948
2024-11-19,PULS,-0.013,128.56,1.01,0.001,0.004
2024-11-19,SOXL,-0.004,35.96,1.8,0.0,0.004
2024-11-19,TECL,0.017,164.52,1.5,0.001,0.004
2024-11-20,PULS,0.011,105.68,1.01,0.001,0.004
2024-11-20,SOXL,0.739,7010.97,1.84,0.037,0.025
2024-11-20,SVIX,37.5,355582.61,4.0,1.875,1.676
2024-11-20,TECL,-38.251,362699.26,1.5,1.913,0.561
2024-11-21,PULS,0.037,354.5,1.01,0.002,0.004
2024-11-21,SOXL,-0.035,335.45,1.76,0.002,0.004
2024-11-21,SVIX,-0.002,19.05,4.0,0.0,0.004
2024-11-22,PULS,-8.176,80296.91,1.01,0.409,0.148
2024-11-22,SOXL,-0.468,4591.68,1.76,0.023,0.015
2024-11-22,SVIX,-37.857,371805.04,4.0,1.893,1.651
2024-11-22,VXZ,9.0,88392.31,3.0,0.45,0.255
2024-11-22,TECL,37.5,368301.31,1.5,1.875,0.542
2024-11-25,PULS,0.043,424.49,1.01,0.002,0.004
2024-11-25,SOXL,0.054,538.63,1.7,0.003,0.004
2024-11-25,VXZ,-0.083,818.28,3.0,0.004,0.005
2024-11-25,TECL,-0.015,144.84,1.5,0.001,0.004
2024-11-26,PULS,-0.064,630.2,1.01,0.003,0.004
2024-11-26,SOXL,-0.012,121.65,1.78,0.001,0.004
2024-11-26,VXZ,0.045,440.86,3.0,0.002,0.004
2024-11-26,TECL,0.032,310.99,1.5,0.002,0.004
2024-11-27,PULS,-0.009,81.67,1.0,0.0,0.004
2024-11-27,SOXL,0.0,3.76,1.85,0.0,0.004
2024-11-27,VXZ,-0.014,133.5,3.0,0.001,0.004
2024-11-27,TECL,-0.078,740.04,1.5,0.004,0.004
2024-11-29,PULS,0.07,682.75,1.0,0.004,0.004
2024-11-29,SOXL,-0.098,955.79,1.78,0.005,0.004
2024-11-29,VXZ,0.05,489.78,3.0,0.003,0.004
2024-11-29,TECL,-0.022,216.74,1.5,0.001,0.004
2024-12-02,PULS,-0.091,921.36,1.01,0.005,0.004
2024-12-02,SOXL,0.081,824.22,1.66,0.004,0.004
2024-12-02,TECL,0.01,98.03,1.5,0.0,0.004
2024-12-03,PULS,0.063,639.33,1.01,0.003,0.004
2024-12-03,SOXL,-0.082,825.82,1.68,0.004,0.004
2024-12-03,VXZ,-0.012,119.6,3.0,0.001,0.004
2024-12-03,TECL,0.03,306.09,1.5,0.002,0.004
2024-12-04,PULS,-11.053,115756.97,1.01,0.553,0.2
2024-12-04,SOXL,-0.578,6051.61,1.62,0.029,0.017
2024-12-04,SVIX,37.5,392739.68,4.0,1.875,1.572
2024-12-04,VXZ,12.617,132140.34,3.0,0.631,0.358
2024-12-04,TECL,-38.487,403071.43,1.5,1.924,0.533
2024-12-05,PULS,20.918,214639.5,1.01,1.046,0.379
2024-12-05,SOXL,1.415,14517.25,1.72,0.071,0.044
2024-12-05,SVIX,-0.547,5610.13,4.0,0.027,0.023
2024-12-05,VXZ,-21.786,223546.62,3.0,1.089,0.614
2024-12-06,PULS,-16.692,173353.1,1.01,0.835,0.303
2024-12-06,SOXL,-37.639,390888.84,1.69,1.882,1.144
2024-12-06,SVIX,-37.669,391201.05,4.0,1.883,1.57
2024-12-06,VXZ,17.0,176549.25,3.0,0.85,0.481
2024-12-06,UVXY,75.0,778893.74,2.68,3.75,3.619
2024-12-09,PULS,17.202,183287.87,1.01,0.86,0.312
2024-12-09,VXZ,-16.723,178178.47,3.0,0.836,0.471
2024-12-09,UVXY,-0.48,5109.4,2.6,0.024,0.022
2024-12-10,PULS,-0.01,103.73,1.01,0.0,0.003
2024-12-10,UVXY,0.01,103.73,2.6,0.0,0.003
2024-12-11,PULS,0.02,215.08,1.01,0.001,0.003
2024-12-11,UVXY,-0.02,215.08,2.65,0.001,0.004
2024-12-12,PULS,-0.191,2017.92,1.01,0.01,0.004
2024-12-12,SOXL,37.5,396472.16,1.76,1.875,1.186
2024-12-12,TECL,37.5,396472.16,1.5,1.875,0.53
2024-12-12,UVXY,-74.809,790926.4,2.62,3.74,3.529
2024-12-13,PULS,0.019,207.87,1.01,0.001,0.003
2024-12-13,SOXL,-0.026,287.44,1.63,0.001,0.003
2024-12-13,TECL,0.007,79.57,1.5,0.0,0.003
2024-12-16,PULS,1.584,17888.96,1.01,0.079,0.029
2024-12-16,SOXL,-40.047,452231.24,1.54,2.002,1.109
2024-12-16,TECL,-36.537,412586.87,1.5,1.827,0.506
2024-12-16,UVXY,75.0,846929.15,2.54,3.75,3.43
2024-12-17,PULS,-0.021,245.94,1.01,0.001,0.003
2024-12-17,UVXY,0.021,245.94,2.46,0.001,0.003
2024-12-18,PULS,-16.61,227078.45,1.01,0.831,0.301
2024-12-18,ZVOL,21.0,287093.82,15.0,3.15,2.329
2024-12-18,SPXL,75.0,1025335.09,1.0,3.75,0.664
2024-12-18,UVXY,-79.39,1085350.46,1.98,3.969,2.831
2024-12-19,PULS,20.953,283146.02,1.01,1.048,0.379
2024-12-19,ZVOL,-20.255,273710.48,15.0,3.038,2.282
2024-12-19,SPXL,-0.698,9435.54,1.0,0.035,0.006
2024-12-20,PULS,0.594,8222.88,1.01,0.03,0.011
2024-12-20,SPXL,-75.594,1046214.16,1.0,3.78,0.66
2024-12-20,SQQQ,75.0,1037991.28,1.63,3.75,2.195
2024-12-23,PULS,0.054,731.54,1.01,0.003,0.003
2024-12-23,SQQQ,-0.054,731.54,1.72,0.003,0.003
2024-12-24,PULS,-10.384,136499.86,1.01,0.519,0.188
2024-12-24,VXZ,9.0,118308.56,3.0,0.45,0.256
2024-12-24,SQQQ,1.384,18191.3,1.79,0.069,0.045
2024-12-26,PULS,0.047,623.87,1.01,0.002,0.003
2024-12-26,VXZ,-0.04,526.09,3.0,0.002,0.003
2024-12-26,SQQQ,-0.007,97.78,1.79,0.0,0.003
2024-12-27,PULS,-0.007,89.74,1.01,0.0,0.003
2024-12-27,VXZ,0.006,85.31,3.0,0.0,0.003
2024-12-27,SQQQ,0.0,4.43,1.72,0.0,0.003
2024-12-30,PULS,-3.023,42461.47,1.01,0.151,0.055
2024-12-30,ZVOL,13.0,182589.64,15.0,1.95,1.422
2024-12-30,VXZ,-8.742,122784.87,3.0,0.437,0.244
2024-12-30,SQQQ,-1.235,17343.3,1.65,0.062,0.037
2024-12-31,PULS,0.035,495.43,1.01,0.002,0.003
2024-12-31,ZVOL,0.023,329.81,15.0,0.003,0.004
2024-12-31,SQQQ,0.042,607.59,1.61,0.002,0.003
2025-01-02,PULS,-0.022,312.43,1.01,0.001,0.003
2025-01-02,ZVOL,-0.013,187.33,15.0,0.002,0.003
2025-01-02,SQQQ,0.035,499.76,1.6,0.002,0.003
2025-01-03,PULS,12.855,178518.06,1.01,0.643,0.233
2025-01-03,ZVOL,-13.261,184165.18,15.0,1.989,1.446
2025-01-03,SQQQ,0.407,5647.12,1.68,0.02,0.012
2025-01-06,PULS,-9.668,130686.56,1.01,0.483,0.175
2025-01-06,SVIX,37.5,506890.79,4.0,1.875,1.674
2025-01-06,VXZ,9.0,121653.79,3.0,0.45,0.253
2025-01-06,TECL,37.5,506890.79,1.5,1.875,0.531
2025-01-06,SQQQ,-74.332,1004748.8,1.74,3.717,2.322
2025-01-07,PULS,8.28,107011.1,1.01,0.414,0.15
2025-01-07,SVIX,-36.765,475153.95,4.0,1.838,1.701
2025-01-07,VXZ,-9.668,124947.9,3.0,0.483,0.269
2025-01-07,TECL,-36.847,476210.83,1.5,1.842,0.537
2025-01-07,SQQQ,75.0,969301.58,1.65,3.75,2.223
2025-01-08,PULS,-0.02,257.35,1.01,0.001,0.003
2025-01-08,SQQQ,0.02,257.35,1.65,0.001,0.003
2025-01-10,PULS,-12.118,162252.25,1.01,0.606,0.22
2025-01-10,ZVOL,13.0,174062.72,15.0,1.95,1.443
2025-01-10,SQQQ,-0.882,11810.47,1.57,0.044,0.025
2025-01-13,PULS,-0.014,189.04,1.01,0.001,0.003
2025-01-13,ZVOL,0.01,135.47,15.0,0.002,0.003
2025-01-13,SQQQ,0.004,53.57,1.56,0.0,0.003
2025-01-14,PULS,13.141,177907.81,1.01,0.657,0.238
2025-01-14,ZVOL,-12.972,175620.99,15.0,1.946,1.436
2025-01-14,SQQQ,-0.169,2286.83,1.55,0.008,0.005
2025-01-15,PULS,-10.343,132826.35,1.01,0.517,0.187
2025-01-15,SVIX,37.5,481603.2,4.0,1.875,1.684
2025-01-15,VXZ,9.0,115584.77,3.0,0.45,0.25
2025-01-15,TECL,37.5,481603.2,1.5,1.875,0.554
2025-01-15,SQQQ,-73.657,945964.82,1.66,3.683,2.204
2025-01-16,PULS,0.037,469.72,1.01,0.002,0.003
2025-01-16,SVIX,-0.032,402.87,4.0,0.002,0.003
2025-01-16,VXZ,-0.034,434.25,3.0,0.002,0.003
2025-01-16,TECL,0.029,367.4,1.5,0.001,0.003
2025-01-17,PULS,-0.07,898.56,1.01,0.003,0.003
2025-01-17,SVIX,-0.019,243.21,4.0,0.001,0.003
2025-01-17,VXZ,0.039,497.66,3.0,0.002,0.003
2025-01-17,TECL,-0.05,645.79,1.5,0.003,0.003
2025-01-21,PULS,0.056,743.05,1.01,0.003,0.003
2025-01-21,SVIX,-0.02,264.12,4.0,0.001,0.003
2025-01-21,VXZ,-0.013,166.19,3.0,0.001,0.003
2025-01-21,TECL,-0.024,312.75,1.5,0.001,0.003
2025-01-22,PULS,-0.01,137.48,1.01,0.001,0.003
2025-01-22,SVIX,0.001,8.6,4.0,0.0,0.003
2025-01-22,VXZ,0.028,371.47,3.0,0.001,0.003
2025-01-22,TECL,-0.018,242.6,1.5,0.001,0.003
2025-01-23,PULS,0.023,306.32,1.01,0.001,0.003
2025-01-23,SVIX,-0.003,37.25,4.0,0.0,0.003
2025-01-23,VXZ,-0.058,781.94,3.0,0.003,0.003
2025-01-23,TECL,0.038,512.87,1.5,0.002,0.003
2025-01-24,PULS,9.617,129017.38,1.01,0.481,0.174
2025-01-24,SOXL,37.5,503069.03,1.53,1.875,1.034
2025-01-24,SVIX,-37.209,499160.59,4.0,1.86,1.637
2025-01-24,VXZ,-8.418,112925.29,3.0,0.421,0.236
2025-01-24,TECL,-1.491,20000.53,1.5,0.075,0.021
2025-01-27,PULS,-13.141,151220.93,1.01,0.657,0.238
2025-01-27,SOXL,3.95,45454.36,2.0,0.197,0.142
2025-01-27,ZVOL,9.0,103568.26,15.0,1.35,0.988
2025-01-27,TECL,0.191,2198.31,1.5,0.01,0.004
2025-01-28,PULS,0.049,585.9,1.01,0.002,0.003
2025-01-28,SOXL,0.046,554.17,1.97,0.002,0.003
2025-01-28,ZVOL,-0.006,75.3,15.0,0.001,0.003
2025-01-28,TECL,0.011,127.14,1.5,0.001,0.003
2025-01-29,PULS,-0.064,762.65,1.01,0.003,0.003
2025-01-29,SOXL,0.005,58.6,1.95,0.0,0.003
2025-01-29,ZVOL,-0.038,444.94,15.0,0.006,0.006
2025-01-29,TECL,-0.003,37.03,1.5,0.0,0.003
2025-01-30,PULS,0.028,334.03,1.01,0.001,0.003
2025-01-30,SOXL,-0.002,22.19,1.84,0.0,0.003
2025-01-30,ZVOL,0.03,364.11,15.0,0.005,0.005
2025-01-30,TECL,0.044,536.85,1.5,0.002,0.003
2025-01-31,PULS,-0.044,530.77,1.0,0.002,0.003
2025-01-31,SOXL,0.028,337.69,1.85,0.001,0.003
2025-01-31,ZVOL,-0.011,130.0,15.0,0.002,0.004
2025-01-31,TECL,0.027,323.09,1.5,0.001,0.003
2025-02-03,PULS,0.137,1580.68,1.01,0.007,0.004
2025-02-03,SOXL,-38.114,441142.13,1.95,1.906,1.339
2025-02-03,ZVOL,0.062,722.99,15.0,0.009,0.008
2025-02-03,TECL,-37.085,429228.96,1.5,1.854,0.57
2025-02-03,TLT,75.0,868067.41,0.57,3.75,0.766
2025-02-04,PULS,9.051,105027.55,1.01,0.453,0.164
2025-02-04,ZVOL,-9.077,105330.34,15.0,1.362,1.0
2025-02-04,TLT,-74.974,869976.73,0.57,3.749,0.763
2025-02-04,UVXY,75.0,870279.52,2.62,3.75,3.534
2025-02-05,PULS,-0.648,7328.58,1.01,0.032,0.012
2025-02-05,SOXL,37.5,423902.81,1.81,1.875,1.218
2025-02-05,TECL,37.5,423902.81,1.5,1.875,0.553
2025-02-05,UVXY,-74.352,840477.04,2.71,3.718,3.625
2025-02-06,PULS,0.056,634.86,1.01,0.003,0.003
2025-02-06,SOXL,-0.002,27.61,1.81,0.0,0.003
2025-02-06,TECL,-0.054,607.26,1.5,0.003,0.003
2025-02-07,PULS,-0.736,8100.47,1.01,0.037,0.013
2025-02-07,SOXL,0.889,9784.64,1.9,0.044,0.03
2025-02-07,SVIX,37.5,412533.61,4.0,1.875,1.706
2025-02-07,TECL,-37.653,414217.78,1.5,1.883,0.561
2025-02-10,PULS,-0.023,257.62,1.01,0.001,0.003
2025-02-10,SOXL,0.062,696.75,1.83,0.003,0.004
2025-02-10,SVIX,-0.039,439.13,4.0,0.002,0.004
2025-02-11,PULS,0.078,880.85,1.01,0.004,0.004
2025-02-11,SOXL,-0.096,1080.55,1.82,0.005,0.004
2025-02-11,SVIX,0.018,199.7,4.0,0.001,0.003
2025-02-12,PULS,-0.035,393.7,1.01,0.002,0.003
2025-02-12,SOXL,0.007,80.34,1.82,0.0,0.003
2025-02-12,SVIX,0.028,313.36,4.0,0.001,0.004
2025-02-13,PULS,-0.051,588.24,1.01,0.003,0.003
2025-02-13,SOXL,0.06,689.41,1.76,0.003,0.004
2025-02-13,SVIX,-0.009,101.16,4.0,0.0,0.003
2025-02-14,PULS,0.059,679.64,1.01,0.003,0.003
2025-02-14,SOXL,0.002,28.74,1.75,0.0,0.003
2025-02-14,SVIX,-0.061,708.37,4.0,0.003,0.004
2025-02-18,PULS,-11.383,134209.24,1.01,0.569,0.206
2025-02-18,SOXL,-2.383,28101.64,1.67,0.119,0.072
2025-02-18,SVIX,0.767,9037.39,4.0,0.038,0.034
2025-02-18,VXZ,13.0,153273.49,3.0,0.65,0.361
2025-02-19,PULS,0.245,2949.54,1.01,0.012,0.004
2025-02-19,SOXL,-38.532,463772.31,1.59,1.927,1.102
2025-02-19,SVIX,0.52,6263.05,4.0,0.026,0.023
2025-02-19,VXZ,0.266,3202.92,3.0,0.013,0.007
2025-02-19,TECL,37.5,451356.8,1.5,1.875,0.529
2025-02-20,PULS,12.943,155038.61,1.01,0.647,0.234
2025-02-20,SVIX,-0.051,611.98,4.0,0.003,0.004
2025-02-20,VXZ,-13.071,156572.16,3.0,0.654,0.363
2025-02-20,TECL,0.179,2145.53,1.5,0.009,0.004
2025-02-21,PULS,-16.515,186634.06,1.01,0.826,0.299
2025-02-21,SVIX,0.477,5385.0,4.0,0.024,0.022
2025-02-21,ZVOL,15.0,169511.18,15.0,2.25,1.676
2025-02-21,TECL,1.039,11737.88,1.5,0.052,0.015
2025-02-24,PULS,-2.179,24167.18,1.01,0.109,0.039
2025-02-24,SVIX,-37.905,420403.31,4.0,1.895,1.748
2025-02-24,ZVOL,1.599,17733.46,15.0,0.24,0.178
2025-02-24,TECL,-36.515,404991.84,1.5,1.826,0.551
2025-02-24,TLT,75.0,831828.88,0.56,3.75,0.751
2025-02-25,PULS,0.098,1105.35,1.01,0.005,0.004
2025-02-25,ZVOL,0.233,2616.99,15.0,0.035,0.026
2025-02-25,TLT,-75.332,845521.46,0.55,3.767,0.742
2025-02-25,UVXY,75.0,841799.12,2.53,3.75,3.419
2025-02-26,PULS,-0.162,1782.01,1.01,0.008,0.004
2025-02-26,ZVOL,-0.458,5033.07,15.0,0.069,0.051
2025-02-26,TLT,75.0,824537.5,0.54,3.75,0.734
2025-02-26,UVXY,-74.38,817722.43,2.61,3.719,3.488
2025-02-27,PULS,-6.073,66105.97,1.01,0.304,0.11
2025-02-27,ZVOL,6.219,67701.78,15.0,0.933,0.703
2025-02-27,TECL,75.0,816432.6,1.5,3.75,1.206
2025-02-27,TLT,-75.147,818028.41,0.55,3.757,0.741
2025-02-28,PULS,23.051,257388.67,1.0,1.153,0.417
2025-02-28,ZVOL,-22.57,252025.58,15.0,3.386,2.546
2025-02-28,TECL,-75.48,842830.16,1.5,3.774,1.192
2025-02-28,TLT,75.0,837467.07,0.54,3.75,0.73
2025-03-03,PULS,0.083,925.65,1.01,0.004,0.004
2025-03-03,TECL,75.0,839800.82,1.5,3.75,1.244
2025-03-03,TLT,-75.083,840726.47,0.54,3.754,0.73
2025-03-04,PULS,-19.107,212950.71,1.01,0.955,0.347
2025-03-04,ZVOL,19.0,211761.03,15.0,2.85,2.173
2025-03-04,TECL,0.107,1189.67,1.5,0.005,0.004
2025-03-05,PULS,19.199,221083.98,1.01,0.96,0.348
2025-03-05,ZVOL,-18.65,214760.53,15.0,2.798,2.122
2025-03-05,TECL,-75.549,869957.47,1.5,3.777,1.229
2025-03-05,SQQQ,75.0,863634.01,1.54,3.75,2.076
2025-03-06,PULS,-11.558,141140.51,1.01,0.578,0.21
2025-03-06,ZVOL,13.0,158746.94,15.0,1.95,1.504
2025-03-06,TECL,75.0,915847.72,1.5,3.75,1.279
2025-03-06,SQQQ,-76.442,933454.15,1.42,3.822,1.956
2025-03-07,PULS,13.388,168805.75,1.01,0.669,0.243
2025-03-07,ZVOL,-12.871,162276.96,15.0,1.931,1.477
2025-03-07,TECL,-75.518,952152.71,1.5,3.776,1.26
2025-03-07,SQQQ,75.0,945623.92,1.45,3.75,1.958
2025-03-10,PULS,-21.052,287685.03,1.01,1.053,0.382
2025-03-10,ZVOL,23.0,314310.17,15.0,3.45,2.68
2025-03-10,TECL,75.0,1024924.46,1.5,3.75,1.35
2025-03-10,SQQQ,-76.948,1051549.59,1.3,3.847,1.805
2025-03-11,PULS,-0.017,233.97,1.01,0.001,0.003
2025-03-11,ZVOL,0.044,591.64,15.0,0.007,0.006
2025-03-11,TECL,-0.026,357.67,1.5,0.001,0.003
2025-03-12,PULS,23.079,325341.21,1.01,1.154,0.419
2025-03-12,ZVOL,-23.032,324679.6,15.0,3.455,2.655
2025-03-12,TECL,-0.047,661.61,1.5,0.002,0.003
2025-03-13,PULS,-26.1,352394.18,1.01,1.305,0.474
2025-03-13,ZVOL,25.0,337536.71,15.0,3.75,2.907
2025-03-13,TECL,1.1,14857.47,1.5,0.055,0.02
2025-03-14,PULS,25.0,362197.98,1.01,1.25,0.453
2025-03-14,ZVOL,-24.205,350680.23,15.0,3.631,2.776
2025-03-14,TECL,-75.795,1098111.68,1.5,3.79,1.321
2025-03-14,SQQQ,75.0,1086593.93,1.36,3.75,1.838
2025-03-17,PULS,0.028,405.71,1.01,0.001,0.003
2025-03-17,SQQQ,-0.028,405.71,1.39,0.001,0.003
2025-03-18,PULS,0.019,280.19,1.01,0.001,0.002
2025-03-18,SQQQ,-0.019,280.19,1.32,0.001,0.002
2025-03-19,PULS,-0.232,3341.52,1.01,0.012,0.004
2025-03-19,TLT,75.0,1078664.26,0.55,3.75,0.74
2025-03-19,SQQQ,-74.768,1075322.74,1.37,3.738,1.849
2025-03-20,PULS,0.016,231.75,1.01,0.001,0.003
2025-03-20,TLT,-0.016,231.75,0.55,0.001,0.002
2025-03-21,PULS,-0.115,1649.75,1.01,0.006,0.003
2025-03-21,TLT,-74.885,1071933.06,0.55,3.744,0.743
2025-03-21,SQQQ,75.0,1073582.81,1.37,3.75,1.854
2025-03-24,PULS,-14.223,194032.63,1.01,0.711,0.258
2025-03-24,VXZ,13.0,177350.96,3.0,0.65,0.359
2025-03-24,SQQQ,1.223,16681.67,1.46,0.061,0.032
2025-03-25,PULS,0.048,645.82,1.01,0.002,0.003
2025-03-25,VXZ,0.015,203.46,3.0,0.001,0.003
2025-03-25,SQQQ,0.037,498.42,1.49,0.002,0.003
2025-03-26,PULS,13.32,187343.95,1.01,0.666,0.241
2025-03-26,VXZ,-12.978,182530.94,3.0,0.649,0.354
2025-03-26,SQQQ,-0.342,4813.01,1.43,0.017,0.009
2025-03-27,PULS,0.02,286.59,1.01,0.001,0.003
2025-03-27,SQQQ,-0.02,286.59,1.41,0.001,0.003
2025-03-28,PULS,-13.311,201077.4,1.01,0.666,0.241
2025-03-28,ZVOL,15.0,226592.42,15.0,2.25,1.74
2025-03-28,SQQQ,-1.689,25515.02,1.31,0.084,0.04
2025-03-31,PULS,14.997,226472.89,1.01,0.75,0.271
2025-03-31,ZVOL,-14.907,225127.77,15.0,2.236,1.733
2025-03-31,SQQQ,-0.089,1345.12,1.3,0.004,0.003
2025-04-01,PULS,-0.451,6693.27,1.01,0.023,0.008
2025-04-01,LABU,75.0,1111878.03,3.0,3.75,2.022
2025-04-01,SQQQ,-74.549,1105184.76,1.34,3.727,1.792
2025-04-02,PULS,1.648,26128.48,1.01,0.082,0.03
2025-04-02,LABU,-76.648,1215276.97,3.0,3.832,1.988
2025-04-02,TLT,75.0,1189148.49,0.55,3.75,0.738
2025-04-03,PULS,-20.925,332646.38,1.01,1.046,0.38
2025-04-03,ZVOL,21.0,333830.84,15.0,3.15,2.533
2025-04-03,TECL,75.0,1192253.01,1.5,3.75,1.562
2025-04-03,TLT,-75.075,1193437.48,0.54,3.754,0.736
2025-04-04,PULS,20.226,269197.48,1.01,1.011,0.368
2025-04-04,ZVOL,-23.546,313374.83,15.0,3.532,2.91
2025-04-04,TECL,3.319,44177.36,1.5,0.166,0.08
2025-04-07,PULS,-0.024,317.47,1.01,0.001,0.003
2025-04-07,TECL,0.024,317.47,1.5,0.001,0.003
2025-04-08,PULS,0.005,65.5,1.01,0.0,0.003
2025-04-08,TECL,-0.005,65.5,1.5,0.0,0.003
2025-04-09,PULS,-4.021,66572.22,1.01,0.201,0.073
2025-04-09,SOXL,37.5,620814.55,3.92,1.875,2.643
2025-04-09,SVIX,37.5,620814.55,4.0,1.875,2.626
2025-04-09,VXZ,9.0,148995.49,3.0,0.45,0.235
2025-04-09,TECL,-79.979,1324052.37,1.5,3.999,1.603
2025-04-10,PULS,6.122,85840.7,1.01,0.306,0.112
2025-04-10,SOXL,4.114,57685.9,5.19,0.214,0.385
2025-04-10,SVIX,1.715,24039.66,4.76,0.086,0.147
2025-04-10,VXZ,-11.951,167566.26,3.0,0.598,0.297
2025-04-11,PULS,-0.026,379.77,1.01,0.001,0.003
2025-04-11,SOXL,-0.047,682.08,4.89,0.002,0.004
2025-04-11,SVIX,-0.026,379.68,4.7,0.001,0.003
2025-04-14,PULS,-0.026,390.59,1.01,0.001,0.002
2025-04-14,SOXL,0.006,91.56,4.78,0.0,0.002
2025-04-14,SVIX,0.02,299.03,4.22,0.001,0.003
2025-04-15,PULS,-0.023,357.92,1.01,0.001,0.002
2025-04-15,SOXL,-0.03,464.41,4.72,0.002,0.003
2025-04-15,SVIX,-0.046,707.44,4.17,0.002,0.003
2025-04-16,PULS,0.017,236.89,1.01,0.001,0.003
2025-04-16,SOXL,-0.031,443.45,5.35,0.002,0.003
2025-04-16,SVIX,0.015,206.56,4.52,0.001,0.003
2025-04-17,PULS,0.018,251.87,1.01,0.001,0.003
2025-04-17,SOXL,0.029,416.71,5.43,0.002,0.003
2025-04-17,SVIX,-0.047,668.57,4.4,0.002,0.004
2025-04-21,PULS,-13.82,188188.88,1.01,0.691,0.251
2025-04-21,SOXL,2.579,35124.67,5.74,0.148,0.267
2025-04-21,SVIX,-1.76,23963.81,4.68,0.088,0.148
2025-04-21,ZVOL,13.0,177028.02,15.0,1.95,1.663
2025-04-22,PULS,13.53,192772.72,1.01,0.677,0.246
2025-04-22,SOXL,-0.27,3848.75,5.45,0.015,0.026
2025-04-22,SVIX,-0.484,6893.93,4.42,0.024,0.038
2025-04-22,ZVOL,-12.776,182030.04,15.0,1.916,1.615
2025-04-23,PULS,0.017,255.66,1.01,0.001,0.002
2025-04-23,SOXL,0.04,605.15,4.86,0.002,0.004
2025-04-23,SVIX,0.043,649.27,4.25,0.002,0.003
2025-04-24,PULS,0.02,326.74,1.01,0.001,0.002
2025-04-24,SOXL,0.038,611.1,4.17,0.002,0.003
2025-04-24,SVIX,0.042,691.64,4.11,0.002,0.003
2025-04-25,PULS,-9.339,156090.71,1.01,0.467,0.169
2025-04-25,SOXL,-5.459,91243.52,4.05,0.273,0.398
2025-04-25,SVIX,1.798,30049.44,4.0,0.09,0.128
2025-04-25,VXZ,13.0,217284.78,3.0,0.65,0.331
2025-04-28,PULS,-0.029,476.2,1.01,0.001,0.002
2025-04-28,SOXL,-0.037,615.91,4.07,0.002,0.003
2025-04-28,SVIX,-0.041,676.21,4.0,0.002,0.003
2025-04-28,VXZ,0.006,100.87,3.0,0.0,0.002
2025-04-29,PULS,-0.03,496.0,1.01,0.002,0.002
2025-04-29,SOXL,0.01,166.16,4.22,0.001,0.002
2025-04-29,SVIX,-0.003,55.66,4.0,0.0,0.002
2025-04-29,VXZ,-0.077,1265.39,3.0,0.004,0.003
2025-04-30,PULS,0.001,20.26,1.01,0.0,0.002
2025-04-30,SOXL,-0.004,72.8,4.11,0.0,0.002
2025-04-30,SVIX,0.01,162.02,4.04,0.0,0.002
2025-04-30,VXZ,-0.007,109.47,3.0,0.0,0.002
2025-05-01,PULS,0.031,507.2,1.01,0.002,0.002
2025-05-01,SOXL,-0.018,292.01,4.13,0.001,0.002
2025-05-01,SVIX,-0.031,514.65,4.0,0.002,0.003
2025-05-01,VXZ,0.018,299.46,3.0,0.001,0.002
2025-05-02,PULS,0.05,864.65,1.01,0.002,0.002
2025-05-02,SOXL,0.026,457.2,3.76,0.001,0.003
2025-05-02,SVIX,0.008,130.57,4.0,0.0,0.002
2025-05-02,VXZ,0.016,285.21,3.0,0.001,0.002
2025-05-05,PULS,13.238,226598.6,1.01,0.662,0.241
2025-05-05,SOXL,-1.231,21075.54,3.83,0.062,0.085
2025-05-05,SVIX,0.475,8127.88,4.0,0.024,0.034
2025-05-05,VXZ,-12.482,213650.94,3.0,0.624,0.32
2025-05-06,PULS,-0.04,674.29,1.01,0.002,0.002
2025-05-06,SOXL,-0.022,369.72,3.96,0.001,0.003
2025-05-06,SVIX,-0.037,626.32,4.05,0.002,0.003
2025-05-07,PULS,0.002,35.12,1.01,0.0,0.002
2025-05-07,SOXL,-0.019,333.58,3.77,0.001,0.002
2025-05-07,SVIX,0.017,298.46,4.0,0.001,0.002
2025-05-08,PULS,-0.002,36.72,1.01,0.0,0.002
2025-05-08,SOXL,0.051,902.36,3.66,0.003,0.003
2025-05-08,SVIX,-0.049,865.64,4.0,0.002,0.003
2025-05-09,PULS,0.031,560.6,1.01,0.002,0.002
2025-05-09,SOXL,0.003,57.97,3.54,0.0,0.002
2025-05-09,SVIX,0.065,1167.92,4.0,0.003,0.005
2025-05-12,PULS,-15.177,306975.16,1.01,0.759,0.276
2025-05-12,SOXL,-4.163,84205.42,2.92,0.208,0.219
2025-05-12,SVIX,0.341,6889.74,4.0,0.017,0.022
2025-05-12,VXZ,19.0,384290.84,3.0,0.95,0.506
2025-05-13,PULS,-1.802,37682.99,1.01,0.09,0.033
2025-05-13,SOXL,-39.362,822902.94,2.69,1.968,1.905
2025-05-13,SVIX,-36.469,762420.31,4.0,1.823,2.302
2025-05-13,VXZ,2.633,55043.58,3.0,0.132,0.07
2025-05-13,UVXY,75.0,1567962.66,2.33,3.75,3.14
2025-05-14,PULS,-0.007,147.56,1.01,0.0,0.002
2025-05-14,VXZ,0.042,893.57,3.0,0.002,0.002
2025-05-14,UVXY,-0.035,746.01,2.26,0.002,0.002
2025-05-15,PULS,0.023,478.35,1.01,0.001,0.002
2025-05-15,VXZ,-0.062,1291.87,3.0,0.003,0.003
2025-05-15,UVXY,0.039,813.52,2.31,0.002,0.002
2025-05-16,PULS,-0.008,171.34,1.01,0.0,0.002
2025-05-16,VXZ,0.029,608.8,3.0,0.001,0.002
2025-05-16,UVXY,-0.021,437.46,2.32,0.001,0.002
2025-05-19,PULS,-0.05,1067.92,1.01,0.003,0.002
2025-05-19,VXZ,0.005,96.72,3.0,0.0,0.002
2025-05-19,UVXY,0.046,971.21,2.29,0.002,0.002
2025-05-20,PULS,17.058,358134.98,1.01,0.853,0.309
2025-05-20,SOXL,37.5,787335.77,2.78,1.875,1.878
2025-05-20,SVIX,37.5,787335.77,4.0,1.875,2.377
2025-05-20,VXZ,-17.28,362795.33,3.0,0.864,0.457
2025-05-20,UVXY,-74.778,1570011.2,2.32,3.739,3.124
2025-05-21,PULS,-9.941,199612.3,1.01,0.497,0.18
2025-05-21,SOXL,0.413,8290.55,2.94,0.021,0.022
2025-05-21,SVIX,0.888,17823.29,4.0,0.044,0.059
2025-05-21,ZVOL,13.0,261047.24,15.0,1.95,1.601
2025-05-21,VXZ,-4.36,87548.78,3.0,0.218,0.113
2025-05-22,PULS,-0.003,54.25,1.01,0.0,0.002
2025-05-22,SOXL,-0.001,25.65,3.03,0.0,0.002
2025-05-22,SVIX,-0.015,292.78,4.0,0.001,0.002
2025-05-22,ZVOL,0.019,372.68,15.0,0.003,0.003
2025-05-23,PULS,-0.675,12842.56,1.01,0.034,0.012
2025-05-23,SOXL,-36.606,696194.03,3.18,1.83,2.094
2025-05-23,SVIX,-37.258,708591.59,4.0,1.863,2.583
2025-05-23,ZVOL,-0.46,8748.37,15.0,0.069,0.057
2025-05-23,SQQQ,75.0,1426376.55,1.99,3.75,2.683
2025-05-27,PULS,12.4,224387.74,1.01,0.62,0.225
2025-05-27,SOXL,37.5,678611.37,2.89,1.875,1.952
2025-05-27,SVIX,37.5,678611.37,4.0,1.875,2.433
2025-05-27,ZVOL,-14.156,256177.33,15.0,2.123,1.733
2025-05-27,SQQQ,-73.243,1325433.15,2.14,3.662,2.817
2025-05-28,PULS,-0.031,556.81,1.01,0.002,0.002
2025-05-28,SOXL,-0.007,123.1,2.93,0.0,0.002
2025-05-28,SVIX,0.038,679.9,4.0,0.002,0.003
2025-05-29,PULS,0.057,1023.52,1.01,0.003,0.002
2025-05-29,SOXL,-0.043,764.25,2.91,0.002,0.003
2025-05-29,SVIX,-0.014,259.27,4.0,0.001,0.002
2025-05-30,PULS,-0.038,664.69,1.01,0.002,0.002
2025-05-30,SOXL,0.06,1061.0,3.09,0.003,0.003
2025-05-30,SVIX,-0.023,396.3,4.0,0.001,0.002
2025-06-02,PULS,-9.296,166196.92,1.01,0.465,0.169
2025-06-02,SOXL,-37.081,662946.63,2.96,1.854,1.975
2025-06-02,SVIX,-37.623,672640.32,4.0,1.881,2.455
2025-06-02,VXZ,9.0,160905.41,3.0,0.45,0.234
2025-06-02,TLT,75.0,1340878.45,0.59,3.75,0.793
2025-06-03,PULS,-4.038,71976.7,1.01,0.202,0.073
2025-06-03,SOXL,37.5,668451.23,2.73,1.875,1.844
2025-06-03,SVIX,37.5,668451.23,4.0,1.875,2.409
2025-06-03,VXZ,4.068,72511.74,3.0,0.203,0.106
2025-06-03,TLT,-75.03,1337437.5,0.59,3.752,0.794
2025-06-04,PULS,-0.016,290.39,1.01,0.001,0.002
2025-06-04,SOXL,-0.004,65.34,2.62,0.0,0.002
2025-06-04,SVIX,-0.01,175.84,4.0,0.0,0.002
2025-06-04,VXZ,0.029,531.57,3.0,0.001,0.002
2025-06-05,PULS,13.088,234699.24,1.01,0.654,0.238
2025-06-05,SOXL,-0.804,14425.87,2.66,0.04,0.038
2025-06-05,SVIX,0.875,15683.53,4.0,0.044,0.057
2025-06-05,VXZ,-13.158,235956.9,3.0,0.658,0.341
2025-06-06,PULS,0.026,481.55,1.01,0.001,0.002
2025-06-06,SOXL,-0.025,460.52,2.61,0.001,0.002
2025-06-06,SVIX,-0.001,21.03,4.0,0.0,0.002
2025-06-09,PULS,-0.056,1065.31,1.01,0.003,0.002
2025-06-09,SOXL,0.004,72.16,2.43,0.0,0.002
2025-06-09,SVIX,0.053,993.15,4.0,0.003,0.003
2025-06-10,PULS,-13.083,253698.31,1.01,0.654,0.237
2025-06-10,SOXL,-40.299,781458.3,2.28,2.015,1.657
2025-06-10,SVIX,-36.618,710089.73,4.0,1.831,2.294
2025-06-10,VXZ,15.0,290874.39,3.0,0.75,0.391
2025-06-10,UVXY,75.0,1454371.95,2.48,3.75,3.343
2025-06-11,PULS,15.079,294563.36,1.01,0.754,0.273
2025-06-11,SVIX,37.5,732568.56,4.0,1.875,2.359
2025-06-11,VXZ,-14.925,291555.46,3.0,0.746,0.388
2025-06-11,TECL,37.5,732568.56,1.5,1.875,0.584
2025-06-11,UVXY,-75.154,1468145.02,2.45,3.758,3.316
2025-06-12,PULS,0.115,2248.25,1.01,0.006,0.002
2025-06-12,SOXL,37.5,735800.9,2.31,1.875,1.556
2025-06-12,SVIX,0.721,14153.63,4.0,0.036,0.046
2025-06-12,TECL,-38.336,752202.77,1.5,1.917,0.589
2025-06-13,PULS,-10.548,194916.08,1.01,0.527,0.191
2025-06-13,SOXL,0.715,13211.41,2.5,0.036,0.032
2025-06-13,SVIX,0.833,15391.86,4.0,0.042,0.056
2025-06-13,ZVOL,9.0,166312.81,15.0,1.35,1.137
2025-06-16,PULS,0.032,629.29,1.01,0.002,0.002
2025-06-16,SOXL,0.022,437.19,2.28,0.001,0.002
2025-06-16,SVIX,-0.015,286.36,4.0,0.001,0.002
2025-06-16,ZVOL,-0.04,780.12,15.0,0.006,0.005
2025-06-17,PULS,9.427,179387.95,1.01,0.471,0.171
2025-06-17,SOXL,-38.928,740747.4,2.33,1.946,1.636
2025-06-17,SVIX,0.745,14167.19,4.0,0.037,0.05
2025-06-17,ZVOL,-8.744,166380.89,15.0,1.312,1.103
2025-06-17,TECL,37.5,713573.14,1.5,1.875,0.582
2025-06-18,PULS,-0.045,861.73,1.01,0.002,0.002
2025-06-18,SVIX,0.054,1045.36,4.0,0.003,0.004
2025-06-18,TECL,-0.01,183.63,1.5,0.0,0.002
2025-06-20,PULS,0.044,837.98,1.01,0.002,0.002
2025-06-20,SVIX,-0.046,874.33,4.0,0.002,0.003
2025-06-20,TECL,0.002,36.35,1.5,0.0,0.002
2025-06-23,PULS,0.44,8533.29,1.01,0.022,0.008
2025-06-23,SOXL,37.5,726782.31,2.32,1.875,1.564
2025-06-23,SVIX,-0.24,4653.3,4.0,0.012,0.016
2025-06-23,TECL,-37.7,730662.3,1.5,1.885,0.578
2025-06-24,PULS,-11.465,236611.58,1.01,0.573,0.208
2025-06-24,SOXL,-39.187,808715.7,2.09,1.959,1.473
2025-06-24,SVIX,0.152,3134.3,4.0,0.008,0.01
2025-06-24,VXZ,13.0,268287.3,3.0,0.65,0.339
2025-06-24,TECL,37.5,773905.68,1.5,1.875,0.56
2025-06-25,PULS,-0.025,516.21,1.01,0.001,0.002
2025-06-25,SVIX,0.061,1278.52,4.0,0.003,0.004
2025-06-25,VXZ,-0.049,1022.61,3.0,0.002,0.002
2025-06-25,TECL,0.012,260.3,1.5,0.001,0.002
2025-06-26,PULS,-0.006,134.89,1.01,0.0,0.002
2025-06-26,SVIX,-0.008,172.4,4.0,0.0,0.002
2025-06-26,VXZ,0.001,17.66,3.0,0.0,0.002
2025-06-26,TECL,0.014,289.63,1.5,0.001,0.002
2025-06-27,PULS,-0.013,267.71,1.0,0.001,0.002
2025-06-27,SVIX,0.002,33.51,4.0,0.0,0.002
2025-06-27,VXZ,0.036,749.3,3.0,0.002,0.002
2025-06-27,TECL,-0.024,515.1,1.5,0.001,0.002
2025-06-30,PULS,-7.541,161267.59,1.0,0.377,0.136
2025-06-30,SOXL,37.5,801948.74,1.99,1.875,1.344
2025-06-30,SVIX,0.318,6793.56,4.0,0.016,0.02
2025-06-30,VXZ,8.503,181829.7,3.0,0.425,0.222
2025-06-30,TECL,-38.779,829304.42,1.5,1.939,0.56
2025-07-01,PULS,-0.022,477.88,1.01,0.001,0.002
2025-07-01,SOXL,-37.101,788872.68,2.02,1.855,1.351
2025-07-01,SVIX,-0.274,5836.52,4.0,0.014,0.017
2025-07-01,VXZ,-0.102,2169.78,3.0,0.005,0.003
2025-07-01,TECL,37.5,797356.86,1.5,1.875,0.549
2025-07-02,PULS,-0.048,1024.51,1.01,0.002,0.002
2025-07-02,SVIX,-0.02,426.56,4.0,0.001,0.002
2025-07-02,VXZ,0.033,721.54,3.0,0.002,0.002
2025-07-02,TECL,0.034,729.52,1.5,0.002,0.002
2025-07-03,PULS,-3.84,83991.13,1.01,0.192,0.07
2025-07-03,SVIX,-36.69,802418.33,4.0,1.834,2.257
2025-07-03,VXZ,4.539,99278.74,3.0,0.227,0.119
2025-07-03,TECL,-39.009,853145.55,1.5,1.95,0.553
2025-07-03,UVXY,75.0,1640276.26,2.71,3.75,3.659
2025-07-07,PULS,25.0,551655.75,1.01,1.25,0.454
2025-07-07,SOXL,37.5,827483.63,2.0,1.875,1.352
2025-07-07,SVIX,37.5,827483.63,4.0,1.875,2.322
2025-07-07,VXZ,-24.856,548486.4,3.0,1.243,0.648
2025-07-07,UVXY,-75.144,1658136.61,2.68,3.757,3.622
2025-07-08,PULS,0.018,410.49,1.01,0.001,0.002
2025-07-08,SOXL,0.043,970.84,1.9,0.002,0.002
2025-07-08,SVIX,0.039,891.0,4.0,0.002,0.002
2025-07-09,PULS,-0.001,28.53,1.01,0.0,0.002
2025-07-09,SOXL,0.037,863.52,1.88,0.002,0.002
2025-07-09,SVIX,-0.036,834.99,4.0,0.002,0.002
2025-07-10,PULS,-7.584,177405.78,1.01,0.379,0.138
2025-07-10,SOXL,-1.3,30399.49,1.83,0.065,0.043
2025-07-10,SVIX,-37.616,879876.26,4.0,1.881,2.233
2025-07-10,VXZ,9.0,210519.0,3.0,0.45,0.236
2025-07-10,TECL,37.5,877162.52,1.5,1.875,0.532
2025-07-11,PULS,8.905,206892.21,1.01,0.445,0.161
2025-07-11,SOXL,-37.612,873849.4,1.83,1.881,1.24
2025-07-11,VXZ,-9.082,211011.48,3.0,0.454,0.238
2025-07-11,TECL,-37.21,864514.14,1.5,1.861,0.531
2025-07-11,TLT,75.0,1742482.81,0.58,3.75,0.787
2025-07-14,PULS,-0.043,1000.96,1.01,0.002,0.002
2025-07-14,SOXL,37.5,869247.54,1.89,1.875,1.274
2025-07-14,TECL,37.5,869247.54,1.5,1.875,0.536
2025-07-14,TLT,-74.957,1737494.11,0.58,3.748,0.788
2025-07-15,PULS,0.5,11810.02,1.01,0.025,0.009
2025-07-15,SOXL,-0.346,8188.18,1.83,0.017,0.011
2025-07-15,SVIX,37.5,886620.54,4.0,1.875,2.248
2025-07-15,TECL,-37.653,890242.38,1.5,1.883,0.532
2025-07-16,PULS,0.041,959.59,1.01,0.002,0.002
2025-07-16,SOXL,0.043,1019.03,1.85,0.002,0.002
2025-07-16,SVIX,0.016,372.17,4.0,0.001,0.002
2025-07-17,PULS,0.043,1016.37,1.01,0.002,0.002
2025-07-17,SOXL,0.013,314.12,1.83,0.001,0.002
2025-07-17,SVIX,0.044,1031.34,4.0,0.002,0.003
2025-07-18,PULS,-0.03,703.14,1.01,0.001,0.002
2025-07-18,SOXL,0.057,1346.19,1.83,0.003,0.002
2025-07-18,SVIX,-0.027,643.06,4.0,0.001,0.002
2025-07-21,PULS,-0.016,374.46,1.01,0.001,0.002
2025-07-21,SOXL,0.01,235.11,1.82,0.0,0.002
2025-07-21,SVIX,0.006,139.35,4.0,0.0,0.002
2025-07-22,PULS,-9.169,215462.13,1.01,0.458,0.166
2025-07-22,SOXL,1.083,25453.12,1.9,0.054,0.037
2025-07-22,SVIX,-38.415,902751.52,4.0,1.921,2.273
2025-07-22,VXZ,9.0,211502.04,3.0,0.45,0.233
2025-07-22,TECL,37.5,881258.49,1.5,1.875,0.528
2025-07-23,PULS,-12.041,281988.24,1.01,0.602,0.218
2025-07-23,SOXL,-36.824,862403.11,1.94,1.841,1.286
2025-07-23,VXZ,12.176,285154.45,3.0,0.609,0.319
2025-07-23,TECL,-38.311,897222.84,1.5,1.916,0.535
2025-07-23,TLT,75.0,1756459.73,0.58,3.75,0.785
2025-07-24,PULS,-0.011,249.76,1.01,0.001,0.002
2025-07-24,SOXL,37.5,875038.63,1.95,1.875,1.317
2025-07-24,VXZ,0.095,2225.77,3.0,0.005,0.003
2025-07-24,TECL,37.5,875038.63,1.5,1.875,0.521
2025-07-24,TLT,-75.085,1752053.27,0.58,3.754,0.787
2025-07-25,PULS,-3.992,93318.13,1.01,0.2,0.072
2025-07-25,SOXL,-37.369,873647.16,1.95,1.868,1.314
2025-07-25,VXZ,4.046,94588.75,3.0,0.202,0.106
2025-07-25,TECL,-37.685,881027.53,1.5,1.884,0.521
2025-07-25,UVXY,75.0,1753404.06,3.24,3.75,4.375
2025-07-28,PULS,1.0,22567.28,1.01,0.05,0.018
2025-07-28,SOXL,37.5,846273.11,1.86,1.875,1.256
2025-07-28,VXZ,-1.583,35734.16,3.0,0.079,0.042
2025-07-28,TECL,37.5,846273.11,1.5,1.875,0.513
2025-07-28,UVXY,-74.417,1679379.34,3.38,3.721,4.528
2025-07-29,PULS,24.006,544783.68,1.0,1.2,0.434
2025-07-29,SOXL,0.024,550.67,1.85,0.001,0.002
2025-07-29,SVIX,37.5,851011.98,4.0,1.875,2.14
2025-07-29,VXZ,-24.294,551329.73,3.0,1.215,0.636
2025-07-29,TECL,-37.236,845016.6,1.5,1.862,0.51
2025-07-30,PULS,-0.045,1033.12,1.0,0.002,0.002
2025-07-30,SOXL,0.032,741.11,1.81,0.002,0.002
2025-07-30,SVIX,0.013,292.02,4.0,0.001,0.002
2025-07-31,PULS,-13.766,302466.48,1.0,0.688,0.249
2025-07-31,SOXL,1.693,37207.87,2.0,0.085,0.061
2025-07-31,SVIX,-38.427,844310.74,4.0,1.921,2.204
2025-07-31,ZVOL,13.0,285631.71,15.0,1.95,1.669
2025-07-31,TECL,37.5,823937.64,1.5,1.875,0.518
2025-08-01,PULS,-6.504,137246.46,1.01,0.325,0.118
2025-08-01,SOXL,-0.122,2582.52,2.08,0.006,0.005
2025-08-01,SVIX,37.5,791319.76,4.0,1.875,2.273
2025-08-01,ZVOL,5.701,120305.81,15.0,0.855,0.737
2025-08-01,TECL,-36.575,771796.59,1.5,1.829,0.52
2025-08-04,PULS,19.227,421676.25,1.01,0.961,0.349
2025-08-04,SOXL,0.048,1047.71,2.0,0.002,0.002
2025-08-04,SVIX,-0.784,17183.66,4.0,0.039,0.046
2025-08-04,ZVOL,-18.491,405540.31,15.0,2.774,2.379
2025-08-05,PULS,-0.256,5557.8,1.01,0.013,0.005
2025-08-05,SOXL,0.336,7282.01,2.04,0.017,0.012
2025-08-05,SVIX,-37.579,815329.47,4.0,1.879,2.202
2025-08-05,TECL,37.5,813605.26,1.5,1.875,0.525
2025-08-06,PULS,-0.015,337.56,1.01,0.001,0.002
2025-08-06,SOXL,0.049,1073.75,2.08,0.002,0.002
2025-08-06,TECL,-0.034,736.2,1.5,0.002,0.002
2025-08-07,PULS,0.492,10888.4,1.01,0.025,0.009
2025-08-07,SOXL,-0.047,1048.35,2.0,0.002,0.002
2025-08-07,SVIX,37.5,829259.67,4.0,1.875,2.163
2025-08-07,TECL,-37.945,839099.73,1.5,1.897,0.523
2025-08-08,PULS,0.056,1258.5,1.01,0.003,0.002
2025-08-08,SOXL,0.007,164.81,1.94,0.0,0.002
2025-08-08,SVIX,-0.063,1423.31,4.0,0.003,0.004
2025-08-11,PULS,0.417,9399.68,1.01,0.021,0.008
2025-08-11,SOXL,-0.181,4069.7,1.95,0.009,0.006
2025-08-11,SVIX,-37.736,850580.93,4.0,1.887,2.138
2025-08-11,TECL,37.5,845250.95,1.5,1.875,0.515
2025-08-12,PULS,-11.787,279363.41,1.01,0.589,0.213
2025-08-12,SOXL,-1.487,35251.09,1.79,0.074,0.048
2025-08-12,VXZ,13.0,308102.79,3.0,0.65,0.341
2025-08-12,TECL,0.275,6511.71,1.5,0.014,0.004
2025-08-13,PULS,-1.791,43197.6,1.01,0.09,0.032
2025-08-13,SOXL,-38.512,928687.36,1.71,1.926,1.184
2025-08-13,SVIX,37.5,904294.42,4.0,1.875,2.062
2025-08-13,VXZ,2.204,53157.11,3.0,0.11,0.058
2025-08-13,TECL,0.599,14433.42,1.5,0.03,0.008
2025-08-14,PULS,-0.034,812.15,1.01,0.002,0.002
2025-08-14,SVIX,-0.065,1555.26,4.0,0.003,0.004
2025-08-14,VXZ,-0.006,141.97,3.0,0.0,0.002
2025-08-14,TECL,0.004,106.05,1.5,0.0,0.001
2025-08-15,PULS,14.923,356210.25,1.01,0.746,0.27
2025-08-15,SOXL,37.5,895125.82,1.83,1.875,1.233
2025-08-15,SVIX,-37.836,903147.56,4.0,1.892,2.08
2025-08-15,VXZ,-15.317,365624.39,3.0,0.766,0.399
2025-08-15,TECL,0.73,17435.88,1.5,0.037,0.01
2025-08-18,PULS,0.098,2358.44,1.01,0.005,0.002
2025-08-18,SOXL,-37.563,899666.02,1.82,1.878,1.228
2025-08-18,TECL,-37.535,899002.4,1.5,1.877,0.511
2025-08-18,TLT,75.0,1796309.98,0.58,3.75,0.784
2025-08-19,PULS,-8.892,213705.21,1.01,0.445,0.161
2025-08-19,ZVOL,9.0,216309.33,15.0,1.35,1.15
2025-08-19,TLT,-75.108,1805181.84,0.58,3.755,0.78
2025-08-19,SQQQ,75.0,1802577.72,2.78,3.75,3.75
2025-08-20,PULS,0.009,215.04,1.01,0.0,0.001
2025-08-20,ZVOL,0.039,951.51,15.0,0.006,0.005
2025-08-20,SQQQ,-0.048,1166.55,2.73,0.002,0.002
2025-08-21,PULS,-0.042,1023.09,1.01,0.002,0.002
2025-08-21,ZVOL,-0.041,1004.57,15.0,0.006,0.005
2025-08-21,SQQQ,0.082,2027.67,2.69,0.004,0.004
2025-08-22,PULS,-0.101,2400.63,1.0,0.005,0.002
2025-08-22,ZVOL,-9.375,223524.77,15.0,1.406,1.181
2025-08-22,VXZ,9.0,214585.16,3.0,0.45,0.239
2025-08-22,TLT,75.0,1788209.7,0.57,3.75,0.775
2025-08-22,SQQQ,-74.524,1776869.46,2.82,3.726,3.779
2025-08-25,PULS,-0.02,482.11,1.0,0.001,0.002
2025-08-25,VXZ,0.015,346.45,3.0,0.001,0.002
2025-08-25,TLT,0.006,135.65,0.58,0.0,0.001
2025-08-26,PULS,-0.005,121.47,1.0,0.0,0.001
2025-08-26,VXZ,-0.014,337.08,3.0,0.001,0.002
2025-08-26,TLT,0.019,458.55,0.58,0.001,0.002
2025-08-27,PULS,-0.004,84.15,1.0,0.0,0.001
2025-08-27,VXZ,-0.066,1576.86,3.0,0.003,0.002
2025-08-27,TLT,-0.03,718.49,0.58,0.002,0.002
2025-08-28,PULS,-3.949,94326.53,1.0,0.197,0.071
2025-08-28,SOXL,37.5,895678.38,1.75,1.875,1.183
2025-08-28,VXZ,3.972,94876.08,3.0,0.199,0.105
2025-08-28,TECL,37.5,895678.38,1.5,1.875,0.511
2025-08-28,TLT,-75.023,1791906.31,0.57,3.751,0.774
2025-08-29,PULS,12.374,280803.44,1.0,0.619,0.223
2025-08-29,SOXL,-35.992,816784.21,1.92,1.8,1.244
2025-08-29,VXZ,-13.754,312138.69,3.0,0.688,0.363
2025-08-29,TECL,-37.627,853899.66,1.5,1.881,0.524
2025-08-29,SQQQ,75.0,1702019.12,2.79,3.75,3.76
2025-09-02,PULS,-0.035,797.92,1.01,0.002,0.002
2025-09-02,SQQQ,0.035,797.92,2.72,0.002,0.002
2025-09-03,PULS,0.069,1577.85,1.01,0.003,0.002
2025-09-03,TLT,75.0,1703722.02,0.58,3.75,0.78
2025-09-03,SQQQ,-75.069,1705299.87,2.78,3.753,3.756
2025-09-04,PULS,0.038,876.75,1.01,0.002,0.002
2025-09-04,TLT,-0.038,876.75,0.57,0.002,0.002
2025-09-05,PULS,0.371,8560.79,1.01,0.019,0.007
2025-09-05,TLT,-75.371,1740655.71,0.56,3.769,0.766
2025-09-05,UVXY,75.0,1732094.92,4.3,3.75,5.799
2025-09-08,PULS,-0.026,595.43,1.01,0.001,0.002
2025-09-08,UVXY,0.026,595.43,4.42,0.001,0.002
2025-09-09,PULS,0.065,1463.66,1.01,0.003,0.002
2025-09-09,UVXY,-0.065,1463.66,4.45,0.003,0.005
2025-09-10,PULS,-13.927,310484.49,1.01,0.696,0.252
2025-09-10,SOXL,37.5,836036.32,1.75,1.875,1.18
2025-09-10,VXZ,13.0,289825.92,3.0,0.65,0.345
2025-09-10,TECL,37.5,836036.32,1.5,1.875,0.503
2025-09-10,UVXY,-74.073,1651414.07,4.5,3.704,6.001
2025-09-11,PULS,0.002,35.88,1.01,0.0,0.002
2025-09-11,SOXL,-0.016,358.41,1.71,0.001,0.002
2025-09-11,VXZ,-0.047,1048.19,3.0,0.002,0.002
2025-09-11,TECL,-0.039,878.2,1.5,0.002,0.002
2025-09-12,PULS,0.011,249.89,1.01,0.001,0.002
2025-09-12,SOXL,-0.026,580.97,1.71,0.001,0.002
2025-09-12,VXZ,-0.018,395.51,3.0,0.001,0.002
2025-09-12,TECL,0.032,726.58,1.5,0.002,0.002
2025-09-15,PULS,-5.678,130343.25,1.01,0.284,0.103
2025-09-15,SOXL,-38.167,876136.56,1.67,1.908,1.145
2025-09-15,VXZ,6.495,149091.24,3.0,0.325,0.173
2025-09-15,TECL,-37.65,864256.93,1.5,1.882,0.498
2025-09-15,UVXY,75.0,1721645.5,4.6,3.75,6.204
2025-09-16,PULS,19.12,447838.29,1.01,0.956,0.346
2025-09-16,VXZ,-18.808,440528.81,3.0,0.94,0.498
2025-09-16,UVXY,-0.312,7309.48,4.48,0.016,0.025
2025-09-17,PULS,-0.051,1155.38,1.01,0.003,0.002
2025-09-17,UVXY,0.051,1155.38,4.74,0.003,0.004
2025-09-18,PULS,-16.022,359841.33,1.0,0.801,0.29
2025-09-18,VXZ,15.0,336885.53,3.0,0.75,0.4
2025-09-18,UVXY,1.022,22955.79,4.74,0.051,0.087
2025-09-19,PULS,-0.021,468.13,1.0,0.001,0.002
2025-09-19,VXZ,-0.051,1154.0,3.0,0.003,0.002
2025-09-19,UVXY,-0.028,619.54,4.76,0.001,0.002
2025-09-22,PULS,-0.007,158.85,1.0,0.0,0.002
2025-09-22,VXZ,-0.012,284.98,3.0,0.001,0.002
2025-09-22,UVXY,-0.081,1845.16,4.63,0.004,0.007
2025-09-23,PULS,15.312,354545.69,1.0,0.766,0.277
2025-09-23,VXZ,-14.696,340300.96,3.0,0.735,0.389
2025-09-23,TLT,75.0,1736649.69,0.56,3.75,0.756
2025-09-23,UVXY,-75.615,1750894.42,4.56,3.781,6.209
2025-09-24,PULS,-0.075,1738.67,1.0,0.004,0.002
2025-09-24,SVIX,37.5,865225.88,4.0,1.875,1.909
2025-09-24,TECL,37.5,865225.88,1.5,1.875,0.484
2025-09-24,TLT,-74.925,1728713.08,0.56,3.746,0.758
2025-09-25,PULS,-0.005,125.16,1.0,0.0,0.002
2025-09-25,SVIX,-0.048,1095.02,4.0,0.002,0.002
2025-09-25,TECL,-0.047,1067.37,1.5,0.002,0.002
2025-09-26,PULS,0.008,175.05,1.0,0.0,0.002
2025-09-26,SVIX,-0.032,750.49,4.0,0.002,0.002
2025-09-26,TECL,0.025,575.43,1.5,0.001,0.002
2025-09-29,PULS,-0.001,24.28,1.0,0.0,0.002
2025-09-29,SVIX,0.025,589.62,4.0,0.001,0.002
2025-09-29,TECL,-0.024,565.34,1.5,0.001,0.002
2025-09-30,PULS,0.03,704.46,1.0,0.001,0.002
2025-09-30,SVIX,0.01,243.19,4.0,0.001,0.002
2025-09-30,TECL,-0.04,947.65,1.5,0.002,0.002
2025-10-01,PULS,-12.312,293052.75,1.01,0.616,0.223
2025-10-01,SVIX,0.4,9517.48,4.0,0.02,0.02
2025-10-01,VXZ,13.0,309423.16,3.0,0.65,0.348
2025-10-01,TECL,-1.088,25887.89,1.5,0.054,0.014
2025-10-02,PULS,0.015,355.44,1.01,0.001,0.002
2025-10-02,SVIX,0.012,292.05,4.0,0.001,0.002
2025-10-02,VXZ,-0.052,1229.73,3.0,0.003,0.002
2025-10-02,TECL,0.024,582.24,1.5,0.001,0.002
2025-10-03,PULS,-0.054,1276.0,1.01,0.003,0.002
2025-10-03,SVIX,0.007,161.96,4.0,0.0,0.002
2025-10-03,VXZ,0.073,1731.25,3.0,0.004,0.003
2025-10-03,TECL,-0.026,617.2,1.5,0.001,0.002
2025-10-06,PULS,0.062,1486.31,1.01,0.003,0.002
2025-10-06,SVIX,-0.005,110.74,4.0,0.0,0.002
2025-10-06,VXZ,-0.05,1195.12,3.0,0.002,0.002
2025-10-06,TECL,-0.008,180.45,1.5,0.0,0.002
2025-10-07,PULS,12.915,305878.77,1.01,0.646,0.234
2025-10-07,SOXL,37.5,888134.12,1.29,1.875,0.869
2025-10-07,SVIX,0.748,17714.62,4.0,0.037,0.038
2025-10-07,VXZ,-13.163,311753.8,3.0,0.658,0.35
2025-10-07,TECL,-38.0,899973.71,1.5,1.9,0.476
2025-10-08,PULS,1.047,25862.58,1.01,0.052,0.019
2025-10-08,SOXL,-39.585,978068.17,1.17,1.979,0.833
2025-10-08,SVIX,1.038,25651.31,4.0,0.052,0.053
2025-10-08,TECL,37.5,926554.27,1.5,1.875,0.461
2025-10-09,PULS,-0.038,935.56,1.01,0.002,0.002
2025-10-09,SOXL,37.5,924796.51,1.18,1.875,0.799
2025-10-09,SVIX,-0.022,531.61,4.0,0.001,0.002
2025-10-09,TECL,-37.441,923329.34,1.5,1.872,0.461
2025-10-10,PULS,-22.373,485895.7,1.01,1.119,0.405
2025-10-10,SOXL,-34.455,748289.4,1.46,1.723,0.906
2025-10-10,SVIX,-37.172,807298.91,4.0,1.859,2.046
2025-10-10,ZVOL,19.0,412640.39,15.0,2.85,2.499
2025-10-10,TLT,75.0,1628843.63,0.55,3.75,0.745
2025-10-13,PULS,19.022,414714.4,1.01,0.951,0.344
2025-10-13,ZVOL,-19.367,422242.89,15.0,2.905,2.522
2025-10-13,TLT,0.345,7528.49,0.55,0.017,0.003
2025-10-14,PULS,-0.044,958.92,1.01,0.002,0.002
2025-10-14,TLT,0.044,958.92,0.55,0.002,0.002
2025-10-15,PULS,0.063,1364.49,1.01,0.003,0.002
2025-10-15,TLT,-0.063,1364.49,0.55,0.003,0.002
2025-10-16,PULS,-0.064,1402.32,1.01,0.003,0.002
2025-10-16,TLT,0.064,1402.32,0.55,0.003,0.002
2025-10-17,PULS,0.068,1482.22,1.01,0.003,0.002
2025-10-17,TLT,-0.068,1482.22,0.55,0.003,0.002
2025-10-20,PULS,-8.828,193891.84,1.01,0.441,0.16
2025-10-20,SVIX,37.5,823582.34,4.0,1.875,1.979
2025-10-20,VXZ,9.0,197659.76,3.0,0.45,0.239
2025-10-20,TECL,37.5,823582.34,1.5,1.875,0.468
2025-10-20,TLT,-75.172,1650932.59,0.55,3.759,0.739
2025-10-21,PULS,0.056,1234.11,1.0,0.003,0.002
2025-10-21,SVIX,0.02,447.06,4.0,0.001,0.002
2025-10-21,VXZ,-0.028,620.31,3.0,0.001,0.002
2025-10-21,TECL,-0.048,1060.86,1.5,0.002,0.002
2025-10-22,PULS,8.741,189607.67,1.0,0.437,0.158
2025-10-22,SOXL,37.5,813417.63,1.3,1.875,0.879
2025-10-22,SVIX,-0.241,5228.95,4.0,0.012,0.013
2025-10-22,VXZ,-9.169,198882.49,3.0,0.458,0.243
2025-10-22,TECL,-36.831,798913.86,1.5,1.842,0.465
2025-10-23,PULS,0.026,577.81,1.0,0.001,0.002
2025-10-23,SOXL,0.005,111.7,1.21,0.0,0.002
2025-10-23,SVIX,-0.031,689.51,4.0,0.002,0.002
2025-10-24,PULS,-11.637,267272.68,1.0,0.582,0.21
2025-10-24,SOXL,-2.297,52763.31,1.16,0.115,0.048
2025-10-24,SVIX,0.934,21462.16,4.0,0.047,0.048
2025-10-24,VXZ,13.0,298573.83,3.0,0.65,0.347
2025-10-27,PULS,-0.011,252.15,1.0,0.001,0.002
2025-10-27,SOXL,0.045,1065.66,1.07,0.002,0.002
2025-10-27,SVIX,0.053,1267.8,4.0,0.003,0.003
2025-10-27,VXZ,0.013,313.1,3.0,0.001,0.002
2025-10-28,PULS,0.014,340.26,1.0,0.001,0.002
2025-10-28,SOXL,0.024,561.67,1.06,0.001,0.002
2025-10-28,SVIX,-0.047,1111.86,4.0,0.002,0.002
2025-10-28,VXZ,0.009,209.93,3.0,0.0,0.002
2025-10-29,PULS,-0.027,642.89,1.0,0.001,0.002
2025-10-29,SOXL,-0.015,359.28,1.01,0.001,0.002
2025-10-29,SVIX,0.038,911.58,4.0,0.002,0.002
2025-10-29,VXZ,0.004,90.58,3.0,0.0,0.002
2025-10-30,PULS,4.376,103436.37,1.0,0.219,0.079
2025-10-30,SOXL,-2.532,59857.04,1.06,0.127,0.048
2025-10-30,SVIX,1.993,47123.78,4.0,0.1,0.105
2025-10-30,ZVOL,9.0,212750.37,15.0,1.35,1.196
2025-10-30,VXZ,-12.837,303453.49,3.0,0.642,0.34
2025-10-31,PULS,-0.004,102.31,1.0,0.0,0.002
2025-10-31,SOXL,0.004,92.82,1.05,0.0,0.002
2025-10-31,SVIX,0.001,28.19,4.0,0.0,0.002
2025-10-31,ZVOL,-0.001,18.7,15.0,0.0,0.002
2025-11-03,PULS,-0.047,1131.0,1.01,0.002,0.002
2025-11-03,SOXL,0.039,933.83,1.03,0.002,0.002
2025-11-03,SVIX,-0.013,306.3,4.0,0.001,0.002
2025-11-03,ZVOL,0.021,503.47,15.0,0.003,0.003
2025-11-04,PULS,0.088,1967.04,1.01,0.004,0.002
2025-11-04,SOXL,-0.018,395.32,1.17,0.001,0.002
2025-11-04,SVIX,0.062,1384.09,4.0,0.003,0.003
2025-11-04,ZVOL,-0.032,711.69,15.0,0.005,0.004
2025-11-05,PULS,8.907,209628.23,1.01,0.445,0.161
2025-11-05,SOXL,-37.19,875303.48,1.07,1.859,0.715
2025-11-05,SVIX,-0.273,6426.36,4.0,0.014,0.014
2025-11-05,ZVOL,-8.944,210507.05,15.0,1.342,1.193
2025-11-05,TECL,37.5,882608.65,1.5,1.875,0.457
2025-11-06,PULS,-13.954,316306.84,1.01,0.698,0.253
2025-11-06,SVIX,0.113,2566.96,4.0,0.006,0.006
2025-11-06,ZVOL,13.0,294685.97,15.0,1.95,1.744
2025-11-06,TECL,0.841,19053.92,1.5,0.042,0.01
2025-11-07,PULS,-0.038,869.78,1.01,0.002,0.002
2025-11-07,SVIX,0.006,134.66,4.0,0.0,0.002
2025-11-07,ZVOL,0.019,424.22,15.0,0.003,0.003
2025-11-07,TECL,0.014,310.9,1.5,0.001,0.002
2025-11-10,PULS,4.571,108488.98,1.01,0.229,0.083
2025-11-10,SOXL,37.5,889944.95,1.11,1.875,0.751
2025-11-10,SVIX,-37.902,899480.99,4.0,1.895,1.975
2025-11-10,ZVOL,-12.638,299914.78,15.0,1.896,1.683
2025-11-10,VXZ,9.0,213586.79,3.0,0.45,0.238
2025-11-10,TECL,-0.532,12624.95,1.5,0.027,0.006
2025-11-11,PULS,-0.588,13444.3,1.01,0.029,0.011
2025-11-11,SOXL,-36.154,826964.92,1.2,1.808,0.778
2025-11-11,VXZ,-0.377,8613.59,3.0,0.019,0.01
2025-11-11,TECL,-37.882,866495.25,1.5,1.894,0.466
2025-11-11,TLT,75.0,1715518.06,0.56,3.75,0.75
2025-11-12,PULS,0.022,492.26,1.01,0.001,0.002
2025-11-12,SOXL,37.5,858426.93,1.14,1.875,0.772
2025-11-12,VXZ,-0.004,95.76,3.0,0.0,0.002
2025-11-12,TECL,37.5,858426.93,1.5,1.875,0.46
2025-11-12,TLT,-75.017,1717250.35,0.55,3.751,0.749
2025-11-13,PULS,-1.11,23736.21,1.01,0.055,0.02
2025-11-13,SOXL,-35.982,769591.85,1.27,1.799,0.826
2025-11-13,ZVOL,9.0,192495.55,15.0,1.35,1.217
2025-11-13,VXZ,-9.896,211654.55,3.0,0.495,0.258
2025-11-13,TECL,-37.013,791642.55,1.5,1.851,0.468
2025-11-13,SQQQ,75.0,1604129.61,3.45,3.75,4.662
2025-11-14,PULS,-0.016,333.2,1.01,0.001,0.002
2025-11-14,SOXL,37.5,800991.28,1.29,1.875,0.869
2025-11-14,ZVOL,-0.097,2070.92,15.0,0.015,0.013
2025-11-14,TECL,37.5,800991.28,1.5,1.875,0.471
2025-11-14,SQQQ,-74.887,1599578.45,3.46,3.744,4.664
2025-11-17,PULS,-6.639,136226.64,1.01,0.332,0.12
2025-11-17,SOXL,-36.979,758734.58,1.36,1.849,0.903
2025-11-17,ZVOL,5.716,117277.86,15.0,0.857,0.772
2025-11-17,TECL,-37.098,761180.91,1.5,1.855,0.476
2025-11-17,SQQQ,75.0,1538864.25,3.37,3.75,4.549
2025-11-18,PULS,0.052,1095.64,1.01,0.003,0.002
2025-11-18,ZVOL,0.003,57.23,15.0,0.0,0.002
2025-11-18,SQQQ,-0.055,1152.87,3.25,0.003,0.003
2025-11-19,PULS,15.075,313438.31,1.01,0.754,0.273
2025-11-19,ZVOL,-14.734,306354.42,15.0,2.21,1.995
2025-11-19,SQQQ,-0.341,7083.89,3.31,0.017,0.02
2025-11-20,PULS,-19.747,431825.69,1.01,0.987,0.357
2025-11-20,ZVOL,21.0,459233.1,15.0,3.15,2.872
2025-11-20,TECL,75.0,1640118.22,1.5,3.75,1.017
2025-11-20,SQQQ,-76.253,1667525.63,0.62,3.813,0.848
2025-11-21,PULS,21.035,463864.49,1.0,1.052,0.38
2025-11-21,ZVOL,-20.972,462485.07,15.0,3.146,2.858
2025-11-21,TECL,-75.063,1655291.0,1.5,3.753,1.013
2025-11-21,SQQQ,75.0,1653911.59,0.63,3.75,0.852
2025-11-24,PULS,-10.519,218493.98,1.0,0.526,0.19
2025-11-24,SOXL,37.5,778916.32,1.39,1.875,0.941
2025-11-24,VXZ,9.0,186939.92,3.0,0.45,0.236
2025-11-24,TECL,37.5,778916.32,1.5,1.875,0.491
2025-11-24,SQQQ,-73.481,1526278.57,0.68,3.674,0.904
2025-11-25,PULS,0.066,1376.98,1.0,0.003,0.002
2025-11-25,SOXL,-37.66,785045.94,1.38,1.883,0.937
2025-11-25,VXZ,0.147,3063.39,3.0,0.007,0.004
2025-11-25,TECL,-37.553,782796.82,1.5,1.878,0.49
2025-11-25,TLT,75.0,1563402.39,0.55,3.75,0.748
2025-11-26,PULS,0.039,806.62,1.0,0.002,0.002
2025-11-26,VXZ,-0.003,61.88,3.0,0.0,0.002
2025-11-26,TLT,-0.036,744.75,0.55,0.002,0.002
2025-11-28,PULS,-0.076,1586.59,1.0,0.004,0.002
2025-11-28,VXZ,0.046,957.15,3.0,0.002,0.002
2025-11-28,TLT,0.03,629.45,0.55,0.002,0.002
2025-12-01,PULS,8.833,181751.13,1.01,0.442,0.16
2025-12-01,SOXL,37.5,771610.15,1.21,1.875,0.817
2025-12-01,VXZ,-8.893,182975.37,3.0,0.445,0.237
2025-12-01,TECL,37.5,771610.15,1.5,1.875,0.477
2025-12-01,TLT,-74.941,1541996.05,0.56,3.747,0.76
2025-12-02,PULS,0.02,425.91,1.01,0.001,0.002
2025-12-02,SOXL,-0.056,1195.07,1.14,0.003,0.002
2025-12-02,TECL,0.036,769.16,1.5,0.002,0.002
2025-12-03,PULS,-7.576,165424.27,1.01,0.379,0.137
2025-12-03,SOXL,-39.768,868373.34,1.07,1.988,0.768
2025-12-03,SVIX,37.5,818854.26,4.0,1.875,1.929
2025-12-03,VXZ,9.0,196525.02,3.0,0.45,0.24
2025-12-03,TECL,0.843,18418.33,1.5,0.042,0.011
2025-12-04,PULS,-3.883,85380.97,1.01,0.194,0.07
2025-12-04,SOXL,37.5,824523.74,1.11,1.875,0.747
2025-12-04,SVIX,-37.622,827211.92,4.0,1.881,1.923
2025-12-04,VXZ,4.104,90239.95,3.0,0.205,0.11
2025-12-04,TECL,-0.099,2170.8,1.5,0.005,0.002
2025-12-05,PULS,0.014,308.43,1.01,0.001,0.002
2025-12-05,SOXL,-0.017,385.14,1.08,0.001,0.002
2025-12-05,VXZ,0.017,380.58,3.0,0.001,0.002
2025-12-05,TECL,-0.014,303.87,1.5,0.001,0.002
2025-12-08,PULS,13.436,306897.61,1.01,0.672,0.244
2025-12-08,SOXL,-38.323,875339.84,1.04,1.916,0.719
2025-12-08,SVIX,37.5,856533.56,4.0,1.875,1.916
2025-12-08,VXZ,-12.495,285398.58,3.0,0.625,0.334
2025-12-08,TECL,-0.118,2692.76,1.5,0.006,0.002
2025-12-09,PULS,0.031,701.92,1.01,0.002,0.002
2025-12-09,SVIX,0.007,167.51,4.0,0.0,0.002
2025-12-09,TECL,0.062,1417.47,1.5,0.003,0.002
2025-12-10,PULS,0.022,524.06,1.01,0.001,0.002
2025-12-10,SVIX,-0.034,802.2,4.0,0.002,0.002
2025-12-10,TECL,0.012,278.14,1.5,0.001,0.002
2025-12-11,PULS,-14.522,338509.42,1.01,0.726,0.263
2025-12-11,SVIX,-38.489,897213.22,4.0,1.924,1.91
2025-12-11,VXZ,15.0,349663.02,3.0,0.75,0.404
2025-12-11,TECL,-36.989,862255.49,1.5,1.849,0.464
2025-12-11,TLT,75.0,1748315.11,0.57,3.75,0.765
2025-12-12,PULS,5.923,136921.52,1.01,0.296,0.107
2025-12-12,ZVOL,9.0,208047.94,15.0,1.35,1.199
2025-12-12,VXZ,-15.09,348827.75,3.0,0.755,0.407
2025-12-12,TLT,-74.833,1729874.52,0.57,3.742,0.771
2025-12-12,SQQQ,75.0,1733732.81,0.71,3.75,0.957
2025-12-15,PULS,-0.021,495.78,1.01,0.001,0.002
2025-12-15,ZVOL,0.03,694.84,15.0,0.004,0.004
2025-12-15,SQQQ,-0.009,199.06,0.7,0.0,0.002
2025-12-16,PULS,0.03,695.3,1.01,0.001,0.002
2025-12-16,ZVOL,-0.054,1268.46,15.0,0.008,0.007
2025-12-16,SQQQ,0.025,573.16,0.7,0.001,0.002
2025-12-17,PULS,0.033,794.91,1.01,0.002,0.002
2025-12-17,ZVOL,0.002,54.71,15.0,0.0,0.002
2025-12-17,SQQQ,-0.035,849.62,0.67,0.002,0.002
2025-12-18,PULS,-0.009,221.91,1.01,0.0,0.002
2025-12-18,ZVOL,0.027,636.84,15.0,0.004,0.004
2025-12-18,SQQQ,-0.018,414.93,0.7,0.001,0.002
2025-12-19,PULS,-0.047,1082.7,1.0,0.002,0.002
2025-12-19,ZVOL,-0.05,1137.78,15.0,0.007,0.007
2025-12-19,SQQQ,-0.003,62.95,0.72,0.0,0.002
2025-12-22,PULS,0.043,971.87,1.01,0.002,0.002
2025-12-22,ZVOL,0.004,96.16,15.0,0.001,0.002
2025-12-22,SQQQ,-0.047,1068.03,0.73,0.002,0.002
2025-12-23,PULS,-4.573,102332.41,1.01,0.229,0.083
2025-12-23,ZVOL,-9.609,215015.41,15.0,1.441,1.284
2025-12-23,VXZ,13.0,290893.81,3.0,0.65,0.356
2025-12-23,TLT,75.0,1678233.53,0.57,3.75,0.771
2025-12-23,SQQQ,-73.818,1651779.52,0.74,3.691,0.988
2025-12-24,PULS,0.056,1264.75,1.0,0.003,0.002
2025-12-24,VXZ,0.014,321.1,3.0,0.001,0.002
2025-12-24,TLT,0.029,663.23,0.57,0.001,0.002
2025-12-26,PULS,-0.016,366.16,1.0,0.001,0.002
2025-12-26,VXZ,0.041,910.27,3.0,0.002,0.002
2025-12-26,TLT,0.076,1700.57,0.57,0.004,0.002
2025-12-29,PULS,13.056,293923.83,1.0,0.653,0.236
2025-12-29,SOXL,37.5,844242.0,1.14,1.875,0.77
2025-12-29,VXZ,-13.138,295774.23,3.0,0.657,0.358
2025-12-29,TECL,37.5,844242.0,1.5,1.875,0.48
2025-12-29,TLT,-74.918,1686633.6,0.57,3.746,0.766
2025-12-30,PULS,-0.127,2840.94,1.01,0.006,0.002
2025-12-30,SOXL,-37.557,840707.72,1.14,1.878,0.774
2025-12-30,TECL,-37.316,835323.6,1.5,1.866,0.48
2025-12-30,TLT,75.0,1678872.27,0.57,3.75,0.768
2025-12-31,PULS,-13.154,292446.07,1.01,0.658,0.239
2025-12-31,ZVOL,13.0,289020.48,15.0,1.95,1.751
2025-12-31,TLT,-74.846,1664000.28,0.57,3.742,0.773
2025-12-31,SQQQ,75.0,1667425.87,0.73,3.75,0.985
2026-01-02,PULS,13.058,291852.42,1.01,0.653,0.237
2026-01-02,ZVOL,-12.953,289511.69,15.0,1.943,1.743
2026-01-02,SQQQ,-0.105,2340.73,0.72,0.005,0.002
2026-01-05,PULS,-0.045,998.92,1.01,0.002,0.002
2026-01-05,SQQQ,0.045,998.92,0.74,0.002,0.002
2026-01-06,PULS,-9.906,213139.63,1.01,0.495,0.18
2026-01-06,VXZ,9.0,193648.4,3.0,0.45,0.245
2026-01-06,TLT,75.0,1613736.66,0.57,3.75,0.773
2026-01-06,SQQQ,-74.094,1594245.43,0.76,3.705,1.016
2026-01-07,PULS,9.079,196177.2,1.01,0.454,0.165
2026-01-07,SVIX,37.5,810321.16,4.0,1.875,1.753
2026-01-07,VXZ,-9.027,195049.76,3.0,0.451,0.245
2026-01-07,TECL,37.5,810321.16,1.5,1.875,0.479
2026-01-07,TLT,-75.052,1621769.76,0.57,3.753,0.769
2026-01-08,PULS,-0.35,7455.69,1.01,0.018,0.006
2026-01-08,SVIX,-38.385,817367.38,4.0,1.919,1.785
2026-01-08,TECL,-36.265,772210.68,1.5,1.813,0.472
2026-01-08,SQQQ,75.0,1597033.76,0.75,3.75,1.014
2026-01-09,PULS,-13.56,282280.87,1.01,0.678,0.246
2026-01-09,VXZ,13.0,270618.6,3.0,0.65,0.356
2026-01-09,TLT,75.0,1561261.17,0.57,3.75,0.768
2026-01-09,SQQQ,-74.44,1549598.9,0.77,3.722,1.036
2026-01-12,PULS,-0.031,647.14,1.01,0.002,0.002
2026-01-12,VXZ,-0.012,238.9,3.0,0.001,0.002
2026-01-12,TLT,-0.057,1190.66,0.57,0.003,0.002
2026-01-13,PULS,13.002,270405.96,1.01,0.65,0.235
2026-01-13,VXZ,-13.017,270722.01,3.0,0.651,0.357
2026-01-13,TLT,0.015,316.05,0.57,0.001,0.002
2026-01-14,PULS,-8.892,185565.12,1.01,0.445,0.161
2026-01-14,ZVOL,9.0,187827.7,15.0,1.35,1.207
2026-01-14,TLT,-75.108,1567493.43,0.57,3.755,0.765
2026-01-14,UVXY,75.0,1565230.85,1.35,3.75,1.823
2026-01-15,PULS,0.04,803.78,1.01,0.002,0.002
2026-01-15,ZVOL,0.0,3.24,15.0,0.0,0.002
2026-01-15,UVXY,-0.04,807.02,1.42,0.002,0.002
2026-01-16,PULS,-0.034,694.33,1.01,0.002,0.002
2026-01-16,ZVOL,-0.023,473.59,15.0,0.004,0.003
2026-01-16,UVXY,0.058,1167.92,1.41,0.003,0.002
2026-01-20,PULS,-8.689,197639.69,1.01,0.434,0.157
2026-01-20,ZVOL,10.859,246987.48,15.0,1.629,1.464
2026-01-20,UVXY,-2.17,49347.78,1.2,0.108,0.047
2026-01-21,PULS,18.335,375381.43,1.01,0.917,0.332
2026-01-21,ZVOL,-21.534,440876.52,15.0,3.23,2.937
2026-01-21,UVXY,3.199,65495.09,1.4,0.16,0.08
2026-01-22,PULS,-0.765,15193.32,1.01,0.038,0.014
2026-01-22,TLT,75.0,1489077.38,0.57,3.75,0.77
2026-01-22,UVXY,-74.235,1473884.06,1.45,3.712,1.944
2026-01-23,PULS,0.04,793.62,1.0,0.002,0.002
2026-01-23,TLT,-75.04,1492007.05,0.57,3.752,0.768
2026-01-23,UVXY,75.0,1491213.43,1.41,3.75,1.906
2026-01-26,PULS,0.052,1036.96,1.0,0.003,0.002
2026-01-26,UVXY,-0.052,1036.96,1.42,0.003,0.002
2026-01-27,PULS,-0.018,370.07,1.0,0.001,0.002
2026-01-27,UVXY,0.018,370.07,1.38,0.001,0.002
2026-01-28,PULS,-8.595,173825.44,1.0,0.43,0.155
2026-01-28,VXZ,9.0,182018.61,3.0,0.45,0.246
2026-01-28,TLT,75.0,1516821.71,0.57,3.75,0.771
2026-01-28,UVXY,-75.405,1525014.87,1.38,3.77,1.872
2026-01-29,PULS,0.019,391.96,1.0,0.001,0.002
2026-01-29,VXZ,-0.008,162.48,3.0,0.0,0.002
2026-01-29,TLT,-0.011,229.48,0.57,0.001,0.002
2026-01-30,PULS,-0.073,1476.44,1.0,0.004,0.002
2026-01-30,SVIX,37.5,755672.87,4.0,1.875,1.824
2026-01-30,ZVOL,9.0,181361.49,15.0,1.35,1.24
2026-01-30,VXZ,-9.135,184073.59,3.0,0.457,0.248
2026-01-30,TECL,37.5,755672.87,1.5,1.875,0.492
2026-01-30,TLT,-74.792,1507157.2,0.57,3.74,0.773
2026-02-02,PULS,9.463,196226.54,1.01,0.473,0.172
2026-02-02,SVIX,-38.192,791934.41,4.0,1.91,1.806
2026-02-02,ZVOL,-8.882,184177.07,15.0,1.332,1.214
2026-02-02,TECL,-37.389,775291.94,1.5,1.869,0.485
2026-02-02,UVXY,75.0,1555176.88,1.44,3.75,1.949
2026-02-03,PULS,-0.025,536.1,1.01,0.001,0.002
2026-02-03,UVXY,0.025,536.1,1.36,0.001,0.002
2026-02-04,PULS,-11.435,252698.0,1.01,0.572,0.207
2026-02-04,ZVOL,13.0,287284.25,15.0,1.95,1.796
2026-02-04,UVXY,-1.565,34586.26,1.33,0.078,0.037
2026-02-05,PULS,0.039,918.45,1.01,0.002,0.002
2026-02-05,ZVOL,-0.055,1290.66,15.0,0.008,0.008
2026-02-05,UVXY,0.016,372.21,1.22,0.001,0.002
2026-02-06,PULS,12.874,282730.19,1.01,0.644,0.233
2026-02-06,ZVOL,-13.137,288501.13,15.0,1.971,1.807
2026-02-06,UVXY,0.263,5770.94,1.34,0.013,0.006
2026-02-09,PULS,-0.04,853.1,1.01,0.002,0.002
2026-02-09,UVXY,0.04,853.1,1.42,0.002,0.002
2026-02-10,PULS,0.013,271.76,1.01,0.001,0.002
2026-02-10,UVXY,-0.013,271.76,1.38,0.001,0.002
2026-02-11,PULS,0.016,337.95,1.01,0.001,0.002
2026-02-11,UVXY,-0.016,337.95,1.38,0.001,0.002
2026-02-12,PULS,-11.828,272421.05,1.01,0.591,0.214
2026-02-12,ZVOL,13.0,299415.07,15.0,1.95,1.798
2026-02-12,UVXY,-1.172,26994.02,1.26,0.059,0.027
2026-02-13,PULS,-0.027,631.29,1.01,0.001,0.002
2026-02-13,ZVOL,-0.015,350.99,15.0,0.002,0.003
2026-02-13,UVXY,0.042,982.27,1.23,0.002,0.002
2026-02-17,PULS,12.724,285796.68,1.01,0.636,0.23
2026-02-17,ZVOL,-13.359,300049.57,15.0,2.004,1.844
2026-02-17,TLT,75.0,1684584.72,0.56,3.75,0.751
2026-02-17,UVXY,-74.365,1670331.83,1.3,3.718,1.742
2026-02-18,PULS,0.029,646.44,1.01,0.001,0.002
2026-02-18,TLT,-0.029,646.44,0.56,0.001,0.002
2026-02-19,PULS,0.015,338.65,1.01,0.001,0.002
2026-02-19,TLT,-0.015,338.65,0.56,0.001,0.002
2026-02-20,PULS,-0.052,1156.96,1.01,0.003,0.002
2026-02-20,TLT,0.052,1156.96,0.56,0.003,0.002
2026-02-23,PULS,0.065,1468.12,1.0,0.003,0.002
2026-02-23,TLT,-0.065,1468.12,0.56,0.003,0.002
2026-02-24,PULS,-0.067,1494.84,1.0,0.003,0.002
2026-02-24,TLT,0.067,1494.84,0.56,0.003,0.002
2026-02-25,PULS,0.002,46.85,1.0,0.0,0.002
2026-02-25,TLT,-0.002,46.85,0.56,0.0,0.002
2026-02-26,PULS,-0.029,651.66,1.0,0.001,0.002
2026-02-26,TLT,0.029,651.66,0.55,0.001,0.002
2026-02-27,PULS,0.002,49.34,1.0,0.0,0.002
2026-02-27,TLT,-0.002,49.34,0.55,0.0,0.002
2026-03-02,PULS,0.021,466.06,1.01,0.001,0.002
2026-03-02,TLT,-0.021,466.06,0.56,0.001,0.002
2026-03-03,PULS,-13.034,292211.12,1.01,0.652,0.237
2026-03-03,ZVOL,13.0,291450.34,15.0,1.95,1.863
2026-03-03,TLT,-74.966,1680683.52,0.56,3.748,0.754
2026-03-03,SQQQ,75.0,1681444.3,0.69,3.75,0.926
2026-03-04,PULS,12.606,273340.06,1.01,0.63,0.229
2026-03-04,ZVOL,-13.585,294554.2,15.0,2.038,1.936
2026-03-04,TLT,75.0,1626228.89,0.56,3.75,0.757
2026-03-04,SQQQ,-74.022,1605014.75,0.72,3.701,0.957
2026-03-05,PULS,-0.076,1640.44,1.01,0.004,0.002
2026-03-05,TLT,-74.924,1618420.98,0.56,3.746,0.759
2026-03-05,SQQQ,75.0,1620061.41,0.71,3.75,0.961
2026-03-06,PULS,0.015,327.94,1.01,0.001,0.002
2026-03-06,SQQQ,-0.015,327.94,0.68,0.001,0.002
2026-03-09,PULS,0.068,1470.78,1.01,0.003,0.002
2026-03-09,TLT,75.0,1624854.85,0.56,3.75,0.756
2026-03-09,SQQQ,-75.068,1626325.63,0.71,3.753,0.957
2026-03-10,PULS,-0.209,4485.21,1.01,0.01,0.004
2026-03-10,TLT,-74.791,1606326.57,0.57,3.74,0.762
2026-03-10,SQQQ,75.0,1610811.78,0.71,3.75,0.956
2026-03-11,PULS,0.023,504.62,1.01,0.001,0.002
2026-03-11,SQQQ,-0.023,504.62,0.71,0.001,0.002
2026-03-12,PULS,-16.056,358436.01,1.01,0.803,0.291
2026-03-12,ZVOL,17.0,379500.79,15.0,2.55,2.504
2026-03-12,SQQQ,-0.944,21064.78,0.67,0.047,0.011
2026-03-13,PULS,-3.901,88122.32,1.01,0.195,0.071
2026-03-13,ZVOL,4.363,98559.62,15.0,0.654,0.646
2026-03-13,SPXL,75.0,1694212.45,1.0,3.75,0.623
2026-03-13,SQQQ,-75.462,1704649.75,0.66,3.773,0.897
2026-03-16,PULS,21.108,489718.32,1.01,1.055,0.383
2026-03-16,ZVOL,-20.959,486250.79,15.0,3.144,3.062
2026-03-16,SPXL,-75.149,1743483.3,1.0,3.757,0.617
2026-03-16,SQQQ,75.0,1740015.78,0.68,3.75,0.922
2026-03-17,PULS,0.018,411.48,1.01,0.001,0.002
2026-03-17,SQQQ,-0.018,411.48,0.69,0.001,0.002
2026-03-18,PULS,-0.023,546.3,1.01,0.001,0.002
2026-03-18,SQQQ,0.023,546.3,0.66,0.001,0.002
2026-03-19,PULS,-12.322,293731.81,1.01,0.616,0.223
2026-03-19,ZVOL,13.0,309903.49,15.0,1.95,1.974
2026-03-19,SQQQ,-0.678,16171.68,0.66,0.034,0.008
2026-03-20,PULS,-9.537,236269.89,1.01,0.477,0.173
2026-03-20,ZVOL,10.767,266743.71,15.0,1.615,1.653
2026-03-20,SPXL,75.0,1858013.13,1.0,3.75,0.638
2026-03-20,SQQQ,-76.23,1888486.95,0.62,3.812,0.855
2026-03-23,PULS,23.058,588090.65,1.01,1.153,0.418
2026-03-23,SVIX,37.5,956411.54,4.0,1.875,2.214
2026-03-23,ZVOL,-22.965,585715.66,15.0,3.445,3.474
2026-03-23,SPXL,-75.093,1915198.06,1.0,3.755,0.631
2026-03-23,TECL,37.5,956411.54,1.5,1.875,0.535
2026-03-24,PULS,-0.416,10418.78,1.01,0.021,0.008
2026-03-24,SVIX,-37.223,933291.56,4.0,1.861,2.232
2026-03-24,TECL,-37.362,936771.96,1.5,1.868,0.539
2026-03-24,SQQQ,75.0,1880482.29,0.63,3.75,0.853
2026-03-25,PULS,0.026,646.99,1.01,0.001,0.002
2026-03-25,SQQQ,-0.026,646.99,0.65,0.001,0.002
2026-03-26,PULS,-12.098,314849.89,1.01,0.605,0.219
2026-03-26,ZVOL,13.0,338320.6,15.0,1.95,1.992
2026-03-26,SQQQ,-0.902,23470.71,0.61,0.045,0.01
2026-03-27,PULS,-10.534,285140.04,1.01,0.527,0.191
2026-03-27,ZVOL,11.874,321424.58,15.0,1.781,1.847
2026-03-27,TECL,75.0,2030138.54,1.5,3.75,1.161
2026-03-27,SQQQ,-76.34,2066423.08,0.57,3.817,0.786
2026-03-30,PULS,-0.046,1184.95,1.01,0.002,0.002
2026-03-30,ZVOL,0.032,838.25,15.0,0.005,0.005
2026-03-30,TECL,0.013,346.7,1.5,0.001,0.001
2026-03-31,PULS,24.093,687129.43,1.01,1.205,0.438
2026-03-31,ZVOL,-23.49,669933.25,15.0,3.524,3.597
2026-03-31,TECL,-75.603,2156183.73,1.5,3.78,1.135
2026-03-31,SQQQ,75.0,2138987.56,0.62,3.75,0.839
2026-04-01,PULS,-0.037,1012.32,1.01,0.002,0.001
2026-04-01,SQQQ,0.037,1012.32,0.65,0.002,0.001
2026-04-02,PULS,-9.747,269524.9,1.01,0.487,0.177
2026-04-02,VXZ,9.0,248863.03,3.0,0.45,0.235
2026-04-02,TLT,75.0,2073858.59,0.58,3.75,0.778
2026-04-02,SQQQ,-74.253,2053196.72,0.65,3.713,0.865
2026-04-06,PULS,0.063,1742.58,1.01,0.003,0.002
2026-04-06,VXZ,-0.012,324.42,3.0,0.001,0.001
2026-04-06,TLT,-0.051,1418.17,0.58,0.003,0.001
2026-04-07,PULS,-0.088,2425.85,1.01,0.004,0.002
2026-04-07,VXZ,0.007,205.89,3.0,0.0,0.001
2026-04-07,TLT,0.08,2219.97,0.58,0.004,0.001
2026-04-08,PULS,-8.021,221145.05,1.01,0.401,0.146
2026-04-08,SVIX,37.5,1033952.98,4.0,1.875,2.149
2026-04-08,VXZ,8.314,229244.04,3.0,0.416,0.22
2026-04-08,TECL,37.5,1033952.98,1.5,1.875,0.515
2026-04-08,TLT,-75.294,2076004.94,0.58,3.765,0.78
2026-04-09,PULS,0.017,478.29,1.01,0.001,0.001
2026-04-09,SVIX,-0.051,1430.15,4.0,0.003,0.003
2026-04-09,VXZ,0.041,1140.61,3.0,0.002,0.002
2026-04-09,TECL,-0.007,188.75,1.5,0.0,0.001
2026-04-10,PULS,-0.001,19.62,1.01,0.0,0.001
2026-04-10,SVIX,0.057,1588.74,4.0,0.003,0.003
2026-04-10,VXZ,-0.06,1670.63,3.0,0.003,0.002
2026-04-10,TECL,0.004,101.51,1.5,0.0,0.001
2026-04-13,PULS,-0.023,656.94,1.01,0.001,0.001
2026-04-13,SVIX,0.019,538.76,4.0,0.001,0.002
2026-04-13,VXZ,-0.015,431.94,3.0,0.001,0.001
2026-04-13,TECL,0.019,550.12,1.5,0.001,0.001
2026-04-14,PULS,-0.035,1028.28,1.01,0.002,0.001
2026-04-14,SVIX,-0.019,560.97,4.0,0.001,0.002
2026-04-14,VXZ,0.064,1901.31,3.0,0.003,0.002
2026-04-14,TECL,-0.011,312.06,1.5,0.001,0.001
2026-04-15,PULS,0.027,802.46,1.01,0.001,0.001
2026-04-15,SVIX,-0.031,945.9,4.0,0.002,0.002
2026-04-15,VXZ,-0.016,480.93,3.0,0.001,0.001
2026-04-15,TECL,0.021,624.36,1.5,0.001,0.001
2026-04-16,PULS,-5.198,158999.6,1.01,0.26,0.094
2026-04-16,SVIX,-36.306,1110519.9,4.0,1.815,1.985
2026-04-16,VXZ,8.045,246071.21,3.0,0.402,0.215
2026-04-16,TECL,-41.541,1270659.03,1.5,2.077,0.523
2026-04-16,UVXY,75.0,2294107.32,1.29,3.75,1.737
2026-04-17,PULS,-0.03,911.31,1.01,0.002,0.001
2026-04-17,VXZ,0.047,1408.94,3.0,0.002,0.002
2026-04-17,UVXY,-0.017,497.63,1.31,0.001,0.001
2026-04-20,PULS,0.029,886.96,1.01,0.001,0.001
2026-04-20,VXZ,-0.072,2214.17,3.0,0.004,0.002
2026-04-20,UVXY,0.043,1327.21,1.29,0.002,0.001
2026-04-21,PULS,23.043,720118.89,1.01,1.152,0.418
2026-04-21,VXZ,-22.737,710574.25,3.0,1.137,0.605
2026-04-21,UVXY,-0.305,9544.63,1.25,0.015,0.007
2026-04-22,PULS,-0.033,1012.41,1.01,0.002,0.001
2026-04-22,UVXY,0.033,1012.41,1.27,0.002,0.001
2026-04-23,PULS,-0.392,12038.45,1.01,0.02,0.007
2026-04-23,SVIX,37.5,1151697.63,4.0,1.875,2.063
2026-04-23,TECL,37.5,1151697.63,1.5,1.875,0.459
2026-04-23,UVXY,-74.608,2291356.8,1.28,3.73,1.723
2026-04-24,PULS,0.69,21793.97,1.01,0.035,0.012
2026-04-24,SVIX,-36.168,1142120.12,4.0,1.808,1.999
2026-04-24,TECL,-39.522,1248038.02,1.5,1.976,0.469
2026-04-24,UVXY,75.0,2368364.17,1.26,3.75,1.699
2026-04-27,PULS,-0.014,421.83,1.01,0.001,0.001
2026-04-27,UVXY,0.014,421.83,1.32,0.001,0.001
2026-04-28,PULS,-1.528,45429.98,1.01,0.076,0.028
2026-04-28,TLT,75.0,2229512.8,0.58,3.75,0.782
2026-04-28,UVXY,-73.472,2184082.82,1.36,3.674,1.804
2026-04-29,PULS,0.061,1810.54,1.01,0.003,0.001
2026-04-29,TLT,-0.061,1810.54,0.58,0.003,0.001
2026-04-30,PULS,-13.231,390445.21,1.01,0.662,0.24
2026-04-30,SVIX,37.5,1106594.38,4.0,1.875,2.006
2026-04-30,VXZ,13.0,383619.38,3.0,0.65,0.348
2026-04-30,TECL,37.5,1106594.38,1.5,1.875,0.448
2026-04-30,TLT,-74.769,2206362.92,0.58,3.738,0.786
2026-05-01,PULS,0.055,1639.9,1.01,0.003,0.001
2026-05-01,SVIX,0.023,683.5,4.0,0.001,0.002
2026-05-01,VXZ,-0.057,1716.05,3.0,0.003,0.002
2026-05-01,TECL,-0.02,607.35,1.5,0.001,0.001
2026-05-04,PULS,13.077,390047.39,1.01,0.654,0.237
2026-05-04,SOXL,37.5,1118522.78,1.0,1.875,0.379
2026-05-04,SVIX,1.123,33486.38,4.0,0.056,0.061
2026-05-04,VXZ,-12.893,384549.84,3.0,0.645,0.344
2026-05-04,TECL,-38.807,1157506.72,1.5,1.94,0.456
2026-05-05,PULS,-7.814,244453.87,1.01,0.391,0.142
2026-05-05,SOXL,-40.372,1263063.97,1.0,2.019,0.384
2026-05-05,SVIX,-35.814,1120470.95,4.0,1.791,1.936
2026-05-05,VXZ,9.0,281570.23,3.0,0.45,0.24
2026-05-05,UVXY,75.0,2346418.57,1.33,3.75,1.802
2026-05-06,PULS,-15.377,470121.55,1.01,0.769,0.279
2026-05-06,VXZ,14.881,454943.52,3.0,0.744,0.398
2026-05-06,UVXY,0.496,15178.03,1.37,0.025,0.012
2026-05-07,PULS,23.986,723652.14,1.01,1.199,0.435
2026-05-07,VXZ,-24.109,727341.91,3.0,1.205,0.647
2026-05-07,UVXY,0.122,3689.76,1.4,0.006,0.003
2026-05-08,PULS,-22.868,693549.77,1.01,1.143,0.415
2026-05-08,VXZ,23.0,697538.45,3.0,1.15,0.614
2026-05-08,UVXY,-0.132,3988.68,1.39,0.007,0.003
2026-05-11,PULS,0.04,1224.59,1.01,0.002,0.001
2026-05-11,VXZ,-0.032,981.69,3.0,0.002,0.002
2026-05-11,UVXY,-0.008,242.9,1.35,0.0,0.001
2026-05-12,PULS,22.943,689720.07,1.01,1.147,0.416
2026-05-12,SOXL,37.5,1127325.09,1.0,1.875,0.329
2026-05-12,SVIX,37.5,1127325.09,4.0,1.875,1.994
2026-05-12,VXZ,-23.118,694982.6,3.0,1.156,0.618
2026-05-12,UVXY,-74.825,2249387.65,1.4,3.741,1.884
2026-05-13,PULS,-23.526,720030.79,1.01,1.176,0.427
2026-05-13,SOXL,-39.297,1202687.33,1.0,1.965,0.335
2026-05-13,SVIX,-36.177,1107210.27,4.0,1.809,1.944
2026-05-13,VXZ,24.0,734528.1,3.0,1.2,0.637
2026-05-13,UVXY,75.0,2295400.3,1.36,3.75,1.839
2026-05-14,PULS,-0.028,828.67,1.01,0.001,0.001
2026-05-14,VXZ,0.012,350.07,3.0,0.001,0.001
2026-05-14,UVXY,0.016,478.6,1.41,0.001,0.001
2026-05-15,PULS,24.006,718793.07,1.01,1.2,0.435
2026-05-15,SOXL,37.5,1122818.54,1.0,1.875,0.336
2026-05-15,SVIX,37.5,1122818.54,4.0,1.875,1.997
2026-05-15,VXZ,-24.388,730217.51,3.0,1.219,0.649
2026-05-15,UVXY,-74.618,2234212.65,1.4,3.731,1.878
2026-05-18,PULS,-0.537,15728.52,1.01,0.027,0.01
2026-05-18,SOXL,2.109,61832.99,1.0,0.105,0.02
2026-05-18,SVIX,-39.073,1145325.3,4.0,1.954,2.055
2026-05-18,TECL,37.5,1099220.83,1.5,1.875,0.411
2026-05-19,PULS,-9.171,266823.27,1.01,0.459,0.166
2026-05-19,SOXL,-0.299,8705.72,1.0,0.015,0.003
2026-05-19,SVIX,37.5,1091011.56,4.0,1.875,1.985
2026-05-19,ZVOL,9.0,261842.77,15.0,1.35,1.362
2026-05-19,TECL,-37.03,1077325.34,1.5,1.851,0.408
2026-05-20,PULS,0.01,294.7,1.01,0.0,0.001
2026-05-20,SOXL,-0.006,185.65,1.0,0.0,0.001
2026-05-20,SVIX,0.011,342.39,4.0,0.001,0.001
2026-05-20,ZVOL,-0.015,451.44,15.0,0.002,0.002
2026-05-21,PULS,10.231,322693.0,1.01,0.512,0.185
2026-05-21,SOXL,-3.099,97741.18,1.0,0.155,0.027
2026-05-21,SVIX,-36.354,1146670.66,4.0,1.818,1.866
2026-05-21,ZVOL,-8.278,261101.46,15.0,1.242,1.291
2026-05-21,TECL,37.5,1182820.31,1.5,1.875,0.402
2026-05-22,PULS,-8.115,265393.7,1.01,0.406,0.147
2026-05-22,SOXL,-1.117,36531.89,1.0,0.056,0.009
2026-05-22,SVIX,37.5,1226389.5,4.0,1.875,1.934
2026-05-22,VXZ,9.0,294333.48,3.0,0.45,0.241
2026-05-22,TECL,-37.268,1218797.4,1.5,1.863,0.396
2026-05-26,PULS,-2.832,99837.28,1.01,0.142,0.051
2026-05-26,SOXL,-41.19,1451971.7,1.0,2.059,0.325
2026-05-26,SVIX,-35.725,1259344.38,4.0,1.786,1.812
2026-05-26,VXZ,4.747,167347.9,3.0,0.237,0.128
2026-05-26,UVXY,75.0,2643805.45,1.59,3.75,2.149
2026-05-27,PULS,-0.317,10872.49,1.01,0.016,0.006
2026-05-27,SOXL,37.5,1287183.37,1.0,1.875,0.299
2026-05-27,VXZ,-0.218,7494.69,3.0,0.011,0.006
2026-05-27,TECL,37.5,1287183.37,1.5,1.875,0.392
2026-05-27,UVXY,-74.465,2555999.56,1.65,3.723,2.205
2026-05-28,PULS,0.014,493.88,1.01,0.001,0.001
2026-05-28,SOXL,-0.033,1156.28,1.0,0.002,0.001
2026-05-28,VXZ,0.054,1901.7,3.0,0.003,0.002
2026-05-28,TECL,-0.035,1239.3,1.5,0.002,0.001
2026-05-29,PULS,-5.436,195969.3,1.01,0.272,0.099
2026-05-29,SOXL,-36.682,1322499.08,1.0,1.834,0.29
2026-05-29,VXZ,6.679,240789.24,3.0,0.334,0.181
2026-05-29,TECL,-39.561,1426295.21,1.5,1.978,0.401
2026-05-29,UVXY,75.0,2703974.35,1.74,3.75,2.346
2026-06-01,PULS,-0.008,305.57,1.01,0.0,0.001
2026-06-01,VXZ,-0.011,426.26,3.0,0.001,0.001
2026-06-01,UVXY,0.02,731.84,1.67,0.001,0.001
2026-06-02,PULS,-0.025,904.1,1.01,0.001,0.001
2026-06-02,VXZ,-0.027,969.19,3.0,0.001,0.001
2026-06-02,UVXY,-0.049,1773.37,1.72,0.002,0.002
2026-06-03,PULS,10.084,367074.3,1.01,0.504,0.183
2026-06-03,ZVOL,9.0,327600.39,15.0,1.35,1.39
2026-06-03,VXZ,-18.967,690410.22,3.0,0.948,0.512
2026-06-03,UVXY,-0.117,4264.47,1.72,0.006,0.004
2026-06-04,PULS,-0.005,173.69,1.01,0.0,0.001
2026-06-04,ZVOL,-0.029,1002.54,15.0,0.004,0.004
2026-06-04,UVXY,0.034,1176.23,1.81,0.002,0.001
2026-06-05,PULS,-5.356,202901.14,1.01,0.268,0.097
2026-06-05,SOXL,37.5,1420589.23,1.0,1.875,0.321
2026-06-05,ZVOL,6.355,240753.13,15.0,0.953,0.98
2026-06-05,TECL,37.5,1420589.23,1.5,1.875,0.402
2026-06-05,UVXY,-75.999,2879030.45,1.63,3.8,2.229
2026-06-08,PULS,-0.023,930.31,1.01,0.001,0.001
2026-06-08,SOXL,0.04,1623.52,1.0,0.002,0.001
2026-06-08,ZVOL,0.048,1974.71,15.0,0.007,0.007
2026-06-08,TECL,0.035,1439.56,1.5,0.002,0.001
2026-06-09,PULS,0.031,1217.08,1.01,0.002,0.001
2026-06-09,SOXL,0.032,1273.2,1.0,0.002,0.001
2026-06-09,ZVOL,-0.026,1034.52,15.0,0.004,0.004
2026-06-09,TECL,-0.037,1455.75,1.5,0.002,0.001
2026-06-10,PULS,-6.316,231830.73,1.01,0.316,0.115
2026-06-10,SOXL,-38.301,1405859.42,1.0,1.915,0.329
2026-06-10,ZVOL,5.578,204756.4,15.0,0.837,0.862
2026-06-10,TECL,-35.962,1320001.1,1.5,1.798,0.394
2026-06-10,SQQQ,75.0,2752934.85,1.1,3.75,1.492
2026-06-11,PULS,20.69,704517.58,1.01,1.035,0.375
2026-06-11,SVIX,37.5,1276886.71,4.0,1.875,1.905
2026-06-11,ZVOL,-22.809,776665.57,15.0,3.421,3.508
2026-06-11,TECL,37.5,1276886.71,1.5,1.875,0.397
2026-06-11,SQQQ,-72.881,2481625.43,1.22,3.644,1.606
2026-06-12,PULS,0.64,22369.22,1.01,0.032,0.012
2026-06-12,SOXL,37.5,1310452.36,1.0,1.875,0.291
2026-06-12,SVIX,-38.187,1334456.4,4.0,1.909,1.889
2026-06-12,TECL,0.047,1634.83,1.5,0.002,0.001
2026-06-15,PULS,0.008,309.22,1.01,0.0,0.001
2026-06-15,SOXL,-0.023,899.36,1.0,0.001,0.001
2026-06-15,TECL,0.015,590.14,1.5,0.001,0.001
2026-06-16,PULS,0.039,1355.39,1.01,0.002,0.001
2026-06-16,SOXL,-0.034,1195.94,1.0,0.002,0.001
2026-06-16,TECL,-0.005,159.45,1.5,0.0,0.001
2026-06-17,PULS,-0.004,153.78,1.01,0.0,0.001
2026-06-17,SOXL,0.03,1062.67,1.0,0.002,0.001
2026-06-17,TECL,-0.026,908.89,1.5,0.001,0.001
2026-06-18,PULS,2.39,92474.18,1.01,0.119,0.043
2026-06-18,SOXL,-40.256,1557820.44,1.0,2.013,0.295
2026-06-18,SVIX,37.5,1451184.36,4.0,1.875,1.801
2026-06-18,TECL,0.366,14161.91,1.5,0.018,0.004
2026-06-22,PULS,-0.011,424.17,1.01,0.001,0.001
2026-06-22,SVIX,-0.041,1594.72,4.0,0.002,0.002
2026-06-22,TECL,0.052,2018.9,1.5,0.003,0.001
2026-06-23,PULS,-10.517,383602.82,1.01,0.526,0.191
2026-06-23,SOXL,37.5,1367740.92,1.0,1.875,0.293
2026-06-23,SVIX,-38.048,1387728.87,4.0,1.902,1.874
2026-06-23,ZVOL,9.0,328257.82,15.0,1.35,1.408
2026-06-23,TECL,2.065,75332.94,1.5,0.103,0.022
2026-06-24,PULS,0.042,1511.19,1.01,0.002,0.001
2026-06-24,SOXL,0.025,885.23,1.0,0.001,0.001
2026-06-24,ZVOL,-0.025,901.45,15.0,0.004,0.004
2026-06-24,TECL,0.059,2115.9,1.5,0.003,0.001
2026-06-25,PULS,-0.043,1639.21,1.01,0.002,0.001
2026-06-25,SOXL,-0.025,952.77,1.0,0.001,0.001
2026-06-25,ZVOL,-0.01,364.03,15.0,0.001,0.002
2026-06-25,TECL,-0.022,829.54,1.5,0.001,0.001
2026-06-26,PULS,0.055,1917.08,1.01,0.003,0.001
2026-06-26,SOXL,-0.057,1989.8,1.0,0.003,0.001
2026-06-26,ZVOL,0.077,2700.48,15.0,0.012,0.012
2026-06-26,TECL,0.025,858.05,1.5,0.001,0.001
2026-06-29,PULS,0.02,749.14,1.01,0.001,0.001
2026-06-29,SOXL,0.097,3615.43,1.0,0.005,0.001
2026-06-29,ZVOL,-0.082,3040.66,15.0,0.012,0.013
2026-06-29,TECL,-0.036,1323.91,1.5,0.002,0.001
2026-06-30,PULS,-0.033,1326.55,1.01,0.002,0.001
2026-06-30,SOXL,-0.069,2743.41,1.0,0.003,0.001
2026-06-30,ZVOL,0.082,3270.39,15.0,0.012,0.012
2026-06-30,TECL,0.02,799.56,1.5,0.001,0.001
2026-07-01,PULS,-0.045,1615.43,1.01,0.002,0.001
2026-07-01,SOXL,0.032,1159.01,1.0,0.002,0.001
2026-07-01,ZVOL,-0.057,2066.87,15.0,0.009,0.009
2026-07-01,TECL,-0.03,1075.44,1.5,0.001,0.001
2026-07-02,PULS,7.147,233696.43,1.01,0.357,0.13
2026-07-02,SOXL,4.695,153531.62,1.0,0.235,0.04
2026-07-02,ZVOL,-10.478,342606.4,15.0,1.572,1.602
2026-07-02,TECL,-1.365,44621.65,1.5,0.068,0.015
2026-07-06,PULS,-11.91,406918.43,1.01,0.596,0.216
2026-07-06,SOXL,-38.463,1314076.22,1.0,1.923,0.321
2026-07-06,VXZ,13.0,444143.59,3.0,0.65,0.363
2026-07-06,TECL,-37.627,1285515.79,1.5,1.881,0.402
2026-07-06,UVXY,75.0,2562366.85,2.1,3.75,2.837
2026-07-07,PULS,13.131,453249.84,1.01,0.657,0.238
2026-07-07,VXZ,-12.873,444360.2,3.0,0.644,0.36
2026-07-07,UVXY,-75.258,2597708.72,2.07,3.763,2.806
2026-07-07,SQQQ,75.0,2588819.08,1.24,3.75,1.672
2026-07-08,PULS,-0.036,1245.5,1.01,0.002,0.001
2026-07-08,SQQQ,0.036,1245.5,1.25,0.002,0.001
2026-07-09,PULS,0.036,1175.93,1.01,0.002,0.001
2026-07-09,SQQQ,-0.036,1175.93,1.31,0.002,0.001
2026-07-10,PULS,-10.267,337241.85,1.01,0.513,0.186
2026-07-10,VXZ,9.0,295626.95,3.0,0.45,0.251
2026-07-10,SQQQ,1.267,41614.91,1.32,0.063,0.03
2026-07-13,PULS,-0.043,1460.13,1.01,0.002,0.001
2026-07-13,VXZ,-0.023,800.1,3.0,0.001,0.001
2026-07-13,SQQQ,-0.034,1165.96,1.25,0.002,0.001
2026-07-14,PULS,-0.012,402.86,1.01,0.001,0.001
2026-07-14,VXZ,-0.035,1172.06,3.0,0.002,0.002
2026-07-14,SQQQ,-0.053,1765.46,1.29,0.003,0.001
2026-07-15,PULS,0.063,2131.94,1.01,0.003,0.001
2026-07-15,VXZ,0.019,637.0,3.0,0.001,0.001
2026-07-15,SQQQ,-0.082,2768.95,1.28,0.004,0.002
2026-07-16,PULS,-0.019,669.28,1.01,0.001,0.001
2026-07-16,VXZ,-0.032,1108.26,3.0,0.002,0.001
2026-07-16,SQQQ,0.051,1777.54,1.22,0.003,0.001
2026-07-17,PULS,-2.565,92753.94,1.01,0.128,0.047
2026-07-17,ZVOL,13.0,470081.94,15.0,1.95,1.988
2026-07-17,VXZ,-8.247,298222.67,3.0,0.412,0.228
2026-07-17,SQQQ,-2.188,79105.33,1.17,0.109,0.046
2026-07-20,PULS,-0.029,1030.25,1.01,0.001,0.001
2026-07-20,ZVOL,0.029,1043.78,15.0,0.004,0.004
2026-07-20,SQQQ,-0.0,13.53,1.17,0.0,0.001
2026-07-21,PULS,12.456,429856.67,1.01,0.623,0.226
2026-07-21,ZVOL,-13.437,463721.79,15.0,2.016,2.072
2026-07-21,SQQQ,0.981,33865.12,1.24,0.049,0.022
2026-07-22,PULS,-0.01,361.55,1.01,0.001,0.001
2026-07-22,SQQQ,0.01,361.55,1.22,0.001,0.001
2026-07-23,PULS,-11.681,425261.99,1.01,0.584,0.212
2026-07-23,ZVOL,13.0,473268.35,15.0,1.95,2.073
2026-07-23,SQQQ,-1.319,48006.36,1.16,0.066,0.027
2026-07-24,PULS,0.001,37.0,1.01,0.0,0.001
2026-07-24,ZVOL,-0.044,1648.43,15.0,0.007,0.007
2026-07-24,SQQQ,0.043,1611.43,1.12,0.002,0.001
2026-07-27,PULS,13.396,504484.93,1.01,0.67,0.243
2026-07-27,ZVOL,-12.595,474309.93,15.0,1.889,2.002
2026-07-27,SQQQ,-0.801,30175.01,1.11,0.04,0.016
2026-07-28,PULS,0.016,624.57,1.01,0.001,0.001
2026-07-28,SQQQ,-0.016,624.57,1.08,0.001,0.001
