date,"proposed v2 (post-hoc, walk-forward)","proposed v1 (pre-declared, walk-forward)"
2007-05-31,1.9999999999999998,3.0
2007-06-01,1.9964234728140036,2.998039510635173
2007-06-04,1.994047219938088,2.9985654576695744
2007-06-05,1.9985751099958218,3.002478320279447
2007-06-06,2.0030409826400044,3.003902269797111
2007-06-07,2.0175483977213737,3.014006710097155
2007-06-08,2.018652544033128,3.0175822117380178
2007-06-11,2.015568423835318,3.018462947260301
2007-06-12,2.0268085374215405,3.025026145083728
2007-06-13,2.015808850220995,3.023331331748891
2007-06-14,2.01178699220435,3.021645243950359
2007-06-15,2.0058892006544733,3.019466357973217
2007-06-18,2.0071540929946132,3.0214079463684334
2007-06-19,2.003996509863026,3.0184667479359435
2007-06-20,2.013706586223338,3.025189814922235
2007-06-21,2.0135111612884344,3.0251986012234946
2007-06-22,2.0153248633399468,3.0247044618227066
2007-06-25,2.0183083768183194,3.0284829429886453
2007-06-26,2.0288027850557295,3.0351732463787635
2007-06-27,2.023461584766598,3.0349073187377154
2007-06-28,2.0231075771233358,3.034742104440342
2007-06-29,2.0,3.0
2007-07-02,1.9918999255067513,2.996810719912682
2007-07-03,1.9932166249066479,2.9998297102856446
2007-07-05,1.9959717583787644,3.0027377234429564
2007-07-06,1.9921727340585125,3.001157514354063
2007-07-09,1.9908449355651896,3.000552589774996
2007-07-10,1.989911385943902,3.0006008977097083
2007-07-11,1.9901078615542853,3.002163944900858
2007-07-12,1.9840741081048883,3.001163023820468
2007-07-13,1.9825557563993839,3.0016608916101055
2007-07-16,1.985529498089073,3.006817977019948
2007-07-17,1.987997233730002,3.0084590990474394
2007-07-18,1.982962592992198,3.0041030802761544
2007-07-19,1.9798730648673635,3.0018686313206913
2007-07-20,1.980890640231442,3.0014492992348076
2007-07-23,1.98250043154259,3.005627785443272
2007-07-24,1.989630335195217,3.007737247325175
2007-07-25,1.9885753449618055,3.0093856720024443
2007-07-26,2.0014514067111118,3.0175404994029247
2007-07-27,2.007622370606382,3.0202800196314725
2007-07-30,2.0037839502202504,3.020865061505986
2007-07-31,1.9999999999999998,3.0
2007-08-01,2.0001576525586566,3.0034435101789105
2007-08-02,1.997042169148058,3.0045660608294784
2007-08-03,2.006142894732484,3.0045482770442504
2007-08-06,2.007395048417426,3.011652620011708
2007-08-07,2.0023138461637338,3.011800436873103
2007-08-08,1.997808888332183,3.008377184081118
2007-08-09,2.0140932272317644,3.0155362173328775
2007-08-10,2.0140152700178393,3.013184727775408
2007-08-13,2.014209817148144,3.0151057029358936
2007-08-14,2.019846197185339,3.0168245320576
2007-08-15,2.0267435662470934,3.019049096411773
2007-08-16,2.0308245612775395,3.028080745221808
2007-08-17,2.023315581836374,3.023173205714577
2007-08-20,2.022711083967974,3.024256541802955
2007-08-21,2.0218692390507815,3.0237582794618
2007-08-22,2.016281443899845,3.022519239136185
2007-08-23,2.016262525353166,3.0248079196890174
2007-08-24,2.005794925534231,3.0205250706426674
2007-08-27,2.010454688720355,3.0248293658311094
2007-08-28,2.021332308174842,3.028085345613525
2007-08-29,2.0117265625206135,3.0270405767628414
2007-08-30,2.01205119898304,3.0280193838702694
2007-08-31,2.0,2.9999999999999996
2007-09-04,1.992565926602127,2.997406835816561
2007-09-05,1.9935109061468705,2.996971158548527
2007-09-06,1.9915794293867277,2.993627499890799
2007-09-07,1.9890358973915112,2.987151699160286
2007-09-10,1.9872912095826933,2.987924184702878
2007-09-11,1.9805647827883486,2.983756852057998
2007-09-12,1.9796837365369135,2.9847817194758113
2007-09-13,1.982972553623824,2.989928152603293
2007-09-14,1.9823870165839832,2.98995336062355
2007-09-17,1.9794284406294378,2.9872219913988602
2007-09-18,1.9668741690107387,2.9804955678251885
2007-09-19,1.9653536953227428,2.981060979562633
2007-09-20,1.967269680924923,2.9814378157970722
2007-09-21,1.9632700604030349,2.9819455744472436
2007-09-24,1.9652223693449802,2.9863210241184746
2007-09-25,1.9685133439471258,2.9880307861364477
2007-09-26,1.9666526025678082,2.9887877539688774
2007-09-27,1.955904417675535,2.9817488817546822
2007-09-28,2.0000000000000004,3.0
2007-10-01,1.9954630144787688,2.998918781344875
2007-10-02,2.002399589601589,3.0057113109419733
2007-10-03,2.0053057785514516,3.0096459143246963
2007-10-04,1.9998339912958578,3.0059291540628514
2007-10-05,1.9970595443087822,3.005206583195247
2007-10-08,2.0049789339520196,3.0104929887242515
2007-10-09,2.0002331193455514,3.010831294058783
2007-10-10,1.9978799018002675,3.0098463857666373
2007-10-11,1.997166034894607,3.0093884335495398
2007-10-12,1.9940589559987187,3.0067502400450854
2007-10-15,1.9942702837927977,3.0069156233625147
2007-10-16,1.9975454578218168,3.006810084211009
2007-10-17,1.994797475903382,3.007939798370694
2007-10-18,1.9883315298373125,3.001091398354774
2007-10-19,1.995782429354844,3.00177811329281
2007-10-22,1.9972572872101204,3.0094180916503976
2007-10-23,1.9940876206424603,3.00663092200501
2007-10-24,1.992139033224893,3.005577113544117
2007-10-25,1.9850965336621635,3.0007012517783593
2007-10-26,1.9746117064420896,2.9933771050949356
2007-10-29,1.9677607902165268,2.9905009436278034
2007-10-30,1.9784676996349815,2.9994470339160233
2007-10-31,2.0,3.0
2007-11-01,2.009482873880089,3.001540551350276
2007-11-02,1.9979323446906139,2.990626427356046
2007-11-05,2.0030086349822596,2.9935858854580943
2007-11-06,1.9890060882468994,2.9860549615111527
2007-11-07,1.9985115521434307,2.983261343041502
2007-11-08,1.998633066304352,2.9799746635216646
2007-11-09,1.9995664090488072,2.9758477514104285
2007-11-12,2.01544043271109,2.9909471711743394
2007-11-13,2.0116565766555006,2.997471095515015
2007-11-14,2.0054952319857637,2.9936713617548203
2007-11-15,2.015862016091144,3.003684373672024
2007-11-16,2.014879048942283,3.0047875852755097
2007-11-19,2.0177670052936056,3.0044959106757516
2007-11-20,2.0059566033374083,2.996219802474955
2007-11-21,2.0103924847120194,2.9913082227746814
2007-11-23,1.9992787373445076,2.9871697427426755
2007-11-26,2.002666349216195,2.9830857269871833
2007-11-27,2.0078926128535297,2.9942989606042456
2007-11-28,2.0044989699701654,3.003686056244607
2007-11-29,2.0041869285210243,3.0073644868398874
2007-11-30,1.9999999999999998,3.0000000000000004
2007-12-03,1.997540157627339,2.9978199653952573
2007-12-04,1.9981367195397552,2.9953812980174006
2007-12-05,2.0010725857286045,3.003804525846641
2007-12-06,1.993186427614062,3.001112020063975
2007-12-07,1.9989536118297213,3.0055878988393094
2007-12-10,1.9954201763897965,3.0012999587391143
2007-12-11,1.9996984952871564,3.0052018223809607
2007-12-12,1.9909852872765699,2.9991516638790934
2007-12-13,2.0035431717104264,3.010241799409163
2007-12-14,2.012611195267516,3.0115154762845533
2007-12-17,2.016428540264595,3.0127568877491577
2007-12-18,2.010839072779892,3.009028072887087
2007-12-19,2.004613927736615,3.0087600413788023
2007-12-20,2.0041599722451533,3.011432391033741
2007-12-21,1.9987924741678744,3.0068160927619694
2007-12-24,1.9962997763753758,3.0092748251384043
2007-12-26,1.993878278833309,3.0056622875726315
2007-12-27,1.9944813764037557,3.0052266088450663
2007-12-28,1.989625503384687,3.0008488547693997
2007-12-31,2.0000000000000004,2.9999999999999996
2008-01-02,1.9883715339435122,2.990657170121725
2008-01-03,1.9855694105766712,2.9867219758837904
2008-01-04,1.9961817437167297,2.989326933079563
2008-01-07,2.000609626693796,2.993335669003656
2008-01-08,2.0001507334270032,2.986102925512587
2008-01-09,1.999497950870881,2.9891749952335265
2008-01-10,1.998271213937963,2.9843240015579333
2008-01-11,1.9965179883442197,2.981928908969449
2008-01-14,1.9877934206009364,2.9782445199088414
2008-01-15,1.99773530899954,2.9828338918591624
2008-01-16,2.0083638546882803,2.990361841225786
2008-01-17,2.0141106205923966,2.9875256791795826
2008-01-18,2.014023427351743,2.9806674610201322
2008-01-22,2.0146630521983817,2.977577778081989
2008-01-23,2.0140536151413477,2.9839703950417484
2008-01-24,2.007761562905602,2.977344207596136
2008-01-25,2.0015261009711813,2.9738785821517837
2008-01-28,1.994619802389679,2.9719855541249363
2008-01-29,1.993640465049227,2.973497513330725
2008-01-30,1.9973796716693815,2.9691384523199313
2008-01-31,1.9999999999999998,2.9999999999999996
2008-02-01,1.9995090279441536,3.007041191538574
2008-02-04,2.0042738772704194,3.0106882998152806
2008-02-05,2.015996572141037,3.0161185224789357
2008-02-06,2.0188503988447573,3.013074632311494
2008-02-07,2.0201078588419543,3.0139833903603295
2008-02-08,2.0084860039569534,3.006319249861245
2008-02-11,2.003140404002803,3.0060227413197103
2008-02-12,2.0088234821385744,3.0126840252783222
2008-02-13,2.007687779466111,3.01579939089136
2008-02-14,2.011554612222857,3.0167249967920537
2008-02-15,2.0109383737696342,3.0178591340124283
2008-02-19,2.0018710452779547,3.010805097132009
2008-02-20,1.9956467399456308,3.006264793745688
2008-02-21,1.9965011402536952,3.00603277569532
2008-02-22,1.9927881718992935,3.0062562230315932
2008-02-25,1.9900991093106326,3.0093292690355087
2008-02-26,1.977481664204214,3.0007766204206012
2008-02-27,1.9745408121706631,2.9967683045285476
2008-02-28,1.9664977611524315,2.989361739338892
2008-02-29,1.9999999999999998,2.9999999999999996
2008-03-03,1.9964035450671087,2.997823400443716
2008-03-04,2.0054383095462365,3.0046348763673727
2008-03-05,1.9946030741297396,2.9937667627711324
2008-03-06,2.000804842272912,2.9966866960347387
2008-03-07,2.0051678094079475,2.9959396814175743
2008-03-10,2.0029498340772496,2.9965342447617385
2008-03-11,1.9918720810058472,3.000660714012772
2008-03-12,1.9842342197699598,2.9962958575148004
2008-03-13,1.9833872371968828,2.9943645485717956
2008-03-14,1.9875255156986413,2.996988925905195
2008-03-17,2.0051619742529248,3.0079423150786115
2008-03-18,1.9922469558341804,3.01619824322279
2008-03-19,2.014392125752033,3.0304951308005017
2008-03-20,2.0239631981004798,3.040212572424369
2008-03-24,2.0212459543518415,3.046590461244439
2008-03-25,2.0119127499664176,3.0392351714739467
2008-03-26,2.005763228979331,3.032635017494902
2008-03-27,2.0052102338968436,3.031421485309414
2008-03-28,2.0125676122008707,3.0341871104562643
2008-03-31,2.0,3.0
2008-04-01,2.000564760149454,3.0121886103590847
2008-04-02,1.9890182812630235,3.0049069143675746
2008-04-03,1.9842761430094753,3.0011191547932703
2008-04-04,1.9772245894631801,2.996597958899063
2008-04-07,1.9745868433812142,2.9947080063238447
2008-04-08,1.9781555081347924,2.9989260516934033
2008-04-09,1.9704301094591297,2.9923752489541284
2008-04-10,1.9735682930868423,2.9958546443569207
2008-04-11,1.978619557986764,2.9961131682607327
2008-04-14,1.980811806184727,2.998425270156951
2008-04-15,1.9792270588180851,2.996029015377329
2008-04-16,1.9683244451677162,2.990569218728994
2008-04-17,1.9732522140521596,2.9968613017460926
2008-04-18,1.973224007076193,3.0029177083422716
2008-04-21,1.9733306451812433,3.005136668157095
2008-04-22,1.9731042328278652,3.006566108505234
2008-04-23,1.9791417304676349,3.0111602719253443
2008-04-24,1.9900409161062322,3.022455003392176
2008-04-25,1.9840689370304987,3.0213249926795007
2008-04-28,1.9808435944900524,3.0194277387958577
2008-04-29,1.991567963542911,3.0287979599873553
2008-04-30,2.0,2.9999999999999996
2008-05-01,2.004640563522881,3.009116790393395
2008-05-02,2.0005164990272646,3.0068444162099164
2008-05-05,1.9937345764239103,3.0005909824996593
2008-05-06,1.9887295350549377,2.9979049615301183
2008-05-07,1.9949893825109448,3.0026305701195346
2008-05-08,1.9845809584141139,2.9943341913586075
2008-05-09,1.9806832851456002,2.993696412001163
2008-05-12,1.9804313510081337,2.995237730984081
2008-05-13,1.9869538826793876,3.003550862851455
2008-05-14,1.9906844534932546,3.004442026683868
2008-05-15,1.9774647809025818,2.9949837814182074
2008-05-16,1.9709088925096707,2.9865240544110963
2008-05-19,1.9686169603538861,2.9850442200449647
2008-05-20,1.9618381195212355,2.978557767809741
2008-05-21,1.9583321454510392,2.9760209357753657
2008-05-22,1.9662323352536089,2.980858637632861
2008-05-23,1.9673517873092181,2.980087008190707
2008-05-27,1.9769301671676396,2.99039872000549
2008-05-28,1.9795967922426323,2.9955408714062344
2008-05-29,1.9920570447799903,3.0053770010241085
2008-05-30,2.0,2.999999999999999
2008-06-02,1.998530075537146,2.999142451397158
2008-06-03,2.0056780253858317,3.0048498528032597
2008-06-04,2.013323150031567,3.00762183620646
2008-06-05,1.999322774743801,3.008060234955661
2008-06-06,1.9936607778354567,2.997939594676066
2008-06-09,1.996447992367564,3.006791917858642
2008-06-10,2.0083764475523376,3.019302013313717
2008-06-11,2.002867424566922,3.014252080433811
2008-06-12,2.010894031284408,3.024112065836355
2008-06-13,2.008143626389098,3.022618516657209
2008-06-16,2.0033968219414438,3.0173156274434514
2008-06-17,2.000219004489752,3.014934981982541
2008-06-18,1.994578752941885,3.010602812889906
2008-06-19,2.003012739847315,3.013322990319246
2008-06-20,2.004818705463863,3.012690439520884
2008-06-23,2.0080030378439178,3.021274399069336
2008-06-24,2.006613582831516,3.019468281781855
2008-06-25,2.004047441268686,3.018496461156009
2008-06-26,1.9960370743455174,3.0044396127989987
2008-06-27,1.9902437986753139,3.000515142977515
2008-06-30,2.0,2.9999999999999996
2008-07-01,1.9941425351857807,2.9971079987502445
2008-07-02,1.9931545638429535,2.9967712206853667
2008-07-03,1.9946843621636257,2.9988682109482734
2008-07-07,2.0030794525490303,3.0052232895528843
2008-07-08,2.0027009204177197,3.0055786314101067
2008-07-09,2.0056166970963183,3.0039667930161427
2008-07-10,1.9950234359206294,2.9970718934215714
2008-07-11,1.9985306392846076,2.9965559098060996
2008-07-14,1.9957658136424106,2.9931909173295543
2008-07-15,2.007787982742117,2.993953247250368
2008-07-16,2.0097005371600196,2.996932975544833
2008-07-17,2.01614811456702,3.0002998478506595
2008-07-18,2.0214974239748873,3.0022915311168754
2008-07-21,2.0146162536167345,2.999717443747125
2008-07-22,2.020753909476636,3.0060390905086454
2008-07-23,2.03113997591045,3.016898091443124
2008-07-24,2.033804616662484,3.0159274660106936
2008-07-25,2.04048076892291,3.0167000975197484
2008-07-28,2.0398083420274453,3.016605598153364
2008-07-29,2.0401301598062673,3.022129297323442
2008-07-30,2.02961449837694,3.023125515192436
2008-07-31,1.9999999999999998,3.000000000000001
2008-08-01,2.0036258132544775,3.0005968472359013
2008-08-04,2.019703775675864,3.008738053987785
2008-08-05,2.020052253023605,3.0150959827528747
2008-08-06,2.0215208028930847,3.0135809890334158
2008-08-07,2.0207894348132562,3.015680783542766
2008-08-08,2.0240723147152804,3.019176148306537
2008-08-11,2.0325961969861033,3.0335281699917815
2008-08-12,2.034988839208561,3.036261705918997
2008-08-13,2.029084346077504,3.0349512966786607
2008-08-14,2.0295346836459665,3.0394022361270596
2008-08-15,2.0357623827851863,3.0457908302340453
2008-08-18,2.036822225332736,3.045585157958423
2008-08-19,2.0382096965955254,3.0440167817633728
2008-08-20,2.032174236675888,3.0425469206740905
2008-08-21,2.0199538231728016,3.0358482646032527
2008-08-22,2.0261446416810043,3.0397097743617985
2008-08-25,2.0318903344149843,3.044218921121483
2008-08-26,2.029817606649748,3.0431014478761904
2008-08-27,2.0222471756233347,3.0394803292282457
2008-08-28,2.020350907995279,3.0354651382599336
2008-08-29,2.0,2.9999999999999996
2008-09-02,2.0116681517175556,3.012889279331786
2008-09-03,2.0142562305801133,3.016281168037732
2008-09-04,2.031401735175988,3.0276209851534808
2008-09-05,2.035062514405881,3.0257343150887284
2008-09-08,2.025676381782637,3.0220224139676737
2008-09-09,2.0493692977360225,3.036210845555142
2008-09-10,2.0535660355624468,3.043275454352076
2008-09-11,2.05472250304709,3.0468586054650317
2008-09-12,2.0515308996325716,3.0393988188291217
2008-09-15,2.065926301175619,3.0408129814754443
2008-09-16,2.0725710612476282,3.0483936832406657
2008-09-17,2.065079235116072,3.0235705735455287
2008-09-18,2.061011254587704,3.033601179304658
2008-09-19,2.033294912743964,3.0081873399308123
2008-09-22,2.0303193692807864,3.003278024721101
2008-09-23,2.047877083475169,3.0141269102791193
2008-09-24,2.0535759841851036,3.024591560699427
2008-09-25,2.0450627834446697,3.024701456895965
2008-09-26,2.0466282341425455,3.027222399590612
2008-09-29,2.08592193457019,3.031226790766581
2008-09-30,2.0,3.0
2008-10-01,1.9941319797707056,2.9913168810718385
2008-10-02,2.0310393127085007,3.019052938876536
2008-10-03,2.0352016259624035,3.0197992464735726
2008-10-06,2.057609688175306,3.0274368287299516
2008-10-07,2.073703593410186,3.0339104338380234
2008-10-08,2.0972894598229015,3.050402519304309
2008-10-09,2.1381591934787445,3.059806543242153
2008-10-10,2.1857927149078904,3.0917357246238577
2008-10-13,2.135002056718627,3.113458134721784
2008-10-14,2.1360111210570283,3.101128290799721
2008-10-15,2.1843526949664938,3.107029869108548
2008-10-16,2.1846731207224295,3.124696339625898
2008-10-17,2.200607425865323,3.1410371705474405
2008-10-20,2.157293182334614,3.1254154928014315
2008-10-21,2.1794485542372533,3.140560194653819
2008-10-22,2.2116500221502595,3.1607298414908125
2008-10-23,2.2156322676299443,3.177103737204339
2008-10-24,2.2668231485844865,3.190650513955877
2008-10-27,2.2959090928895707,3.200893292468215
2008-10-28,2.252879004901483,3.2077430520045493
2008-10-29,2.233743973311986,3.201977550174209
2008-10-30,2.2338618694211227,3.206215532089551
2008-10-31,1.86831236343782,2.999999999999999
2008-11-03,1.8654586845508112,2.9964044928281037
2008-11-04,1.8320509484765441,2.9590814798177667
2008-11-05,1.8432336508534888,2.977655348167613
2008-11-06,1.868983408884627,2.9947873174907125
2008-11-07,1.864540609617724,2.9929903482238918
2008-11-10,1.8623921229495146,2.9882811892265306
2008-11-11,1.8737158084321028,2.9974202600081155
2008-11-12,1.8915897753146567,3.013612216828172
2008-11-13,1.8817286887026674,3.002343963791469
2008-11-14,1.8835572987723528,2.9988436096090263
2008-11-17,1.8898998066636463,3.0034148980664206
2008-11-18,1.8894730484175988,3.0164685402355293
2008-11-19,1.8989136250417085,3.021956031311784
2008-11-20,1.9058477133093965,3.0213425445402273
2008-11-21,1.894018907541117,3.008853541244933
2008-11-24,1.8776694192613128,3.0138567842000277
2008-11-25,1.8640992887276668,3.000867447340952
2008-11-26,1.8490185341926955,2.994491944781911
2008-11-28,1.7287238211272413,3.0
2008-12-01,1.7395837843896267,3.0175716146497944
2008-12-02,1.726910919122303,3.004761250886664
2008-12-03,1.72064244479885,3.0002327454170308
2008-12-04,1.7250485239047693,3.0044345556014735
2008-12-05,1.730489686571676,3.0139159657755124
2008-12-08,1.7198884692310707,3.007469197369386
2008-12-09,1.7192001788549858,3.0064147319692083
2008-12-10,1.7114971176933422,2.9906920610327745
2008-12-11,1.707368327476436,2.982102448642308
2008-12-12,1.703303308152259,2.9795778790121217
2008-12-15,1.705069745137664,2.979224190566146
2008-12-16,1.6771899230290752,2.9437897375436664
2008-12-17,1.665873706039415,2.9252918637923737
2008-12-18,1.6653795780443235,2.9259326376923434
2008-12-19,1.67224251791495,2.9407657794980686
2008-12-22,1.677078744987706,2.940182984808664
2008-12-23,1.6822179539632827,2.9474269774350548
2008-12-24,1.6827115958742114,2.9455426932545614
2008-12-26,1.6760351259165789,2.934509990025963
2008-12-29,1.676062403850139,2.9350110014604893
2008-12-30,1.6732442694794911,2.939856618050618
2008-12-31,1.6236418855881656,3.0
2009-01-02,1.6257332619311557,3.008707003367149
2009-01-05,1.632780025754926,3.015361598996119
2009-01-06,1.6274692695354693,3.003847192105535
2009-01-07,1.6395436920882225,3.019321843698104
2009-01-08,1.6354179539336706,3.0080423268789764
2009-01-09,1.6383132944290386,3.0102259544657946
2009-01-12,1.6476918022938063,3.026084344397042
2009-01-13,1.6450016957339884,3.024781972049707
2009-01-14,1.6488237381109114,3.0331992989348024
2009-01-15,1.6473526740814837,3.0292740847387307
2009-01-16,1.6470842112022348,3.0215860135893116
2009-01-20,1.6583377301535105,3.020153268621109
2009-01-21,1.66316819679355,3.029107919961615
2009-01-22,1.6709183782546493,3.026413195072772
2009-01-23,1.6617451946694597,3.006019423602533
2009-01-26,1.662433981635065,3.0038870068537893
2009-01-27,1.6575959422104702,3.0084438463715673
2009-01-28,1.6557225002446383,3.006842685188408
2009-01-29,1.6661319588618746,2.999842242696288
2009-01-30,1.568910578520038,3.000000000000001
2009-02-02,1.568751944576199,3.007602202560255
2009-02-03,1.5733555438667728,3.0115945773221946
2009-02-04,1.5739152465173758,3.0104436398563195
2009-02-05,1.568955572322835,3.0057306376867703
2009-02-06,1.5639021836520295,3.0009184643218996
2009-02-09,1.5628277225140093,3.0008229209210975
2009-02-10,1.563416817033872,2.99845283158556
2009-02-11,1.559823089951906,2.9929766215560445
2009-02-12,1.561665717655457,2.9924991722502554
2009-02-13,1.5701405906213852,2.999480521542818
2009-02-17,1.571819942747099,2.9954934462313973
2009-02-18,1.5749132416559066,2.9961365111374123
2009-02-19,1.5786272186166912,2.999406947876095
2009-02-20,1.5768616778537383,2.993395290122154
2009-02-23,1.5800602152789516,2.994592992729933
2009-02-24,1.5794126188261293,3.009917252453367
2009-02-25,1.5845371977677702,3.0201990899382603
2009-02-26,1.5891873417622502,3.022573485140156
2009-02-27,1.5693488567492304,3.0000000000000004
2009-03-02,1.5771500108956984,3.011945965158172
2009-03-03,1.5799245345161663,3.016348905835853
2009-03-04,1.5747262504245196,3.01612531399715
2009-03-05,1.5712038385452292,3.004291227333451
2009-03-06,1.5710237729208791,3.0048096722969166
2009-03-09,1.5771759011954465,3.015359530466939
2009-03-10,1.577691759157079,3.0280291664388606
2009-03-11,1.5766138631596338,3.0255743355403117
2009-03-12,1.5619693565197341,3.004325287208869
2009-03-13,1.5622726422330504,3.0043747794116733
2009-03-16,1.56437822690574,3.0058048200453262
2009-03-17,1.5602932703766093,3.0031643263581116
2009-03-18,1.5406647998278273,2.9682366378958704
2009-03-19,1.5367198480396596,2.9603120648361414
2009-03-20,1.5398435788937193,2.967849403945658
2009-03-23,1.5320436322213857,2.9614493956360475
2009-03-24,1.5350390685877395,2.969927817756185
2009-03-25,1.536580381486892,2.9665518980900694
2009-03-26,1.5281046865937455,2.9529800491772673
2009-03-27,1.5330561576572548,2.9663854348790926
2009-03-30,1.5404572387901387,2.977742231830126
2009-03-31,1.4946246679215227,2.9999999999999996
2009-04-01,1.4906447180282802,2.995661845337067
2009-04-02,1.4876129927802162,2.996913796394548
2009-04-03,1.490093248938682,3.00095359671928
2009-04-06,1.495351513038411,3.0129191346334654
2009-04-07,1.4985583575026358,3.0137225714511233
2009-04-08,1.4945482227207383,3.0106947510155186
2009-04-09,1.491564958054258,3.0073176363861513
2009-04-13,1.487559069715631,2.9992616567950225
2009-04-14,1.4904653450402117,3.005627010692057
2009-04-15,1.489898785003907,3.0039485818122666
2009-04-16,1.4919933308065545,3.009323451403694
2009-04-17,1.4964704191251181,3.0169451258009072
2009-04-20,1.5009887947431761,3.0218671987003884
2009-04-21,1.500424501649737,3.019643112476247
2009-04-22,1.5005170829743761,3.0164477031977954
2009-04-23,1.496126925838601,3.007065340906987
2009-04-24,1.493628438597924,2.9988716491099283
2009-04-27,1.4965855727009798,3.005835055270574
2009-04-28,1.5011038418410365,3.009769943879904
2009-04-29,1.4975147230067638,3.002307990873286
2009-04-30,1.488818720137766,3.0
2009-05-01,1.4882596012386724,3.002158769346613
2009-05-04,1.4808114372968613,2.991674559277183
2009-05-05,1.482204555961119,2.995326245020355
2009-05-06,1.477109537957039,2.986460168422268
2009-05-07,1.481625072914297,2.987328864075668
2009-05-08,1.4758488483026788,2.979406359267036
2009-05-11,1.475790515835039,2.9815820981895067
2009-05-12,1.4733672207444346,2.9765578650667397
2009-05-13,1.4760734397163646,2.98189322485208
2009-05-14,1.4732111711291198,2.978296585345853
2009-05-15,1.475635536399803,2.978492691368823
2009-05-18,1.4735507529244722,2.976322217370712
2009-05-19,1.4728421888989247,2.972296506050036
2009-05-20,1.4689228777786838,2.9642738179694934
2009-05-21,1.4746928567106627,2.964134692027639
2009-05-22,1.4744069421474706,2.959952071848279
2009-05-26,1.4746248725250124,2.9595030044824027
2009-05-27,1.478283695927535,2.9595637296203074
2009-05-28,1.472854176779737,2.9581503097564057
2009-05-29,1.4615763111068605,3.0
2009-06-01,1.4624572738798478,2.9988728029099185
2009-06-02,1.459132147041479,2.992304140185181
2009-06-03,1.4636136751878004,3.004454025468828
2009-06-04,1.4627807209926602,2.998196364148332
2009-06-05,1.466788874930546,3.0085892541685455
2009-06-08,1.4690084285921292,3.0123492999188812
2009-06-09,1.4661360436172513,3.0070224140108808
2009-06-10,1.4684268264910278,3.0047093316008007
2009-06-11,1.4654040089429665,3.004665110336921
2009-06-12,1.4670383820295911,3.0141114987409003
2009-06-15,1.4717200413631564,3.023927150045242
2009-06-16,1.4699296015344674,3.022380393782508
2009-06-17,1.4711280249282777,3.023114441651502
2009-06-18,1.4736086153443202,3.0266867722824484
2009-06-19,1.47084561392533,3.0242661901806542
2009-06-22,1.4760628913818077,3.033634531391743
2009-06-23,1.4719811756300303,3.029607524453063
2009-06-24,1.4732644655984641,3.0301674736803985
2009-06-25,1.4667985313957834,3.0249689842235283
2009-06-26,1.4671413359890213,3.0253384595961905
2009-06-29,1.4660293134080582,3.0261599366836545
2009-06-30,1.4538652260515998,3.0
2009-07-01,1.4532774616451023,2.995544334039767
2009-07-02,1.458580377052923,3.0039179196050423
2009-07-06,1.462123709903377,3.0109766050818436
2009-07-07,1.464335683355425,3.012653643506815
2009-07-08,1.4635110801304199,3.0192926083706753
2009-07-09,1.465733850996931,3.021699599681159
2009-07-10,1.4649716745984966,3.020892548645727
2009-07-13,1.4638732617094576,3.0226789378544052
2009-07-14,1.4653849278846292,3.0205380469649166
2009-07-15,1.4632565131421928,3.0120388565175347
2009-07-16,1.4604314342537252,3.00860411144695
2009-07-17,1.4607800455320261,3.008879206104137
2009-07-20,1.4558137162024032,2.9993337189971623
2009-07-21,1.4534267402796799,3.00175494919963
2009-07-22,1.4540555297699087,3.0003754609912994
2009-07-23,1.4534050172280903,2.998606175134706
2009-07-24,1.452069233372559,2.9982143872034164
2009-07-27,1.4527183250741753,2.996679792968277
2009-07-28,1.454091891552491,3.0040632683430335
2009-07-29,1.457055742835133,3.0119780106120873
2009-07-30,1.4505256514006417,3.0038639236265565
2009-07-31,1.4456166894612077,3.0
2009-08-03,1.4438936496968553,2.9965523520901014
2009-08-04,1.4443183300859332,2.9952781800804797
2009-08-05,1.4451405376837594,2.99312945998316
2009-08-06,1.4479046039369403,2.9989280166719157
2009-08-07,1.448193201056153,3.0010261775317937
2009-08-10,1.447404797840138,3.004416597949045
2009-08-11,1.4477386787943538,3.0057496715777985
2009-08-12,1.447858193931584,3.0058540677824324
2009-08-13,1.4430146084696456,3.001060118232602
2009-08-14,1.446713780277076,3.0093247409816275
2009-08-17,1.4493683081327577,3.016157008629257
2009-08-18,1.4472230712591518,3.0101081588123777
2009-08-19,1.4443436099937867,3.005924775085297
2009-08-20,1.4422205820336462,3.005288241676905
2009-08-21,1.4423285422255285,3.0013755094041334
2009-08-24,1.440079515203947,3.0044895590314193
2009-08-25,1.4403832355767257,3.0060991606893133
2009-08-26,1.4395855962193438,3.005393667423012
2009-08-27,1.4397556549181647,3.0053868211090022
2009-08-28,1.4386054110486861,3.0042342938690347
2009-08-31,1.4531728396110188,3.0
2009-09-01,1.4557890833416065,2.999202137538551
2009-09-02,1.4524215337175428,2.991854201633259
2009-09-03,1.4512371652852185,2.988062130159096
2009-09-04,1.4523500679456889,2.988277414551551
2009-09-08,1.450215584009515,2.984073433799584
2009-09-09,1.448975702230488,2.982321382705214
2009-09-10,1.444643592226387,2.980493220392896
2009-09-11,1.444238364299081,2.978405323438709
2009-09-14,1.4463217236906716,2.982279908135921
2009-09-15,1.4436347561475684,2.976061758688461
2009-09-16,1.4399322438677107,2.969845881255151
2009-09-17,1.4390182757691152,2.972146107336102
2009-09-18,1.4418696684623813,2.97690110740999
2009-09-21,1.444210413646486,2.9822823239219183
2009-09-22,1.4408280109142588,2.974730378048573
2009-09-23,1.4433774310511283,2.97964631675374
2009-09-24,1.4465567913938857,2.9870977649226993
2009-09-25,1.4464384975551392,2.9895037332200163
2009-09-28,1.442827195590905,2.987613665918465
2009-09-29,1.443470721370811,2.9876403801434623
2009-09-30,1.4793207620470203,3.0
2009-10-01,1.4807162541852192,3.0028028961537623
2009-10-02,1.4835088698141192,3.003513687289427
2009-10-05,1.4780416810410766,2.996050586390831
2009-10-06,1.4771985657001236,2.9899366966910237
2009-10-07,1.4744657573903857,2.9889760936539687
2009-10-08,1.4726226473461648,2.982432488385651
2009-10-09,1.4757483291183529,2.9852111820208402
2009-10-12,1.4728334369941816,2.9802291799321696
2009-10-13,1.4702545146118675,2.9747710131971385
2009-10-14,1.4703523484314243,2.974662775682063
2009-10-15,1.4707746660954142,2.9769158170795764
2009-10-16,1.4696572782407864,2.9759593511998768
2009-10-19,1.4649318089438994,2.96858650344593
2009-10-20,1.466009949100015,2.972993938445412
2009-10-21,1.46587974077371,2.97046081512718
2009-10-22,1.465715158912223,2.9712498924298267
2009-10-23,1.4684365668297783,2.9740374727060033
2009-10-26,1.4746774351378489,2.981746473816466
2009-10-27,1.4737307521252614,2.9819677449776885
2009-10-28,1.4785855658467937,2.9903979239943306
2009-10-29,1.4737567877181215,2.980333375335985
2009-10-30,1.672089705031917,3.0000000000000004
2009-11-02,1.6682368464202877,2.9938650225753203
2009-11-03,1.664934425131731,2.984585000023205
2009-11-04,1.6653064193710423,2.9815124785118394
2009-11-05,1.6626586165432642,2.9823850205818774
2009-11-06,1.6638078058255832,2.9823814388512764
2009-11-09,1.6557505724574793,2.9774260976570823
2009-11-10,1.658053914356517,2.979171611911824
2009-11-11,1.6536015999069678,2.974157998087484
2009-11-12,1.660748499231816,2.982854851725434
2009-11-13,1.6576592947122983,2.978548971226776
2009-11-16,1.6446719114556225,2.9676528903149477
2009-11-17,1.6421900703559436,2.96636436508926
2009-11-18,1.643029466138306,2.9655979772502765
2009-11-19,1.6470704786705717,2.9685890922399194
2009-11-20,1.6475550380975634,2.9669626749276103
2009-11-23,1.6441248703064795,2.9622201167515216
2009-11-24,1.6444549808127402,2.963780523020356
2009-11-25,1.6375665126480363,2.954871240796327
2009-11-27,1.6429941508970909,2.961748011039989
2009-11-30,1.7923821268371432,3.0000000000000004
2009-12-01,1.7884164669607574,2.993256486587308
2009-12-02,1.7880215594310784,2.9885658200553564
2009-12-03,1.7938902368467806,2.9898508957086873
2009-12-04,1.8025444838964846,3.0059125313116972
2009-12-07,1.8047882007551543,3.0081673953499237
2009-12-08,1.8113620748323929,3.015654017615605
2009-12-09,1.8165633840846123,3.020059000159108
2009-12-10,1.8208456887293043,3.021778978762122
2009-12-11,1.82018964135456,3.0258277903252906
2009-12-14,1.8145959845473942,3.020629919488079
2009-12-15,1.8175681443870542,3.0205604213597583
2009-12-16,1.811719987940001,3.0130943547639197
2009-12-17,1.8164756236162773,3.028721464195168
2009-12-18,1.8147289404783413,3.0239841418307583
2009-12-21,1.8218761679523354,3.0311299645302103
2009-12-22,1.8223578339149207,3.033027226913604
2009-12-23,1.8178871804757801,3.030112909898339
2009-12-24,1.81703699753233,3.023569413374049
2009-12-28,1.8138847734746992,3.0213619480167333
2009-12-29,1.8135607968693703,3.0246613420429247
2009-12-30,1.8131207121114723,3.0275364896065073
2009-12-31,1.9623408629789534,2.9999999999999996
2010-01-04,1.9463054945685707,2.9887918491495733
2010-01-05,1.9418785568731391,2.9889555944422614
2010-01-06,1.939965015442411,2.982285116098372
2010-01-07,1.9412655880852956,2.9853438449452625
2010-01-08,1.9381782431344081,2.9824632874453356
2010-01-11,1.939827145685498,2.9793699451426887
2010-01-12,1.9434970799259517,2.988120877337012
2010-01-13,1.9444011938474324,2.9861623959371983
2010-01-14,1.9395726781096523,2.985817774011174
2010-01-15,1.9438701628839103,2.989651747715416
2010-01-19,1.9384820982769788,2.987365389359426
2010-01-20,1.9475054395356588,2.998040579108313
2010-01-21,1.9558856279211712,3.003063209768902
2010-01-22,1.9657374152688758,3.0039669409610545
2010-01-25,1.9655878614868356,3.004029878345896
2010-01-26,1.9692857380367084,3.0039395071551276
2010-01-27,1.974240953948813,3.009760209356357
2010-01-28,1.9790410058386052,3.009643804658038
2010-01-29,2.0,3.0000000000000004
2010-02-01,1.9892911414841472,2.9910271662983687
2010-02-02,1.9786460707476765,2.9871178868316264
2010-02-03,1.9894971801854788,2.9902230046656677
2010-02-04,2.008870864670716,3.007078579598591
2010-02-05,2.0125448957557186,3.009440649778483
2010-02-08,2.017009056211755,3.0132589752625343
2010-02-09,2.0101995616764365,3.0076228972206858
2010-02-10,2.014687950578742,3.008161991701501
2010-02-11,2.008070834667787,3.00178265731509
2010-02-12,2.0091132377088403,3.00336149207337
2010-02-16,1.991003474406945,2.9926510387710783
2010-02-17,1.9952416093386551,2.9934738070298015
2010-02-18,1.991785507980598,2.990642907982075
2010-02-19,1.990266464393661,2.9947129518887006
2010-02-22,1.994175549280605,2.9967885834608747
2010-02-23,1.9985015631144936,3.0030619827442204
2010-02-24,1.9949076569719217,3.006235238679361
2010-02-25,1.9971205667874405,3.006456368052882
2010-02-26,1.9999999999999996,2.9999999999999996
2010-03-01,1.9980547940844509,3.0003177243432027
2010-03-02,1.9914941731816196,2.994103517818537
2010-03-03,1.9878692533126152,2.99082422615434
2010-03-04,1.9880852614398152,2.994720724656138
2010-03-05,1.9842959312337096,2.99340715652657
2010-03-08,1.9870798847021733,2.995796839156905
2010-03-09,1.988153245763975,2.996290367925254
2010-03-10,1.988677643134977,2.999937840306043
2010-03-11,1.9862475737930962,3.0003107103312585
2010-03-12,1.9850348936485605,3.0020585711317183
2010-03-15,1.988689168929862,3.0026835997063683
2010-03-16,1.977122918721815,2.9952946132255516
2010-03-17,1.9721781900395243,2.996811575746874
2010-03-18,1.975509205319232,2.9974786779237954
2010-03-19,1.9841309752994083,3.006492371238217
2010-03-22,1.9808053418966933,3.0067365821210483
2010-03-23,1.9802218224500296,3.004955594550603
2010-03-24,1.9968088156488917,3.0150029811824175
2010-03-25,2.0009167453219026,3.0141682097825333
2010-03-26,1.9967679806501202,3.007932831737913
2010-03-29,1.9899491426687765,3.00656644119634
2010-03-30,1.9886305910216897,3.0088310552488067
2010-03-31,2.0,3.0
2010-04-01,1.9914697920616784,2.9950376389664037
2010-04-05,1.9911244838626476,2.995157978255232
2010-04-06,1.9881536227082504,2.992933897302497
2010-04-07,1.9828903638050488,2.9863570483664006
2010-04-08,1.9831336001028745,2.9877626963821013
2010-04-09,1.9779261626027471,2.984988573319205
2010-04-12,1.9761738091749779,2.9859219545691307
2010-04-13,1.9747356500976767,2.986803175724504
2010-04-14,1.9692341001667941,2.98516310422745
2010-04-15,1.9657237174697588,2.981923032737552
2010-04-16,1.9756135841781863,2.988592163659455
2010-04-19,1.980047856679981,2.99240919340088
2010-04-20,1.9732164523639784,2.990525454196321
2010-04-21,1.9678150839510808,2.9866560301355527
2010-04-22,1.969630031318916,2.98973517376355
2010-04-23,1.964941124285753,2.985506364438743
2010-04-26,1.9665854042237343,2.9862596729651836
2010-04-27,1.9706555302652577,2.980218157396984
2010-04-28,1.97184835688359,2.9829851141883643
2010-04-29,1.961292281024579,2.9798465229999107
2010-04-30,2.0,2.9999999999999996
2010-05-03,1.9947806952731801,3.00093494809684
2010-05-04,2.0093737770428772,3.0055312043795954
2010-05-05,2.0173271483110433,3.0069084881116552
2010-05-06,2.0214501300238514,2.996275132559021
2010-05-07,2.0288020918431933,2.9961496490252464
2010-05-10,2.014755849591691,3.00194786161184
2010-05-11,2.0107044078277143,2.9922387661806167
2010-05-12,2.0037486497267545,2.989139425781112
2010-05-13,2.008845394069397,2.9905098777861
2010-05-14,2.0152635608736285,2.9905096732005623
2010-05-17,2.0255232527852587,2.9956130084990864
2010-05-18,2.0259067924104666,2.9931661679727846
2010-05-19,2.0374253359479306,3.004971368929489
2010-05-20,2.05288115980607,3.0053285241807326
2010-05-21,2.045779681211561,3.0087090375686087
2010-05-24,2.049331802598417,3.0034566956615008
2010-05-25,2.0516737235743836,3.005541226257056
2010-05-26,2.0506633482074754,3.0000325596941977
2010-05-27,2.0376951679466884,3.0040570298048377
2010-05-28,2.0000000000000004,3.000000000000001
2010-06-01,2.008832776886058,2.9995496148846765
2010-06-02,2.000654914438013,3.001503253106452
2010-06-03,2.0015654881144376,3.0050715858843455
2010-06-04,2.012855971506848,3.0014141994656764
2010-06-07,2.0115741366638047,2.9958292868358067
2010-06-08,2.0100353502527817,2.9999684632115056
2010-06-09,2.0107976300491344,2.999506502451517
2010-06-10,2.0057410850476938,3.008347101351822
2010-06-11,1.9972033828922704,3.0033883827148604
2010-06-14,1.997610521711251,3.002964221345241
2010-06-15,1.9863886209136488,3.0004260885850083
2010-06-16,1.984763829188982,3.0014144462734094
2010-06-17,1.9785224990649943,2.9953036368207218
2010-06-18,1.9782524854733308,2.9943638315260426
2010-06-21,1.9831352840140761,3.000183635861429
2010-06-22,1.9844774415261015,2.99672746948388
2010-06-23,1.987921065603896,2.998180837492825
2010-06-24,1.9947048907310863,2.997990219740885
2010-06-25,1.9844831772680016,2.9914782184819573
2010-06-28,1.9869437279880964,2.9955553003698654
2010-06-29,2.000878934088756,2.9948222565717777
2010-06-30,2.0,3.0
2010-07-01,2.012736155829725,3.0168043000924034
2010-07-02,2.0175871622845865,3.01547712046667
2010-07-06,2.0173815488352878,3.025500730676539
2010-07-07,2.0071624932127117,3.0265016642741784
2010-07-08,2.0020646551213837,3.0246771777390453
2010-07-09,1.9986880298751992,3.020589145536107
2010-07-12,2.003715108417049,3.0259226866579447
2010-07-13,1.9950456112362571,3.020832600490984
2010-07-14,1.9910599517519658,3.0193319438007262
2010-07-15,1.987615539126272,3.0206418685737835
2010-07-16,2.0013664444036827,3.0269729652011232
2010-07-19,2.0042704319540734,3.030924029708791
2010-07-20,1.9982455874665879,3.029422621352559
2010-07-21,1.9982264422568456,3.0305409298802535
2010-07-22,1.986745982801738,3.025582562099153
2010-07-23,1.9871410192170813,3.0269619309481874
2010-07-26,1.9843526507994256,3.028036749136011
2010-07-27,1.9919990786213582,3.03420680680458
2010-07-28,1.9916573825082051,3.0323594450488254
2010-07-29,1.988808679893723,3.0293373881387318
2010-07-30,2.0000000000000004,3.0
2010-08-02,1.9899242606014553,2.9972863945618005
2010-08-03,1.9861002871405418,2.9925619849169594
2010-08-04,1.9856613127678941,2.9928599487252323
2010-08-05,1.9852975018099293,2.992345230341134
2010-08-06,1.9851709186134994,2.9917936908432052
2010-08-09,1.9845072578812792,2.992980203206338
2010-08-10,1.9856895286847795,2.9904801494582336
2010-08-11,1.9992818032566726,2.9953521575438966
2010-08-12,2.004534054270874,2.995686084568775
2010-08-13,2.001932552559584,2.9953908242872216
2010-08-16,1.993937911239741,2.9919362159166054
2010-08-17,1.9895086660199603,2.9933094142567835
2010-08-18,1.9899013978195998,2.993610977673919
2010-08-19,1.9941879354363488,2.9938694330337943
2010-08-20,1.9980224207123407,2.9955646727908634
2010-08-23,2.0002838911787744,2.9960636805323726
2010-08-24,2.000311214388685,2.9927400310962886
2010-08-25,1.9957997230278268,2.989599586186205
2010-08-26,1.9909319680458024,2.9863397196536363
2010-08-27,1.9911288472252702,2.990049828676746
2010-08-30,1.9903055810802812,2.9877617869317943
2010-08-31,1.9999999999999998,2.9999999999999996
2010-09-01,1.9927855036226123,3.0011664657556834
2010-09-02,1.990111717013489,2.99948656808352
2010-09-03,1.9883506383326741,3.0001226116038415
2010-09-07,1.9854360803801345,2.9987788658440437
2010-09-08,1.9854557028922593,2.9998021543729965
2010-09-09,1.9907917877662031,3.0018068185996563
2010-09-10,1.9878761788277541,3.0005674774680458
2010-09-13,1.9777429512007796,2.995582262627891
2010-09-14,1.9731429132931442,2.991869041630354
2010-09-15,1.9750714797324394,2.990697844026658
2010-09-16,1.978911429104505,2.9907317008178587
2010-09-17,1.9798935321308597,2.9943615141648996
2010-09-20,1.9698739142063495,2.990772279971992
2010-09-21,1.9634182645208633,2.9835660541206193
2010-09-22,1.962236744561443,2.9846890011076646
2010-09-23,1.9648065745218382,2.9860843827065797
2010-09-24,1.958415057444873,2.9846819451575026
2010-09-27,1.9568624324421464,2.9855641544604747
2010-09-28,1.9493281458621432,2.978210543783105
2010-09-29,1.9491435115940254,2.9788821974625943
2010-09-30,2.0,2.999999999999999
2010-10-01,1.9958262833568698,2.9950922173760466
2010-10-04,1.998512860596921,2.9956112166576996
2010-10-05,1.9826469782017,2.9849218607657106
2010-10-06,1.9752839700982017,2.979982872911342
2010-10-07,1.9830538700524585,2.9845709579993964
2010-10-08,1.9697989532791522,2.974866371543211
2010-10-11,1.970174305950687,2.9744704489370766
2010-10-12,1.9718630260562535,2.976216424221411
2010-10-13,1.9626715374367105,2.9669523773369533
2010-10-14,1.9623013386874897,2.9598364416373477
2010-10-15,1.9707378154596706,2.965963497093909
2010-10-18,1.9646520854383671,2.9653441329622106
2010-10-19,1.9791638824907942,2.977591870186631
2010-10-20,1.9692908935260667,2.974226273986901
2010-10-21,1.9766543833472765,2.978254200559648
2010-10-22,1.9726115611980086,2.978360077651891
2010-10-25,1.9673483501485232,2.974133357293066
2010-10-26,1.9708067378796366,2.9745667357050705
2010-10-27,1.9784595727210494,2.9808126377259168
2010-10-28,1.9731991777406894,2.9750257161333877
2010-10-29,2.0,3.000000000000001
2010-11-01,1.9996473946454452,3.000797314402994
2010-11-02,1.9903690177746325,2.9990637029603207
2010-11-03,1.9926949382880974,2.999341424495607
2010-11-04,1.9730119944834603,2.9863232408267106
2010-11-05,1.9747988774881267,2.98618541599117
2010-11-08,1.970703842962688,2.9828791709410916
2010-11-09,1.9852891339514582,2.990634559859852
2010-11-10,1.9761539090787055,2.9818252408288504
2010-11-11,1.9785653992479237,2.9825125085196604
2010-11-12,1.9999265363398167,2.9962632843423025
2010-11-15,2.0106517322703024,3.0017034545175316
2010-11-16,2.019445352379058,3.011921967660424
2010-11-17,2.0216365057613674,3.012490522843894
2010-11-18,2.005797122279781,3.0074504855377406
2010-11-19,2.0046442907340194,3.0075426731852946
2010-11-22,1.9993550116297047,3.0019700507123046
2010-11-23,2.0027042666675383,2.9996702807648727
2010-11-24,1.998906938362557,2.999496624358426
2010-11-26,2.000262015088459,3.002165719912746
2010-11-29,1.9973258812323709,3.004027212970606
2010-11-30,1.9999999999999998,3.0000000000000004
2010-12-01,1.9938617975341806,3.00086623969805
2010-12-02,1.9893265166523915,3.002589681977105
2010-12-03,1.9838090058732687,2.9940670932701217
2010-12-06,1.9779932335818986,2.992600537195846
2010-12-07,1.9900997722359188,3.0001374136860943
2010-12-08,1.9958121501148678,3.008162366678194
2010-12-09,1.9946080898707705,3.0098915254319762
2010-12-10,1.996006234006632,3.0121955110910448
2010-12-13,1.9889050995584125,3.0079304563247775
2010-12-14,1.9962009146126676,3.0118344133061776
2010-12-15,2.000769751945753,3.0101056632217746
2010-12-16,1.9968790527401865,3.011443303361743
2010-12-17,1.9886568315976576,3.01069196479674
2010-12-20,1.9852865321705262,3.0080837778471454
2010-12-21,1.9799050128852056,3.0074207668527007
2010-12-22,1.9797882983604216,3.0072203525112213
2010-12-23,1.982696486630606,3.0110163979323366
2010-12-27,1.9818721257269925,3.013718059977548
2010-12-28,1.9821259101690678,3.0088218615157465
2010-12-29,1.9747479519222761,3.0064969064189593
2010-12-30,1.9794367094955592,3.0101589240813764
2010-12-31,1.9999999999999998,2.9999999999999996
2011-01-03,2.0000749601888757,3.0033680426561333
2011-01-04,2.0067069129564707,3.0117523900731697
2011-01-05,2.009209150537574,3.0109178322354784
2011-01-06,2.0123507769987836,3.012475987102275
2011-01-07,2.0124865175964897,3.0129403753468122
2011-01-10,2.0065269853053804,3.0101069211400198
2011-01-11,2.002570233114559,3.007432135065637
2011-01-12,1.9987299770913924,3.0045956584869855
2011-01-13,1.9994113501839066,3.008358074859763
2011-01-14,2.001004975805522,3.0140427005425297
2011-01-18,2.000170671813515,3.0116611157163824
2011-01-19,2.003986135618639,3.0139243836868035
2011-01-20,2.0191855824090554,3.02584125027761
2011-01-21,2.0146933280616413,3.027444497959088
2011-01-24,2.0157291052407094,3.029626389385843
2011-01-25,2.015696084783345,3.03094571324472
2011-01-26,2.0097520986095367,3.024381411658948
2011-01-27,2.013861696589606,3.0346363854024925
2011-01-28,2.011700880208379,3.0272553959180906
2011-01-31,1.9999999999999996,3.0
2011-02-01,1.992332616121642,2.9977047900201086
2011-02-02,1.9925987273277124,2.9997512116393916
2011-02-03,1.9947656598564736,2.9980649589205637
2011-02-04,2.0000148372208026,3.0018391380073273
2011-02-07,1.997731487487402,3.0044527523109843
2011-02-08,1.9952369593340413,3.0010003616575074
2011-02-09,1.9937824763351304,3.0028035174226937
2011-02-10,2.0001265295487367,3.0055312794369744
2011-02-11,1.9954852952881563,3.0080307690263273
2011-02-14,1.99142517836893,3.006102892303107
2011-02-15,1.9935833443975925,3.0050483335185345
2011-02-16,1.9899118758843406,3.003321597713862
2011-02-17,1.9841262594118705,2.9997687382563316
2011-02-18,1.9805703889122257,2.99579287154782
2011-02-22,1.9813915946113907,2.9935670561306593
2011-02-23,1.9753419691245968,2.9883195858645277
2011-02-24,1.9770523448792316,2.989314831084999
2011-02-25,1.9631090971913636,2.984106125441807
2011-02-28,1.9999999999999998,2.9999999999999996
2011-03-01,1.9955725550147505,2.9897738625403485
2011-03-02,1.996895617383294,2.988291380570218
2011-03-03,1.9961297553694333,2.99324199582123
2011-03-04,1.99001591789748,2.9869770900938164
2011-03-07,1.9940313474809486,2.9859081606933353
2011-03-08,1.9943876976765447,2.9864127382658054
2011-03-09,1.9921083828502135,2.9877518526018476
2011-03-10,2.0003825651528433,2.9932099760195214
2011-03-11,2.0012087913681023,2.994031605893316
2011-03-14,2.002011206856175,2.992009573628841
2011-03-15,2.016136803948003,3.0032567556215977
2011-03-16,2.015844729486353,2.9992623424122717
2011-03-17,2.004492361424287,2.995173998502454
2011-03-18,1.998461000258912,2.9916375882035724
2011-03-21,1.992575808220512,2.9919667170092024
2011-03-22,1.9923730716566963,2.994023221205529
2011-03-23,1.9899604213534023,2.9921446457356398
2011-03-24,1.9886737911889947,2.9935515566888315
2011-03-25,1.9894799043250577,2.9960355409375374
2011-03-28,1.9934145518524307,2.9981187984378748
2011-03-29,1.9920745397560968,2.9983546754005017
2011-03-30,1.9861100427655773,2.996959352104972
2011-03-31,1.9999999999999996,3.0
2011-04-01,1.9958210910746403,3.0011314274397107
2011-04-04,1.9901559098516515,2.9974464381621115
2011-04-05,1.9890462075585205,2.9920245821323737
2011-04-06,1.9914990271508373,2.9918203082381787
2011-04-07,1.991197536987582,2.9901559928020505
2011-04-08,1.9845801132580858,2.9847479176201244
2011-04-11,1.992843830064372,2.989846887731737
2011-04-12,1.9979141937239322,2.99345792338269
2011-04-13,1.9928448351397017,2.9920841793521
2011-04-14,1.9885529979125594,2.9877965350715225
2011-04-15,1.9792257323299582,2.9831411935833714
2011-04-18,1.9823576286851359,2.9828992655300737
2011-04-19,1.9775876640566417,2.9824139492763315
2011-04-20,1.9699771868844602,2.9806226814464694
2011-04-21,1.965445635008393,2.980179036305916
2011-04-25,1.9651083224291892,2.9794973768055586
2011-04-26,1.9627256842260077,2.9804142566648246
2011-04-27,1.956337130182361,2.974203583817076
2011-04-28,1.9534325224122764,2.9724839772808758
2011-04-29,2.0,3.0000000000000004
2011-05-02,2.0083843276806914,3.004593821911213
2011-05-03,2.0148342262498806,3.0078781565323545
2011-05-04,2.024664412401434,3.0142417700119304
2011-05-05,2.050682238686461,3.0281475015972203
2011-05-06,2.0476062559790056,3.0233116914918026
2011-05-09,2.03152237256958,3.015727173383147
2011-05-10,2.027716382835326,3.0146399533728703
2011-05-11,2.045614968663505,3.0230619132491823
2011-05-12,2.0466965317548027,3.022715912332066
2011-05-13,2.047733789498838,3.027489885408032
2011-05-16,2.054603760422697,3.0299487074723612
2011-05-17,2.052622209419209,3.0330435051480396
2011-05-18,2.0451867403348496,3.029394381059877
2011-05-19,2.04666648620525,3.030150424388192
2011-05-20,2.0464738234396114,3.026312534557019
2011-05-23,2.0546358781312977,3.028306880496938
2011-05-24,2.0459263745541643,3.0238614909155963
2011-05-25,2.0381652171163203,3.02099746670716
2011-05-26,2.0329049908786767,3.020549353421732
2011-05-27,2.0276002293636135,3.0158974877423517
2011-05-31,1.9999999999999998,3.0
2011-06-01,2.0090315335825486,2.9991790649846144
2011-06-02,2.012749278747968,2.998662717411172
2011-06-03,2.012354518098272,2.996083562557603
2011-06-06,2.0199853226109448,2.99502817090857
2011-06-07,2.0159157078855485,2.9946048917469286
2011-06-08,2.0167777019248647,2.999398934549188
2011-06-09,2.012736392553693,2.998220793481912
2011-06-10,2.0225393953560316,3.0031348043820034
2011-06-13,2.0277935450608715,3.0059085035756934
2011-06-14,2.022762636702323,3.0025264720368305
2011-06-15,2.02995857029014,3.002994560792157
2011-06-16,2.0311864065510847,3.006075716131002
2011-06-17,2.030771455886544,3.0036966051523697
2011-06-20,2.031684665517621,3.0063950574278167
2011-06-21,2.023428890866795,3.001441272269293
2011-06-22,2.0257746588833787,3.002876086643438
2011-06-23,2.0298474217660476,3.005378159463229
2011-06-24,2.0373146273574507,3.005622972478085
2011-06-27,2.039156003593971,3.0062807354474845
2011-06-28,2.032676945705452,3.006586421678733
2011-06-29,2.0244223321310963,3.003216014596173
2011-06-30,2.0,2.9999999999999996
2011-07-01,1.9964645537266719,3.0021294114770534
2011-07-05,1.989144051957521,2.9957341559856885
2011-07-06,1.9855201065640318,2.9925282719345336
2011-07-07,1.9768390918827508,2.9911630963595335
2011-07-08,1.975664574037721,2.98929224937876
2011-07-11,1.9804943857435031,2.986858829697628
2011-07-12,1.9775193217038358,2.9829837045672543
2011-07-13,1.967437453945857,2.977782109128374
2011-07-14,1.9759060677612232,2.9805580118972497
2011-07-15,1.969562787764651,2.977812049898583
2011-07-18,1.9730756886223149,2.9746258521923292
2011-07-19,1.9643136413409261,2.9787008643094346
2011-07-20,1.9645686349505247,2.976991393673238
2011-07-21,1.9644695772046754,2.9800990513577017
2011-07-22,1.9581703518872133,2.97610579799939
2011-07-25,1.9618178960729382,2.9728178349458663
2011-07-26,1.959430519276756,2.9727907522993497
2011-07-27,1.9693409543735132,2.974183560082229
2011-07-28,1.9691682513390374,2.9716778601112863
2011-07-29,2.0,3.0
2011-08-01,2.000489860364703,3.001802342226684
2011-08-02,2.000393253595652,2.996656461084746
2011-08-03,2.0030193960639093,3.001344430023443
2011-08-04,2.027819093444026,3.0069570967832213
2011-08-05,2.037822328521446,3.010480387382537
2011-08-08,2.0589388842209337,2.996160027086964
2011-08-09,2.0346526357182233,2.9899450443123103
2011-08-10,2.030818117357583,2.969187621207902
2011-08-11,2.031115566369853,2.989706630653554
2011-08-12,2.0233013832233335,2.9901759970027304
2011-08-15,2.0144736453533203,2.9893606337421588
2011-08-16,2.0133191629669605,2.986593132555757
2011-08-17,2.005607893116131,2.983800458086642
2011-08-18,2.0257489616977433,2.984543995517105
2011-08-19,2.0217638574347516,2.97907680856759
2011-08-22,2.0180760251914944,2.971224257962055
2011-08-23,2.0159376460872807,2.988437598107612
2011-08-24,2.031157784026654,3.00958440138172
2011-08-25,2.029874714834029,3.0054629654456138
2011-08-26,2.0147964046403515,2.9941023684365424
2011-08-29,2.010388824147176,3.003597061682659
2011-08-30,1.9979341965874742,2.9912471389322204
2011-08-31,1.9999999999999998,3.0000000000000004
2011-09-01,1.9988173415224892,3.001156167346584
2011-09-02,1.9946151594967165,2.9936070029306547
2011-09-06,2.0014273251172052,3.0023266598220295
2011-09-07,1.9974564949319862,3.0088672094774056
2011-09-08,1.9961574839029488,3.000318235120909
2011-09-09,2.008636855087365,3.006994869658284
2011-09-12,2.013531299775086,3.0183100605946858
2011-09-13,2.012713855693876,3.01430799850764
2011-09-14,2.009565658489057,3.0189680861768173
2011-09-15,2.0089980683415174,3.0222641198950977
2011-09-16,2.005231272268969,3.020222525396203
2011-09-19,2.0126469581159685,3.0308894960680814
2011-09-20,2.0097511834501813,3.024984274454691
2011-09-21,2.018286802056383,3.0359114879864473
2011-09-22,2.0389478331166435,3.0536686925084484
2011-09-23,2.060346367230548,3.075558870650302
2011-09-26,2.0605822757399306,3.084279683708032
2011-09-27,2.0486891351137366,3.071075755920683
2011-09-28,2.071162983246082,3.0863409590047
2011-09-29,2.061789164786445,3.0841590668987684
2011-09-30,2.0,3.0000000000000004
2011-10-03,2.000674149489521,2.9976984120385097
2011-10-04,1.9962946481055768,2.9983137290881796
2011-10-05,1.9867422647885087,2.9916487540637124
2011-10-06,1.9741527399943009,2.9818408295051713
2011-10-07,1.9839448019369417,2.988060913927165
2011-10-10,1.9678940893878982,2.975738624965786
2011-10-11,1.9656675398845467,2.9752394719387443
2011-10-12,1.9639853423815101,2.9703630189364794
2011-10-13,1.9639841670966514,2.973833095558197
2011-10-14,1.9550858903423227,2.9665569210170375
2011-10-17,1.9631334834015743,2.975167753961642
2011-10-18,1.9538869261782315,2.9689727005542053
2011-10-19,1.9673556951724738,2.9787854354673278
2011-10-20,1.9702892824343408,2.982186236173354
2011-10-21,1.961940548618087,2.9734000114189936
2011-10-24,1.9489319063117656,2.963040708646598
2011-10-25,1.943008066244795,2.9579692380781917
2011-10-26,1.9417226373157954,2.950096227953524
2011-10-27,1.9256856026908942,2.9320878620041544
2011-10-28,1.923995285778013,2.932704571394844
2011-10-31,2.0,3.000000000000001
2011-11-01,2.0020443754512405,3.000139890711037
2011-11-02,1.995113207563383,2.9944819477786826
2011-11-03,1.9884090474363652,2.9880078989764978
2011-11-04,1.988184288470066,2.9868728937783926
2011-11-07,1.977330051256162,2.977466120690655
2011-11-08,1.9782822760949443,2.981642834973801
2011-11-09,1.9961489525510805,2.994142597234061
2011-11-10,1.9959287715308596,2.992752967265829
2011-11-11,1.9861808483041519,2.9850720429476696
2011-11-14,1.9902827569081292,2.9903680479974555
2011-11-15,1.9883173032040644,2.991342711516059
2011-11-16,1.9966487033820268,2.9986023810588707
2011-11-17,2.011183986217451,3.010310102608652
2011-11-18,2.0105118290641206,3.010021777428942
2011-11-21,2.0232904604913453,3.0225975721735248
2011-11-22,2.0163620352337386,3.0180232805168767
2011-11-23,2.025931651238851,3.0201744258452266
2011-11-25,2.0369939002599535,3.025870995441717
2011-11-28,2.0169642260832816,3.0139647844921087
2011-11-29,2.015283217637069,3.013118343407772
2011-11-30,2.0000000000000004,3.0
2011-12-01,2.0032521024681382,3.0020524045448482
2011-12-02,1.9961339775447648,2.9991607495148074
2011-12-05,1.9960417618327553,3.002570817042255
2011-12-06,1.9962486157188528,3.0016809187294844
2011-12-07,1.9977861765446405,3.0025268464569375
2011-12-08,2.0108736857603,3.015544583544988
2011-12-09,2.0088188067808113,3.0142469637049802
2011-12-12,2.017484685094033,3.024039050580498
2011-12-13,2.0212084715413536,3.0320468445210107
2011-12-14,2.0350777097938133,3.0474062430522557
2011-12-15,2.036645912058421,3.049887171288722
2011-12-16,2.0276299202193617,3.043038872088387
2011-12-19,2.0299450949353632,3.043436984793002
2011-12-20,2.016756736349784,3.0349713785591126
2011-12-21,2.0195441814056845,3.036348048462042
2011-12-22,2.016765620353392,3.039091186243869
2011-12-23,2.0163401034843935,3.0385798425180934
2011-12-27,2.017187203384782,3.0431408395096065
2011-12-28,2.0245054579681914,3.053401592872183
2011-12-29,2.019057924627552,3.0542790374498012
2011-12-30,1.9999999999999996,2.9999999999999996
2012-01-03,1.9852001287807783,2.9884306404061527
2012-01-04,1.9858777064200002,2.9863983199828636
2012-01-05,1.9876673677340457,2.9856899026383577
2012-01-06,1.9862053096566408,2.986397205398426
2012-01-09,1.9845195722040665,2.986222997023137
2012-01-10,1.9784721194211157,2.981818271646188
2012-01-11,1.9747301273522566,2.9794905269850314
2012-01-12,1.9773340025361659,2.9801146275648507
2012-01-13,1.9807547313142888,2.986095961758086
2012-01-17,1.973321265493086,2.97940338457625
2012-01-18,1.971970078991143,2.975483233717534
2012-01-19,1.9730102158821872,2.976392273997836
2012-01-20,1.974073905270471,2.976090083047663
2012-01-23,1.9728464912226507,2.973502167735274
2012-01-24,1.9734904128591626,2.9749488327913998
2012-01-25,1.9613578285145326,2.9605960222185654
2012-01-26,1.9559352983242597,2.9565917273406366
2012-01-27,1.9510710169696022,2.9514724003379835
2012-01-30,1.9526135107380518,2.95440572995655
2012-01-31,2.0,3.0
2012-02-01,1.996507220238502,2.996905983019051
2012-02-02,1.993163904598733,2.993293660254452
2012-02-03,1.9961185000401935,3.000018222633488
2012-02-06,1.991828366245805,2.999089619044634
2012-02-07,1.9934272096179722,2.996502924819648
2012-02-08,1.9923058669192628,2.998095724038036
2012-02-09,1.9946404419696704,3.000328887266983
2012-02-10,1.997880809354307,3.0044452407923075
2012-02-13,1.9924655870030887,3.00118419948468
2012-02-14,1.9929108774141173,3.002389022333125
2012-02-15,1.9923152776827655,2.9991108545385123
2012-02-16,1.9895198849255935,2.9982790665284966
2012-02-17,1.9909999233039868,3.000716760925484
2012-02-21,1.9867857066627999,2.993684890771548
2012-02-22,1.980082331926909,2.9883856769974027
2012-02-23,1.9755330471686143,2.986474063596865
2012-02-24,1.972944994349341,2.9882495733578276
2012-02-27,1.9732092406342783,2.990867596113225
2012-02-28,1.9698923747826729,2.9874709669121335
2012-02-29,2.0,3.0
2012-03-01,1.994793120412914,2.994667098749661
2012-03-02,1.9988884786034748,2.9987557801345432
2012-03-05,2.0065115791684973,3.003345444863989
2012-03-06,2.016255055056651,3.011831606050358
2012-03-07,2.011651373363775,3.007654194369626
2012-03-08,2.0064407431933216,3.0026808332600776
2012-03-09,2.001447480521045,2.998291542205135
2012-03-12,2.002885278770449,2.9998672677942606
2012-03-13,2.003076075598144,3.0039723423594777
2012-03-14,2.019006998808931,3.0153489693267406
2012-03-15,2.014639754091534,3.011804680674318
2012-03-16,2.010366465754678,3.0098535676969873
2012-03-19,2.01239059386974,3.0098361180405813
2012-03-20,2.0195476445400984,3.01662276664328
2012-03-21,2.0177272747654804,3.017341757452453
2012-03-22,2.0228525332428253,3.0202364488627857
2012-03-23,2.01327512675532,3.0140633444000247
2012-03-26,2.0061543879775496,3.0073862269925624
2012-03-27,2.006470789608878,3.008773911316446
2012-03-28,2.013322664467731,3.0143890580890025
2012-03-29,2.015462886232048,3.0170103165918367
2012-03-30,1.9999999999999998,3.0000000000000004
2012-04-02,1.9894659581594245,2.9938592243933027
2012-04-03,2.0013285041466538,3.0037631022476243
2012-04-04,2.0113769544279645,3.0147007529882965
2012-04-05,2.0074922065291703,3.012083077014248
2012-04-09,2.0053659008986537,3.010125942637109
2012-04-10,2.0081132041976364,3.0068369190278132
2012-04-11,2.0061852626448986,3.0046299943630106
2012-04-12,1.9986586135348654,3.001122683891032
2012-04-13,2.001926389264643,3.0036847299105998
2012-04-16,2.0052773477144052,3.006368052045013
2012-04-17,1.998919517504148,3.005113281589569
2012-04-18,2.0034195551067273,3.0092240618461945
2012-04-19,2.005743767498682,3.0105292705450633
2012-04-20,2.0025497461518285,3.0075802778126506
2012-04-23,2.006533346171754,3.0100804150080736
2012-04-24,2.006199151720766,3.0093873075475224
2012-04-25,2.001968739098289,3.0080853766864872
2012-04-26,1.9948653991245076,3.0026879678998757
2012-04-27,1.9929103759766786,3.0019633862185335
2012-04-30,2.0,3.0
2012-05-01,1.9997246578278636,3.0008367471976416
2012-05-02,2.002422701363888,3.0034236450118006
2012-05-03,2.0107425116821385,3.0101376647047156
2012-05-04,2.017217838075017,3.011530969270902
2012-05-07,2.017607770309252,3.0118591431663813
2012-05-08,2.0220278323281207,3.018738037732317
2012-05-09,2.027963297310384,3.023919652561762
2012-05-10,2.0268432402701695,3.0214815965172925
2012-05-11,2.0292599832837626,3.025577642075104
2012-05-14,2.0347032267640226,3.0308415684028907
2012-05-15,2.0370079816662088,3.033322778087518
2012-05-16,2.040768863591366,3.036533745110813
2012-05-17,2.0371310460024095,3.0294433244811465
2012-05-18,2.036877595821996,3.0254609535900316
2012-05-21,2.027511802770511,3.0223674133956013
2012-05-22,2.0365723775175986,3.030287713981451
2012-05-23,2.038612295502446,3.0328435607420476
2012-05-24,2.0397681416853266,3.035389979053889
2012-05-25,2.037562202520449,3.0322731333264006
2012-05-29,2.0381074752109485,3.0367835252971416
2012-05-30,2.039110446997515,3.0351789482377183
2012-05-31,2.0000000000000004,3.0000000000000004
2012-06-01,2.002452563401877,2.9948873724309615
2012-06-04,2.0036732768837378,2.994935614520318
2012-06-05,2.0044913736813568,2.9959655088850528
2012-06-06,1.9967294188786189,2.993548497327411
2012-06-07,2.001743798070714,3.0002839882518155
2012-06-08,1.9983321262264406,2.9988726796294967
2012-06-11,2.006579334733031,3.003367739266844
2012-06-12,2.002822769411874,3.00106981986708
2012-06-13,2.004122910321496,3.0016325696729997
2012-06-14,1.9993295066492487,3.0001162727844704
2012-06-15,1.9923367261782057,2.9964271059308
2012-06-18,1.990397877905911,2.99610310092879
2012-06-19,1.987956214301162,2.9942930560666237
2012-06-20,1.9928841260005616,2.999411620049898
2012-06-21,2.0118283112601603,3.0147056917742074
2012-06-22,2.010549927729459,3.013044154388113
2012-06-25,2.006871792794672,3.008486463222904
2012-06-26,2.0066780421005435,3.0101590344353437
2012-06-27,2.001506486598373,3.0077702018992443
2012-06-28,2.006709318532798,3.013005788812251
2012-06-29,1.9999999999999996,3.0
2012-07-02,1.9962813789170615,3.0000082905422407
2012-07-03,1.9843454622862318,2.9886411459585567
2012-07-05,1.9849144526635274,2.9896099094202673
2012-07-06,1.9936018935571183,2.997256042009818
2012-07-09,1.9867144725380876,2.9926167077418686
2012-07-10,1.9929685770337104,2.996676183410806
2012-07-11,1.989698010388179,2.9939620924708725
2012-07-12,1.9889457072501615,2.992795589234477
2012-07-13,1.9807019922375189,2.988160621780347
2012-07-16,1.9763724749600948,2.9841005574155437
2012-07-17,1.977886219395938,2.9879591656483866
2012-07-18,1.9743905967476925,2.987946911678233
2012-07-19,1.9705072798948582,2.984473138511739
2012-07-20,1.9702248250393761,2.9837873891932865
2012-07-23,1.980085639448283,2.991896121567824
2012-07-24,1.9826011188370156,2.9929797245825
2012-07-25,1.978830888746249,2.989172228075975
2012-07-26,1.9758383542656177,2.989531386262231
2012-07-27,1.9712506479772733,2.987184336328771
2012-07-30,1.9676742583638953,2.9864993287594803
2012-07-31,2.0000000000000004,2.999999999999999
2012-08-01,2.0039703039344454,3.0033691345731794
2012-08-02,2.008386756055781,3.00731734254248
2012-08-03,1.999091818342089,3.0011782459568286
2012-08-06,1.9950249537213722,2.99729616912806
2012-08-07,1.9936670040819378,2.99474724802905
2012-08-08,1.9956585232509487,2.9965122357059673
2012-08-09,1.9935041041857813,2.994912828120442
2012-08-10,1.9933386763247216,2.9961006267377295
2012-08-13,1.9977488419222882,3.0000526499683704
2012-08-14,2.0029767639478973,3.0039466962260177
2012-08-15,2.005828610705964,3.0042856357232615
2012-08-16,2.0032543609605313,3.0017105781634705
2012-08-17,2.001128646887456,3.0012643895170905
2012-08-20,1.9988153829385655,3.0011206190898765
2012-08-21,1.994033339072728,2.9967620163407656
2012-08-22,1.9846083590379235,2.9907440820296967
2012-08-23,1.9828494733790636,2.9865015039068026
2012-08-24,1.9832828676347054,2.9892588730056007
2012-08-27,1.9824522107240614,2.9906591233495803
2012-08-28,1.9801695330828302,2.9883290162925227
2012-08-29,1.9830702200976191,2.9917734702293726
2012-08-30,1.9857113790598313,2.9935787131689273
2012-08-31,2.0,3.0
2012-09-04,1.9992531940584115,3.000055801094999
2012-09-05,2.000936997955509,3.00013613395618
2012-09-06,1.9990851479401635,3.0033894775700776
2012-09-07,1.990434400298536,2.9928463716557707
2012-09-10,1.9922330646163853,2.993792044027303
2012-09-11,1.991225656210318,2.9923804062647115
2012-09-12,1.9930141618001964,2.9934085836373794
2012-09-13,1.979621887019469,2.982206335878123
2012-09-14,1.976321604910775,2.973438897972702
2012-09-17,1.9834449803504877,2.9814436664324546
2012-09-18,1.98424984048504,2.9835215626077956
2012-09-19,1.9861420143188373,2.9862630705502635
2012-09-20,1.9872643475856107,2.9895287174598804
2012-09-21,1.985197805793671,2.987632865482367
2012-09-24,1.9886473585451887,2.991972868149098
2012-09-25,1.9916708674256733,2.9938338913797145
2012-09-26,1.9929824588974512,2.9960385201146758
2012-09-27,1.9856207527989778,2.9900021780400694
2012-09-28,2.0,3.0
2012-10-01,1.996887461380851,2.998440377571781
2012-10-02,1.9961090709099807,2.9964929643795726
2012-10-03,1.9990759174992783,2.999644083309375
2012-10-04,1.9920128583824304,2.9940771495536356
2012-10-05,1.9971698616428892,2.997142250528044
2012-10-08,1.9981085759597512,2.9978426410589387
2012-10-09,2.002312507907136,2.999929853323743
2012-10-10,2.0035339448274008,3.0006654079947266
2012-10-11,1.999601814308492,2.999185737203474
2012-10-12,2.0055817633571054,3.0042077034764927
2012-10-15,2.0070389851222292,3.008862674206854
2012-10-16,2.0065049830860913,3.009820161742327
2012-10-17,2.006413983736008,3.0103573491487876
2012-10-18,2.009756573992227,3.011677854150593
2012-10-19,2.017066732444203,3.0145985434838303
2012-10-22,2.0184187498165858,3.0144291054189707
2012-10-23,2.0244424309537763,3.0176332298677564
2012-10-24,2.0286091124502086,3.019253285100874
2012-10-25,2.0276456771750473,3.018708656508035
2012-10-26,2.0237490465118846,3.017703139378412
2012-10-31,2.0,3.0000000000000004
2012-11-01,1.9978539726095774,3.001761433186366
2012-11-02,2.0093667773381534,3.0100188982749145
2012-11-05,2.0039817771192108,3.0063314911894268
2012-11-06,1.9969799923706566,3.0012315751488137
2012-11-07,2.003223817349998,2.9986493332426205
2012-11-08,2.0008029876562454,2.9924409149187494
2012-11-09,2.0009628044473398,2.994727992214957
2012-11-12,2.0008603374281275,2.9946424542954326
2012-11-13,2.0028237874379298,2.9961914755187506
2012-11-14,2.006566022719926,2.9953079971766456
2012-11-15,2.0096313910034618,2.998189649588097
2012-11-16,2.0073612964742864,2.9979029628970344
2012-11-19,1.9962732352387398,2.9955073238569674
2012-11-20,2.0001965757651625,2.9988600667824894
2012-11-21,1.9994922892261975,2.999953386142917
2012-11-23,1.9930292407347363,2.998524803989332
2012-11-26,1.9919086249871918,2.997055322479582
2012-11-27,1.993631961664809,2.997989453320323
2012-11-28,1.992507722860716,3.00078462525397
2012-11-29,1.986966941967232,2.9973463504024433
2012-11-30,2.0,3.0
2012-12-03,1.9987434651291085,2.9965247695333836
2012-12-04,2.0021772736509544,3.00033291670586
2012-12-05,2.001657323228522,3.000149673106763
2012-12-06,2.00121143462972,2.9999413091107177
2012-12-07,2.0014283487034183,3.0002073508254496
2012-12-10,1.9999018852567543,2.99854225432736
2012-12-11,2.000037763457712,3.00071304883516
2012-12-12,2.0007650270411683,3.0020285575479764
2012-12-13,2.0082380229917574,3.0077660100843917
2012-12-14,2.007243533165285,3.0063547364989947
2012-12-17,2.006409014918981,3.008663810673825
2012-12-18,2.0067451563074123,3.013856316294212
2012-12-19,2.0077043510686856,3.012135670623061
2012-12-20,2.0096244007141855,3.016132869744922
2012-12-21,2.010348235327515,3.013944019214349
2012-12-24,2.0127618800425098,3.0146633140451424
2012-12-26,2.0111296471662703,3.0126992851579737
2012-12-27,2.0097511727170114,3.011151127763624
2012-12-28,2.0139229513728245,3.012438647510583
2012-12-31,2.0,3.000000000000001
2013-01-02,1.9899218789896105,2.9977366690244716
2013-01-03,1.9987164621061253,3.005971253199456
2013-01-04,1.9983253776309173,3.0086474770993936
2013-01-07,1.998686965213082,3.0084491530703255
2013-01-08,1.9975426158850411,3.0066055170025847
2013-01-09,1.9962546439997848,3.0054914900343372
2013-01-10,1.9921036631437197,3.0035782437402636
2013-01-11,1.9935108816119935,3.0064687802960672
2013-01-14,1.991033635995619,3.0043045697360378
2013-01-15,1.98963619542289,3.00293692507785
2013-01-16,1.9896367044800296,3.0037034170924453
2013-01-17,1.9867092432947178,3.002255567870832
2013-01-18,1.9837170681035203,3.001856204774887
2013-01-22,1.9804104457933263,3.0010479414798796
2013-01-23,1.9801401348076693,3.0019283046765755
2013-01-24,1.9820916532309567,3.004356954705002
2013-01-25,1.9841301634683626,3.007423796463889
2013-01-28,1.9860356487613833,3.00861332274336
2013-01-29,1.983508748167294,3.007656750925418
2013-01-30,1.9815137068475162,3.0049867789133295
2013-01-31,1.9999999999999998,2.9999999999999996
2013-02-01,1.9975822047080338,3.001691459482313
2013-02-04,1.9994069823664893,2.9989138077635418
2013-02-05,1.9970546278957235,3.000567492382886
2013-02-06,1.9955518133133234,2.9999098601418837
2013-02-07,1.9985949888639436,3.0022984335649054
2013-02-08,1.9962458995151322,3.003371421118806
2013-02-11,1.9998731020664728,3.008059104796498
2013-02-12,1.9988100033812013,3.0074695518531334
2013-02-13,2.000581107682405,3.0095239312356625
2013-02-14,2.000762583818877,3.0112943900492217
2013-02-15,2.006584692285268,3.018427828199065
2013-02-19,2.0052473777158877,3.0187290806942553
2013-02-20,2.016527927753607,3.027588521734712
2013-02-21,2.0210091718766456,3.0288342866871316
2013-02-22,2.015761873154627,3.026592973037625
2013-02-25,2.0197159058074927,3.024165338052674
2013-02-26,2.017314382399391,3.022994884874465
2013-02-27,2.016303925696786,3.0269139383600425
2013-02-28,2.0,2.999999999999999
2013-03-01,1.9991024579697774,3.000274843670285
2013-03-04,1.9999478975362142,3.0031515858032356
2013-03-05,1.9946516315073015,3.0018689724700933
2013-03-06,1.9947422631111802,3.0009499766929673
2013-03-07,1.9949418162330501,3.002523926593477
2013-03-08,1.9941148825470922,3.0027765074317654
2013-03-11,1.9929504560034932,3.0033887274364632
2013-03-12,1.9912829462277597,3.0013020050842334
2013-03-13,1.9929101099406845,3.0030145733361215
2013-03-14,1.9900619401864037,3.001399603651851
2013-03-15,1.9896818725168444,3.001163977936803
2013-03-18,1.9906643513973543,2.999492178281759
2013-03-19,1.9919611067839589,2.999770513417287
2013-03-20,1.9903217990336286,3.0007972516359342
2013-03-21,1.9921515897710467,3.000700821489367
2013-03-22,1.99005362943066,3.0014901968332466
2013-03-25,1.9910895751314563,3.0014993351998362
2013-03-26,1.9873852311408056,3.0020594554907962
2013-03-27,1.9846434747205184,2.9996297398434666
2013-03-28,2.0,3.0000000000000004
2013-04-01,2.000123267010535,2.999104068951664
2013-04-02,2.003353572815017,3.004664114226707
2013-04-03,2.011814972595644,3.009850194844947
2013-04-04,2.008423259581389,3.008187417472488
2013-04-05,2.0050595495059453,3.002190804172177
2013-04-08,2.004872139627504,3.0062575443223007
2013-04-09,2.001717428911228,3.005323369853665
2013-04-10,2.002513821309082,3.0127580823342353
2013-04-11,2.0004010399074166,3.010333755886205
2013-04-12,2.0095773699508523,3.023601159891453
2013-04-15,2.0396990201060916,3.053639034601934
2013-04-16,2.0306608526253234,3.0498529998325945
2013-04-17,2.039063470324413,3.0520580846895964
2013-04-18,2.039881415982912,3.0522882800469184
2013-04-19,2.0346094418659746,3.046875667423138
2013-04-22,2.028604227133823,3.0393391195371584
2013-04-23,2.027490401851445,3.0410896876426508
2013-04-24,2.0224196164810806,3.0356003665972553
2013-04-25,2.013324869078601,3.0265186338208268
2013-04-26,2.0149478483150887,3.0269855555759864
2013-04-29,2.008254698301674,3.0234790754555774
2013-04-30,2.0,3.0
2013-05-01,2.0093760848316937,3.0083558824554597
2013-05-02,2.0032950949136685,3.005454124761351
2013-05-03,2.0006169183389915,3.00743831280858
2013-05-06,1.9992450197661542,3.0067278457209077
2013-05-07,2.000913972687281,3.0112613354722706
2013-05-08,1.997396059013146,3.008485669435553
2013-05-09,1.997601733111107,3.0081586317966567
2013-05-10,1.9981428643496342,3.010523346856272
2013-05-13,1.999596192304187,3.012916037543492
2013-05-14,2.0010452250614494,3.018403751635808
2013-05-15,2.0037184345166956,3.025250727535148
2013-05-16,2.002757830118533,3.0237583927856213
2013-05-17,2.0047571841065626,3.0317534834829223
2013-05-20,1.9984683073693212,3.023148225279948
2013-05-21,2.001796748675713,3.028192708737672
2013-05-22,2.0107410031050783,3.038580164694297
2013-05-23,2.0070840058501207,3.032664938230992
2013-05-24,2.008693048967527,3.034148332071762
2013-05-28,2.007239115561593,3.034424228090569
2013-05-29,2.0103675019501557,3.037563780341471
2013-05-30,2.00833491856764,3.036591948826659
2013-05-31,2.0,2.9999999999999996
2013-06-03,1.9933092016518539,2.9952065286105203
2013-06-04,1.9964940550543506,2.9977205799894464
2013-06-05,2.0009755543842815,2.9989664830192173
2013-06-06,1.996617199816869,2.997425508320598
2013-06-07,2.000078495154071,3.006511033565136
2013-06-10,2.002478370126755,3.011842259609686
2013-06-11,2.009548916254487,3.0182043229227262
2013-06-12,2.014084722833245,3.021234369053425
2013-06-13,2.004528319849624,3.015852826223498
2013-06-14,2.005068895777287,3.0148148093018383
2013-06-17,2.004140579038915,3.017431948222545
2013-06-18,2.0017113845267485,3.017467333730161
2013-06-19,2.0135521225480506,3.0315894385737097
2013-06-20,2.045163048368312,3.0613141359281566
2013-06-21,2.0486758374838265,3.068194667372968
2013-06-24,2.0575679648554575,3.0755265183584846
2013-06-25,2.0542624175814463,3.0735979033083995
2013-06-26,2.056711650682764,3.082472140623597
2013-06-27,2.051620114756268,3.0798252627933342
2013-06-28,2.0,3.0
2013-07-01,1.9925698687990938,2.991259292783455
2013-07-02,1.9929405338140724,2.9904124237549707
2013-07-03,1.990820721797951,2.9890914699863766
2013-07-05,1.9984271929405255,3.0015875536619228
2013-07-08,1.9912972730237777,2.994656340506917
2013-07-09,1.9860620202170345,2.9914430995408856
2013-07-10,1.9867076994133746,2.9917552182684055
2013-07-11,1.971881099262383,2.979256117602586
2013-07-12,1.9714401755724826,2.978010751909854
2013-07-15,1.9684970536412447,2.975137461904268
2013-07-16,1.9691523886403328,2.973827343902835
2013-07-17,1.9690389639901453,2.9727947783822124
2013-07-18,1.9678263925104287,2.9722904999985618
2013-07-19,1.963070236321363,2.9672637839351723
2013-07-22,1.9569744681364218,2.9605712332652536
2013-07-23,1.9570654943173846,2.959439351121376
2013-07-24,1.9662107751812896,2.970929781343725
2013-07-25,1.9637615484257185,2.9676450558231573
2013-07-26,1.9649690900760894,2.970048084358722
2013-07-29,1.967528065193891,2.9706150468033967
2013-07-30,1.969296451315463,2.97283873109203
2013-07-31,2.0,3.0
2013-08-01,1.999885502072241,3.003916778817157
2013-08-02,1.9974848233646,3.002775556226819
2013-08-05,1.999378344086165,3.0029857896082444
2013-08-06,2.0049590721016344,3.007945272129862
2013-08-07,2.007597794244264,3.011066092909438
2013-08-08,1.9983334966993178,3.001690353759898
2013-08-09,1.9965743583207545,2.998513800493957
2013-08-12,1.9913512698358071,2.9924529024328623
2013-08-13,1.9946534565599923,2.999635025976781
2013-08-14,1.9933398237146502,2.997524114466139
2013-08-15,1.9936447439048164,2.9936474483896007
2013-08-16,1.9945426023667279,2.994798230857785
2013-08-19,1.9997083201886308,2.9990473027496436
2013-08-20,1.9959415022782903,2.995416869183415
2013-08-21,2.0017530377185153,3.000257287717279
2013-08-22,1.996145425081575,2.999798145120887
2013-08-23,1.9864930915176535,2.9903869319609147
2013-08-26,1.9839177883169947,2.9858031783846215
2013-08-27,1.9839164790422061,2.9790007356432175
2013-08-28,1.984643287605063,2.980945527785083
2013-08-29,1.9879913345882145,2.987705190305912
2013-08-30,2.0,3.0
2013-09-03,1.9954720364169847,2.99638823485808
2013-09-04,1.9990086021209006,3.0050163284488742
2013-09-05,2.0044612997984204,3.0124571388784993
2013-09-06,1.9983554299960349,3.0050672801380762
2013-09-09,1.996180935438493,3.0057072847595645
2013-09-10,1.998926622277022,3.0103306276633264
2013-09-11,1.995541661524915,3.007759763597919
2013-09-12,2.0017026193006773,3.0121301538282244
2013-09-13,2.0002827321625958,3.013260228756745
2013-09-16,2.0029541668169935,3.016282954182
2013-09-17,2.002020499274974,3.0177222240460715
2013-09-18,1.9805154685824846,2.992547635335768
2013-09-19,1.9826570220208728,2.9945951650575147
2013-09-20,1.9914325957070793,3.0016492100809433
2013-09-23,1.9938465757987258,3.0028936968370936
2013-09-24,1.9935792282770821,3.0039907208807035
2013-09-25,1.992445297204083,3.0012482348344256
2013-09-26,1.9907075180583818,2.999809013073722
2013-09-27,1.9922822428745444,3.0003110909747748
2013-09-30,2.0000000000000004,3.0
2013-10-01,2.0033690648529534,3.007544037223567
2013-10-02,1.9985523346614456,3.0010943555498835
2013-10-03,2.002218143182878,3.0013264595568767
2013-10-04,1.999841364397074,3.0024559399622297
2013-10-07,1.998620202745972,2.9990120921526073
2013-10-08,2.003505898790991,3.001542601182601
2013-10-09,2.008105415100707,3.005226580320482
2013-10-10,1.9997820414394547,3.0039444825951076
2013-10-11,2.0002842588428917,3.0069667720885302
2013-10-14,2.000241477859383,3.008417116077429
2013-10-15,2.0021090678845246,3.006855455943716
2013-10-16,1.9952588724509515,3.006144034308628
2013-10-17,1.9880730071092088,3.0011899624733034
2013-10-18,1.983974828324402,2.9984612893880205
2013-10-21,1.9848889374849734,3.000572227347991
2013-10-22,1.9785829132112438,2.99621985455642
2013-10-23,1.9854301869115383,3.005462986436942
2013-10-24,1.9822893049272046,3.0015563832541607
2013-10-25,1.980066066742829,3.000029020017463
2013-10-28,1.9795037150772197,2.9993592213940063
2013-10-29,1.9793160999003228,3.002289068800267
2013-10-30,1.9814467444708161,3.0031499838009217
2013-10-31,2.0,3.0000000000000004
2013-11-01,2.006086242497589,3.0103910242139515
2013-11-04,2.0048769179195216,3.0098590527461826
2013-11-05,2.0086102563080095,3.0123022324355486
2013-11-06,2.006798718447187,3.0104741221776186
2013-11-07,2.0150270148433393,3.0185158483948555
2013-11-08,2.0147184155486033,3.0202243592173974
2013-11-11,2.0142138170715604,3.018661625375175
2013-11-12,2.019527523367032,3.025086833683182
2013-11-13,2.015543806973384,3.0227728618666663
2013-11-14,2.0095430302986466,3.017043078851688
2013-11-15,2.008419603018732,3.0177657235882536
2013-11-18,2.013495159243636,3.023572707007298
2013-11-19,2.016049422552652,3.025588827186867
2013-11-20,2.0235013807744773,3.0305413647230206
2013-11-21,2.0165152526060437,3.0238604131450058
2013-11-22,2.0134389764112908,3.023250913802039
2013-11-25,2.0132229940277635,3.0236807277621653
2013-11-26,2.0137141192395887,3.025304260764738
2013-11-27,2.013398777311303,3.0257434445227434
2013-11-29,2.0,3.0
2013-12-02,2.00855308851627,3.008032603521846
2013-12-03,2.0065366691519246,3.003182567794732
2013-12-04,2.005433884122721,3.0037266421317246
2013-12-05,2.009549487373377,3.0060168595011576
2013-12-06,2.004896742948875,3.0060578095407218
2013-12-09,2.0026187339280535,3.006108648628553
2013-12-10,1.9993537382232276,3.002709023275383
2013-12-11,2.005688790611901,3.0048824623431227
2013-12-12,2.0134828751127976,3.012478443664808
2013-12-13,2.012233175666391,3.0118241711356086
2013-12-16,2.0079133019475806,3.0079240750528147
2013-12-17,2.0098230503995858,3.0098131309804717
2013-12-18,2.0065985703213127,3.013219931203254
2013-12-19,2.0125674558781554,3.0203908355621296
2013-12-20,2.0052911039580814,3.0153045515810355
2013-12-23,2.003612889425998,3.0146965333399525
2013-12-24,2.001882795472994,3.0121775658543477
2013-12-26,1.999267676870323,3.0106147282040103
2013-12-27,1.997610391834177,3.0085896164472623
2013-12-30,2.000659134103134,3.012560042163012
2013-12-31,2.0000000000000004,3.0
2014-01-02,2.0035088779790575,3.0043579805625193
2014-01-03,2.003480685353099,3.0060683980058265
2014-01-06,2.003581461404377,3.0049978391484524
2014-01-07,2.002680325119791,3.006161652225161
2014-01-08,2.0066217901712515,3.0111852625207054
2014-01-09,2.007521279312363,3.0138959079202965
2014-01-10,1.99981208965189,3.006855373496757
2014-01-13,2.002893552697093,3.008221648853106
2014-01-14,2.0001948933139233,3.00817044720417
2014-01-15,1.9979654836131286,3.0072103361830345
2014-01-16,1.9978191799221636,3.0078385376717804
2014-01-17,1.9969455727583436,3.00583756225467
2014-01-21,1.997116339923576,3.006749397904235
2014-01-22,1.9967231010845128,3.005478638622538
2014-01-23,1.995046946443784,3.002854114185558
2014-01-24,2.0022137502176935,3.0042684819824177
2014-01-27,2.0100548930815765,3.012605058870458
2014-01-28,2.0054964539488056,3.007823262895285
2014-01-29,2.0064205807889004,3.0066992654455307
2014-01-30,2.007483998017511,3.0105944197701406
2014-01-31,1.9999999999999996,2.999999999999999
2014-02-03,2.005088048918087,2.999704241335919
2014-02-04,2.001826848338446,2.9967024462380136
2014-02-05,2.0027102200643125,2.997722048181458
2014-02-06,1.9971598721270623,2.9941749060176
2014-02-07,1.9877897924975334,2.984840615340694
2014-02-10,1.9872295473989108,2.9863169898695205
2014-02-11,1.9817465261964486,2.9827698696610985
2014-02-12,1.9817089570313156,2.9821277082518183
2014-02-13,1.975264774552054,2.9764018508408787
2014-02-14,1.9696947089899377,2.9752464548570625
2014-02-18,1.9626926606184971,2.9657816186984487
2014-02-19,1.9679528123349002,2.9680819831912237
2014-02-20,1.9634702481456505,2.965509371630788
2014-02-21,1.9636197116777696,2.9664408404915097
2014-02-24,1.958469390884346,2.961196897789004
2014-02-25,1.9573960264820194,2.960281398254739
2014-02-26,1.9592768333602233,2.9616123845486655
2014-02-27,1.9577064520254133,2.962972450630352
2014-02-28,2.0,3.0000000000000004
2014-03-03,1.9952856473259208,2.9905285607168515
2014-03-04,1.9946612780924127,2.992529041113509
2014-03-05,1.9962114085601554,2.9963285646581124
2014-03-06,1.9920060451072903,2.989646687028479
2014-03-07,1.9968151118599404,2.994147048320702
2014-03-10,2.000224675869902,2.9997024854207535
2014-03-11,2.001822674852809,3.0013290970001028
2014-03-12,1.998843456397124,3.000573668373569
2014-03-13,2.0029372017270135,3.0046227154745377
2014-03-14,2.000981081311328,3.0014102288182873
2014-03-17,2.003524746885301,3.007552111203074
2014-03-18,2.0000554878587486,3.0042730858944218
2014-03-19,2.008063579772842,3.014143275902139
2014-03-20,2.010192787854472,3.0199622001624067
2014-03-21,2.0099849666785246,3.0199519413822737
2014-03-24,2.0140602107873735,3.024654164640161
2014-03-25,2.010653880581966,3.0204703177713585
2014-03-26,2.014362853152812,3.0231698086635563
2014-03-27,2.0131512128634097,3.0211233204073076
2014-03-28,2.0120752478935007,3.0213666702010507
2014-03-31,2.0,3.0
2014-04-01,2.0013103518291193,3.0044100109931664
2014-04-02,1.9996878079493692,3.0034474452362585
2014-04-03,1.9994439974030755,3.002593651646936
2014-04-04,2.0003044307458504,2.999731123036645
2014-04-07,2.004751942765034,3.002619206965489
2014-04-08,1.9985226066252963,2.9957949066559277
2014-04-09,1.9941092933468625,2.991385665495687
2014-04-10,1.9997388875009152,2.993109353070497
2014-04-11,2.0035481013814063,2.996349095499448
2014-04-14,1.999239455880717,2.9933048020275157
2014-04-15,1.999816183968684,2.9969530291625603
2014-04-16,1.995373465279383,2.995157257146337
2014-04-17,1.9954488503008234,2.992526311088648
2014-04-21,1.9960745387022587,2.9940245351905097
2014-04-22,1.9937935738912416,2.993888231270293
2014-04-23,1.9947421289747653,2.995184628310481
2014-04-24,1.991605027840448,2.992419869560698
2014-04-25,1.9954825268186847,2.9957176293986327
2014-04-28,1.9975992482829057,2.9999104911792873
2014-04-29,1.9954132243804379,2.998129674055854
2014-04-30,2.0,3.0000000000000004
2014-05-01,2.0017102201196364,3.00450383528706
2014-05-02,1.9985014531122838,3.001452705878088
2014-05-05,1.9974864572595383,3.000771302940835
2014-05-06,2.001229365647576,3.0037536401064537
2014-05-07,2.001750737082875,3.004948973623011
2014-05-08,2.0046061318317974,3.0068587574789976
2014-05-09,2.004991686233051,3.007471444701014
2014-05-12,1.99942909078635,3.0044789818206823
2014-05-13,1.9981476277696109,3.0047085538065024
2014-05-14,1.9960434578423212,3.001757471638056
2014-05-15,2.0009482567989876,3.0049241821278865
2014-05-16,2.000009452553076,3.0041164915665743
2014-05-19,1.9990873203980422,3.0035729894118455
2014-05-20,2.0008177729601146,3.0036864333642503
2014-05-21,1.9981813874121133,3.0017684562043234
2014-05-22,1.9956882468405392,2.9982723388749184
2014-05-23,1.9931882360166466,2.996597770806081
2014-05-27,1.9957689124132107,3.003670617821584
2014-05-28,1.9959147009901224,3.004855606588769
2014-05-29,1.9945426650562865,3.0039860048290694
2014-05-30,2.0,3.0
2014-06-02,2.0020721874745724,3.002737319817491
2014-06-03,2.003079251934346,3.002836926304409
2014-06-04,2.0041422310391614,3.006366343396643
2014-06-05,1.9989391531362173,3.00125497681778
2014-06-06,1.99614143508245,2.9988614258180974
2014-06-09,1.9945116912549166,2.996258435625436
2014-06-10,1.9946077705512137,2.9969334416669526
2014-06-11,1.996333022706396,2.9984557297983523
2014-06-12,1.9926302557534823,2.992272893863568
2014-06-13,1.9913938711459087,2.9930919593411063
2014-06-16,1.9898070898795022,2.991155764590366
2014-06-17,1.988298008036613,2.988513420845986
2014-06-18,1.983922361110861,2.9860816390549383
2014-06-19,1.9750865241842641,2.9730828236574354
2014-06-20,1.9736344624970161,2.9733510239218983
2014-06-23,1.974060541674114,2.9739576647599315
2014-06-24,1.9752890416123514,2.9750159901030937
2014-06-25,1.972985839691162,2.974669388979272
2014-06-26,1.9741181307256466,2.9773018887067453
2014-06-27,1.9736880302447506,2.9768679946424053
2014-06-30,2.0,2.999999999999999
2014-07-01,1.9990026372221257,3.0007535284676656
2014-07-02,1.999726982950402,3.002542756066028
2014-07-03,1.9989769285006682,3.001970645339731
2014-07-07,2.0033198401581562,3.0088677170437776
2014-07-08,2.0065176435836833,3.0130152708318656
2014-07-09,2.0053080114145496,3.013281759752328
2014-07-10,2.0053934696576214,3.0131310250536516
2014-07-11,2.006746121962304,3.017722121101179
2014-07-14,2.0083988088619535,3.0188827916083114
2014-07-15,2.0139879427322254,3.0265601701096227
2014-07-16,2.012660282776663,3.0279143621497044
2014-07-17,2.0128441975867726,3.026043612504373
2014-07-18,2.0122073911924616,3.028418281315883
2014-07-21,2.01170982303677,3.0273876542135474
2014-07-22,2.0119565583603762,3.030059316895788
2014-07-23,2.0106411224912466,3.028648142506078
2014-07-24,2.0132839328174414,3.030011991965794
2014-07-25,2.0119302359425397,3.0283657776678137
2014-07-28,2.0129497080357317,3.0303291388624243
2014-07-29,2.015045521520125,3.0317592471786727
2014-07-30,2.016623836489335,3.034324638219046
2014-07-31,2.0,3.0000000000000004
2014-08-01,2.0010676746991285,3.001264200335686
2014-08-04,1.9979358890360672,2.998457108058674
2014-08-05,2.0028092212117365,3.0011297742120995
2014-08-06,1.9984372005178315,2.996088630625092
2014-08-07,1.9992228408236563,2.995145204372682
2014-08-08,1.9971273928530549,2.99686531627367
2014-08-11,1.9950500342397879,2.994752664685414
2014-08-12,1.9972458394655224,2.9980862900786422
2014-08-13,1.9953323359105177,2.997365739105364
2014-08-14,1.9964406845629383,3.0027373000565443
2014-08-15,1.9974023759437614,3.0038822987078726
2014-08-18,1.9971125722524259,3.006550149836839
2014-08-19,1.996196106871236,3.0067321800646933
2014-08-20,1.9961180889809096,3.0091012744573127
2014-08-21,1.9963302692810443,3.0101433816010754
2014-08-22,1.997220445772356,3.01226572748925
2014-08-25,1.9957590922541235,3.0115144836456955
2014-08-26,1.9944273178000367,3.0095769894122837
2014-08-27,1.9943453080753415,3.0099652761756936
2014-08-28,1.9937225415613686,3.0101842723394867
2014-08-29,2.0,2.9999999999999996
2014-09-02,2.004361260302522,3.0050876974186655
2014-09-03,2.0034460902468876,3.00370398908515
2014-09-04,2.0052819178938646,3.0055618555681054
2014-09-05,2.004033776856914,3.0062875850126454
2014-09-08,2.007855176751786,3.0119276945830604
2014-09-09,2.011880154508127,3.01770261009912
2014-09-10,2.012822201946392,3.0212261546024566
2014-09-11,2.014755537191658,3.0229906775050224
2014-09-12,2.019316667215916,3.0276069600497673
2014-09-15,2.020840819635306,3.029608942510097
2014-09-16,2.0161063446343466,3.02507716984454
2014-09-17,2.0193820775514855,3.0327836600839686
2014-09-18,2.0349452835595248,3.0484118961310367
2014-09-19,2.052662069930646,3.063505039024101
2014-09-22,2.053584216687206,3.0665714236648283
2014-09-23,2.039079779060677,3.0555985620789636
2014-09-24,2.04295606998021,3.057691293718679
2014-09-25,2.0527854364710865,3.063422463342726
2014-09-26,2.0557645352125316,3.070322563889111
2014-09-29,2.0702276317598303,3.0806843446705052
2014-09-30,2.0,3.0000000000000004
2014-10-01,2.003388537967199,3.0019324567798993
2014-10-02,2.0056604963255813,3.0037997083447485
2014-10-03,2.012397706921404,3.0156401755256352
2014-10-06,2.0157759417295256,3.016186628339382
2014-10-07,2.0180986449244918,3.0166578065279044
2014-10-08,2.0091522564499913,3.009059182346584
2014-10-09,2.011790462066847,3.0112221211723664
2014-10-10,2.0169338615090493,3.015873772400627
2014-10-13,2.010513187162458,3.0046801431542782
2014-10-14,2.010384712424599,3.0088598606550785
2014-10-15,2.0145776202699968,3.012654306610535
2014-10-16,2.0163073095751547,3.0117042440747555
2014-10-17,2.0138969931845034,3.0110124380309586
2014-10-20,2.0130398865890435,3.0133890348079784
2014-10-21,2.0072590424579153,3.010743816871213
2014-10-22,2.013325879361165,3.017349274447062
2014-10-23,2.0160645688546213,3.0204617023013163
2014-10-24,2.0163998742409412,3.0240446053483043
2014-10-27,2.0202417745179124,3.0287436847232136
2014-10-28,2.0129472434866824,3.020150905400246
2014-10-29,2.0194509681165953,3.0262747780476684
2014-10-30,2.019241719190047,3.02769018006477
2014-10-31,2.0,3.0
2014-11-03,2.0046106995833175,3.007311901005712
2014-11-04,2.008151010262987,3.013038017038421
2014-11-05,2.008887117878516,3.013751866698889
2014-11-06,2.0052354056076975,3.010994260908376
2014-11-07,2.0028102090291684,3.006253466141548
2014-11-10,2.000471425997615,3.006280878128904
2014-11-11,1.9973794813624324,3.002140788562181
2014-11-12,1.9872264579411536,2.9917027209682003
2014-11-13,1.9914304887143452,3.0001608914542763
2014-11-14,1.990524993232075,2.9980411347811806
2014-11-17,1.9953808083350737,3.0065368003121016
2014-11-18,1.996926450455214,3.0091373516471154
2014-11-19,1.9995180216402486,3.0148988017070404
2014-11-20,2.001261299476259,3.015191288937734
2014-11-21,1.9991914020899466,3.0123405550721962
2014-11-24,1.9940604466352265,3.007193227895538
2014-11-25,1.9946048676963781,3.0098695849165997
2014-11-26,1.9964867406597078,3.012436186973567
2014-11-28,1.9999999999999998,3.0000000000000004
2014-12-01,1.9936523663555896,2.991501805322731
2014-12-02,1.9978079992093765,3.0007535464097623
2014-12-03,1.9981803559912745,3.0018899193877893
2014-12-04,2.000207020223846,3.0058459451232653
2014-12-05,2.0019772521128405,3.0101292291899115
2014-12-08,2.0088664476159748,3.0216183313793814
2014-12-09,2.0042682310565163,3.014855608563476
2014-12-10,2.011437246864,3.0234439503172323
2014-12-11,2.0126930060703008,3.028342869780683
2014-12-12,2.017452834550951,3.034131910496126
2014-12-15,2.029065567515759,3.0495906081040607
2014-12-16,2.0341003523950487,3.0515315644162166
2014-12-17,2.030864666963486,3.05210276200703
2014-12-18,2.027832556751301,3.0536918667207744
2014-12-19,2.0225047370013627,3.047827274265428
2014-12-22,2.0244063982340186,3.050885691053214
2014-12-23,2.0236988597128684,3.0504749587294273
2014-12-24,2.0275594533860883,3.0583549953295153
2014-12-26,2.023815610664975,3.054113223876262
2014-12-29,2.0290954877258742,3.0624578271129885
2014-12-30,2.0288330168960225,3.0634233981826453
2014-12-31,2.0,2.999999999999999
2015-01-02,2.0015779139074237,3.001498120339562
2015-01-05,2.01298888812847,3.0173736205557784
2015-01-06,2.0134046703026676,3.0197481605483176
2015-01-07,2.0105792195045753,3.0179241042773293
2015-01-08,2.009490833799836,3.0182482925440834
2015-01-09,2.008702899518054,3.0158167933610422
2015-01-12,2.0169993224891916,3.025978957459187
2015-01-13,2.0239314053901456,3.0383759568127067
2015-01-14,2.0309528196077347,3.045995764752898
2015-01-15,2.025517328415156,3.0325862097106002
2015-01-16,2.0174381695204504,3.0284204743199954
2015-01-20,2.016636626873038,3.0287676223385556
2015-01-21,2.0123968178013554,3.025211681044366
2015-01-22,2.006702469439973,3.019613161637231
2015-01-23,2.0079068584638122,3.0193249854350164
2015-01-26,2.0025138124493167,3.0104091891040246
2015-01-27,2.0027994283012993,3.0073362768867757
2015-01-28,2.0132839221703147,3.020619391979027
2015-01-29,2.0164419917307397,3.0235109145234644
2015-01-30,2.0,3.0
2015-02-02,1.9935611186563436,2.992717352077179
2015-02-03,1.988032503777952,2.9869164805165545
2015-02-04,1.992361992750056,2.9920174626663893
2015-02-05,1.9897275670870676,2.990020422513461
2015-02-06,1.996083125375486,2.9982028147123136
2015-02-09,1.995555968796072,2.998145075125279
2015-02-10,1.9979408313313785,3.0035716134410517
2015-02-11,2.001818980162343,3.011551439232866
2015-02-12,1.9965683490153194,3.0057799984368514
2015-02-13,1.9903066212413447,2.996411809027517
2015-02-17,1.9931401670846853,2.997607129051278
2015-02-18,1.9948937258255812,2.9993409437635132
2015-02-19,1.9950935912848529,2.9979739243558368
2015-02-20,1.9942534577830777,2.998279891261633
2015-02-23,1.996250052719755,3.0040049905144146
2015-02-24,1.9938521334005697,3.001435892449478
2015-02-25,1.9897711587167484,2.9965245066589574
2015-02-26,1.991507573924045,2.9956413889077216
2015-02-27,2.0,3.0000000000000004
2015-03-02,2.0031765010733507,3.0042385827347036
2015-03-03,2.002732824979715,3.000909493185517
2015-03-04,2.006598629593177,3.0054322561564946
2015-03-05,2.007422612502724,3.0072823452729924
2015-03-06,2.0221736234291416,3.0267242564673493
2015-03-09,2.020413536556475,3.027176541081929
2015-03-10,2.0270591804880693,3.0359222284200014
2015-03-11,2.025016879020958,3.0329044483045315
2015-03-12,2.0232585135771113,3.034569911377141
2015-03-13,2.031383966450309,3.0457893799142144
2015-03-16,2.0263085593921595,3.0434165712191965
2015-03-17,2.028645550743787,3.0477543535954825
2015-03-18,2.014858137627093,3.0295206394317997
2015-03-19,2.0190414996752692,3.033912196147147
2015-03-20,2.009394084166209,3.0230771626535944
2015-03-23,2.0054657002043355,3.017658403710909
2015-03-24,2.0083267070589375,3.0207958870525746
2015-03-25,2.0131805927890634,3.0236048352074945
2015-03-26,2.013931847421566,3.0238035352090193
2015-03-27,2.0173170406186354,3.0316446326914943
2015-03-30,2.015792674566335,3.032104288738361
2015-03-31,2.0,3.000000000000001
2015-04-01,1.9909028184417552,2.98643217480275
2015-04-02,1.992329248831282,2.9867045099474425
2015-04-06,1.9841489226617532,2.973220824618939
2015-04-07,1.9837326791380867,2.974057505445866
2015-04-08,1.9885205530118026,2.9816299388070346
2015-04-09,1.9912586976055975,2.9841820479697847
2015-04-10,1.9879024701196282,2.9827295067431066
2015-04-13,1.9920388187066171,2.988375471270626
2015-04-14,1.990924850590077,2.989173173080272
2015-04-15,1.983220126994874,2.977587732184782
2015-04-16,1.980822430223457,2.9722995503008867
2015-04-17,1.9828584887477296,2.9731653428476443
2015-04-20,1.9843798520217715,2.975839759125262
2015-04-21,1.9847995346767684,2.974847714520805
2015-04-22,1.986317548273903,2.976309379458132
2015-04-23,1.980944852580624,2.96933671554202
2015-04-24,1.9807269636742297,2.9707107384074116
2015-04-27,1.9780826084288232,2.966705733970286
2015-04-28,1.9789387022092508,2.967798839579677
2015-04-29,1.9816872137573618,2.9688004590131896
2015-04-30,2.0,2.9999999999999996
2015-05-01,2.00029105582532,3.0016866453640985
2015-05-04,1.999182806110587,2.9992095138784207
2015-05-05,2.0014257311836032,3.000525653326194
2015-05-06,2.0069445862778914,3.0057726318059075
2015-05-07,2.0074097808026914,3.0095346722794742
2015-05-08,1.9988497433245616,2.999533151780211
2015-05-11,2.0064695114663125,3.0050007244946126
2015-05-12,2.0032968772875903,3.001036121963999
2015-05-13,2.001458727125461,2.9977393765154043
2015-05-14,1.9948704573480787,2.992085832885807
2015-05-15,1.9904275401475304,2.989745669229244
2015-05-18,1.9926887161065117,2.991696317919758
2015-05-19,2.0018376599617733,3.002329958759207
2015-05-20,2.0011159224875144,3.000073476747819
2015-05-21,1.9963470362062687,2.998049179307426
2015-05-22,1.9984574465357339,2.998706958915502
2015-05-26,2.007083348510657,3.0134509585984044
2015-05-27,2.0068941625612635,3.0156936067575755
2015-05-28,2.0066384747931862,3.014890082185227
2015-05-29,2.0,2.9999999999999996
2015-06-01,2.004985846241161,3.0084403352550333
2015-06-02,2.0042544543263676,3.004540978699615
2015-06-03,2.0097643562231085,3.009219448511293
2015-06-04,2.0149710662268294,3.0169015308178877
2015-06-05,2.0166294988262092,3.0161909992766915
2015-06-08,2.016785518815096,3.012732157232958
2015-06-09,2.015852880614507,3.0101140549831835
2015-06-10,2.0121407290048583,3.0061605077045264
2015-06-11,2.0101450144761555,3.0098338278036
2015-06-12,2.0142884885388526,3.012621294947236
2015-06-15,2.013867690354729,3.009666443854017
2015-06-16,2.0076325547291796,3.0013951283413225
2015-06-17,2.006064336601005,2.996912411389339
2015-06-18,2.002937976251053,2.9932053222916988
2015-06-19,2.0048668313462343,2.998356257861555
2015-06-22,2.0047523213502747,2.9960192794495284
2015-06-23,2.0044381789875607,2.994579552384649
2015-06-24,2.0077622479379755,3.0004529617160154
2015-06-25,2.008455338509115,2.999751479161386
2015-06-26,2.0107291184787,3.0006605833367836
2015-06-29,2.01423425494981,3.0047726454067125
2015-06-30,2.0,3.0000000000000004
2015-07-01,2.004211959948843,3.0047573529743077
2015-07-02,2.0030012502790546,3.002417424125679
2015-07-06,2.007215643751247,3.009036261909437
2015-07-07,2.0092158295103553,3.0141746886541414
2015-07-08,2.015618282204262,3.020899542641585
2015-07-09,2.0142594385480805,3.0180899418239244
2015-07-10,2.008350981201045,3.0090776307533518
2015-07-13,2.005953979483465,3.0085035909690223
2015-07-14,2.0049027148055263,3.0083079275579383
2015-07-15,2.007785050774402,3.013722631591017
2015-07-16,2.0063102286525294,3.015609845640285
2015-07-17,2.007714244309582,3.01944210321544
2015-07-20,2.0145952674789718,3.029855072068245
2015-07-21,2.0149645751187406,3.032105632773634
2015-07-22,2.01797812892186,3.03716126888342
2015-07-23,2.021384360259064,3.0432165581549775
2015-07-24,2.025883049449204,3.0460408423675034
2015-07-27,2.032173553252423,3.052737226369328
2015-07-28,2.0271165478138125,3.048203667787393
2015-07-29,2.025079655907147,3.0473072325015687
2015-07-30,2.025151650970893,3.0496951711317513
2015-07-31,1.9999999999999998,3.0
2015-08-03,2.006312926020014,3.0109593986581116
2015-08-04,2.0074617951011513,3.012077191413696
2015-08-05,2.0092183920846876,3.0147749946584836
2015-08-06,2.012679817484508,3.0206440668562724
2015-08-07,2.0118569371860975,3.022271980314651
2015-08-10,2.00475603402519,3.0165824645253614
2015-08-11,2.0070544540988053,3.0195700231561275
2015-08-12,2.0088256080891598,3.021674101896975
2015-08-13,2.0127109964522027,3.0270469696244175
2015-08-14,2.0133810299215726,3.028799744287105
2015-08-17,2.0117728436050784,3.0298008381623647
2015-08-18,2.0227556837058986,3.0449467833897983
2015-08-19,2.0223073375488574,3.0423982875555753
2015-08-20,2.025691275172438,3.0428989884518898
2015-08-21,2.0382531789523837,3.0505954006260674
2015-08-24,2.065141459130241,3.0746725955511085
2015-08-25,2.0686220749337343,3.0711090875267795
2015-08-26,2.065964245775407,3.074227115680491
2015-08-27,2.047066905193677,3.05819940613111
2015-08-28,2.0370220735696267,3.0453692595589903
2015-08-31,2.0,2.999999999999999
2015-09-01,2.017805624245929,3.016695879615777
2015-09-02,2.012551342736693,3.0144351221280403
2015-09-03,2.011300977890422,3.016648694803248
2015-09-04,2.017512359582915,3.022306804504708
2015-09-08,2.009125063515843,3.01433521872054
2015-09-09,2.0155966733979658,3.0205492526694124
2015-09-10,2.012558064776496,3.016125503533281
2015-09-11,2.0096131091431917,3.014522488234282
2015-09-14,2.01563778764641,3.0223780962863582
2015-09-15,2.0170218292340962,3.024292884169913
2015-09-16,2.007996978757671,3.014886545571915
2015-09-17,2.0030123481927378,3.0080875971047205
2015-09-18,2.0076647954947133,3.012301028274148
2015-09-21,2.010668526989928,3.0170094266569403
2015-09-22,2.015995827658547,3.023420354173993
2015-09-23,2.0192368727153016,3.0264691259671865
2015-09-24,2.014975421555964,3.0212986684023666
2015-09-25,2.018947538053584,3.027115439876401
2015-09-28,2.0304171791446284,3.0398200365917774
2015-09-29,2.0286233721572304,3.039235245196698
2015-09-30,2.0,2.9999999999999996
2015-10-01,1.9994493575743706,2.999969455820975
2015-10-02,1.9858461882597036,2.9873145605051894
2015-10-05,1.978745843833218,2.982054980393141
2015-10-06,1.9724750477573334,2.974545601853524
2015-10-07,1.9695875204299502,2.973498862811143
2015-10-08,1.968937703295298,2.9723910070377197
2015-10-09,1.9671974891151511,2.9715561313486396
2015-10-12,1.968932173881995,2.9743920266244093
2015-10-13,1.9726767076974516,2.976905147574498
2015-10-14,1.9691051517023277,2.9718733002759774
2015-10-15,1.965010474082726,2.9694056963092463
2015-10-16,1.9651282359041737,2.971394429528649
2015-10-19,1.9706416777883764,2.9763725459936152
2015-10-20,1.9718997896097759,2.975786035764824
2015-10-21,1.9763705199869035,2.983728823245375
2015-10-22,1.9685801124686146,2.9772055968025013
2015-10-23,1.9682599833078709,2.976754218421162
2015-10-26,1.968150976378149,2.977162171177255
2015-10-27,1.96910004760737,2.9768070193661496
2015-10-28,1.9626799850087864,2.9735734153353115
2015-10-29,1.9699140071590782,2.9767761153411505
2015-10-30,2.0,3.0
2015-11-02,1.9948850324072611,2.992011671602677
2015-11-03,1.990015816410581,2.984182571467082
2015-11-04,1.9934989414876039,2.98563244994253
2015-11-05,1.9998112717607763,2.9954298285039385
2015-11-06,2.0073652130788693,3.0023436225751325
2015-11-09,2.014229349367398,3.0037725066310865
2015-11-10,2.0193184660248753,3.0163976284323817
2015-11-11,2.025787078164877,3.0235213991409466
2015-11-12,2.03108001659244,3.024366539815296
2015-11-13,2.035672064105385,3.028154363815791
2015-11-16,2.0309297704082767,3.027907155517238
2015-11-17,2.0340414224445587,3.0312366860715736
2015-11-18,2.0270659345466506,3.0280182672266625
2015-11-19,2.0242804270105936,3.025145474967655
2015-11-20,2.024567158028084,3.025572551642359
2015-11-23,2.0231161254409926,3.026111873107653
2015-11-24,2.0181997333154547,3.021165300017453
2015-11-25,2.016271271619996,3.0192604418601903
2015-11-27,2.017385316477024,3.0175252638289836
2015-11-30,1.9999999999999996,3.000000000000001
2015-12-01,1.9917154282139171,2.9977334036981858
2015-12-02,2.0028701916303318,3.011249162197521
2015-12-03,2.009858855245808,3.0077689569083668
2015-12-04,2.0009767662740505,3.0041185337912397
2015-12-07,2.008157504557196,3.011787618618375
2015-12-08,2.010898490273884,3.0110897474386626
2015-12-09,2.0146941388813384,3.0143058145690413
2015-12-10,2.016105071169163,3.018162712878812
2015-12-11,2.0193598350813766,3.0170841005549627
2015-12-14,2.027986305936318,3.028348110674915
2015-12-15,2.0243016447154982,3.023761403204042
2015-12-16,2.01959956442319,3.022684337781365
2015-12-17,2.0255495663516205,3.0288273812694455
2015-12-18,2.024749246473732,3.022847776177192
2015-12-21,2.0247362078270874,3.0270267474779238
2015-12-22,2.0255326181805713,3.029296385048228
2015-12-23,2.0179658161601965,3.0219965673798317
2015-12-24,2.0149090453559637,3.017665374389273
2015-12-28,2.023118137105638,3.0290270308244986
2015-12-29,2.0194210964016337,3.022985109087516
2015-12-30,2.025063777559167,3.027393391464485
2015-12-31,2.0,2.9999999999999996
2016-01-04,2.004601823250983,3.001670123557299
2016-01-05,2.0066580497243334,3.003066553575708
2016-01-06,2.010473519088035,3.005857043811856
2016-01-07,2.015552505804535,3.0035762105644674
2016-01-08,2.0215683308044783,3.008469480214414
2016-01-11,2.033421194614267,3.020895597352571
2016-01-12,2.0311508309438078,3.026402605984989
2016-01-13,2.036443701289246,3.029472750068633
2016-01-14,2.035580769093167,3.0315147922428953
2016-01-15,2.0487168016982515,3.049106207496861
2016-01-19,2.050523556674762,3.050085677735962
2016-01-20,2.049593235437323,3.0443894696750755
2016-01-21,2.049779705647883,3.0472465843819005
2016-01-22,2.038592788625194,3.042791939681129
2016-01-25,2.0446962952700196,3.044421163695668
2016-01-26,2.033129531305937,3.035133694874772
2016-01-27,2.032506962939883,3.0302363159181724
2016-01-28,2.030535649181714,3.0316321504382095
2016-01-29,2.0,2.9999999999999996
2016-02-01,2.005019070773099,3.0024800711150457
2016-02-02,2.011878465288212,3.011334213995696
2016-02-03,2.005218318686611,3.005130053906429
2016-02-04,2.000520875318977,2.9988838734027548
2016-02-05,2.0083636277850525,3.003501218670234
2016-02-08,2.010733863299757,3.0125290219554217
2016-02-09,2.0186704530134745,3.020818306939792
2016-02-10,2.014650475015926,3.0169524051019745
2016-02-11,2.0082981955727193,3.0031946882389127
2016-02-12,2.004586156586223,3.002854391580029
2016-02-16,2.006468838879467,3.006762857283491
2016-02-17,1.9970117111021481,2.9980462952201847
2016-02-18,1.9935009368469578,2.9928291753743452
2016-02-19,1.9956041254352215,2.994911750530206
2016-02-22,1.987752729796893,2.9896179786498442
2016-02-23,1.9919570431059153,2.989949980459706
2016-02-24,1.9870913562863097,2.984081385219092
2016-02-25,1.9816911037390221,2.979307714068464
2016-02-26,1.9856751843041665,2.9790676099050177
2016-02-29,2.0,3.0
2016-03-01,1.9983472420574468,3.000153486985857
2016-03-02,1.993582895013506,2.9967749405150736
2016-03-03,1.9864009968306853,2.988455447105082
2016-03-04,1.98291996819324,2.9876293206088302
2016-03-07,1.978832730548385,2.985616572272983
2016-03-08,1.9837811414208775,2.9908352088632757
2016-03-09,1.981524983063794,2.9889307954948654
2016-03-10,1.9825913562582136,2.9896383812188074
2016-03-11,1.978874765410717,2.987387027426937
2016-03-14,1.9827827497641943,2.99394039318646
2016-03-15,1.987598729806848,3.0000814991724365
2016-03-16,1.973922939417445,2.981496869243061
2016-03-17,1.966131204498941,2.97615927242601
2016-03-18,1.9640126678022365,2.974327814268066
2016-03-21,1.9641754531748903,2.9729482617989706
2016-03-22,1.9638745436871377,2.9740278186872153
2016-03-23,1.9735135579081755,2.9890796777061106
2016-03-24,1.9762924659225467,2.9928855964167527
2016-03-28,1.9738186989484456,2.9891594515113655
2016-03-29,1.9629540412205204,2.9753949543408797
2016-03-30,1.9650619306596322,2.976568783191834
2016-03-31,2.0,3.000000000000001
2016-04-01,2.003113965997782,3.0040104704218993
2016-04-04,2.006623726633418,3.0055593656311794
2016-04-05,2.0061585689179857,3.004385219156295
2016-04-06,2.003581439771343,3.004136194061819
2016-04-07,2.0033162303117162,3.002650962626953
2016-04-08,1.9997715423952607,3.0005258681660867
2016-04-11,1.997437470188249,2.9980970934716336
2016-04-12,1.9924011128290364,2.9968973693081598
2016-04-13,1.9867316883695643,2.9957750448178255
2016-04-14,1.991541178190471,3.001937898356675
2016-04-15,1.9879666222292414,2.997838035675249
2016-04-18,1.9865239450349148,2.997136443272761
2016-04-19,1.9770663293983448,2.9872197302187273
2016-04-20,1.976344448268412,2.9866458068968713
2016-04-21,1.97901192851046,2.985732080020848
2016-04-22,1.9809717739682524,2.9883415688442936
2016-04-25,1.9820908837921989,2.987112386051557
2016-04-26,1.9780258870243712,2.9816520095708987
2016-04-27,1.972973432700888,2.980288471179465
2016-04-28,1.9690918352693647,2.972294555305278
2016-04-29,1.9999999999999998,2.9999999999999996
2016-05-02,2.0060132821612617,3.0048218803809674
2016-05-03,2.0111114025754944,3.0127088422539154
2016-05-04,2.013411177103468,3.0176824333695653
2016-05-05,2.0138986626986486,3.0195506556619494
2016-05-06,2.012046355452791,3.017071834778941
2016-05-09,2.0186953168824626,3.0258118678646437
2016-05-10,2.0095765884301975,3.0209429652026136
2016-05-11,2.0051441968509196,3.01799470804796
2016-05-12,2.0079019813793373,3.0204971397817637
2016-05-13,2.007246892169122,3.0196242798684407
2016-05-16,2.004098556382446,3.0172447895731214
2016-05-17,2.004577526183633,3.0169041543669066
2016-05-18,2.0144070788056245,3.026688314990514
2016-05-19,2.018441541779733,3.0323084812850274
2016-05-20,2.0146265739269644,3.0301530091867366
2016-05-23,2.016497028723775,3.0323591026819674
2016-05-24,2.0151587049358777,3.0349171336305982
2016-05-25,2.0105952850666866,3.031480663838559
2016-05-26,2.007773656192012,3.0293852911226478
2016-05-27,2.0061154539811143,3.0287693902038253
2016-05-31,2.0,3.0000000000000004
2016-06-01,1.9975221552156042,3.0011247537684946
2016-06-02,1.9933273065128416,2.9994097386799212
2016-06-03,1.9820867176091048,2.9843170737653715
2016-06-06,1.9774607614348327,2.977613521091846
2016-06-07,1.9734227202874928,2.9734448444303676
2016-06-08,1.9640226627509676,2.9653728297638517
2016-06-09,1.9643993737612235,2.9687284020731743
2016-06-10,1.9698285297838398,2.974088688089166
2016-06-13,1.9640448784266966,2.9611670665474374
2016-06-14,1.9691447600526384,2.9680737866552582
2016-06-15,1.965495601515101,2.96090518303765
2016-06-16,1.9659669013245256,2.9599658912578057
2016-06-17,1.963757853160494,2.9576923369630475
2016-06-20,1.9630076686273272,2.9579649391623684
2016-06-21,1.9724189164650976,2.974023577134146
2016-06-22,1.9780626290102028,2.984161846034942
2016-06-23,1.9725106225286078,2.9770958386057957
2016-06-24,1.9740014665060803,2.96866538927793
2016-06-27,1.9741708836798337,2.971431267762248
2016-06-28,1.9660785587508374,2.9694525106039507
2016-06-29,1.9590411630371856,2.9652121508187297
2016-06-30,2.0,2.9999999999999996
2016-07-01,1.9873590914032795,2.9896473764398577
2016-07-05,1.9917040412700633,2.9950901993411003
2016-07-06,1.9877839354064826,2.9914798162220606
2016-07-07,1.9968744695491216,3.000535115849892
2016-07-08,1.9859018107816768,2.9934251550485045
2016-07-11,1.9892937588824124,2.997995772036589
2016-07-12,1.9891076204899008,2.9974294971735853
2016-07-13,1.9878174794032037,2.9986238872111457
2016-07-14,1.9906388420536831,2.9999192210818313
2016-07-15,1.993748599872265,3.0002576934017458
2016-07-18,1.9936603624206963,2.999488761797227
2016-07-19,1.9953483643550192,3.0024044073822096
2016-07-20,1.9994267961940237,3.0066433753644666
2016-07-21,1.99922207389458,3.005362168276471
2016-07-22,2.0001926239016687,3.0092994664308033
2016-07-25,2.004153970341967,3.0129183060668994
2016-07-26,2.0026862815138107,3.0105903296484366
2016-07-27,1.9969471297793573,3.0056301530038705
2016-07-28,1.9977097690451513,3.005397993816268
2016-07-29,2.0,3.0
2016-08-01,2.010714451808067,3.0100125659139065
2016-08-02,2.0192604624563377,3.0170095574639535
2016-08-03,2.0141574170049528,3.0126769131992184
2016-08-04,2.0087145434629394,3.0079738397401603
2016-08-05,2.0116942760774097,3.0114133260876415
2016-08-08,2.009411574940068,3.0098773459090036
2016-08-09,2.006026841047379,3.0089653646527177
2016-08-10,2.0070544766682743,3.010306168387203
2016-08-11,2.0069473963806725,3.0108482668058123
2016-08-12,2.004017308141523,3.0105967420489463
2016-08-15,2.0029524205321114,3.008938816196804
2016-08-16,2.003287494070431,3.0072693091231497
2016-08-17,2.0008680812456427,3.0069565425393936
2016-08-18,1.9958650896052594,3.002257688747704
2016-08-19,2.0003657938934363,3.0054660254881287
2016-08-22,2.000326612331549,3.0067273552483416
2016-08-23,1.9981671481303112,3.0049133022457646
2016-08-24,2.004973658129037,3.0111529939038664
2016-08-25,2.0054888208106636,3.011005037734241
2016-08-26,2.009597615128066,3.014646962156986
2016-08-29,2.0054497512771117,3.0163759919481903
2016-08-30,2.009876512477819,3.0199686565145325
2016-08-31,2.0,3.0000000000000004
2016-09-01,2.001279345162415,3.001411090109011
2016-09-02,1.9969868848586043,2.9954925726077666
2016-09-06,1.986526227156956,2.9832200933450967
2016-09-07,1.9849824168184356,2.9808781907993582
2016-09-08,1.9862548318587268,2.9802266096977053
2016-09-09,2.00314898293119,2.9885421200939315
2016-09-12,2.0005051123049324,2.9906224366376772
2016-09-13,2.0120639384065,2.9967757445622945
2016-09-14,2.012075141566399,2.99577726552214
2016-09-15,2.0097282763564235,2.995605562631086
2016-09-16,2.00927436030809,2.99714398935907
2016-09-19,2.008113405655077,2.99522950305941
2016-09-20,2.007045430025991,2.9963162419666536
2016-09-21,1.9964952324274063,2.98963702316574
2016-09-22,1.9895563443511175,2.9844199661125304
2016-09-23,1.9923631646549367,2.982835133471727
2016-09-26,1.9928304007627042,2.9840823132633028
2016-09-27,1.9932350661270741,2.9889941599307517
2016-09-28,1.987637306737814,2.985096475815269
2016-09-29,1.989793968991132,2.9878332583730502
2016-09-30,2.0,3.0
2016-10-03,2.0001327602200956,2.9981795019423805
2016-10-04,2.010706777492064,3.009043651404106
2016-10-05,2.010200540212191,3.0088758229701895
2016-10-06,2.0130770835977176,3.0109381275477016
2016-10-07,2.0146096632595905,3.0129029344727782
2016-10-10,2.0113993985174288,3.0088601827302788
2016-10-11,2.0165385846557675,3.0104772597834706
2016-10-12,2.0179297136755165,3.012830048243508
2016-10-13,2.016892897756284,3.012464430171054
2016-10-14,2.019897063518539,3.0113054889514963
2016-10-17,2.0174481197663954,3.008611305954036
2016-10-18,2.013441897300118,3.00624689903821
2016-10-19,2.010347033383351,3.0030218535014175
2016-10-20,2.0140403426308082,3.0076012354972588
2016-10-21,2.012570679969434,3.0066221486804303
2016-10-24,2.011583065326295,3.0049712962312043
2016-10-25,2.0113553579518473,3.003427532597994
2016-10-26,2.014936125357981,3.0039175284923094
2016-10-27,2.0180009704876634,3.003903654633036
2016-10-28,2.019082917104779,3.002179885522779
2016-10-31,2.0,3.0
2016-11-01,1.998603833653953,2.9973806789694035
2016-11-02,2.001131257107531,2.9989884176077894
2016-11-03,2.007559474259599,3.00388494232122
2016-11-04,2.00559449252126,3.0028852801670087
2016-11-07,2.0026197959665817,3.0043757618983293
2016-11-08,2.002847078557902,3.0054927889684633
2016-11-09,2.0077471878497652,2.9989583341799735
2016-11-10,2.012514292012801,3.0014944710208167
2016-11-11,2.021575268031416,3.007450611558706
2016-11-14,2.02925662465455,3.0172871677901676
2016-11-15,2.021419029492743,3.0136810269267866
2016-11-16,2.021414156492655,3.0147969216457406
2016-11-17,2.022969013349432,3.011551696062793
2016-11-18,2.0239463653305574,3.013299046115712
2016-11-21,2.0162777343338276,3.0091569057540197
2016-11-22,2.013664683745813,3.005112867251814
2016-11-23,2.017100780010292,3.0117731165969386
2016-11-25,2.0181546544841806,3.016182249810371
2016-11-28,2.0171255548461913,3.016523710320418
2016-11-29,2.020317726641514,3.0220962768228805
2016-11-30,1.9999999999999996,3.0
2016-12-01,2.0009787242246806,2.99962515827058
2016-12-02,1.9966396058982643,2.997429551517972
2016-12-05,1.9935637463446352,2.995631556433886
2016-12-06,1.992105574493524,2.9927782468950066
2016-12-07,1.9866466047089373,2.9921244319669937
2016-12-08,1.987212608626612,2.9888342006963384
2016-12-09,1.9901263948672026,2.9923984190085187
2016-12-12,1.9891146039884011,2.993139525294267
2016-12-13,1.987122107232181,2.993893107602403
2016-12-14,1.9982554888788837,3.0058859311455954
2016-12-15,2.0035519995487494,3.0176332127130494
2016-12-16,2.002410835014274,3.0143170842775615
2016-12-19,1.9992942423702664,3.012245988965804
2016-12-20,1.9968936293632582,3.0088364240458945
2016-12-21,1.9959886855108677,3.0059225970122556
2016-12-22,1.9953530126295,3.001743503198219
2016-12-23,1.9905556816232868,2.993609726977633
2016-12-27,1.9859976628598057,2.988359556809259
2016-12-28,1.9832474066825574,2.983498996091649
2016-12-29,1.9810320243881392,2.980637843896742
2016-12-30,2.0,3.0000000000000004
2017-01-03,1.9945553020445737,2.9935381152649922
2017-01-04,1.9836085796777763,2.9787735025709043
2017-01-05,1.9835973596196617,2.986326966910089
2017-01-06,1.9918005449206586,2.999509976650664
2017-01-09,1.9929474939287821,3.0008214523472208
2017-01-10,1.9917377851732099,2.998193562289752
2017-01-11,1.9922247474933885,3.003573414555771
2017-01-12,1.9888884056374256,2.9979820023833916
2017-01-13,1.9881446804698646,2.994949379540764
2017-01-17,1.9823099680221998,2.9874650445565005
2017-01-18,1.9887835686162585,2.9938604349262437
2017-01-19,1.9910663050439958,2.9928072883833137
2017-01-20,1.9879120207842007,2.989975847083891
2017-01-23,1.9833273471192965,2.984619286958097
2017-01-24,1.983497877212881,2.985164129544158
2017-01-25,1.9857659435734007,2.9860782292221675
2017-01-26,1.985397289840981,2.9872278237290266
2017-01-27,1.985081725488106,2.9876614193267286
2017-01-30,1.9887133674449222,2.989272939564458
2017-01-31,2.0,3.000000000000001
2017-02-01,1.9991647429911055,2.998231789421383
2017-02-02,1.9982096820909803,2.9955784398884937
2017-02-03,1.9957447733937013,2.9934883308550666
2017-02-06,1.9941961349163728,2.991217197991352
2017-02-07,1.9943733801308867,2.9942269339968983
2017-02-08,1.9904217559794333,2.9935119536171992
2017-02-09,1.9922373763025338,2.995958269541082
2017-02-10,1.9881247219936737,2.9925461268670417
2017-02-13,1.9897122407242402,2.9948741480232512
2017-02-14,1.9895873530922037,2.994119987236779
2017-02-15,1.9875292882949436,2.989896777601033
2017-02-16,1.9877645871255414,2.9914659690682157
2017-02-17,1.9862500706786532,2.9909243006608066
2017-02-21,1.9825032761097738,2.984834573872261
2017-02-22,1.982793648850192,2.985003648213593
2017-02-23,1.979863169983273,2.980800874926866
2017-02-24,1.9774446504682883,2.980737934589903
2017-02-27,1.9800223984587975,2.9836598677138624
2017-02-28,1.9999999999999998,3.000000000000001
2017-03-01,1.9974473675350632,2.9960881290414783
2017-03-02,2.0058105316669077,3.003753354094153
2017-03-03,2.0022826216985394,3.0001394136785806
2017-03-06,2.005487435988882,3.002935053116348
2017-03-07,2.0113978260014282,3.0105342607895627
2017-03-08,2.0219241764661424,3.0237888926897236
2017-03-09,2.025451651160516,3.0253252140624496
2017-03-10,2.026620017194064,3.0290551399479377
2017-03-13,2.023928131517243,3.0215045779164598
2017-03-14,2.0253233846487375,3.024716993171448
2017-03-15,2.013341437214061,3.0118305833764842
2017-03-16,2.0151426269240904,3.011876243926886
2017-03-17,2.015436339917288,3.0150329012960637
2017-03-20,2.016228004512316,3.0176051228190612
2017-03-21,2.018861208316426,3.019637823925001
2017-03-22,2.019327225062225,3.0228237229376815
2017-03-23,2.0202279532551763,3.0239365380447736
2017-03-24,2.020052217059075,3.025752056605516
2017-03-27,2.0140819818503273,3.0170730225410503
2017-03-28,2.0126392813248257,3.0168050060967637
2017-03-29,2.0092387701211054,3.0146835961680436
2017-03-30,2.0107673926419727,3.0166836594692708
2017-03-31,2.0000000000000004,2.9999999999999996
2017-04-03,1.9963721175883813,2.9952334950388932
2017-04-04,1.9950648625666185,2.9930501163299374
2017-04-05,1.9963916750801078,2.9952768289317975
2017-04-06,1.9938943633264932,2.991658791084325
2017-04-07,1.9958859708312622,2.9935056350569575
2017-04-10,1.9933914488947768,2.9919334957717023
2017-04-11,1.9892088738646108,2.987823284495024
2017-04-12,1.9893459430585632,2.9877413132203667
2017-04-13,1.9899738414908068,2.9879279638844025
2017-04-17,1.989783571233954,2.9894816394051875
2017-04-18,1.9893208605672525,2.9907928538010955
2017-04-19,1.994260601016959,2.995429303571585
2017-04-20,1.992849839388309,2.9934679973074165
2017-04-21,1.9956098074576054,2.9962203357199324
2017-04-24,1.9923842425022764,2.992477780453442
2017-04-25,1.9917923635236527,2.9890377607162777
2017-04-26,1.99128592008808,2.9878385958171982
2017-04-27,1.9917273819444654,2.987095229721054
2017-04-28,2.0000000000000004,3.0
2017-05-01,1.9989907268362253,2.9962460043237105
2017-05-02,2.0003280896556013,2.9994730563155727
2017-05-03,2.004218309751073,3.006346954606723
2017-05-04,2.0105818471573516,3.0152495363027927
2017-05-05,2.0047623532338252,3.007969572917293
2017-05-08,2.0045435373404255,3.005820685285067
2017-05-09,2.004921991842284,3.0059971330144957
2017-05-10,2.000375261329538,2.9997922311772864
2017-05-11,1.9977673663410054,2.993937757761227
2017-05-12,1.9995045900002766,2.9998872311056064
2017-05-15,1.997748873065243,2.9998386291900814
2017-05-16,1.9961726550267727,2.998739554993125
2017-05-17,1.9946079754948638,2.992897000603693
2017-05-18,1.9937121428004687,2.991551618725184
2017-05-19,1.9849224596865913,2.980297069935313
2017-05-22,1.9780259700856304,2.970550656126025
2017-05-23,1.9768244805359032,2.966487000597977
2017-05-24,1.9725506240556523,2.961295870879341
2017-05-25,1.978595775153797,2.9729087790539865
2017-05-26,1.9774719110813095,2.9719634091585974
2017-05-30,1.978718382086928,2.975235598408603
2017-05-31,2.0,3.0
2017-06-01,1.9968097950170751,2.9957725926912038
2017-06-02,1.9920343146436663,2.990931429348163
2017-06-05,1.9917854129176678,2.9886020435538154
2017-06-06,1.9872868859541437,2.98095925987106
2017-06-07,1.9920341878413035,2.9886867681639657
2017-06-08,1.9909840275689306,2.9857412958293725
2017-06-09,1.9926149468780374,2.9881233212390867
2017-06-12,1.9983896159300965,2.998178799297492
2017-06-13,1.9941554751028199,2.990809987693101
2017-06-14,1.9997705084860504,3.0061600142482896
2017-06-15,2.0039003323728006,3.0151989826519996
2017-06-16,2.002423852952976,3.012797608852013
2017-06-19,2.002078940468661,3.0138193204515797
2017-06-20,2.0036255940373184,3.016625342390578
2017-06-21,2.0050038099649465,3.0181579499992988
2017-06-22,2.0020648087738993,3.0129260568639005
2017-06-23,1.9992828240456408,3.0082281528021024
2017-06-26,2.002831749771692,3.016831685887503
2017-06-27,2.004781527714871,3.0174459461089382
2017-06-28,1.999678309161003,3.010228231632961
2017-06-29,2.0055586788416506,3.0168294480325804
2017-06-30,2.0,3.0
2017-07-03,2.000408359654723,2.999996165002381
2017-07-05,2.0036463157963835,3.005016704133323
2017-07-06,2.00887838152623,3.0111356025081046
2017-07-07,2.012425532918487,3.0168715246634075
2017-07-10,2.013428721671177,3.02076388591554
2017-07-11,2.0096231565605915,3.0140254277968204
2017-07-12,2.005344083213131,3.0088807735699343
2017-07-13,2.006768898113019,3.009450970328664
2017-07-14,2.003851380567126,3.0070460218850807
2017-07-17,2.0038196506137984,3.0077357510371545
2017-07-18,1.9994656938911186,3.0020597993070486
2017-07-19,1.9966888960370284,2.9986693115418195
2017-07-20,1.9901074750252394,2.987594648493389
2017-07-21,1.9931069246390845,2.9941933936340184
2017-07-24,1.9911883892496116,2.9892410518468187
2017-07-25,1.9927555651303777,2.9914452001042044
2017-07-26,1.9897543888505904,2.986197140856578
2017-07-27,1.98906784123588,2.9834982490996915
2017-07-28,1.9853001024086816,2.977526656014607
2017-07-31,2.0,3.0
2017-08-01,2.002821900136186,3.0070656137938823
2017-08-02,2.0035243780307184,3.008708342936491
2017-08-03,2.0017625540191593,3.0068578631094316
2017-08-04,2.0014269132013855,3.0030685391613554
2017-08-07,1.995811662987996,2.9922762615588216
2017-08-08,1.9945763607106395,2.989404686274824
2017-08-09,1.9926408982390897,2.989053106546679
2017-08-10,1.9979613644108274,2.9981755300981052
2017-08-11,1.994529908273883,2.992129782449454
2017-08-14,1.9875457101000646,2.9807667686032753
2017-08-15,1.9931086101507471,2.9900038483213858
2017-08-16,1.988615438320965,2.9839300790409005
2017-08-17,1.993018133064111,2.989556781094688
2017-08-18,1.9928051861664684,2.9891897025974745
2017-08-21,1.9966518009490466,2.997044803055217
2017-08-22,1.9929820756686272,2.9922093685689406
2017-08-23,1.989779135113676,2.986361981682593
2017-08-24,1.98980499122308,2.985191690587676
2017-08-25,1.9882505606133447,2.983338130432467
2017-08-28,1.985255794182214,2.9788445970751183
2017-08-29,1.9828301925033376,2.974348166829733
2017-08-30,1.9821314934102086,2.9743428213536074
2017-08-31,2.0,2.999999999999999
2017-09-01,1.9981373382787913,2.9961495950316017
2017-09-05,1.9995856304868447,2.999790773116318
2017-09-06,1.996773745991837,2.9942480458315215
2017-09-07,1.99317834733404,2.988884022034114
2017-09-08,1.9974554670296338,2.9959979097740423
2017-09-11,1.996087354868589,2.9937584231453505
2017-09-12,1.9944742811606058,2.991601604668665
2017-09-13,1.996404443025367,2.995003519014946
2017-09-14,1.9986392598533544,2.9999255530067814
2017-09-15,1.9950306548615135,2.992767750712834
2017-09-18,1.9938881571328197,2.9878090517421825
2017-09-19,1.9952546331212777,2.991188464702345
2017-09-20,1.9961448704845062,2.993974436855723
2017-09-21,2.001504266279264,3.0042463127055408
2017-09-22,2.000619308045455,3.0020697517097936
2017-09-25,1.995716037266218,2.9933208287134745
2017-09-26,1.9993547533377072,2.9993034670382985
2017-09-27,1.9984942885918822,2.995333213579306
2017-09-28,1.9982558148214062,2.9952577049920763
2017-09-29,2.0,3.0
2017-10-09,1.9946469599047205,2.9932995897215453
2017-10-10,1.9897415181537181,2.9829915590521945
2017-10-11,1.9883122954467316,2.980414431405796
2017-10-12,1.9848918990614977,2.9729873254035017
2017-10-13,1.980858364896723,2.9655578845908885
2017-10-16,1.9820528031363742,2.9683031561180377
2017-10-17,1.9842675185080703,2.973337966104842
2017-10-18,1.9843097537948828,2.9729563859903907
2017-10-19,1.98364042043394,2.9732851928334574
2017-10-20,1.9821339785671044,2.969310757310932
2017-10-23,1.9840993276160022,2.9740212953520584
2017-10-24,1.9853931829425084,2.9754897876702184
2017-10-25,1.9864312760287266,2.9771513084698205
2017-10-26,1.9861100289135118,2.9752673291664595
2017-10-27,1.983286961500446,2.9699340939119154
2017-10-30,1.9815973165767617,2.966236538687145
2017-10-31,2.0000000000000004,2.9999999999999996
2017-11-01,1.9978736111364628,2.998872456554522
2017-11-02,1.9967551415313318,2.9959069766985134
2017-11-03,1.9958865075696426,2.9924624165700604
2017-11-06,1.9918897993019113,2.985160877237312
2017-11-07,1.9937707728763934,2.9880380673867677
2017-11-08,1.9922376750050073,2.985822937524746
2017-11-09,1.994555554141511,2.9903832762347458
2017-11-10,1.9988482724433565,2.9994516303658463
2017-11-13,1.9984038091116656,3.0002518272728795
2017-11-14,2.0008768205590792,3.00645111887309
2017-11-15,1.9998509150739552,3.003604756740073
2017-11-16,1.9955401479628323,2.9960942769609815
2017-11-17,1.992684710244725,2.9899114903361865
2017-11-20,1.9939853413951292,2.9916358478448357
2017-11-21,1.9905958637416938,2.98467077289983
2017-11-22,1.987852829116879,2.9788006685985184
2017-11-24,1.987669226370056,2.9782638728933426
2017-11-27,1.9831697524240313,2.970041110524764
2017-11-28,1.9805383704817812,2.964464215902229
2017-11-29,1.9849454778571403,2.9729646685220534
2017-11-30,2.0,3.0
2017-12-01,1.997505232072878,2.993298351644558
2017-12-04,1.9993111894069926,2.998007295985998
2017-12-05,2.0016279566162667,3.001327864082932
2017-12-06,1.9987365736748257,2.9971170130089355
2017-12-07,1.991347023591954,2.981165554319386
2017-12-08,1.9918553097951333,2.982384904677947
2017-12-11,1.990172081196141,2.9785670290570967
2017-12-12,1.9894177924960421,2.9781426222729204
2017-12-13,1.9902422497615408,2.980869683658526
2017-12-14,1.9920454564487953,2.984140391282139
2017-12-15,1.986795121690946,2.9747924428552555
2017-12-18,1.981105138271464,2.9637627579439974
2017-12-19,1.9850927223936503,2.9725576790035793
2017-12-20,1.9874671431988458,2.9782843050117815
2017-12-21,1.9878607775622044,2.977294006917806
2017-12-22,1.9909085341560477,2.983690258555715
2017-12-26,1.9839318725656234,2.969852967547871
2017-12-27,1.9834616248353514,2.967937589996712
2017-12-28,1.9838981917242122,2.968815273347051
2017-12-29,2.0,3.0
2018-01-02,1.9948732664997952,2.9918253933835457
2018-01-03,1.9927526956208994,2.986471918698112
2018-01-04,1.9904383572897217,2.9821196597393076
2018-01-05,1.9850164409666513,2.972062097284625
2018-01-08,1.9872849240948292,2.976441125262899
2018-01-09,1.9875800515088486,2.9773726082496514
2018-01-10,1.987209589166709,2.9766083942289887
2018-01-11,1.9857767051890483,2.97333818462653
2018-01-12,1.9788520500892262,2.959790546390616
2018-01-16,1.980995847786217,2.9638760099111
2018-01-17,1.9767280187759464,2.953337288800154
2018-01-18,1.9767825779641575,2.953680636208945
2018-01-19,1.9748275057498148,2.9507480619490107
2018-01-22,1.9760176435623202,2.953643958981696
2018-01-23,1.972773051884001,2.945674273155277
2018-01-24,1.9679532776594482,2.938284598143989
2018-01-25,1.9696624574527795,2.9401762742828583
2018-01-26,1.9644116166039458,2.9297579113299146
2018-01-29,1.9648618396053503,2.9313636713593954
2018-01-30,1.9747828948824226,2.95365915295813
2018-01-31,1.9999999999999998,2.9999999999999996
2018-02-01,2.0037084820169464,3.0080356106974326
2018-02-02,2.019638796012895,3.0385463479714887
2018-02-05,2.0408789288247307,3.080349680932098
2018-02-06,2.0342492319107213,3.0707974331878614
2018-02-07,2.0408131462817978,3.0849857210795584
2018-02-08,2.0582091177260806,3.122014471717462
2018-02-09,2.0576068709822826,3.1257604110456723
2018-02-12,2.053370004262188,3.119152483140372
2018-02-13,2.05279472960681,3.1183850017289148
2018-02-14,2.0437715355146664,3.100553632616811
2018-02-22,2.0424675486406283,3.094900685485067
2018-02-23,2.0340852950016592,3.075532219464349
2018-02-26,2.027763236427746,3.06286811877878
2018-02-27,2.036124630771415,3.0817766678046334
2018-02-28,2.0,3.0
2018-03-01,2.001648862610417,3.0009800275568854
2018-03-02,1.9987005994528009,2.9945474998942196
2018-03-05,1.995553815029922,2.989610646045957
2018-03-06,1.993504254428145,2.9873756745267404
2018-03-07,1.9964644732008179,2.9919431417049944
2018-03-08,1.9985620162994842,2.998340709316011
2018-03-09,1.9936778036586107,2.9908425897834436
2018-03-12,1.99237313640186,2.9880974535876805
2018-03-13,1.9954193944716467,2.9943140426940325
2018-03-14,1.9984891801000295,3.000458802125331
2018-03-15,2.000793622867472,3.0043376202589434
2018-03-16,2.0015716504111265,3.0059914192569166
2018-03-19,2.005465618391498,3.0124273914314466
2018-03-20,2.0050988337515503,3.0110886476368917
2018-03-21,1.9976111465165778,2.9952150889268543
2018-03-22,2.0056061476270424,3.0071128398844773
2018-03-23,2.0079625237176515,3.008922422154647
2018-03-26,2.0017581202201384,3.002043717224901
2018-03-27,2.005878982590973,3.0069438125785446
2018-03-28,2.009311519791918,3.0128890174552496
2018-03-29,2.0000000000000004,3.0000000000000004
2018-04-02,2.0043857492505377,3.0096716994197026
2018-04-03,2.0015359140223983,3.0028888739479704
2018-04-04,2.002460871042214,3.006270748423284
2018-04-09,2.0008024137493714,3.002244247743125
2018-04-10,1.9947283855760465,2.9904631985913825
2018-04-11,1.991442432267039,2.9816499629187634
2018-04-12,1.9918593783281076,2.983060752448493
2018-04-13,1.990570369891788,2.980880980562758
2018-04-16,1.9912629488779325,2.984970803243983
2018-04-17,1.9890884771089075,2.9822821957568864
2018-04-18,1.983464026090359,2.9715084541992627
2018-04-19,1.985562325538206,2.9759622005852244
2018-04-20,1.9889377856415058,2.982401998602902
2018-04-23,1.9924819070888846,2.987513098693434
2018-04-24,1.9930214750811028,2.9884495442291357
2018-04-25,1.9970057318491197,2.9964886956035577
2018-04-26,1.9932178508389702,2.988967274295048
2018-04-27,2.0,3.0000000000000004
2018-05-02,2.002111812687559,3.001209170871922
2018-05-03,2.0004314749414482,2.9976097227579737
2018-05-04,1.9973444048892206,2.9939365771378723
2018-05-07,1.9965794311853282,2.992474374475545
2018-05-08,1.997154791240328,2.994212775646083
2018-05-09,1.9944777517741041,2.989723434058103
2018-05-10,1.9910975683388317,2.9855495290896026
2018-05-11,1.9935981024445264,2.9921113568594415
2018-05-14,1.9949722724456065,2.99482872968488
2018-05-15,2.001057480176138,3.004955864737951
2018-05-16,1.9989602165976814,3.0012210857562795
2018-05-17,1.9996169810535223,3.002915612182184
2018-05-18,1.998570299912797,3.0004696594405558
2018-05-21,1.994847899107965,2.9939293587594515
2018-05-22,1.9974090323704996,2.9995567453206324
2018-05-23,1.9964890759962635,2.9974392966160273
2018-05-24,1.9963373272802696,2.9991077662100585
2018-05-25,1.999993540261781,3.0066254240537362
2018-05-29,2.000822957705738,3.006933820829599
2018-05-30,1.9957548583993476,2.9978964425155885
2018-05-31,2.0,3.0
2018-06-01,1.9994634906670763,3.0007287902604802
2018-06-04,2.00111734240913,3.0059331708282695
2018-06-05,1.9989200853079068,3.0011809770078006
2018-06-06,1.9956664156740542,2.996100433876575
2018-06-07,1.995645597434018,2.9962902986026343
2018-06-08,1.9958503934099168,2.9983699629497655
2018-06-11,1.9962915969455868,3.000440322943908
2018-06-12,1.9970406117480544,3.002177598545489
2018-06-13,1.9972937599137717,3.003838774786653
2018-06-14,1.9953832186675617,3.0011211750153497
2018-06-15,2.0039225874251994,3.0168897239202175
2018-06-19,2.005541271860184,3.018003176855993
2018-06-20,2.0052759174894095,3.017425594372964
2018-06-21,2.00920272158594,3.025597025168982
2018-06-22,2.0071460852135155,3.0206608982789844
2018-06-25,2.0135257261180928,3.032527457407215
2018-06-26,2.0105686512258387,3.0247178507032935
2018-06-27,2.0128308954007212,3.026672510841297
2018-06-28,2.013750594700488,3.030223533223266
2018-06-29,1.9999999999999998,3.0
2018-07-02,2.0047262131531722,3.0098830715259774
2018-07-03,2.004099019336021,3.0085930414546684
2018-07-05,2.001420138945575,3.0048545775636057
2018-07-06,1.999376484280809,3.0017397095637315
2018-07-09,1.996777560479638,2.998661064180935
2018-07-10,1.9999727488687165,3.007129147242198
2018-07-11,2.0099484648986365,3.027156290999503
2018-07-12,2.006708125136742,3.023248228767575
2018-07-13,2.0060563670182794,3.020735842424217
2018-07-16,2.011220953914628,3.033726558497331
2018-07-17,2.009891383598773,3.0302762839620474
2018-07-18,2.0091715758522573,3.0290494613727836
2018-07-19,2.0100454697754904,3.0288640830164915
2018-07-20,2.0099466935875747,3.028856640520663
2018-07-23,2.0120387047391217,3.0338510763835562
2018-07-24,2.0083422835866966,3.0284774017237446
2018-07-25,2.0034694837746767,3.019741329248621
2018-07-26,2.0062431779407595,3.023974702718306
2018-07-27,2.007437368931587,3.025915517014171
2018-07-30,2.008893699652223,3.0278272102616604
2018-07-31,2.0,3.0000000000000004
2018-08-01,2.0057772548981307,3.010956534673033
2018-08-02,2.002878165398362,3.0056902072712304
2018-08-03,2.0012970771790566,3.004284105879698
2018-08-06,2.0034653183948685,3.009432722413524
2018-08-07,2.0004480871099712,3.0035116399932043
2018-08-08,2.0042074087511055,3.012365172037207
2018-08-09,2.004037585360204,3.0125016869457575
2018-08-10,2.0057743141920956,3.0135163030484535
2018-08-13,2.0098705141809794,3.0194641108673808
2018-08-14,2.0094617805328787,3.02105323354744
2018-08-15,2.0193268256131898,3.036500541587429
2018-08-16,2.016348422649731,3.033872974828942
2018-08-17,2.014467299178257,3.032194279827534
2018-08-20,2.012988006507599,3.029689557846427
2018-08-21,2.0102666452736107,3.024042451717218
2018-08-22,2.007014904330196,3.0162646633326182
2018-08-23,2.0091231038488453,3.01893997060913
2018-08-24,2.0036671625211535,3.010675930992792
2018-08-27,2.002258964727174,3.0100509246257277
2018-08-28,2.0048287586917652,3.0149639197462026
2018-08-29,2.0022083076368107,3.0113883989200727
2018-08-30,2.004445245002488,3.0141522227896593
2018-08-31,2.0,3.0000000000000004
2018-09-04,2.0047871409789724,3.0075135392182526
2018-09-05,2.009997217006889,3.0183648477508194
2018-09-06,2.011984607455547,3.021797043425364
2018-09-07,2.0149979573740793,3.0277792137333646
2018-09-10,2.0139828749611444,3.027149595197325
2018-09-11,2.0133240998998856,3.0262920655449106
2018-09-12,2.0102114352040514,3.020823578119661
2018-09-13,2.011901947403686,3.027019270369531
2018-09-14,2.0141050706334758,3.0307274753983595
2018-09-17,2.0158321606905343,3.0338173021048807
2018-09-18,2.015027386133456,3.032570375658803
2018-09-19,2.0129601410594176,3.0286301131912516
2018-09-20,2.0108580957309607,3.0271811967846145
2018-09-21,2.0102449640989106,3.025680741298498
2018-09-25,2.0087968676476033,3.0233801095686266
2018-09-26,2.0099936382727486,3.025258195431904
2018-09-27,2.0097964491898197,3.02521769204993
2018-09-28,2.0000000000000004,3.0000000000000004
2018-10-08,2.0105564756690657,3.0200422074140167
2018-10-09,2.007972560239,3.015203709016543
2018-10-10,2.019104421687915,3.0290573592568575
2018-10-11,2.0221786411397855,3.0323503664478726
2018-10-12,2.01891146870912,3.0308463273350115
2018-10-15,2.016811099975314,3.0253763720506317
2018-10-16,2.008118173272515,3.013343536886597
2018-10-17,2.0120068014537895,3.0218285571781185
2018-10-18,2.017561549368551,3.0298416020193693
2018-10-19,2.017547115051231,3.0304204535958714
2018-10-22,2.0181415958803615,3.0301998816250366
2018-10-23,2.020582280841419,3.0357029890268383
2018-10-24,2.0242908148918346,3.034538068251988
2018-10-25,2.018877658720164,3.0295822839830957
2018-10-26,2.0151595535350473,3.0155996415684405
2018-10-29,2.0201353164218374,3.022687323485285
2018-10-30,2.0209176829962265,3.029133394416093
2018-10-31,2.0,3.0
2018-11-01,1.9971756681420147,3.000558701479251
2018-11-02,1.998756565561727,2.9992620290474714
2018-11-05,1.9990712624921567,3.002011528045884
2018-11-06,2.0004056794178826,3.006048842433951
2018-11-07,1.998357081279899,3.0093144554711544
2018-11-08,2.001778888003434,3.0156070524220957
2018-11-09,2.0068180382781495,3.0226411727916123
2018-11-12,2.010371163807778,3.0246312410795797
2018-11-13,2.015960282047279,3.034025426945031
2018-11-14,2.0155788315779932,3.032276877656248
2018-11-15,2.013880775424107,3.032665367630185
2018-11-16,2.0096978484189454,3.0259764940335865
2018-11-19,2.0143328062150663,3.031642266074507
2018-11-20,2.0253099252020315,3.0467115950683934
2018-11-21,2.0216561763185656,3.042095264074386
2018-11-23,2.0313018667240037,3.057725042447703
2018-11-26,2.031375689546608,3.0636505999698103
2018-11-27,2.0350834031482266,3.074069171174205
2018-11-28,2.0303486746423127,3.0713776411456535
2018-11-29,2.026832757106928,3.0623015956020674
2018-11-30,2.0,3.0
2018-12-03,1.9917361576451278,2.991794186907995
2018-12-04,1.993803605090207,2.991237688464578
2018-12-06,1.9983819492426107,3.000987760399878
2018-12-07,1.9970038593487953,2.9917392754285856
2018-12-10,2.0020475920105216,3.0040186891857665
2018-12-11,2.00318185918151,3.0088915629504855
2018-12-12,2.0020006273132553,3.008055410386136
2018-12-13,2.001082349627537,3.006744756555884
2018-12-14,2.0091904575922808,3.016699345385386
2018-12-17,2.0127925341007757,3.018684335042211
2018-12-18,2.0148533991575444,3.0220824437830203
2018-12-19,2.014693956692439,3.0205027697810936
2018-12-20,2.0166118049452826,3.018248696468908
2018-12-21,2.0261708390152267,3.0303379722215396
2018-12-24,2.0279669455972593,3.0253638793534448
2018-12-26,2.0188783796133145,3.026168828391177
2018-12-27,2.0208360741138955,3.0340268952004186
2018-12-28,2.0,3.0000000000000004
2019-01-02,1.9969920009036015,3.0029395054967107
2019-01-03,1.9929199775841102,2.990060460128558
2019-01-04,1.9887078743756441,2.991209515386946
2019-01-07,1.9855509797033295,2.986617204206407
2019-01-08,1.98146200642378,2.9809062257010637
2019-01-09,1.9747819069281511,2.9692592905125528
2019-01-10,1.9787713747481759,2.9761661506534476
2019-01-11,1.9778710357625051,2.97511318219175
2019-01-14,1.983013305716428,2.9832947605766513
2019-01-15,1.9810796626289113,2.9824715920438596
2019-01-16,1.9786824607762732,2.978909559769211
2019-01-17,1.977759770828043,2.9796991050671155
2019-01-18,1.977693495543388,2.9836302340094703
2019-01-22,1.9825598776389368,2.9918157439883846
2019-01-23,1.9840136739816105,2.9966743598139076
2019-01-24,1.9819668559474997,2.9941792304725676
2019-01-25,1.977853778405328,2.9890344673033975
2019-01-28,1.9832388948280617,2.9973462185819986
2019-01-29,1.9794510751419816,2.9911154534439417
2019-01-30,1.9719246999873044,2.979789272317774
2019-01-31,2.0,3.0
2019-02-01,2.000806466885168,3.0007755683004924
2019-02-11,2.005117727419583,3.012404783585465
2019-02-12,2.0018620944042116,3.009651757239044
2019-02-13,2.001793602579296,3.009831167820198
2019-02-14,1.9990386521637826,3.0046987099818763
2019-02-15,1.9917741749679696,2.996367311070659
2019-02-19,1.9861342401245898,2.986444963115167
2019-02-20,1.9845672498601963,2.983554692452773
2019-02-21,1.988645857462299,2.9881051800235956
2019-02-22,1.983902835472465,2.9822813076778756
2019-02-25,1.988362007511704,2.9892117459348255
2019-02-26,1.9873657653053487,2.9897578119622517
2019-02-27,1.989671837979604,2.99037669670809
2019-02-28,2.0,2.9999999999999996
2019-03-01,2.0062771443102907,3.0095052911847344
2019-03-04,2.006955034261869,3.0131695651968506
2019-03-05,2.0053092694522032,3.0115093002719164
2019-03-06,2.007508151865052,3.0148380106243184
2019-03-07,2.0085309786617973,3.015854146795367
2019-03-08,2.0062313915601884,3.013200458451758
2019-03-11,2.003784537583438,3.0120618044611103
2019-03-12,2.000059002169788,3.009531071054599
2019-03-13,1.9967515595996865,3.0044029795153975
2019-03-14,2.000478126750157,3.0078993157279683
2019-03-15,1.996621709232499,3.0037657869771492
2019-03-18,1.9948360659418864,3.0022874883296424
2019-03-19,1.9948685933538732,3.002199746433883
2019-03-20,1.9881713041584748,2.9908083101621266
2019-03-21,1.9879266091439618,2.9945826889700164
2019-03-22,1.9856203283222615,2.9849034241584795
2019-03-25,1.9850925192913909,2.985374737532301
2019-03-26,1.9848832860844936,2.9876906964463266
2019-03-27,1.9857328110266006,2.989921195296901
2019-03-28,1.9865867797245926,2.9932817105342315
2019-03-29,2.0000000000000004,3.000000000000001
2019-04-01,1.9989027644749486,2.9985326002588977
2019-04-02,1.9926434800880104,2.9878847459123845
2019-04-03,1.992626176569919,2.9855643618347987
2019-04-04,1.9931918111599995,2.9891905120728453
2019-04-08,1.9878154452477899,2.9814468289171976
2019-04-09,1.9893176549168976,2.983243210959865
2019-04-10,1.9833784931471627,2.9728444035541397
2019-04-11,1.9904347206791497,2.984528877860563
2019-04-12,1.9904524399935593,2.985258609571244
2019-04-15,1.991319840718223,2.9883018846987706
2019-04-16,1.9921610662225995,2.9884527813394848
2019-04-17,1.9934449618118446,2.990059047934452
2019-04-18,1.990952805042302,2.988135333791499
2019-04-22,1.9912440697392566,2.9892466619067126
2019-04-23,1.9873903357230926,2.9839296313549095
2019-04-24,1.9862249304771424,2.9828301818421306
2019-04-25,1.9895158493757563,2.988793877484864
2019-04-26,2.0,3.0000000000000004
2019-05-06,2.001041849508716,3.00327963641321
2019-05-07,2.006299073798408,3.009868032259123
2019-05-08,2.0082753180239825,3.0125748613549375
2019-05-09,2.0084262391744954,3.0124066861585415
2019-05-10,2.0053717334204766,3.007561138013587
2019-05-13,2.0004555131350665,2.9920571388014805
2019-05-14,1.9942955017528239,2.983857880032306
2019-05-15,1.9899797848730807,2.981228361805026
2019-05-16,1.9926214473498312,2.9895209676229153
2019-05-17,2.0010208203275957,3.004075429499451
2019-05-20,1.9988301401737358,2.998905407639359
2019-05-21,1.9979932004184913,3.0000230281266393
2019-05-22,2.0032336909414283,3.0102641214254393
2019-05-23,2.005062667777146,3.0112400866414424
2019-05-24,2.000695309718224,3.0047927071925242
2019-05-28,1.9965286475820385,2.9974328318080747
2019-05-29,1.996915987228979,2.996411561895197
2019-05-30,1.997569143580336,2.9994718321856046
2019-05-31,2.0,3.0
2019-06-03,1.998776520310429,2.998422939511325
2019-06-04,1.9967133350782682,2.9979081813084716
2019-06-05,2.000270301273766,3.0036392997557684
2019-06-06,1.9962918068942166,3.0027248972260936
2019-06-10,1.995174143067942,3.0060976649059783
2019-06-11,1.9944868305104044,3.006271126562045
2019-06-12,1.9969798873377942,3.0093329764202466
2019-06-13,1.9919238664260976,3.004054885976677
2019-06-14,1.9918070668613896,3.006554057591454
2019-06-17,1.9906290404019145,3.00539303762924
2019-06-18,1.983580248676725,2.997263391331248
2019-06-19,1.9790324526403544,2.987552787887251
2019-06-20,1.968202929561875,2.970525026074624
2019-06-21,1.9695132161131874,2.9696782742566055
2019-06-24,1.9642853371312368,2.9625140240169654
2019-06-25,1.963608497903944,2.960462810737131
2019-06-26,1.9608761505794463,2.954384755314355
2019-06-27,1.963800815165439,2.961609466046567
2019-06-28,2.0,3.0
2019-07-01,2.006170358369746,3.015923205733344
2019-07-02,2.0066688294968835,3.018135236878319
2019-07-03,1.9986731701954696,3.0090620385203293
2019-07-05,2.0055104662997607,3.0172660897736923
2019-07-08,2.0051773217123454,3.0170097130181723
2019-07-09,2.0033183579188396,3.0145187908360804
2019-07-10,1.997672532073528,3.0038946026058913
2019-07-11,2.0033087394684572,3.0118191443122386
2019-07-12,1.9990643426422694,3.0050961005747876
2019-07-15,2.0009471400405867,3.0105399164804063
2019-07-16,2.007627944051183,3.0217943366951383
2019-07-17,2.005403769538091,3.0191663585752786
2019-07-18,2.001552083676949,3.012451058939429
2019-07-19,2.003611227270753,3.015415709726485
2019-07-22,2.0039749538112366,3.0195449204431424
2019-07-23,2.0035369591670302,3.0198811196556017
2019-07-24,2.0023295861268053,3.0209840300139326
2019-07-25,2.0091320244250803,3.0326678096233346
2019-07-26,2.0083514646487166,3.0346740257704474
2019-07-29,2.0081190659420667,3.0347371679300017
2019-07-30,2.005168721192352,3.0294553986483876
2019-07-31,1.9999999999999998,2.9999999999999996
2019-08-01,2.002334805878726,3.0053754234266172
2019-08-02,2.0035549692160575,3.0099940483787266
2019-08-05,2.0038848853498483,3.006753310994526
2019-08-06,2.000749745090683,3.007690361184129
2019-08-07,1.9988084203783376,3.004246646894056
2019-08-08,1.994197246822361,3.0030206438655376
2019-08-09,1.9953603985569015,3.004424769412235
2019-08-12,1.9947704344144732,3.0062106022349147
2019-08-13,1.9922162587514871,3.0091622751724794
2019-08-14,1.9963448197733558,3.0148783752435873
2019-08-15,1.993651922733112,3.0133487817934017
2019-08-16,1.9948393492803824,3.0183221963712334
2019-08-19,1.9970300092361433,3.0230208508193748
2019-08-20,1.9945196334064599,3.020308146558166
2019-08-21,1.9965254505859396,3.0258354681080477
2019-08-22,1.9999236758128496,3.0294492059910425
2019-08-23,1.9967451383013861,3.0188347074695474
2019-08-26,1.9967115751613391,3.0230460721789503
2019-08-27,1.9909292826644946,3.019105651003713
2019-08-28,1.9888124259589888,3.02005509052178
2019-08-29,1.9883545377790501,3.0225523122911055
2019-08-30,2.0,3.0
2019-09-03,1.9985303144215016,2.998932593184059
2019-09-04,1.9895256918184165,2.990684298001486
2019-09-05,1.9949608294306898,2.9947905425863057
2019-09-06,1.9962025274802435,2.9992212232598794
2019-09-09,1.9981038094715926,2.9966002675825405
2019-09-10,2.00183941473103,2.9971053019988054
2019-09-11,2.00059332247732,2.9947085782483382
2019-09-12,2.0016163885579603,2.994355126786751
2019-09-16,1.9953616342979854,2.981243568141147
2019-09-17,1.998234241559989,2.9889876407291878
2019-09-18,2.003234978712787,3.0007906115451752
2019-09-19,2.000707030840119,2.997644235354522
2019-09-20,1.9969041633295443,2.993952660745297
2019-09-23,1.9950343808522173,2.9936142248996274
2019-09-24,2.0005717057743158,3.005563943138
2019-09-25,2.007982324053266,3.0133145045625915
2019-09-26,2.0084341906423084,3.0162808502228136
2019-09-27,2.011617967185198,3.0205617256238977
2019-09-30,2.0000000000000004,3.0
2019-10-08,1.998805341669051,2.9963837686245625
2019-10-09,1.9978617611544036,2.996555548368611
2019-10-10,2.0001228648112477,2.9976820922033705
2019-10-11,1.9989758966062738,2.995309323187798
2019-10-14,1.9979789613961623,2.9962559135210007
2019-10-15,2.000578362452455,2.998180645018036
2019-10-16,1.999719212525034,2.9956206407979877
2019-10-17,1.9968679939285616,2.990812193211203
2019-10-18,1.9981560026167502,2.9920952769931417
2019-10-21,1.9990674456800255,2.9936551980808987
2019-10-22,1.9971484578109733,2.9903974113370357
2019-10-23,1.9950710859802387,2.9894771386996033
2019-10-24,1.9907210553318033,2.98072265415977
2019-10-25,1.9832953647510703,2.965993389763625
2019-10-28,1.985525494838418,2.96800583625987
2019-10-29,1.9868412160132058,2.9714329125829027
2019-10-30,1.9864193660429406,2.9784906521294054
2019-10-31,2.0,3.0000000000000004
2019-11-01,1.9929488553073613,2.989424991536701
2019-11-04,1.99131789861144,2.981750014493698
2019-11-05,1.9951376199954314,2.9836089692861965
2019-11-06,1.995977895508853,2.9864117181693737
2019-11-07,2.002132097036474,2.990826449489462
2019-11-08,2.005119799872177,2.9955237606931915
2019-11-11,2.00696042052243,2.998421562068524
2019-11-12,2.0062814794240884,2.9999766101201915
2019-11-13,2.004720390600782,3.001897259688232
2019-11-14,2.003581248429003,3.0039255104240428
2019-11-15,2.0025285940596365,3.0045531728519457
2019-11-18,2.0042774406158945,3.008209423717454
2019-11-19,2.0047593910415933,3.012220519222985
2019-11-20,2.0013685918042037,3.01084237488175
2019-11-21,2.003306677236267,3.013326101571549
2019-11-22,2.0048863751263135,3.0180201034004797
2019-11-25,2.003032296802205,3.017798623261503
2019-11-26,1.9996747739640461,3.0163343613794837
2019-11-27,2.0011339452981547,3.019123764404017
2019-11-29,1.9999999999999998,3.0000000000000004
2019-12-02,2.005723125061496,3.0027542205573647
2019-12-03,2.000921498509774,2.9986006051452567
2019-12-04,1.99842049043141,2.9916115195737283
2019-12-05,1.9977347284314315,2.9901213864269622
2019-12-06,1.9961663982080993,2.9870119227674055
2019-12-09,1.996963526399824,2.988281767708996
2019-12-10,1.9957172186147698,2.9859138427390874
2019-12-11,1.992821758970992,2.983397716550016
2019-12-12,1.9919192801221293,2.9805163618840567
2019-12-13,1.988604808424916,2.9782287373777483
2019-12-16,1.9876659213493997,2.97657403997455
2019-12-17,1.9872185617215314,2.9751115969047954
2019-12-18,1.9858063324908368,2.9695320494007564
2019-12-19,1.983157849815663,2.9662015342789836
2019-12-20,1.9830074180514399,2.9687572211774262
2019-12-23,1.982152747586706,2.968815337937665
2019-12-24,1.9794858164431401,2.9660543887070614
2019-12-26,1.9767608352489716,2.9647932095012837
2019-12-27,1.9759531653815225,2.962582478521569
2019-12-30,1.9751527548904866,2.9576291875298604
2019-12-31,2.0,2.9999999999999996
2020-01-02,1.994487868126339,2.9952833215065224
2020-01-03,1.9856110249719805,2.978255867237485
2020-01-06,1.9838966654706345,2.9752253833514963
2020-01-07,1.9832428508477944,2.9732543390658086
2020-01-08,1.9874438148648634,2.9790247647707395
2020-01-09,1.9890168729129567,2.984914371082044
2020-01-10,1.9862732365544113,2.981755967172265
2020-01-13,1.9859077462146975,2.9808427069113614
2020-01-14,1.9824062341651911,2.9747452919884694
2020-01-15,1.9827999688753977,2.97910955376103
2020-01-16,1.9824388685679128,2.9802721065850037
2020-01-17,1.9820895164112282,2.9791157182742642
2020-01-21,1.982860576473089,2.9816520485501266
2020-01-22,1.9850085835209905,2.9856891377277712
2020-01-23,2.0,3.0000000000000004
2020-02-03,2.004465552204908,3.0015099346426237
2020-02-04,2.0016584637089534,2.9977029385262552
2020-02-05,1.99917296917252,2.996248523925691
2020-02-06,1.9953203831520925,2.991547449533908
2020-02-07,1.996294100880388,2.9941875288871427
2020-02-10,1.9950810456914163,2.994002613051878
2020-02-11,1.9939826494481985,2.9917098832387348
2020-02-12,1.9902394086912136,2.9851855247265817
2020-02-13,1.9888633785378995,2.9829567401065593
2020-02-14,1.9878682404649972,2.9832469143432787
2020-02-18,1.9842114240155975,2.97862571656121
2020-02-19,1.980272615519278,2.973392012753933
2020-02-20,1.9813312675696781,2.9751843366458433
2020-02-21,1.9826959426825184,2.9773303289004995
2020-02-24,1.9937389672288046,2.9922456746945443
2020-02-25,2.0091865622135945,3.011306431315141
2020-02-26,2.014387900492745,3.0177064923491748
2020-02-27,2.0283009156200413,3.029824023488185
2020-02-28,2.0,3.000000000000001
2020-03-02,1.9871889509585723,2.98639156832282
2020-03-03,1.9805393716956012,2.9653735099753837
2020-03-04,1.9782910575549335,2.973485426588735
2020-03-05,1.9803887149770625,2.974333439314818
2020-03-06,1.982277351802671,2.985861751542079
2020-03-09,2.025991102950366,3.0591660497288897
2020-03-10,2.034580943293473,3.088755572967313
2020-03-11,2.0638778358407897,3.121059051027149
2020-03-12,2.1090358322535585,3.1656858832895938
2020-03-13,2.0943573296231497,3.1586997604758476
2020-03-16,2.1330103763565993,3.201868860004158
2020-03-17,2.156702487989273,3.2514777399571786
2020-03-18,2.197673517620465,3.275993937432347
2020-03-19,2.1685633770878976,3.2329999446842512
2020-03-20,2.1372123832257106,3.1758764653916662
2020-03-23,2.1145257782186992,3.135475081318736
2020-03-24,2.0909206747938818,3.127683393383168
2020-03-25,2.078652599159932,3.109497777608712
2020-03-26,2.0694673420342897,3.115768443439968
2020-03-27,2.0729078244616623,3.11972055846058
2020-03-30,2.0829609796191684,3.155257811543785
2020-03-31,2.0,2.9999999999999996
2020-04-01,2.012142908183743,3.000864657930184
2020-04-02,1.9913007870610027,2.9857193739036054
2020-04-03,1.9822244786176495,2.9660393040184467
2020-04-07,1.9627116120112815,2.9585664432258927
2020-04-08,1.961364071340882,2.9638530019987788
2020-04-09,1.9462792366843518,2.944144153947484
2020-04-13,1.9453356935753274,2.9344802750020094
2020-04-14,1.9389123180112153,2.9262782175110655
2020-04-15,1.9478505539954047,2.947674373564627
2020-04-16,1.9487524445605016,2.951765804950819
2020-04-17,1.9473832445389752,2.9532121682374486
2020-04-20,1.9560042211006974,2.9663253050042346
2020-04-21,1.9729190962348895,2.992700113709925
2020-04-22,1.960781943819553,2.967649278775066
2020-04-23,1.95741796233811,2.9646838152103645
2020-04-24,1.9540549296929617,2.9617498234323216
2020-04-27,1.9563868276125014,2.956453433039393
2020-04-28,1.951549938979219,2.958043511151284
2020-04-29,1.9320367531001295,2.920008870538641
2020-04-30,2.0,3.0
2020-05-06,2.012223496623904,2.9914925853471224
2020-05-07,1.995506917745436,2.9793158738084027
2020-05-08,1.9855209296769385,2.9655888141002507
2020-05-11,1.997506338877467,2.980958078269188
2020-05-12,2.0029097178060193,2.9872122176564604
2020-05-13,2.007323175998416,2.987943251591991
2020-05-14,1.9952119946165787,2.98100217834609
2020-05-15,1.9886348068060793,2.9764042913258564
2020-05-18,1.97313474740385,2.9546278051101473
2020-05-19,1.9746901442556815,2.9551511941656425
2020-05-20,1.96177910285037,2.9455195287513445
2020-05-21,1.9668922563683575,2.9547588940909524
2020-05-22,1.9674719390088036,2.9583108846689115
2020-05-26,1.9650580096969765,2.956950996902665
2020-05-27,1.9607046460687056,2.94850925177423
2020-05-28,1.9618777597461075,2.9513416293520702
2020-05-29,1.9666863324385642,2.999999999999999
2020-06-01,1.9599491060103873,2.984088693639049
2020-06-02,1.9584268902691375,2.9862733030094293
2020-06-03,1.9598461597857502,2.986156075541917
2020-06-04,1.9608838138982265,2.9765771709467916
2020-06-05,1.9509498627494528,2.966971831712801
2020-06-08,1.943262040857584,2.9582582446671
2020-06-09,1.9440321088323582,2.9638933698038055
2020-06-10,1.935532848969799,2.9533568657224176
2020-06-11,1.9458749416392809,2.9169304695002074
2020-06-12,1.9439053158084527,2.9116482114804314
2020-06-15,1.9387462705901208,2.905883973549847
2020-06-16,1.9350916489663306,2.8964106939950827
2020-06-17,1.9373405555214605,2.899321604372088
2020-06-18,1.9321157408596399,2.8978170913753787
2020-06-19,1.9291293327840249,2.8922004980378837
2020-06-22,1.9217226152349145,2.880231186938504
2020-06-23,1.9219916294007298,2.875952367505693
2020-06-24,1.9366083919924395,2.8962668759623944
2020-06-29,1.9266445770864888,2.891618210212526
2020-06-30,1.948818169007396,3.0
2020-07-01,1.9475811593530328,2.998298977677274
2020-07-02,1.9431651265958443,2.9924278227498604
2020-07-06,1.9344207188754794,2.9771178548887614
2020-07-07,1.9338461686950579,2.980910419874075
2020-07-08,1.9283866201608395,2.9731273936551736
2020-07-09,1.9296847752852564,2.980606981068712
2020-07-10,1.926026178702723,2.9742145922420526
2020-07-13,1.9290543691398385,2.981710362648611
2020-07-14,1.923820013060449,2.9802458238548173
2020-07-15,1.917515141832077,2.9724865901792894
2020-07-16,1.9205589298814418,2.980439079217436
2020-07-17,1.9190086647661513,2.977632967390889
2020-07-20,1.915716467071038,2.976461484016529
2020-07-21,1.9050892065795417,2.9662829701807465
2020-07-22,1.897298188282076,2.961358456859335
2020-07-23,1.8961322272201016,2.960587666495225
2020-07-24,1.8973341257917027,2.9641254468780596
2020-07-27,1.8863080010685147,2.9421860569312686
2020-07-28,1.8866925869108977,2.9446704164383255
2020-07-29,1.8817657287807272,2.9378393121468043
2020-07-30,1.887025514598987,2.94661968973357
2020-07-31,1.9469073214527104,3.0000000000000004
2020-08-03,1.941745026680455,2.9924864932985686
2020-08-04,1.9315514016834223,2.9865174733965802
2020-08-05,1.9251630182811748,2.9735135128089647
2020-08-06,1.9169290723132677,2.971256397603685
2020-08-07,1.9251711034077168,2.980804535426964
2020-08-10,1.9211209097229565,2.974191967172663
2020-08-11,1.9405003952228677,2.990202640552394
2020-08-12,1.9361528533952785,2.983132916972563
2020-08-13,1.9341495583311799,2.97451773123165
2020-08-14,1.9371360572788225,2.9746197854051557
2020-08-17,1.9260062485774432,2.958603527977811
2020-08-18,1.9222791360123233,2.960753117293728
2020-08-19,1.9312458220868935,2.971354501940037
2020-08-20,1.928776120407831,2.97447496985943
2020-08-21,1.9315735196729085,2.9829780262132126
2020-08-24,1.9271422125581499,2.978425741823089
2020-08-25,1.9263765369772177,2.9760879120440222
2020-08-26,1.9221875303548235,2.9705106874808966
2020-08-27,1.9291095030543797,2.969200229933664
2020-08-28,1.9221619415714013,2.9586564102458364
2020-08-31,1.915894868055299,3.0
2020-09-01,1.9108610510626658,3.0024765650676883
2020-09-02,1.9135445459708393,3.021033371309072
2020-09-03,1.9217432921353117,3.0104188850912945
2020-09-04,1.928692682913436,3.0048747004532306
2020-09-08,1.9406056354782535,3.0192206023681614
2020-09-09,1.933868639492757,3.014103103957357
2020-09-10,1.9379775375545891,3.0150911992143614
2020-09-11,1.9352385513950046,3.0120955878134166
2020-09-14,1.930067387880477,3.006608490064665
2020-09-15,1.9279496753841983,3.0034939165877836
2020-09-16,1.9227221055928125,2.9919194184113382
2020-09-17,1.9198124156836875,2.9869854805794693
2020-09-18,1.9207778510228204,2.9789971186374666
2020-09-21,1.9372124861381703,2.999616751625025
2020-09-22,1.9394037451313926,3.0085641260377787
2020-09-23,1.9514914069469156,3.0149990106590514
2020-09-24,1.946781248437805,3.0107879717031834
2020-09-25,1.946103893252563,3.017935879585308
2020-09-28,1.9378806257230456,3.0129673134269432
2020-09-29,1.9394179688340734,3.0121382864783133
2020-09-30,1.8962500803106532,3.0000000000000004
2020-10-09,1.8778429400460104,2.970414203000424
2020-10-12,1.877478126268217,2.9767412531575865
2020-10-13,1.8799973222459627,2.9830744536843055
2020-10-14,1.8782214294714468,2.97941294283135
2020-10-15,1.8770970521421617,2.974516572623049
2020-10-16,1.880767408075409,2.9799130623854544
2020-10-19,1.88323283777132,2.9752716467191638
2020-10-20,1.880123544234001,2.9672448793411186
2020-10-21,1.881036546313264,2.9631092216818584
2020-10-22,1.8817410669184904,2.957953363899686
2020-10-23,1.8810599706175652,2.961361510124764
2020-10-26,1.8870631172176962,2.9688309998557467
2020-10-27,1.8834313522413113,2.9650079141615175
2020-10-28,1.900949598436661,2.9818925574747253
2020-10-29,1.9062828247514019,2.988541052689442
2020-10-30,1.887091043980779,3.0
2020-11-02,1.8758277351951547,2.99243980413084
2020-11-03,1.870870217966518,2.9869315514452035
2020-11-04,1.8641215999815375,3.00080118514751
2020-11-05,1.8520875856929981,2.982805209449778
2020-11-06,1.8577465013482253,2.986613007124033
2020-11-09,1.8608262281572727,2.991488423713164
2020-11-10,1.8546103047587443,2.9747747101802924
2020-11-11,1.852914709416589,2.977018146161459
2020-11-12,1.852361248290559,2.9813473654363323
2020-11-13,1.8490327982203079,2.9784279807882696
2020-11-16,1.8429724998098622,2.9681667776683662
2020-11-17,1.83857242199328,2.9558176484279413
2020-11-18,1.8389699576715461,2.952486250411395
2020-11-19,1.8367700530935869,2.9514692734777044
2020-11-20,1.8317694884605586,2.9420457822315336
2020-11-23,1.8311371112142496,2.9382074301738057
2020-11-24,1.8239941482241497,2.9229995837362797
2020-11-25,1.8231110969529374,2.9213714445499117
2020-11-27,1.8243116728615028,2.932674176279511
2020-11-30,1.8745536872245383,3.0
2020-12-01,1.8733519744595135,2.995829988086447
2020-12-02,1.8724662525306035,2.9891778706817718
2020-12-03,1.8654417498652751,2.970580926017518
2020-12-04,1.867840642033587,2.977649263925429
2020-12-07,1.862135329385359,2.963810357477821
2020-12-08,1.8609968813296098,2.9710367665931092
2020-12-09,1.864328443464386,2.9695588214521216
2020-12-10,1.857909301610737,2.9681706554188354
2020-12-11,1.8590847197513252,2.9710289147151356
2020-12-14,1.8583505873346298,2.962796667639907
2020-12-15,1.850303430117753,2.947858864657701
2020-12-16,1.8463942227507557,2.941709311028094
2020-12-17,1.8382495089986426,2.9196121654352565
2020-12-18,1.8398039909357304,2.9223145157567743
2020-12-21,1.8418185421947837,2.9257648706842345
2020-12-22,1.8451937559202916,2.932178317083634
2020-12-23,1.8394123494394374,2.9114498483116535
2020-12-24,1.8371601414379664,2.9135404709826562
2020-12-28,1.8345847966231104,2.9126358144794073
2020-12-29,1.8327284278113811,2.8956767397471905
2020-12-30,1.8254345386297373,2.8753430858306426
2020-12-31,1.8561050253729998,2.9999999999999996
2021-01-04,1.8542206858112507,2.985595855173683
2021-01-05,1.843275377245619,2.9577619279242655
2021-01-06,1.845521080673846,2.955848610806668
2021-01-07,1.8435075758627406,2.9519063163670007
2021-01-08,1.8481009338865688,2.961327383932424
2021-01-11,1.8575759400092478,2.9876886463383174
2021-01-12,1.8479114874596896,2.962880683445608
2021-01-13,1.8446306953459237,2.9608220260676514
2021-01-14,1.8387961209772146,2.93372693520763
2021-01-15,1.8486971127586458,2.960659145801009
2021-01-19,1.84289397323724,2.950604437091621
2021-01-20,1.838827131880941,2.9483339798852874
2021-01-21,1.8433980819452833,2.9603171278694407
2021-01-22,1.8482721642291517,2.96923029529943
2021-01-25,1.8435753558783259,2.9717806989991677
2021-01-26,1.843412573464179,2.9652800058852233
2021-01-27,1.852086552392137,2.986794421307015
2021-01-28,1.8486080791838666,2.980521012863034
2021-01-29,1.8204271449568654,3.0000000000000004
2021-02-01,1.810852816523282,2.996893899039402
2021-02-02,1.8098234392709618,2.988130078397058
2021-02-03,1.807151128681105,2.9740602852192843
2021-02-04,1.8073997720368644,2.982051360822358
2021-02-05,1.8045532486842228,2.967973078497467
2021-02-08,1.7913619328214694,2.9342872226217342
2021-02-09,1.7894097339745,2.9280798572510753
2021-02-10,1.7895203835943163,2.9349040548261374
2021-02-18,1.7922705724088523,2.920348589969127
2021-02-19,1.7925889720746655,2.9058546182963663
2021-02-22,1.7872835360985202,2.89252689491954
2021-02-23,1.789905134820677,2.901688835108841
2021-02-24,1.7826044167501736,2.880746360354577
2021-02-25,1.7997745028299945,2.9033901189619535
2021-02-26,1.782715214557541,3.0000000000000004
2021-03-01,1.7849173520396426,3.006296833319588
2021-03-02,1.7836864574739733,3.002029673867401
2021-03-03,1.786550689656883,2.996257098643479
2021-03-04,1.7904800567750359,2.999533332673578
2021-03-05,1.7820891886222048,2.991145563380711
2021-03-08,1.788018521884194,2.9953431621801125
2021-03-09,1.7767235569037527,2.973770804732032
2021-03-10,1.7707488040301727,2.965580400223087
2021-03-11,1.765540635488823,2.9522264413862724
2021-03-12,1.7734746819644829,2.9566913319563355
2021-03-15,1.7716128176460568,2.9596174589940554
2021-03-16,1.773624332798075,2.9598273395931227
2021-03-17,1.7731392501982348,2.9539592650694253
2021-03-18,1.7923452858488094,2.9779192076024725
2021-03-19,1.7850292098950675,2.9702167784568267
2021-03-22,1.7842152677254612,2.981454808323764
2021-03-23,1.7935823616893818,3.00137024772139
2021-03-24,1.7877472921283815,2.9962012271922136
2021-03-25,1.7940908014896788,3.0081889202510466
2021-03-26,1.7843806138978524,2.9891975692283315
2021-03-29,1.7879034376922895,2.988153101188014
2021-03-30,1.7925047539013133,2.9996125791872887
2021-03-31,1.830451843003213,3.0
2021-04-01,1.8193602164409037,2.996229932995626
2021-04-06,1.82007594857741,3.0008850638871425
2021-04-07,1.8225657431727984,3.0066009272323324
2021-04-08,1.8168363781798906,3.0010836447066995
2021-04-09,1.818602531520569,3.0027981212689294
2021-04-12,1.819319077154952,3.003821756512862
2021-04-13,1.8119556244775497,2.9938587575053064
2021-04-14,1.806310457256675,2.981383919720415
2021-04-15,1.796981778901831,2.9749980300907204
2021-04-16,1.7982117318215871,2.974623589315548
2021-04-19,1.8025214950864588,2.9866181617363194
2021-04-20,1.8033737716001277,2.9844660647062193
2021-04-21,1.80048819690723,2.9846128135269723
2021-04-22,1.7999884244005273,2.9838335081177907
2021-04-23,1.7965614518625288,2.980513627874607
2021-04-26,1.7931376183676062,2.9705548864274633
2021-04-27,1.7927133559243904,2.966603238262699
2021-04-28,1.7900299782986155,2.960293674304216
2021-04-29,1.7890419016103203,2.9590513487045644
2021-04-30,2.0,3.0
2021-05-06,1.9798076661409516,2.975937801891153
2021-05-07,1.9740821496129355,2.9655144156183346
2021-05-10,1.9802975905868219,2.9693684245838523
2021-05-11,1.9812413893630842,2.9673271700839225
2021-05-12,1.9917968451495938,2.972971922858608
2021-05-13,1.997578157884393,2.989468740774778
2021-05-14,1.9872638628934955,2.980937626750518
2021-05-17,1.9835691470686658,2.9763363009920867
2021-05-18,1.9867041743471794,2.9771681331365776
2021-05-19,2.0012656452945112,3.0021832691979555
2021-05-20,1.998373508906331,3.0021408048963876
2021-05-21,1.9954093403459945,2.998039504801114
2021-05-24,1.9877024792948175,2.990327472141554
2021-05-25,1.9862107102819624,2.991605716294733
2021-05-26,1.9855369152619708,2.9882390151363616
2021-05-27,1.9819977884336484,2.9830709715199006
2021-05-28,1.9999999999999996,3.0
2021-06-01,1.991425810384725,2.9827244066235203
2021-06-02,1.9898069038332034,2.982798637353051
2021-06-03,1.9975998651841602,2.9939961624295472
2021-06-04,1.9878627488574971,2.985829987489093
2021-06-07,1.992525692395955,2.9973521444103572
2021-06-08,1.9877847001268494,2.9907170427255427
2021-06-09,1.9860694625391424,2.9899537309600777
2021-06-10,1.9811397688016537,2.9851473041284255
2021-06-11,1.983391551555048,2.9900770229482556
2021-06-15,1.985332860126906,2.985840335869769
2021-06-16,1.9977403475775704,3.011864867522234
2021-06-17,2.004533432158944,3.02781215800164
2021-06-18,2.0042127211659033,3.034478055645852
2021-06-21,2.006412553207142,3.042210586472707
2021-06-22,2.00180382349298,3.035191876745569
2021-06-23,1.9990411429928243,3.0266032699400642
2021-06-24,1.9954259997401713,3.021689991741711
2021-06-25,1.9991975309835988,3.0274466324747227
2021-06-28,1.9935827894885456,3.017425100347462
2021-06-29,1.992328764849264,3.0154145375301646
2021-06-30,2.0,2.9999999999999996
2021-07-01,1.9989143264457452,3.000975436323066
2021-07-02,1.9908205908268441,2.991024835943485
2021-07-06,1.9957495007666226,3.0005556413193752
2021-07-07,1.9972491646915937,3.0080520285128176
2021-07-08,1.9967578870103022,3.004049922371331
2021-07-09,1.992247528975974,2.9936460802002722
2021-07-12,1.9902113884610821,2.9909054116163336
2021-07-13,1.992530971448967,2.9912939146643804
2021-07-14,1.9901956735585153,2.9911493528005426
2021-07-15,1.9892643202472027,2.9931444765281072
2021-07-16,1.9948477176959067,2.999941332967004
2021-07-19,2.0038130536341052,3.0154181666836384
2021-07-20,1.999992424230652,3.0095666808674286
2021-07-21,1.9959416063527482,3.0024209011165897
2021-07-22,1.9900778916774895,2.994886917389946
2021-07-23,1.9864533595621294,2.9874096412784605
2021-07-26,1.9790234578012302,2.969130826814697
2021-07-27,1.97990880463946,2.971570384480585
2021-07-28,1.9735639883387535,2.9574474812517124
2021-07-29,1.9688881387491886,2.950539287553778
2021-07-30,2.0,3.0
2021-08-02,2.0008022362437043,3.002262107376535
2021-08-03,1.9988517455786037,3.0024349009058873
2021-08-04,2.0038467992750815,3.0058096824522798
2021-08-05,2.002590927059284,3.0066264303401464
2021-08-06,2.0111234104350877,3.0150755058735936
2021-08-09,2.0194236100909477,3.0259948732556032
2021-08-10,2.015564215453697,3.020406745120008
2021-08-11,2.0091304130842866,3.0088436062078645
2021-08-12,2.0120522574892967,3.013179793546762
2021-08-13,2.005012054325277,3.0047044235710745
2021-08-16,2.0053698209464463,3.0072314863502543
2021-08-17,2.0153875962115255,3.023110010186568
2021-08-18,2.0189825844709772,3.0234522375877413
2021-08-19,2.0223083046249957,3.0303018430946342
2021-08-20,2.0266848385929856,3.037883876127826
2021-08-23,2.0129816332208033,3.0218049263481586
2021-08-24,2.008939028022662,3.0165290707681636
2021-08-25,2.007544226862891,3.0129203964943065
2021-08-26,2.0122573989654997,3.018841448155928
2021-08-27,1.9955708158150613,2.993462352671291
2021-08-30,1.994704042108481,2.9957597268420133
2021-08-31,1.9999999999999998,3.0000000000000004
2021-09-01,1.9980054827551523,2.996404051305082
2021-09-02,1.9939988146635863,2.9923022733080087
2021-09-03,1.9936116124579204,2.989005813284327
2021-09-07,2.0040006572644575,3.004515020837917
2021-09-08,2.002036234667567,3.0031644203705996
2021-09-09,1.996527268085641,2.9936723198198756
2021-09-10,2.0017812499850236,3.0005170529471106
2021-09-13,1.9966683855666811,2.9949359951544827
2021-09-14,1.993960020942209,2.990638289104772
2021-09-15,1.988232291658737,2.983422256390024
2021-09-16,1.9967359903147015,2.9966733476919196
2021-09-17,2.005736793159413,3.006434429890414
2021-09-22,2.0055147752408438,3.013141890263859
2021-09-23,2.0073779191284666,3.0161725956628724
2021-09-24,2.0120138264519,3.0228581375400503
2021-09-27,2.0070957074409774,3.0138675252352325
2021-09-28,2.018627047392685,3.019703939864365
2021-09-29,2.0207389824407853,3.0229155074848855
2021-09-30,2.0,3.0
2021-10-08,1.9823968542968213,2.972264708231142
2021-10-11,1.9800439378632686,2.9610590435700517
2021-10-12,1.9761723475059374,2.961054644626578
2021-10-13,1.9677371354972537,2.9510734815877306
2021-10-14,1.9604648986594775,2.9498701930845326
2021-10-15,1.9593309079683745,2.9489520197115344
2021-10-18,1.9601639558557706,2.9529072087481585
2021-10-19,1.9608064282346611,2.952429761585459
2021-10-20,1.9551498205633726,2.9425263399509802
2021-10-21,1.9590795486356498,2.94847292318525
2021-10-22,1.9543943990198331,2.945066252141407
2021-10-25,1.9481520077465184,2.9331509824971915
2021-10-26,1.947763045216068,2.936637193874546
2021-10-27,1.9487183402658208,2.9406333112150795
2021-10-28,1.950169943388239,2.947088043512706
2021-10-29,2.0,3.0000000000000004
2021-11-01,1.9996478405343177,3.00015089180812
2021-11-02,1.9967787811872135,2.995470619943111
2021-11-03,2.0025117999368365,3.00258958918322
2021-11-04,1.9950840380484007,2.9908771303971804
2021-11-05,1.9840043706957853,2.9792823863393796
2021-11-08,1.977588963422942,2.9654991130619353
2021-11-09,1.9712660752590963,2.957235789439984
2021-11-10,1.9799856917758252,2.9616255673008345
2021-11-11,1.9768498202672489,2.9588597768412837
2021-11-12,1.9780922506032241,2.9636080826781743
2021-11-15,1.981401626207536,2.964437068267768
2021-11-16,1.9840963583684814,2.9697489911075428
2021-11-17,1.983987632004825,2.9703167779831023
2021-11-18,1.9826100544491394,2.970499895681631
2021-11-19,1.9861123075266836,2.977119319460401
2021-11-22,1.9959725692741854,2.995064838503182
2021-11-23,1.9993082922252883,2.9989700481056367
2021-11-24,1.9957815884990258,2.9987524754389154
2021-11-26,2.009923637954882,3.018663970862293
2021-11-29,2.0102656391958815,3.018033346766233
2021-11-30,1.9999999999999998,2.9999999999999996
2021-12-01,2.0084720461540133,3.01404795769569
2021-12-02,2.000100354381081,3.006297419931245
2021-12-03,2.001050313632222,3.014231919076222
2021-12-06,2.0018971076306147,3.0190102236894982
2021-12-07,1.9945328359224663,3.01089458330332
2021-12-08,1.9964236489387581,3.0108284399801253
2021-12-09,2.005016091611509,3.0248344705965104
2021-12-10,2.002436770992546,3.0257091263317233
2021-12-13,2.0041314641451144,3.032246681087701
2021-12-14,2.0118445032231076,3.043702646127561
2021-12-15,2.009042777444509,3.040746117694098
2021-12-16,2.0064462060861317,3.0333773949762386
2021-12-17,2.008977096963709,3.0373528266096077
2021-12-20,2.0165798727817084,3.044258437154438
2021-12-21,2.005824115095238,3.0321067413313934
2021-12-22,1.9968765226672325,3.021964540649603
2021-12-23,1.9952843969320884,3.015748310973859
2021-12-27,1.9856091814971824,3.0037091740751793
2021-12-28,1.9885600513204464,3.0086101588143372
2021-12-29,1.990060124275692,3.008734814258098
2021-12-30,1.986670330045281,3.0043343371782107
2021-12-31,2.0,3.0
2022-01-04,2.0052747413661844,3.0017968996931153
2022-01-05,2.0203187730050667,3.0202130130953897
2022-01-06,2.02306351164104,3.0297788725856862
2022-01-07,2.0271573893872445,3.0351045786372337
2022-01-10,2.0276301861983823,3.036018572258892
2022-01-11,2.0129177184566625,3.017909110966179
2022-01-12,2.0126146416037236,3.0195183724340473
2022-01-13,2.017665050176278,3.0291735715893995
2022-01-14,2.0205727664175126,3.02913783223201
2022-01-18,2.0280001448573564,3.0303210808406407
2022-01-19,2.026822293375359,3.0293903437528202
2022-01-20,2.030840687942906,3.0367848089497937
2022-01-21,2.0339063786618836,3.042495063101181
2022-01-24,2.0338235389745103,3.0383843262586803
2022-01-25,2.0359657033531224,3.037301778159032
2022-01-26,2.0450170945833515,3.046415216882685
2022-01-27,2.043107273786503,3.05000284100772
2022-01-28,2.0,3.0
2022-02-07,1.997233187607491,2.9890999290438
2022-02-08,1.9982987073184666,2.9913757478504137
2022-02-09,1.9905748490772595,2.987991174399679
2022-02-10,2.005418944215526,2.999329493656691
2022-02-11,1.9958315719105388,2.9812998207258232
2022-02-14,1.9991213592365258,2.9799507041317606
2022-02-15,2.0003506939271953,2.978214581242079
2022-02-16,1.9941904935452008,2.968159049645465
2022-02-17,1.996139588487042,2.9674025140817943
2022-02-18,1.99204949496424,2.9622525032098617
2022-02-22,1.9920227967413655,2.9636702391008853
2022-02-23,1.9947645279274226,2.9548328868139393
2022-02-24,1.9885320508376063,2.946856958002469
2022-02-25,1.9864250642524037,2.953613026339211
2022-02-28,2.0,2.999999999999999
2022-03-01,1.9841273035360474,2.974165975337532
2022-03-02,1.983926484687762,2.9759805636494536
2022-03-03,1.9821786085259205,2.976878651109823
2022-03-04,1.9685332928213743,2.96488567367437
2022-03-07,1.968839628793606,2.948263195023678
2022-03-08,1.9600147749381793,2.9234474470041385
2022-03-09,1.9836938353939488,2.962063329091641
2022-03-10,1.991361868479927,2.9652668940581783
2022-03-11,1.986505083874256,2.956531349898731
2022-03-14,2.0094467041208164,2.9749442655471725
2022-03-15,2.01959754436481,3.001896614183859
2022-03-16,2.0134768136242513,3.007804726694184
2022-03-17,1.992213249372745,2.9813835578014034
2022-03-18,1.9875503547942344,2.985764988142519
2022-03-21,1.9882441683223118,2.9830422218314783
2022-03-22,1.9913123346264263,2.985764819840477
2022-03-23,1.9763524240828518,2.9662185508849386
2022-03-24,1.9779424042570273,2.969203867275713
2022-03-25,1.980328883906163,2.9706716920106966
2022-03-28,1.9917723290636906,2.989368755345872
2022-03-29,1.9869526893557423,2.993319259608878
2022-03-30,1.9818535475182812,2.987444986630565
2022-03-31,1.9999999999999998,2.999999999999999
2022-04-01,1.9992291860610996,3.0047614020717694
2022-04-06,2.027817528163827,3.0308361507625
2022-04-07,2.028287957810817,3.0288262946767563
2022-04-08,2.026990290507828,3.0228721372544527
2022-04-11,2.039220219103419,3.027308167504094
2022-04-12,2.0315486682343185,3.017163290635224
2022-04-13,2.0194094956769235,3.0071683236427136
2022-04-14,2.0244712759775463,2.9984230073502136
2022-04-18,2.021538180250256,2.992747771986079
2022-04-19,2.030348201468343,3.0077491377343066
2022-04-20,2.02090254081002,3.0064491761080747
2022-04-21,2.0280037645400566,3.00254569780283
2022-04-22,2.047347226956533,3.011269333629258
2022-04-25,2.050736769124421,3.0262543165497373
2022-04-26,2.0540952191493576,3.0231777809642626
2022-04-27,2.0562961693824224,3.0220291501326333
2022-04-28,2.042952847947934,3.0168170006331643
2022-04-29,1.9999999999999998,2.9999999999999996
2022-05-05,2.0094823222660323,3.007922421493242
2022-05-06,2.018642875169724,3.0131348595363816
2022-05-09,2.049012519833601,3.0478869016157786
2022-05-10,2.046759364103729,3.0372192385469536
2022-05-11,2.0334572133200686,3.0253736296005287
2022-05-12,2.034099026494967,3.0175377778876267
2022-05-13,2.0170839469959696,2.988508594040878
2022-05-16,2.012377258371155,2.983267047662812
2022-05-17,2.0115490879448683,2.9833679043489316
2022-05-18,2.020721047535457,2.985676015149846
2022-05-19,2.0169554574036126,2.9800162239512336
2022-05-20,2.0142719758053844,2.9820229065417028
2022-05-23,2.0138238613837722,2.984560775227309
2022-05-24,2.008605220878242,2.983220659903909
2022-05-25,2.0014348281289958,2.980216784426327
2022-05-26,1.992174459746068,2.9760108009442363
2022-05-27,1.9821477483701264,2.9764761583393105
2022-05-31,2.0,3.0
2022-06-01,2.0031736525679076,3.003421913172062
2022-06-02,1.9876602995338915,2.9934883185631573
2022-06-06,1.991765404495889,2.9848239628924738
2022-06-07,1.9816175598651944,2.9783495068841295
2022-06-08,1.9899586608049744,2.98700342365773
2022-06-09,1.9982940718345186,2.9918180085628148
2022-06-10,2.014445207758956,2.9994329239310695
2022-06-13,2.0613359848415005,3.044889406365649
2022-06-14,2.0792581670758015,3.0637860713735505
2022-06-15,2.0593223018188453,3.0547731253446995
2022-06-16,2.0716385432215225,3.0598339478833974
2022-06-17,2.082093817692438,3.070688346385601
2022-06-21,2.083864357204873,3.077877722257965
2022-06-22,2.0811777921818058,3.082797546094674
2022-06-23,2.0855949423350104,3.096282790661577
2022-06-24,2.0779016671913038,3.10133821315736
2022-06-27,2.083887005423768,3.101731698988538
2022-06-28,2.0874163782054382,3.1009656095764404
2022-06-29,2.0927880126920484,3.1153530434336574
2022-06-30,2.0,3.0000000000000004
2022-07-01,1.9868777081017563,2.9902955145912253
2022-07-05,2.0061147064743396,3.0086497513107817
2022-07-06,2.023652975549551,3.029809734148699
2022-07-07,2.0071776956123055,3.010677692813947
2022-07-08,2.005692593648421,3.004271873369187
2022-07-11,2.010407275728644,3.023085897362294
2022-07-12,2.0237585632170902,3.03685002454911
2022-07-13,2.014599145209144,3.025190756536577
2022-07-14,2.0251458081800013,3.0300110163691656
2022-07-15,2.0099571332185877,3.0222115897904778
2022-07-18,2.007130647962696,3.0111942027152105
2022-07-19,1.9959633610058192,3.0019350801705453
2022-07-20,1.9930287581018182,2.9995699982031105
2022-07-21,1.9847013126021191,2.991985467470475
2022-07-22,1.9839242328406168,2.995676221255523
2022-07-25,1.983575397671421,2.997479852783001
2022-07-26,1.9875972497720469,3.003095741702073
2022-07-27,1.9685099072617571,2.9816555071228183
2022-07-28,1.9520355826537488,2.9594375160008606
2022-07-29,2.0,3.0
2022-08-01,1.998647094064734,3.0065117609797576
2022-08-02,2.017374701395215,3.015283931471381
2022-08-03,2.0071407335171148,3.013126084781517
2022-08-04,2.0109055751430556,3.0158597790087667
2022-08-05,2.0259080883011156,3.023309335473355
2022-08-08,2.0102698458610604,3.0127088392601373
2022-08-09,2.015450352218464,3.020334695654375
2022-08-10,2.0057955555527953,3.0160804330752384
2022-08-11,2.008022091434357,3.0080672910035915
2022-08-12,1.9958686785276527,3.000546815175514
2022-08-15,2.0031574165814603,3.0110313017047945
2022-08-16,2.002791920085986,3.0097183037268627
2022-08-17,2.0117919216258078,3.0141554707722666
2022-08-18,2.0035609511149794,3.0068173079988925
2022-08-19,2.020189594603915,3.020776097766372
2022-08-22,2.0278550233777306,3.0234714066955095
2022-08-23,2.022968312903844,3.0154052184785765
2022-08-24,2.0218128246779994,3.0138474420241006
2022-08-25,2.013015267528782,3.0119907321371224
2022-08-26,2.026037544468954,3.0259815696331303
2022-08-29,2.0296508583118995,3.0256663286626595
2022-08-30,2.0434638053863314,3.033038862370444
2022-08-31,1.983029548413684,3.0000000000000004
2022-09-01,2.0003622158487824,3.009093869753206
2022-09-02,1.9958763543068418,3.0019113679676024
2022-09-06,2.0150175476208014,3.015643394983114
2022-09-07,2.007596602661685,3.018314620636857
2022-09-08,2.0117550664705095,3.0239454541174786
2022-09-09,1.9946715553190673,3.0165607683740325
2022-09-13,2.0067999968075587,3.0171188491466547
2022-09-14,2.002114985509924,3.0184164068836483
2022-09-15,2.018007449353239,3.0288757512429103
2022-09-16,2.0264996132830957,3.032808880763624
2022-09-19,2.0253423481794584,3.0382169519828373
2022-09-20,2.035891097923053,3.040018052591182
2022-09-21,2.0351549555612096,3.037866765960833
2022-09-22,2.0518711827980725,3.0388435682357064
2022-09-23,2.0759864495984384,3.0556628438196296
2022-09-26,2.1061452447705555,3.066367422507597
2022-09-27,2.1154945924821353,3.0607220543729468
2022-09-28,2.0758955129902703,3.0559502663937863
2022-09-29,2.0941209208076863,3.058308801419184
2022-09-30,1.8553921564889946,3.0000000000000004
2022-10-10,1.8407965509421425,2.989595082165005
2022-10-11,1.8434633537299898,2.9881876417223605
2022-10-12,1.842098209151789,2.984974632554177
2022-10-13,1.8363244531552354,2.9893274705748087
2022-10-14,1.8493344194473746,2.9879131658396485
2022-10-17,1.8431867546486858,2.9920054318705533
2022-10-18,1.8449037221515638,3.0046780535978073
2022-10-19,1.85476163774565,3.009073725063747
2022-10-20,1.8610745144779692,3.007770136692758
2022-10-21,1.8562239338437032,3.0047315239834624
2022-10-24,1.8553182922707896,3.0052791065885818
2022-10-25,1.8403657680730892,3.0061420842170223
2022-10-26,1.8328784490899495,3.0023663754777687
2022-10-27,1.8290560376480736,2.999890643111149
2022-10-28,1.830055260911579,3.0084557980916213
2022-10-31,1.8267624096247987,2.9999999999999996
2022-11-01,1.8197419911334243,2.993492251280377
2022-11-02,1.8277141280579519,2.9982081710275637
2022-11-03,1.834189946281805,3.0017301085464756
2022-11-04,1.8192075070698093,2.9808092446430243
2022-11-07,1.821314129694752,2.9837030744642417
2022-11-08,1.819954236879395,2.989548080893979
2022-11-09,1.8345429571805134,3.006596904543537
2022-11-10,1.8031743907689044,3.0038492030990858
2022-11-11,1.7985125107103692,3.0050187897452654
2022-11-14,1.8073607322789136,3.016545812389065
2022-11-15,1.7979115411087434,3.014010385664662
2022-11-16,1.7983724985707692,3.02065958504605
2022-11-17,1.8085327251396572,3.030451330092571
2022-11-18,1.8128049823210226,3.0368231791030533
2022-11-21,1.813998225490736,3.0439384718491844
2022-11-22,1.8025909134942373,3.0393470897854042
2022-11-23,1.7960369758712704,3.0320101453621433
2022-11-25,1.7984501520232916,3.0326071887484254
2022-11-28,1.8068592294035513,3.045183439418369
2022-11-29,1.8062219843351421,3.0393279576334535
2022-11-30,1.7221477154104443,2.9999999999999996
2022-12-01,1.7124008674186528,2.991071010962227
2022-12-02,1.708618346305081,2.986887041794727
2022-12-05,1.7257762428742796,3.003011862546734
2022-12-06,1.7282223987031007,3.0047404536449402
2022-12-07,1.723263907193056,3.006486445936796
2022-12-08,1.7224293877563883,3.0072292503820646
2022-12-09,1.73087564720783,3.0089361612565955
2022-12-12,1.7276014289743684,3.016297412243535
2022-12-13,1.7200787458824471,3.0142258816366048
2022-12-14,1.7202302877276516,3.0196689257453966
2022-12-15,1.7270628683028624,3.0177038200760262
2022-12-16,1.734499914096738,3.017262069036927
2022-12-19,1.7416479107204794,3.019320533036296
2022-12-20,1.740626002311607,3.009952108272855
2022-12-21,1.7344917681066125,3.012051159864971
2022-12-22,1.7427084857806168,3.0212901114294826
2022-12-23,1.7413018506584172,3.017972454778935
2022-12-27,1.7455412415392868,3.020417128191702
2022-12-28,1.754751583707904,3.0312470197288266
2022-12-29,1.746324176159937,3.0295810374135375
2022-12-30,1.6933307603093624,3.0
2023-01-03,1.6938195548085977,3.002402366512378
2023-01-04,1.691777848821367,3.0013682723480795
2023-01-05,1.694221087185293,3.0002774494160693
2023-01-06,1.6825103831019097,2.9983947361410284
2023-01-09,1.6791822212115268,2.993798971209198
2023-01-10,1.6812416652840017,2.992077365003465
2023-01-11,1.6729651581920544,2.990152959939031
2023-01-12,1.6618415991378939,2.9686415485835775
2023-01-13,1.6611764360774646,2.9634333911595325
2023-01-17,1.6621858949048345,2.9631753841843795
2023-01-18,1.663149276582777,2.9722484485012246
2023-01-19,1.6604840469507471,2.960861531709644
2023-01-20,1.6585929941266015,2.9537646140930374
2023-01-30,1.6596267529564817,2.9451157457887076
2023-01-31,1.6742022358447497,3.0000000000000004
2023-02-01,1.6682259426863166,2.970432351599462
2023-02-02,1.6687300122817639,2.9622078718778453
2023-02-03,1.6825352254508676,2.9999135938709403
2023-02-06,1.6873008484550405,2.9739963469669783
2023-02-07,1.6823549988655435,2.9618611881904124
2023-02-08,1.6809418810318502,2.901574299795188
2023-02-09,1.6882570656421318,2.8881056684656063
2023-02-10,1.6896182955161907,2.873547784280574
2023-02-13,1.6860942689469691,2.8613155111336126
2023-02-14,1.6861308302770106,2.8595609272543268
2023-02-15,1.686581420434852,2.8424780100795006
2023-02-16,1.6940834029100091,2.826954656477582
2023-02-17,1.6939098447972216,2.871612331992194
2023-02-21,1.7013945617793165,2.7966910100127977
2023-02-22,1.7044031994978315,2.827413166534485
2023-02-23,1.6997899944412174,2.824439142391433
2023-02-24,1.7076838728216595,2.7872928671985115
2023-02-27,1.7055699039280814,2.7971226997357928
2023-02-28,1.644327241936673,3.000000000000001
2023-03-01,1.6430939640521736,2.9925607149350166
2023-03-02,1.6441609165772841,2.975429385725276
2023-03-03,1.6345460065642095,2.9962577224884877
2023-03-06,1.639712977746168,3.0120866624843265
2023-03-07,1.648067342452191,3.031561606304917
2023-03-08,1.6502775538519683,3.0303739717953597
2023-03-09,1.6545663618264799,3.0053947621744626
2023-03-10,1.6463979225526588,2.982823939925563
2023-03-13,1.641742792090943,2.9271502200385715
2023-03-14,1.6451004004204428,2.9110336632168723
2023-03-15,1.6432725418776188,2.807208635589225
2023-03-16,1.6449175148437103,2.919762719824826
2023-03-17,1.6396838331143506,2.7865587537057497
2023-03-20,1.639440085479178,2.840712927477355
2023-03-21,1.6373516905855996,2.828282131694214
2023-03-22,1.6337588616721619,2.795031712421889
2023-03-23,1.6319395548115767,2.7887154825346014
2023-03-24,1.632374171379805,2.790396504036757
2023-03-27,1.6367856855828349,2.8158987571026772
2023-03-28,1.6346148582222135,2.8403557279324834
2023-03-29,1.631775070268198,2.823983155821875
2023-03-30,1.6279810953879257,2.8130258715499807
2023-03-31,1.6381667545967677,2.7796068873411004
2023-04-03,1.6350481674312538,2.7788059775381613
2023-04-04,1.6337326207886045,2.7782972726160216
2023-04-06,1.6325494418972986,2.770977689513322
2023-04-10,1.6356096785450873,2.780581728807676
2023-04-11,1.6321970067636258,2.773685117077073
2023-04-12,1.6310697641066199,2.7730319732069155
2023-04-13,1.6294970377234683,2.767082746705026
2023-04-14,1.6340312727289548,2.780492381733684
2023-04-17,1.6390254570213412,2.8000520224534466
2023-04-18,1.6360816670296774,2.7817724219980082
2023-04-19,1.639973597074427,2.797265299048438
2023-04-20,1.640286982569106,2.791688828568114
2023-04-21,1.643240521523883,2.8014135177790433
2023-04-24,1.6391240078859768,2.7870632227470025
2023-04-25,1.6392399391898134,2.779200717664293
2023-04-26,1.6441260697537818,2.7847373789446728
2023-04-27,1.641984482286574,2.771568038822175
2023-04-28,1.6309907432250923,2.927352075868816
2023-05-04,1.6427472782685621,2.9885868861960687
2023-05-05,1.637096558883286,2.9606181676107646
2023-05-08,1.6417234263856193,2.9861971550797755
2023-05-09,1.6432488254240512,2.9957164649846053
2023-05-10,1.642566078384693,2.995420593089644
2023-05-11,1.6459210877370967,2.9981622551025713
2023-05-12,1.6506014535688032,3.0128146451144198
2023-05-15,1.6499204142590758,3.021034664488035
2023-05-16,1.6557690549891808,3.0368661877188554
2023-05-17,1.650064091597981,3.0083781071098703
2023-05-18,1.652479700501523,3.003465136247038
2023-05-19,1.6535689282991362,3.004632846848589
2023-05-22,1.6545524753919452,3.0184527360562132
2023-05-23,1.6551091783711533,3.02674301569884
2023-05-24,1.6607821119839545,3.0410497477907814
2023-05-25,1.6616467546450253,3.001132571168949
2023-05-26,1.6536014728800394,2.9817714527523607
2023-05-30,1.6539675706620216,2.9686169121929677
2023-05-31,1.5846839676151983,2.6688153719433476
2023-06-01,1.5779809440493753,2.6467339009225546
2023-06-02,1.5766221237228515,2.6506165820469527
2023-06-05,1.579594237946897,2.6629578116080608
2023-06-06,1.5752038008125444,2.6477797979219764
2023-06-07,1.5787471293058066,2.663243445430735
2023-06-08,1.573591363146521,2.6469015341050546
2023-06-09,1.5756782467583674,2.650704486718045
2023-06-12,1.5760323665627465,2.642750855576117
2023-06-13,1.5764017361321094,2.6451814396572884
2023-06-14,1.5759196285218704,2.646459994976936
2023-06-15,1.5674521345217391,2.6251051258574294
2023-06-16,1.5699968584844883,2.650624472219556
2023-06-20,1.5711363637255453,2.641661854458363
2023-06-21,1.5699752618163652,2.644917524185283
2023-06-26,1.5777548064487101,2.670217303807525
2023-06-27,1.5768434340256359,2.6500386346071436
2023-06-28,1.5768843051223196,2.6504389088983427
2023-06-29,1.5803220628418053,2.6588543933048006
2023-06-30,1.5718063111115275,2.602796210173822
2023-07-03,1.5715360648766579,2.5983680878219473
2023-07-05,1.5754792708632068,2.614044774346652
2023-07-06,1.582414727750575,2.6170446690895672
2023-07-07,1.579712111843739,2.6069169590433074
2023-07-10,1.5780509148409383,2.6155893277174056
2023-07-11,1.574121671240326,2.603920274324072
2023-07-12,1.5659260117516203,2.5895315592724986
2023-07-13,1.557862950668244,2.564390985962438
2023-07-14,1.5632884817242325,2.5825694237328256
2023-07-17,1.5627352967344388,2.5767671997973918
2023-07-18,1.5584067398492858,2.5700123400564174
2023-07-19,1.5536675713175958,2.5555589111529944
2023-07-20,1.5580673218078567,2.5720470860332334
2023-07-21,1.557791879981356,2.568002709000567
2023-07-24,1.556042766032248,2.5713195915838476
2023-07-25,1.555622156469083,2.572352160310273
2023-07-26,1.555132045441602,2.5688346134874225
2023-07-27,1.5623717246434343,2.5870188977100814
2023-07-28,1.5567045876553853,2.5664727298598664
2023-07-31,1.6385614034034734,2.785703496266202
2023-08-01,1.6457453934732376,2.797291187136859
2023-08-02,1.656544845745596,2.833412220772243
2023-08-03,1.6614410710920775,2.8443051145133764
2023-08-04,1.6552509923223004,2.836659822456152
2023-08-07,1.6563037761378696,2.8344284577551226
2023-08-08,1.6558538223241401,2.8345137407860785
2023-08-09,1.6550775632360593,2.8332019494752543
2023-08-10,1.6610480426747516,2.8456129100601206
2023-08-11,1.6618851708865874,2.8364961657542307
2023-08-14,1.6651377344860192,2.8461786394297452
2023-08-15,1.6717309534026754,2.859852395411796
2023-08-16,1.6769388325968753,2.866572371385687
2023-08-17,1.6801445134678248,2.8846592596760114
2023-08-18,1.6778795038131136,2.8813257977589113
2023-08-21,1.6786375329381829,2.871183908437135
2023-08-22,1.6773861482291745,2.8692205728994313
2023-08-23,1.6668749754109347,2.853234041774627
2023-08-24,1.6726680165187147,2.870954717371917
2023-08-25,1.6696899406515167,2.851459204611841
2023-08-28,1.6692309557287015,2.8572088264475837
2023-08-29,1.6610443166205784,2.8336075794858124
2023-08-30,1.6620258941908785,2.8406371983966694
2023-08-31,1.676585570028224,2.924370362466968
2023-09-01,1.6784974032064557,2.9277220804034303
2023-09-05,1.6847834993515067,2.930885263390373
2023-09-06,1.687821363678707,2.946356295929579
2023-09-07,1.6871727835344137,2.9351992344352773
2023-09-08,1.685519143953759,2.92435436023582
2023-09-11,1.6846604946649226,2.914440897228303
2023-09-12,1.682993153886385,2.91080185742605
2023-09-13,1.6826691731495786,2.9055933192557823
2023-09-14,1.6805340363727748,2.8955584662298057
2023-09-15,1.683327317381136,2.896645498619609
2023-09-18,1.6816595940108114,2.883659108292744
2023-09-19,1.6838893568464186,2.8855048399728185
2023-09-20,1.6862987285353515,2.8888348998688373
2023-09-21,1.6979550608146008,2.917361864012356
2023-09-22,1.695405352734348,2.9214036054181416
2023-09-25,1.7051790827230373,2.9500318793565397
2023-09-26,1.7099039439726487,2.9606158968536596
2023-09-27,1.7102497689736937,2.950406294945456
2023-09-28,1.7145992771583036,2.8847120875000187
2023-10-09,1.730657742620097,2.923658989429558
2023-10-10,1.7292782657691363,2.9238280216801553
2023-10-11,1.7238898100521027,2.9191969542898084
2023-10-12,1.7340620106372815,2.9286832304767976
2023-10-13,1.724857475218291,2.936678083011384
2023-10-16,1.7243234544399675,2.913466845347771
2023-10-17,1.72558361560817,2.905175682010829
2023-10-18,1.7266332623127367,2.8925431145523275
2023-10-19,1.7306048608436917,2.9012294184460483
2023-10-20,1.731232326503216,2.9067372206095543
2023-10-23,1.72956577565506,2.899629447403644
2023-10-24,1.7247504880653095,2.8727453150490874
2023-10-25,1.7314169558837857,2.88124591587909
2023-10-26,1.7303167914273032,2.892929181280832
2023-10-27,1.728345154883093,2.895871665315183
2023-10-30,1.7285979137347145,2.88176165673464
2023-10-31,1.8327398528536585,2.9064589088551025
2023-11-01,1.8225116187128914,2.890032902788906
2023-11-02,1.8067130492895997,2.856888171565845
2023-11-03,1.7997355977376084,2.8634946079710195
2023-11-06,1.8046550431696864,2.866518072659979
2023-11-07,1.8074573817093038,2.8750497182032593
2023-11-08,1.807644010590029,2.8805288867973418
2023-11-09,1.8187110376312239,2.8939302794248642
2023-11-10,1.8112445027894135,2.8605732347924993
2023-11-13,1.8097029204604258,2.858656919632342
2023-11-14,1.7909099842777632,2.8386308967588314
2023-11-15,1.7949580338658675,2.848011154152105
2023-11-16,1.7999121949191919,2.8779233854836432
2023-11-17,1.7926958422507693,2.8618531142444255
2023-11-20,1.7855004783928077,2.835558505088197
2023-11-21,1.788831524779174,2.8530592680396696
2023-11-22,1.787435519418485,2.8406792708995834
2023-11-24,1.790474147124567,2.851071743668002
2023-11-27,1.786725218026253,2.840963784988807
2023-11-28,1.780736516921011,2.833489451069509
2023-11-29,1.7732605253685496,2.8154455360388346
2023-11-30,1.860296512921122,2.948111129455846
2023-12-01,1.849739868334111,2.950308924212557
2023-12-04,1.8554886132541915,2.9423186801796466
2023-12-05,1.8525409978338179,2.940463517073548
2023-12-06,1.8574785067544486,2.957357709950753
2023-12-07,1.856759661378395,2.9629314436887686
2023-12-08,1.8574873446400673,2.9459811025622513
2023-12-11,1.861436866369383,2.9481048541348995
2023-12-12,1.8668394937098762,2.9707747915256673
2023-12-13,1.8419646258211124,2.9306994211830766
2023-12-14,1.8209402335510665,2.891042223146985
2023-12-15,1.8232139158234995,2.890120550289093
2023-12-18,1.8230549720207205,2.8826718872988737
2023-12-19,1.8143732766932055,2.853313855760855
2023-12-20,1.812259992460756,2.824731073475714
2023-12-21,1.8090973854946104,2.821953833634921
2023-12-22,1.8103127680203415,2.82254254124395
2023-12-26,1.805560194219007,2.8143306274051754
2023-12-27,1.7986264088880575,2.7917559169241635
2023-12-28,1.806019434113897,2.8139536551883455
2023-12-29,2.0,2.8983690036171508
2024-01-02,2.0085697992501443,2.9155698279035005
2024-01-03,2.0116651246071116,2.9244347089647422
2024-01-04,2.020873709579827,2.941448084537233
2024-01-05,2.0223508612962897,2.9395672044033274
2024-01-08,2.0198551242037626,2.941791470684471
2024-01-09,2.026041855543354,2.963165695743644
2024-01-10,2.0293511228994103,2.963324550582675
2024-01-11,2.023025125685608,2.952306009876372
2024-01-12,2.021414225786739,2.959127650073796
2024-01-16,2.0404801678512157,2.99745677127619
2024-01-17,2.050646113953707,3.026222522075531
2024-01-18,2.0470899614147293,3.025541703131807
2024-01-19,2.0400177181706987,2.995051359931459
2024-01-22,2.0379766572602427,3.003594018014281
2024-01-23,2.041793334284526,3.036186780797383
2024-01-24,2.040681732061995,3.0426031502740565
2024-01-25,2.0302020509151593,3.0158897772314868
2024-01-26,2.0286264685509017,3.004474389998248
2024-01-29,2.0204998033946544,2.9753179757476342
2024-01-30,2.0171222568812803,2.9768515390073182
2024-01-31,2.0,2.884368966660323
2024-02-01,1.9905658409471314,2.852987966830879
2024-02-02,2.0097351547796416,2.886392229958824
2024-02-05,2.0243499543148022,2.914976610682331
2024-02-06,2.015116675461182,2.8977322066611033
2024-02-07,2.0126436068860123,2.8779056793937485
2024-02-08,2.0083219788303626,2.8604723311076383
2024-02-20,2.0132106489734176,2.8593887950127934
2024-02-21,2.01509263748709,2.866109881513793
2024-02-22,2.0123709725039727,2.8649402338417596
2024-02-23,2.011527761111139,2.8697128761830535
2024-02-26,2.008220758576791,2.8530906482371043
2024-02-27,2.00542841177641,2.8455391848460363
2024-02-28,2.0021614832928996,2.8330774873360887
2024-02-29,2.0,2.8013574260042398
2024-03-01,1.9868916061929172,2.771884117784299
2024-03-04,1.9838685673250975,2.7616578493505393
2024-03-05,1.9856120479811468,2.7799710479379205
2024-03-06,1.9758218847608031,2.76064615269236
2024-03-07,1.9708630149527977,2.748723686263773
2024-03-08,1.9715639270431062,2.747937747075479
2024-03-11,1.970002599862735,2.7396287135904016
2024-03-12,1.9730099666772527,2.7379304541290788
2024-03-13,1.968569147543175,2.7304006183914633
2024-03-14,1.9789850987580575,2.745840493365794
2024-03-15,1.9784967331596646,2.746234083453993
2024-03-18,1.9765890893441627,2.7312687525429746
2024-03-19,1.9784789256788398,2.7499858532567125
2024-03-20,1.9677793388753488,2.732489012642324
2024-03-21,1.9673732800495904,2.734556297578146
2024-03-22,1.970130237679949,2.740695416458114
2024-03-25,1.9677789218907364,2.7246840440492197
2024-03-26,1.9717651151848674,2.736553324548539
2024-03-27,1.9608957474655189,2.7111398558816626
2024-03-28,2.0000000000000004,2.863271602911687
2024-04-01,2.010665930339059,2.882212751556931
2024-04-02,2.009090095023529,2.874301558590678
2024-04-03,2.0005548505169126,2.864401647944482
2024-04-08,1.996795329522453,2.8529179814955317
2024-04-09,1.9955338815370838,2.8621221118214293
2024-04-10,2.011422644002863,2.87024611620858
2024-04-11,2.0116364876303634,2.8824670913676833
2024-04-12,2.0148140446054708,2.8788739012963345
2024-04-15,2.0209558540718224,2.8798423257617407
2024-04-16,2.029561930712199,2.8862983075671376
2024-04-17,2.0328630632918907,2.898136337973599
2024-04-18,2.0342906476559586,2.8906472404141086
2024-04-19,2.0307416094562902,2.8918155530434446
2024-04-22,2.030691844879406,2.877166937167329
2024-04-23,2.023660911376292,2.86663826440418
2024-04-24,2.0294136736878574,2.8767149833273873
2024-04-25,2.0303533020495848,2.8742297554167604
2024-04-26,2.0256115485810575,2.866721666301188
2024-04-29,2.0214572303853044,2.8748604314140334
2024-04-30,1.9999999999999998,3.0000000000000004
2024-05-06,1.975006322147846,2.999125177202941
2024-05-07,1.9756820662828465,3.003168504721762
2024-05-08,1.980279214067787,3.008982912268883
2024-05-09,1.9699779483119249,2.995236242487416
2024-05-10,1.9747491171026264,3.0097901500884396
2024-05-13,1.9712431309375864,2.9968398074193594
2024-05-14,1.9669086016911557,2.991535237159335
2024-05-15,1.9509266885754912,2.958230369730682
2024-05-16,1.9544639512715416,2.9689060368812945
2024-05-17,1.9477755650214448,2.9566271980813785
2024-05-20,1.9431257641641808,2.941507032880073
2024-05-21,1.9420188439230253,2.940775157366034
2024-05-22,1.9529045259374602,2.9643421564585672
2024-05-23,1.9655299820736039,2.992053128273205
2024-05-24,1.9570071020453788,2.966499237890498
2024-05-28,1.9541222233075377,2.9652573880222675
2024-05-29,1.9673233654492508,2.9863272819709143
2024-05-30,1.9685010431139174,3.0025136890359394
2024-05-31,1.9999999999999998,3.000000000000001
2024-06-03,1.9985288114572552,3.0056939431431333
2024-06-04,2.0030071685015494,3.0137687241011495
2024-06-05,1.9913719956917948,2.984080579462881
2024-06-06,1.9862526533517533,2.9794395892667755
2024-06-07,2.0105034631599294,3.0218516290509427
2024-06-11,2.004366629873254,3.009123457761582
2024-06-12,1.9936115681443511,2.9838754917256805
2024-06-13,1.9927571760472373,2.9845970105097597
2024-06-14,1.9901401417719193,2.9740585897063503
2024-06-17,1.990878136966361,2.9697852553273245
2024-06-18,1.9831244807406103,2.960599393468013
2024-06-20,1.9786569133372138,2.9350703080188927
2024-06-21,1.985974868933711,2.942772018378896
2024-06-24,1.983753699687866,2.954882836158048
2024-06-25,1.98632823585677,2.946148881935756
2024-06-26,1.9927410277840734,2.955128267063169
2024-06-27,1.9871819558392612,2.9451623953776807
2024-06-28,1.9999999999999998,2.9949453350842066
2024-07-01,2.0004165571236396,2.9873705832305104
2024-07-02,1.9940237375406813,2.9675175432697944
2024-07-03,1.9813120279826517,2.939956810571938
2024-07-05,1.975366711742087,2.9294608210861717
2024-07-08,1.9830348632942225,2.9456451711405816
2024-07-09,1.9864996879241719,2.9443073390263037
2024-07-10,1.9804974636420623,2.928838716788373
2024-07-11,1.9693251008280623,2.911786457428649
2024-07-12,1.96640342475626,2.8986097851226984
2024-07-15,1.966007476223719,2.878346961433548
2024-07-16,1.9516049791525207,2.8456044077221376
2024-07-17,1.9561464010628917,2.8519663877798918
2024-07-18,1.967139512114991,2.8744785942057933
2024-07-19,1.9788327563211832,2.894889414979455
2024-07-22,1.9758586786147692,2.8871741655653516
2024-07-23,1.9795489688583778,2.8956808207486344
2024-07-24,1.9901285247174174,2.9157735596073655
2024-07-25,1.9898315457763915,2.923396611909168
2024-07-26,1.9806045841905404,2.887440352157718
2024-07-29,1.9826858676990615,2.8910197921459844
2024-07-30,1.9813439624236433,2.8946494133801806
2024-07-31,2.0,2.94369162097448
2024-08-01,2.010753811403073,2.958022893163151
2024-08-02,2.018311158679895,2.984211043180205
2024-08-05,2.0214069989674073,2.8586561700247115
2024-08-06,2.032251193793271,2.876098605209548
2024-08-07,2.0378285482239384,2.8946198791602433
2024-08-08,2.018470910161572,2.832935810752774
2024-08-09,2.009929947093877,2.8139205682224273
2024-08-12,2.001629351050479,2.8037305210755252
2024-08-13,1.9949733973777577,2.7821785003674537
2024-08-14,1.9986149013774333,2.7914051454597635
2024-08-15,1.9899834880746714,2.772455206312375
2024-08-16,1.987985127484735,2.771109240661178
2024-08-19,1.9827679190252328,2.7545253208486518
2024-08-20,1.9825483999432143,2.751148646908513
2024-08-21,1.9785671481179197,2.7379371340620895
2024-08-22,1.986857016769163,2.7466886262139676
2024-08-23,1.9656690155087084,2.7107855568322154
2024-08-26,1.964953298039859,2.716696941973413
2024-08-27,1.9707862893982033,2.737846004545194
2024-08-28,1.9783888345238536,2.7457303149580974
2024-08-29,1.9748027078217714,2.7435872797974254
2024-08-30,2.0,2.7134272135547817
2024-09-03,2.0049616254880958,2.6777698753955894
2024-09-04,2.0012602637630814,2.663454061744389
2024-09-05,1.9998615072956274,2.664834016632667
2024-09-06,2.0147564618526896,2.694876847796798
2024-09-09,2.008169217343613,2.681097388959886
2024-09-10,2.0089438047571715,2.673616393866936
2024-09-11,2.004777218007026,2.6696836675016997
2024-09-12,1.9932608283828395,2.6579639693270973
2024-09-13,1.981954943153056,2.6365448154261526
2024-09-18,1.9824654700523963,2.637885783284244
2024-09-19,1.9632923598801937,2.6003630772055657
2024-09-20,1.9668000326410415,2.6097503361889913
2024-09-23,1.9676627565167588,2.6114157448581152
2024-09-24,1.9546690099035042,2.591249914820026
2024-09-25,1.9679359312204023,2.620444282423619
2024-09-26,1.9647981012220435,2.605206982931542
2024-09-27,1.961597269464427,2.597472070894394
2024-09-30,2.0,2.6549624442251205
2024-10-08,2.00778418412208,2.6747985070207285
2024-10-09,2.0157061627286113,2.6934197320108764
2024-10-10,2.007747024813685,2.685898157931503
2024-10-11,2.0025968291723655,2.67460534642056
2024-10-14,2.006082619374176,2.6698139985659317
2024-10-15,2.0119453194465455,2.67622127558545
2024-10-16,2.0059521436137535,2.6597726513352393
2024-10-17,2.012404889828702,2.6728651378890924
2024-10-18,2.0073586412761477,2.6620607574919184
2024-10-21,2.0224315830227475,2.697584110564949
2024-10-22,2.0134763634669586,2.687561778163715
2024-10-23,2.026651237216749,2.714001882149853
2024-10-24,2.020713325330762,2.69604811607495
2024-10-25,2.0235063560099715,2.7028563414700892
2024-10-28,2.030868326073324,2.700826495235763
2024-10-29,2.027687395324534,2.695209647504763
2024-10-30,2.0244549320492884,2.694429598113416
2024-10-31,2.0,2.6162749639881366
2024-11-01,2.012309962585003,2.6378439216795475
2024-11-04,2.0023382791065965,2.6274127411631705
2024-11-05,1.9924700525065504,2.6068495191747973
2024-11-06,1.9945619703369968,2.5959248808729867
2024-11-07,1.9810815101675705,2.5741882514011643
2024-11-08,1.9832687347479652,2.5737902744200394
2024-11-11,1.987614321034828,2.563296208896175
2024-11-12,2.0033896310672414,2.589752144026403
2024-11-13,2.0112993877295215,2.5982472120469726
2024-11-14,2.013101546500477,2.5986723635055418
2024-11-15,2.016635178240123,2.597611375595898
2024-11-18,2.0042034977105487,2.5859962235924296
2024-11-19,1.9990657785003132,2.57570738808005
2024-11-20,2.000793496175681,2.577444889584661
2024-11-21,1.9953021863686313,2.5686197761673752
2024-11-22,1.9883560503131608,2.5547603236213283
2024-11-25,1.9871231742435578,2.559732363273345
2024-11-26,1.9920210167153047,2.56888701515657
2024-11-27,1.9895222284989078,2.5644078848143925
2024-11-29,2.0,2.6762833963506187
2024-12-02,2.003276500946667,2.679866528995222
2024-12-03,2.0005319853933834,2.6756913506377584
2024-12-04,1.9939954032076994,2.656470382223778
2024-12-05,1.9973701266901374,2.665554674459862
2024-12-06,1.997789370638629,2.652853015467609
2024-12-09,1.9983113500411542,2.6590258158406224
2024-12-10,2.00041518346703,2.664985838425412
2024-12-11,1.994655162578396,2.64970788089086
2024-12-12,2.007798147903171,2.6704322541958243
2024-12-13,2.0136427474134706,2.671322759327175
2024-12-16,2.0127918512474605,2.6592357779555047
2024-12-17,2.017143799410917,2.6614306433655477
2024-12-18,2.0403910590367285,2.683178896898103
2024-12-19,2.0516800664622195,2.710919114929327
2024-12-20,2.044225553928865,2.710735586637231
2024-12-23,2.047435039337113,2.713616190785708
2024-12-24,2.0379052412353342,2.6936061129440945
2024-12-26,2.038702860251239,2.6972178758133456
2024-12-27,2.0457650170434536,2.706998520369814
2024-12-30,2.0430737929232436,2.7095478942041393
2024-12-31,1.9999999999999998,2.7278772147320303
2025-01-02,1.992248979036732,2.71023442091569
2025-01-03,1.9934915575257788,2.7068121071730515
2025-01-06,1.9936353625447396,2.71167894907806
2025-01-07,2.0015006024208524,2.7319699943736984
2025-01-08,2.000877775072927,2.7285976286059017
2025-01-10,1.9995658688006952,2.724497917185664
2025-01-13,1.9995529088268749,2.726160840892193
2025-01-14,1.9955953561504074,2.718234111306368
2025-01-15,1.9747823783016052,2.688413529860868
2025-01-16,1.97529684621498,2.6933912018063144
2025-01-17,1.973652436319375,2.6810282187863037
2025-01-21,1.967526379855018,2.6774294256417583
2025-01-22,1.9704952860449942,2.6818154276482566
2025-01-23,1.9723323998307212,2.683004061586075
2025-01-24,1.969990185985834,2.68277375608447
2025-01-27,1.9999999999999998,2.845687204779573
2025-02-05,1.981746779742958,2.8265985581589357
2025-02-06,1.9832471978529185,2.8324425487769997
2025-02-07,1.9909131796870736,2.847507554989792
2025-02-10,1.9825882357935458,2.825710614220643
2025-02-11,1.9834107899769455,2.8290424236617007
2025-02-12,1.9947820745435476,2.846295728934252
2025-02-13,1.9802972203286493,2.8186859457690057
2025-02-14,1.9779601566247766,2.8129942466209776
2025-02-18,1.9755243519587813,2.805837971998843
2025-02-19,1.9717025596604953,2.7900475131978113
2025-02-20,1.9705732352792273,2.7960644788272826
2025-02-21,1.9807441424757717,2.8278181463285335
2025-02-24,1.9835849804478163,2.8364922760723075
2025-02-25,1.9842482280947837,2.844517778069105
2025-02-26,1.9868095642577641,2.8549949545364797
2025-02-27,1.9953691882019386,2.8694514367905004
2025-02-28,2.0,2.868054696906588
2025-03-03,2.0017670140925397,2.8728969756591822
2025-03-04,2.009786329472764,2.8899714691746445
2025-03-05,2.0059825230857524,2.8683425399231526
2025-03-06,2.012250831379384,2.8864723843663422
2025-03-07,2.0086358618911415,2.872863808790678
2025-03-10,2.0164928140678824,2.8946662516001833
2025-03-11,2.016248576727711,2.8915326476824696
2025-03-12,2.014674757114325,2.8821052943330376
2025-03-13,2.0162988443808927,2.8933323107011746
2025-03-14,2.005803281614543,2.85243420539286
2025-03-17,1.9994181686831267,2.8445095939918175
2025-03-18,1.999880932567647,2.8471935537531388
2025-03-19,1.9880196035151498,2.8153997735663157
2025-03-20,1.990004291192474,2.821719462391205
2025-03-21,1.9970719939261352,2.8323841421441607
2025-03-24,1.9958660650583684,2.8265409778091626
2025-03-25,1.9925278736490601,2.8172999354012327
2025-03-26,1.9975624556943696,2.8231016662650106
2025-03-27,1.9940923076689698,2.8187574220530642
2025-03-28,1.9933161105162873,2.8174637925727577
2025-03-31,2.0,2.9703639316661077
2025-04-01,1.996195770874596,2.9605167495806533
2025-04-02,1.9925821616116624,2.9526314522713273
2025-04-03,2.021477298010344,3.017879449694104
2025-04-07,2.099740878940474,3.219921100092094
2025-04-08,2.126371512611598,3.308347466761569
2025-04-09,2.0599065019633587,3.1027195133831746
2025-04-10,2.097539011952675,3.186000221088971
2025-04-11,2.0777066994708924,3.1376453161677924
2025-04-14,2.0667543627048723,3.1084655039220936
2025-04-15,2.06672383139073,3.1118422560215913
2025-04-16,2.060870994103682,3.112470980206395
2025-04-17,2.055073054952915,3.0983649560598874
2025-04-21,2.071460605826024,3.1434961598111864
2025-04-22,2.0560734085983916,3.0921416895142206
2025-04-23,2.0488115806422704,3.0703243890431082
2025-04-24,2.0306092269892555,3.0283704186523352
2025-04-25,2.027159951224422,3.0130127961148276
2025-04-28,2.0215366357833244,2.9932829078042036
2025-04-29,2.0218808945205824,2.9887932453601187
2025-04-30,1.9999999999999998,2.247321496577127
2025-05-06,1.9972313869863498,2.240309972215038
2025-05-07,2.0009543891630166,2.241074082506326
2025-05-08,1.9986096082258054,2.234091414634311
2025-05-09,1.9930773919938525,2.2283914717476856
2025-05-12,1.9927605967557391,2.225744716475157
2025-05-13,1.9828221871853169,2.213442909417854
2025-05-14,1.9894503217444928,2.217107264438174
2025-05-15,1.986718061727347,2.217166689202812
2025-05-16,1.9855659652775175,2.2139976300521242
2025-05-19,1.9850168674509374,2.210415035798679
2025-05-20,1.9823181566152897,2.208675378679213
2025-05-21,1.9959382751394268,2.221574902100129
2025-05-22,1.9938604344445425,2.2154496078130803
2025-05-23,1.9921935643010027,2.218331158956937
2025-05-27,1.9848989666787253,2.2081389659946113
2025-05-28,1.99280524896432,2.217224224476604
2025-05-29,1.9883980857517713,2.213585766230336
2025-05-30,2.0,2.2613510238967045
2025-06-03,1.991387570132764,2.2530998749212205
2025-06-04,1.9844279204302833,2.2445776283361116
2025-06-05,1.9858089053673715,2.2494428284251544
2025-06-06,1.9888806407638486,2.2529107888222017
2025-06-09,1.9823381217337368,2.2417919211242614
2025-06-10,1.980100054812288,2.2393468446559206
2025-06-11,1.9742011947776368,2.2349565741173256
2025-06-12,1.9684998590131457,2.2301811860660763
2025-06-13,1.9676880838270905,2.23541918624721
2025-06-16,1.9704097631576694,2.2367466701749654
2025-06-17,1.9603052234214773,2.2335404978062368
2025-06-18,1.9600213393330916,2.234726588132972
2025-06-20,1.960909559225458,2.2365494179330745
2025-06-23,1.9665842860618423,2.234992007841798
2025-06-24,1.9691725433929448,2.2335598259322875
2025-06-25,1.9684378445090687,2.2314146629091693
2025-06-26,1.9590428008969498,2.218074954012605
2025-06-27,1.9648749649114703,2.223420006108291
2025-06-30,1.9999999999999998,2.277424035080762
2025-07-01,1.9970654990787757,2.276316949904424
2025-07-02,1.9900627948024645,2.2664022467874623
2025-07-03,1.992150296351627,2.2703508243607233
2025-07-07,2.001033464377503,2.281768882528326
2025-07-08,1.9985867952148118,2.2734183197692617
2025-07-09,1.9916769901403613,2.2674205122537328
2025-07-10,1.9886056333911684,2.2619990623410904
2025-07-11,1.9887779931454117,2.2615619632675585
2025-07-14,1.9927729728590544,2.267385836510184
2025-07-15,2.0014278779227026,2.273271174484662
2025-07-16,1.99737794806451,2.2724733968437874
2025-07-17,1.991427179756616,2.2636752588220004
2025-07-18,1.9907912546394164,2.2636918876887497
2025-07-21,1.9846472859874507,2.2574793174947043
2025-07-22,1.9792855398166214,2.2509834362489793
2025-07-23,1.9814790382166552,2.2506562257218423
2025-07-24,1.9855888455605932,2.257900734826411
2025-07-25,1.987266719573604,2.2576480937964147
2025-07-28,1.990915638250716,2.265680391766698
2025-07-29,1.9786269165045522,2.2504151950625153
2025-07-30,1.9900442649597354,2.265621358069061
2025-07-31,2.0,2.270707520341182
2025-08-01,1.9991185028489942,2.2755145675949198
2025-08-04,1.9902933735476769,2.261275959750419
2025-08-05,1.992885240821833,2.267091511911615
2025-08-06,1.9941842855709608,2.267697882250448
2025-08-07,1.990579409674936,2.2613638754387346
2025-08-08,1.9909006894961396,2.2608807439877205
2025-08-11,1.9932907613669777,2.263015850166432
2025-08-12,1.99005086317864,2.2547517724180537
2025-08-13,1.9800600239772455,2.2432358047811545
2025-08-14,1.988238096379748,2.253162516197586
2025-08-15,1.9938646865333602,2.258944695995322
2025-08-18,1.9958029771761885,2.261301695874769
2025-08-19,1.9994050563372905,2.2661207294380037
2025-08-20,1.9942345018369778,2.261787587480942
2025-08-21,1.994374849481734,2.2631226706699437
2025-08-22,1.974146671250652,2.234243231550061
2025-08-25,1.9802802178968337,2.2452181647412806
2025-08-26,1.97919339574553,2.2439359295996404
2025-08-27,1.976667120685032,2.2409530004796174
2025-08-28,1.9713445210248608,2.23691717054899
2025-08-29,1.9999999999999998,2.2953190906697274
2025-09-02,1.9973994970401678,2.291589232012811
2025-09-03,1.9941520498468002,2.2881679647131192
2025-09-04,1.9924074169020016,2.2878527412765552
2025-09-05,1.9840690407158745,2.2771057911408987
2025-09-08,1.97456177423641,2.265665338911521
2025-09-09,1.9795107029536352,2.2720211045424157
2025-09-10,1.9728244229485634,2.263192060846051
2025-09-11,1.967859571588831,2.2571634673511016
2025-09-12,1.968821877669159,2.2566987698264973
2025-09-15,1.9628154970450131,2.25011940627761
2025-09-16,1.9578948657541826,2.241548850924923
2025-09-17,1.9646837170023053,2.249138070402505
2025-09-18,1.9692350748257494,2.2547467051346324
2025-09-19,1.9723027377756333,2.260751118581208
2025-09-22,1.9728829631210993,2.262718839993584
2025-09-23,1.9657690204706213,2.2533876224133818
2025-09-24,1.9685202722755437,2.2583861473902758
2025-09-25,1.969242039141819,2.264353861126563
2025-09-26,1.9655568929182095,2.261129325280534
2025-09-29,1.9618409044815701,2.2578228530429354
2025-09-30,2.0000000000000004,2.4077801041864806
2025-10-09,1.991866269662073,2.395324120565955
2025-10-10,2.0028536721847257,2.4189398015089836
2025-10-13,1.987292792231528,2.3964113178825213
2025-10-14,1.9899010837081579,2.4017380932183685
2025-10-15,1.9868881063444874,2.4023816333563532
2025-10-16,1.9852006056057518,2.4046230432436193
2025-10-17,1.992537764156403,2.412194704653481
2025-10-20,1.9811348302975678,2.3982129447484577
2025-10-21,1.9914855547626313,2.4040075714089086
2025-10-22,1.987091755513976,2.399396998667603
2025-10-23,1.9809079102747627,2.3888223708178904
2025-10-24,1.9790514164907589,2.38385946239386
2025-10-27,1.9798453853457854,2.3775188596251216
2025-10-28,1.9824375599205766,2.381573580394927
2025-10-29,1.9898087378151077,2.394345376979784
2025-10-30,1.9950528561441012,2.4086672377991922
2025-10-31,2.0000000000000004,2.600374411685631
2025-11-03,2.001079067647533,2.6013296385232874
2025-11-04,2.011996777553746,2.622253023979705
2025-11-05,2.0136684873150723,2.624965975156906
2025-11-06,2.0114535342050957,2.6199591147337578
2025-11-07,2.0092400948444302,2.6165542751601807
2025-11-10,1.997413939290912,2.598844537480349
2025-11-11,1.9906047334610837,2.5895509460282264
2025-11-12,1.9921548166127674,2.599032186206092
2025-11-13,2.0058966994335674,2.6236067299675816
2025-11-14,2.0128899934091473,2.6350391582915247
2025-11-17,2.0199217090091905,2.648477980546625
2025-11-18,2.016269592006023,2.643747939519913
2025-11-19,2.022616164777836,2.6601469395934414
2025-11-20,2.0299064114266727,2.6726282654694216
2025-11-21,2.026330494280139,2.6676356296742267
2025-11-24,2.017307606732028,2.65454803841106
2025-11-25,2.012775377271731,2.6468364638478037
2025-11-26,2.0006512811282633,2.6268648547292384
2025-11-28,2.0,2.6592607484726485
2025-12-01,2.008689744099909,2.6847913885547383
2025-12-02,2.0075581942416587,2.680410749550264
2025-12-03,1.9990058636423693,2.6606521925502675
2025-12-04,2.0025478468640867,2.6666622405471068
2025-12-05,2.003993763140814,2.6764309344968273
2025-12-08,2.0107462991966822,2.6835180804046233
2025-12-09,2.0073815370426837,2.6725988124025704
2025-12-10,1.9972442202942238,2.6590254923296617
2025-12-11,1.9936643521926454,2.651513463569851
2025-12-12,2.0059566454979607,2.6751821573746732
2025-12-15,2.0076307579397517,2.6832371829987167
2025-12-16,2.010517202717546,2.6849276351461664
2025-12-17,2.0055160749192,2.682504717755384
2025-12-18,2.0043010904920022,2.6753331171980483
2025-12-19,2.0014684283199076,2.673026019218745
2025-12-22,1.9949664799728204,2.6642436258217153
2025-12-23,1.9889542798176614,2.66119567668848
2025-12-24,1.9850253898226744,2.6540622264677363
2025-12-26,1.980006233692297,2.655371430770448
2025-12-29,1.9900191809657437,2.6633961457354434
2025-12-30,1.9863142785077654,2.6584335063766935
2025-12-31,1.9999999999999996,2.6441497061484593
2026-01-05,1.97801989310415,2.603625446967472
2026-01-06,1.9734646568837704,2.6013144424267947
2026-01-07,1.979316847465186,2.613310132897033
2026-01-08,1.9769097669068412,2.6069625534683443
2026-01-09,1.96971140011841,2.598377048711477
2026-01-12,1.9615215586382144,2.5888580230706744
2026-01-13,1.9557875791078543,2.577509488377552
2026-01-14,1.9465163852290663,2.5649232061060503
2026-01-15,1.9513778179234906,2.5746757114007153
2026-01-16,1.957432978882736,2.584979848494831
2026-01-20,1.9611330814275363,2.6045113995332643
2026-01-21,1.9498803294834635,2.5919826495531324
2026-01-22,1.9459862399237822,2.5952002379078722
2026-01-23,1.9349255380420822,2.578027723515823
2026-01-26,1.9277341164886044,2.5726370527578157
2026-01-27,1.9202698252529093,2.5595124681192147
2026-01-28,1.912066312266265,2.551512993572941
2026-01-29,1.9099372620475634,2.556480466892317
2026-01-30,2.0,2.5719355018956005
2026-02-02,2.017451172775115,2.5918860940403547
2026-02-03,2.0014787347988725,2.575211286689006
2026-02-04,2.001871097868232,2.578035928688333
2026-02-05,2.019756937589277,2.593424853091107
2026-02-06,1.9985321680376023,2.5530892831062477
2026-02-09,1.9886842728063903,2.5456874411658847
2026-02-10,1.9871450103247115,2.5390784831769255
2026-02-11,1.9848754416278624,2.542128082254217
2026-02-12,1.99571802710072,2.5488413620900885
2026-02-13,1.9856717782199977,2.532753137062052
2026-02-24,1.9717252750099565,2.525368126323908
2026-02-25,1.966917741938474,2.5160079090325014
2026-02-26,1.9638732121215654,2.5111193004041095
2026-02-27,2.0,2.549887657310786
2026-03-02,1.998828094930091,2.544201804575039
2026-03-03,2.0124192491850565,2.5587187207604245
2026-03-04,2.007107679703454,2.5450921655392094
2026-03-05,2.0108490420276555,2.5460265364973904
2026-03-06,2.002815646242713,2.5364668897238047
2026-03-09,2.002400664930766,2.5460288400454893
2026-03-10,2.0005189114269855,2.542013424288661
2026-03-11,2.001564593462903,2.5360222112778352
2026-03-12,1.9999936142223678,2.521639293307836
2026-03-13,2.0101729734866454,2.531861126236466
2026-03-16,2.003697219325724,2.5207141919149807
2026-03-17,1.9951867871157776,2.5053261935950326
2026-03-18,2.0002888573064896,2.5041681848779924
2026-03-19,2.0105309228518027,2.522594975175055
2026-03-20,2.0298232704547834,2.5369333137987073
2026-03-23,2.038611972123112,2.556718447464794
2026-03-24,2.036205810469208,2.553846817938648
2026-03-25,2.0260148758284036,2.5420699943104563
2026-03-26,2.037715195951266,2.5525430920281087
2026-03-27,2.0313579796848535,2.539214625911668
2026-03-30,2.0222782758925346,2.525433950255575
2026-03-31,2.0,2.5328078409727217
2026-04-01,2.0007287125478332,2.538203738920394
2026-04-02,1.9930467985013232,2.5227705583313096
2026-04-07,1.988653454871315,2.5114746799220597
2026-04-08,1.989950461405027,2.5268062976723256
2026-04-09,1.9860693618523857,2.5201582515486263
2026-04-10,1.9873509187820337,2.521045501989691
2026-04-13,1.9778983685472233,2.5017724293342587
2026-04-14,1.9699501772084742,2.49434547563633
2026-04-15,1.9700164558225364,2.4890466713481465
2026-04-16,1.9714234022811827,2.4903234350037264
2026-04-17,1.967942611540468,2.489531137969892
2026-04-20,1.9676662181381084,2.486071598621479
2026-04-21,1.9711567515675952,2.4821900782159068
2026-04-22,1.9613128760489162,2.4666772850462384
2026-04-23,1.9604440619115877,2.46225133936368
2026-04-24,1.956753705061559,2.456706017467212
2026-04-27,1.9572606931770042,2.4555900042802516
2026-04-28,1.9592717914550934,2.4561007941062694
2026-04-29,1.9597838300661772,2.4530676592362624
2026-04-30,2.0,2.5254301932298975
2026-05-06,1.9930676870975985,2.516486187506848
2026-05-07,1.9969900865394206,2.526234031501104
2026-05-08,1.9885639213293107,2.5143750832877947
2026-05-11,1.9799722915922717,2.502374583060879
2026-05-12,1.9818243645391307,2.5074971579598713
2026-05-13,1.9843102799187133,2.512708785982946
2026-05-14,1.9884451682926647,2.515055814232644
2026-05-15,2.005874381360496,2.5334832846665876
2026-05-18,2.0068832382272896,2.5357801685501844
2026-05-19,2.0168214410688545,2.5467020101633113
2026-05-20,2.0115676758423335,2.5503365269343408
2026-05-21,2.0103326947021056,2.548397369406044
2026-05-22,2.01131191119751,2.5488957770627354
2026-05-26,2.0050211436709975,2.539320237142641
2026-05-27,2.0126786223821114,2.549571157441605
2026-05-28,2.004898808994632,2.5381027756798193
2026-05-29,2.0,2.9999999999999996
2026-06-01,1.9963945209902638,2.985030520955418
2026-06-02,1.9954639244192958,2.9865571749974413
2026-06-03,2.001924508962069,2.9987691035206043
2026-06-04,2.0036445736705075,3.0080030839456664
2026-06-05,2.0318848749343954,3.0656608225847144
2026-06-08,2.0269246485400334,3.0488412052123897
2026-06-09,2.033450474913728,3.061835306620764
2026-06-10,2.043262389597534,3.084328278828211
2026-06-11,2.0274150122198074,3.054185250240483
2026-06-12,2.0273667678886813,3.053907063990942
2026-06-15,2.0206558796551835,3.037237763654691
2026-06-16,2.027332976605149,3.0596023377508774
2026-06-17,2.0420096501614244,3.089062119889064
2026-06-18,2.0347720199784782,3.0618468486294868
2026-06-22,2.0429528051356898,3.079834410630848
2026-06-23,2.0584629784258355,3.115599136088815
2026-06-24,2.064513831262542,3.120136109098011
2026-06-25,2.0552201047930936,3.09612648812811
2026-06-26,2.057529550464284,3.107793126623452
2026-06-29,2.053444352402633,3.0881794320258464
2026-06-30,2.0000000000000004,2.9999999999999996
2026-07-01,2.0071888642047897,3.020544044749982
2026-07-02,2.0060544531913678,3.0312363838140897
2026-07-06,1.9932946980920083,2.979240361259038
2026-07-07,2.0012384707753132,2.9914323285351707
2026-07-08,1.999507379968705,2.9522434898733616
2026-07-09,1.9978858026964166,2.9571242696413624
2026-07-10,1.9961232483220464,2.945274776108397
2026-07-13,1.9959088799146787,2.9252879084809633
2026-07-14,1.9876578915829377,2.909294166547129
2026-07-15,1.9859520835148559,2.9073625233055687
2026-07-16,1.9930895231710146,2.9177175640076465
2026-07-17,1.9861295338920077,2.9019196115444594
2026-07-20,1.9893781541367177,2.908402805537526
2026-07-21,1.9816376515269665,2.908267693127133
2026-07-22,1.9787592449207445,2.897631598655669
2026-07-23,1.9829556871928709,2.900287214982193
2026-07-24,1.9844155742490173,2.901823109814318
2026-07-27,1.9938681250103745,2.9270438903292955
2026-07-28,1.995458743647671,2.923667580066634
2026-07-29,1.9952619223022408,2.92707840273842
2026-07-30,1.9874394472479515,2.9197890225174112
2026-07-31,2.0,2.9999999999999996
2026-08-03,2.002675629059313,3.012386922128886
2026-08-04,1.9956525988878164,2.9935186150294832
2026-08-05,1.9912304291803393,2.9954814355815307
2026-08-06,1.9921670217014351,2.998112506169698
2026-08-07,1.9841278208181965,2.9839701530217164
2026-08-10,1.9785887143606167,2.9768257486890377
2026-08-11,1.9782280484445074,2.9725633154848934
2026-08-12,1.9741999684407834,2.9625830493603513
2026-08-13,1.9732776551003086,2.952954159693521
2026-08-14,1.9734739131066572,2.95407825931099
2026-08-17,1.970308456869121,2.947801879876139
2026-08-18,1.9772327013285422,2.9635293893376065
2026-08-19,1.960198551885619,2.931350064873402
2026-08-20,1.9573178727214369,2.927209841873556
2026-08-21,1.952972535783574,2.917735804302593
2026-08-24,1.954114401310973,2.920030812972375
2026-08-25,1.951811397195358,2.9137511937326623
2026-08-26,1.9535957005280145,2.9128220450904023
2026-08-27,1.9485939871196063,2.9013223500242185
2026-08-28,1.9612593322346143,2.9261222175025114
2026-08-31,2.0,3.0000000000000004
2026-09-01,2.0017683796397985,2.9957649776119606
2026-09-02,1.9978769305084398,2.9938394047815278
2026-09-03,1.9909661614811118,2.9815436699794065
2026-09-04,1.9930426465825557,2.9865526949459555
2026-09-08,1.991725989393437,2.9749626618542537
2026-09-09,1.990810424101084,2.9681967493273684
2026-09-10,1.995960730408297,2.9614185472251835
2026-09-11,2.000547959205247,2.9724939550705227
2026-09-14,2.005129434571413,2.983668994798652
2026-09-15,2.0018561777627286,2.9690813253704547
2026-09-16,2.010681996061607,2.9888260175182095
2026-09-17,2.0032182685975033,2.9886463371540533
2026-09-18,2.006212343635203,2.991169387411681
2026-09-21,1.9994372695542688,2.9719146372607095
2026-09-22,2.0009159876840696,2.988821612240672
2026-09-23,2.0140110578198707,2.9955984237254616
2026-09-24,2.0209306404132876,3.010814216575801
2026-09-28,2.0399174352940834,3.0520966953309197
2026-09-29,2.0463745219829765,3.0685295717900645
2026-09-30,2.0483279332454227,3.074686302082479
