date,"proposed v2 (post-hoc, walk-forward)","current liquid mix (constant, hindsight)","proposed v1 (pre-declared, walk-forward)",SPY,60/40 SPY/IEF,"current mix @15% (diag., hindsight)"
2007-05-31,0.0,0.0,0.0,0.0,0.0,0.0
2007-06-01,0.0,0.0,0.0,0.0,0.0,0.0
2007-06-04,0.0,0.0,0.0,0.0,0.0,0.0
2007-06-05,-0.004367402444339419,-0.0012088335232539604,-0.0017866286623844374,-0.003958620043233552,-0.003656799033482594,-0.0017633421151401762
2007-06-06,-0.008633506695014614,-0.004709059605144006,-0.0023281028177390972,-0.014666092781508988,-0.009905593221262166,-0.007009767888194074
2007-06-07,-0.022604021285184905,-0.01257293208558008,-0.007167302881754378,-0.032446518655850576,-0.024576165409583184,-0.01834211596068036
2007-06-08,-0.02349997920046698,-0.011764022807081553,-0.008760836047448484,-0.019857354807420347,-0.016263560721141213,-0.017260218748085365
2007-06-11,-0.020118842205964493,-0.009440346156554424,-0.008772878801977524,-0.018170406710356524,-0.01627770248882754,-0.014083278110162634
2007-06-12,-0.030684875884843588,-0.014832215402546645,-0.011821985665467771,-0.02887738463879841,-0.025514332259942485,-0.021590255930832747
2007-06-13,-0.020026772376207425,-0.009131896550502061,-0.010830860412674226,-0.01434128546929414,-0.015491893843562754,-0.013656889475892053
2007-06-14,-0.01597047003540497,-0.006400510597929676,-0.009843969934474117,-0.008046950949995968,-0.011605687128133924,-0.009867953651815364
2007-06-15,-0.010039248318901017,-0.003273810723084525,-0.008613817724248185,-0.0024026551778422167,-0.006493718473698062,-0.005666267177990347
2007-06-18,-0.01088026232454764,-0.003028401297692218,-0.009163073447530201,-0.0035760613547229925,-0.0073954955358740415,-0.005420701988469112
2007-06-19,-0.00760774637688344,-0.0014745907350299792,-0.007557551866585244,-0.0010993260760756574,-0.00399407419150688,-0.0031780066350126646
2007-06-20,-0.0169531868325693,-0.007439498792962906,-0.010690692004481805,-0.014981003897051814,-0.013622850429220956,-0.011917459465636937
2007-06-21,-0.016600650269661177,-0.005817108954664585,-0.010530992389278238,-0.009506922707664622,-0.010818535692959874,-0.00957555785247266
2007-06-22,-0.018195692055367307,-0.008438838765702839,-0.010126548197878282,-0.01882659523686181,-0.015251304921467201,-0.013708756369501307
2007-06-25,-0.02066089900895418,-0.011302940885377644,-0.011555219211240031,-0.02351923032471781,-0.01680200029612433,-0.017732116253368235
2007-06-26,-0.03048790999490547,-0.018004428808581552,-0.014639071983891694,-0.03355531680588408,-0.02274422007292365,-0.027539960397196417
2007-06-27,-0.025264543983849364,-0.013486349982649526,-0.01434475288037007,-0.019803986032508214,-0.01451653247722906,-0.02091924386463484
2007-06-28,-0.024764828608097367,-0.011705903796093153,-0.014100499517035181,-0.019933555521798763,-0.01483983372955422,-0.01850894094701372
2007-06-29,-0.022059488805493577,-0.01201266815210933,-0.013375563583628014,-0.01960853614822644,-0.012588342559937127,-0.01912194619726615
2007-07-02,-0.013651720289438618,-0.0065134703320258724,-0.011377077716448802,-0.010744583475797431,-0.006630644884100367,-0.01132471396364898
2007-07-03,-0.01479055708276411,-0.005677106552965383,-0.012700411014615942,-0.007160393102379481,-0.005638149360664424,-0.010129068195327773
2007-07-05,-0.017216328924635205,-0.006163590512832662,-0.013833367398529361,-0.008203310857421653,-0.008468871994021354,-0.010852328744797246
2007-07-06,-0.013284239964415634,-0.0023643881229183927,-0.01288555974834138,-0.002989570327640023,-0.006246981356010983,-0.00554142229730914
2007-07-09,-0.011528678325362196,-0.001380531273581731,-0.012154054940641035,-0.0022073466677987597,-0.004356265442475471,-0.004234303567687281
2007-07-10,-0.01042643237196339,-0.005025240962567956,-0.012008125575922901,-0.016414892107776247,-0.010252771465487198,-0.009581603607496492
2007-07-11,-0.010453301730115494,-0.002809163987797292,-0.012610299253972057,-0.009441395748269188,-0.007407558972111317,-0.0063958055363591
2007-07-12,-0.0042154249147520195,0.0,-0.011947192519844663,0.0,0.0,0.0
2007-07-13,-0.0025052149687257996,0.0,-0.012023168254942762,0.0,0.0,0.0
2007-07-16,-0.005077279538831414,-0.0014498091692991544,-0.01412825500679682,-0.00012936915969530283,0.0,-0.002203816920504198
2007-07-17,-0.007391461490316997,-0.001925827808297198,-0.014764233213418132,-0.0006462154127490072,-0.001140337405595937,-0.003059914845212508
2007-07-18,-0.0021362131810497287,-5.4792976177830965e-05,-0.012453341892592285,-0.002453811462695965,-0.0008262881843849046,-0.00029117234523845514
2007-07-19,0.0,0.0,-0.011181410384986434,0.0,0.0,0.0
2007-07-20,-0.0008654245335670829,-0.0023117045801236413,-0.010803974623281531,-0.010124533730295426,-0.004200011750261301,-0.0035025232819262397
2007-07-23,-0.0020633628796462578,-0.001545133948260613,-0.012430300730651989,-0.00709360142030091,-0.002506596731773114,-0.0024292406795862753
2007-07-24,-0.009081448887986121,-0.007508133174220832,-0.013296975880085271,-0.024311666627381934,-0.011884645502742708,-0.011040107171570113
2007-07-25,-0.007852083721881065,-0.008598000287483698,-0.013935609624094458,-0.022312191343636933,-0.01013700586129973,-0.012701573335114902
2007-07-26,-0.020439649084478373,-0.02009409885920499,-0.017751905987578365,-0.04546314532772777,-0.02102600739785676,-0.02937110556250766
2007-07-27,-0.026272773912110692,-0.026586228963869196,-0.018916611129998206,-0.06422871082000314,-0.031634014214174555,-0.038902778032996355
2007-07-30,-0.02212796630746605,-0.020828895676687442,-0.01877786940710302,-0.049590442246555066,-0.02377300971648777,-0.030315580217273652
2007-07-31,-0.022002540759092803,-0.023383444564881062,-0.017928419287863373,-0.06029522738322224,-0.02862892706487752,-0.034481869994053005
2007-08-01,-0.02198890439535517,-0.021694556273231025,-0.01944816796907256,-0.05571672484451751,-0.026865870932140434,-0.031949344996690776
2007-08-02,-0.018766446440795392,-0.01941635949007703,-0.01983101303793844,-0.04817156808676015,-0.02190298308122285,-0.028765555921097863
2007-08-03,-0.027476899073267225,-0.02633495679911968,-0.019656026719884534,-0.07267697825267261,-0.03459886678173618,-0.038557297831436355
2007-08-06,-0.0282670306607401,-0.022237155429268185,-0.02269712747828545,-0.057135039456186476,-0.026517933695845652,-0.033093566628030535
2007-08-07,-0.02317543500485897,-0.018384445233576963,-0.022603415542323035,-0.04707513353441173,-0.020325956835300918,-0.02764787425268589
2007-08-08,-0.01859738555067003,-0.012433512983651807,-0.02076999461676332,-0.03379146102981634,-0.014778628915212089,-0.018954403442743906
2007-08-09,-0.03419134350776354,-0.025123712507701623,-0.024080980111342742,-0.06242353862291439,-0.030364380796117918,-0.03750589211129163
2007-08-10,-0.033955373433419034,-0.023892861163462564,-0.02277747297857058,-0.06680829762308871,-0.033650864666368574,-0.0359827522446351
2007-08-13,-0.03374689189751112,-0.023967552913244705,-0.023311004414279357,-0.06345485576213239,-0.03095697685247356,-0.036197618615508076
2007-08-14,-0.03892779389738932,-0.029014428135915926,-0.023981620514291646,-0.07777110438922863,-0.03841937702765841,-0.043378866148345185
2007-08-15,-0.04522841177878312,-0.034481086492752944,-0.024898083155641237,-0.09047522492260929,-0.04559054173865795,-0.05131928397266061
2007-08-16,-0.04886414764913394,-0.03704832833189875,-0.029093337890251147,-0.08363943530123386,-0.039839751863153916,-0.05548467967276116
2007-08-17,-0.04175047889540218,-0.03144436761427094,-0.026601783952997726,-0.06680829762308871,-0.02911740678140573,-0.047678122919900034
2007-08-20,-0.0408562867301735,-0.030486531021902463,-0.026790121469135397,-0.06725964312999766,-0.02854727273753943,-0.046638868374832776
2007-08-21,-0.03994779104438673,-0.031087030628622614,-0.026430519085509863,-0.06538970323735693,-0.025687716178065423,-0.04743024393256556
2007-08-22,-0.03453863827314574,-0.026137724821808428,-0.025702372726324807,-0.05429778074120706,-0.020082974582336433,-0.040328854191612806
2007-08-23,-0.03438824659902495,-0.026866814064281486,-0.026670163410477343,-0.055136193664082844,-0.020461252570389776,-0.041149584454512
2007-08-24,-0.024199338058750297,-0.02052382527474228,-0.024467555754961956,-0.043463809931014286,-0.0130803021557363,-0.03196869351486609
2007-08-27,-0.028328376316834603,-0.024980883160708567,-0.026169560466617448,-0.05236321304004554,-0.01751347444838769,-0.03792892276603932
2007-08-28,-0.03852067264996417,-0.032512405802575084,-0.02757479521438566,-0.0731924619634925,-0.028401748368489188,-0.0491478476229994
2007-08-29,-0.02923999961083834,-0.024282564077218516,-0.026921233609176975,-0.05500707793407289,-0.018634050411911462,-0.037570889970099275
2007-08-30,-0.029410203605878982,-0.026349949388490335,-0.027249380401135892,-0.05752245658973221,-0.018210733360185527,-0.0406269363788313
2007-08-31,-0.022868270453267336,-0.02077606735753834,-0.025526457678878067,-0.04823598606473389,-0.012358697898650406,-0.03255081835889828
2007-09-04,-0.01508498380442469,-0.01511176894790045,-0.023800634007505206,-0.038627495593383854,-0.007111895320360384,-0.02450947041566054
2007-09-05,-0.015865785136306654,-0.018179356237916333,-0.02343285482805113,-0.04694636752198056,-0.009840059249160649,-0.029000224315852363
2007-09-06,-0.013795492814997923,-0.01453148739398713,-0.021642884600371337,-0.04475342847376773,-0.00932314866072359,-0.023773319017440397
2007-09-07,-0.011107154157832921,-0.017894989112083426,-0.018303598146387934,-0.05803794030055187,-0.013351567264803688,-0.02884588193863824
2007-09-10,-0.008995368629934108,-0.01850526349973003,-0.018324236258870474,-0.05984381193279764,-0.013580156913617247,-0.0298263493837595
2007-09-11,-0.0020527143333721742,-0.012766239990377848,-0.01611942858368165,-0.048880935223142186,-0.00760353927209545,-0.021205578701822936
2007-09-12,-0.0010065951574733667,-0.012056633732013822,-0.016481122270813442,-0.04643039420655104,-0.00706737945545699,-0.020743713502173078
2007-09-13,-0.004202777686392545,-0.01100807218295885,-0.018880657384947486,-0.039723860202216965,-0.005248867423063186,-0.01916926453770096
2007-09-14,-0.0034617950215033444,-0.010844696507333329,-0.01874789498831786,-0.03978799840612779,-0.004770444566247534,-0.01917823839478061
2007-09-17,-8.89900737375271e-05,-0.010425452183505657,-0.017042799081385285,-0.044947381842845746,-0.00774703376625252,-0.01875894333445205
2007-09-18,0.0,0.0,-0.013556198046630108,-0.016830578130020202,0.0,-0.001824489536045859
2007-09-19,0.0,0.0,-0.013693442151753277,-0.011027154800598349,0.0,0.0
2007-09-20,-0.0018370059476596756,0.0,-0.013738923434815087,-0.01799178037792093,-0.00871426693124333,0.0
2007-09-21,0.0,0.0,-0.013853348388700448,-0.015341480680447717,-0.005125575557234141,0.0
2007-09-24,-0.0016822994459275709,-0.0004518447898550493,-0.015690046223545306,-0.017155745534579436,-0.005729555917953988,-0.0009842147126767342
2007-09-25,-0.004933116117290082,-0.0011516318453167473,-0.016396777554891218,-0.019099615723330965,-0.006879485490411619,-0.0020754485546535806
2007-09-26,-0.0028776163034974767,-0.0002181211836884689,-0.016633023688492066,-0.013916451491269854,-0.003549654798960189,-0.00035371867976974336
2007-09-27,0.0,0.0,-0.013003256963856402,-0.008084631094467443,0.0,0.0
2007-09-28,0.0,0.0,-0.012164834785571288,-0.011389042550907669,-0.0019008207087191087,0.0
2007-10-01,0.0,0.0,-0.011286848039705033,-0.0002448023050032333,0.0,0.0
2007-10-02,-0.0067768692826090104,-0.004214825335403516,-0.014493228921781509,-0.0016052736291759517,0.0,-0.0058797590523870236
2007-10-03,-0.00950459617779531,-0.005581243396848512,-0.016280161169397567,-0.003614051400511187,-0.0014956682999409665,-0.00795095899892062
2007-10-04,-0.00393957681880952,-0.0030120605529557753,-0.014314603461715869,-0.002059207046166467,0.0,-0.004636209255041934
2007-10-05,-0.001023425496753827,0.0,-0.013816780163255271,0.0,0.0,0.0
2007-10-08,-0.008536859005687014,-0.003288348450010581,-0.016053920454450754,-0.00532625779220719,-0.0018082370447488616,-0.005352623316089655
2007-10-09,-0.003687449483696148,0.0,-0.016076060699694694,0.0,0.0,0.0
2007-10-10,-0.0011904167008364164,0.0,-0.015448491403786235,-0.0016613212850631331,-0.0006309346223615231,0.0
2007-10-11,-0.0003280120321572655,-9.300982637960864e-06,-0.015078919214871478,-0.0064540558984045315,-0.00349285926221099,0.0
2007-10-12,0.0,0.0,-0.013637040515501186,-0.0009581468037638263,-0.0014787374776071838,0.0
2007-10-15,0.0,-0.0019973700370337077,-0.01334497406034385,-0.009393757082708287,-0.0062215985419166175,-0.002757028877956147
2007-10-16,-0.0031296408966083877,-0.005423982543993899,-0.013141035907716092,-0.017254161943711432,-0.00990646053765809,-0.00796137593162638
2007-10-17,-0.00022328133476312573,-0.005097817248968184,-0.01354564849994,-0.014250441734719788,-0.005675539763189463,-0.007658431761602413
2007-10-18,0.0,-0.003133175205397354,-0.010024841668796025,-0.017829436347670424,-0.00633695611194196,-0.004825663760404275
2007-10-19,-0.007344124499396254,-0.013226527101111496,-0.010226523967946433,-0.04351955350041603,-0.018530948673934566,-0.019751348809570746
2007-10-22,-0.008465054349613754,-0.013053439164514402,-0.013644417153173216,-0.03796010828321317,-0.01591215224271425,-0.019366948000221984
2007-10-23,-0.005158259222719286,-0.008961704182783192,-0.012130139488144231,-0.03016323954477229,-0.01127392924220516,-0.013457646234567355
2007-10-24,-0.003059343014162663,-0.009351759028562112,-0.011467276586552555,-0.031952805837265785,-0.01032992941677846,-0.014189870870327526
2007-10-25,0.0,-0.006534948247432948,-0.008917556282400207,-0.02965198416550119,-0.009263889794753455,-0.01004462351791513
2007-10-26,0.0,0.0,-0.005132467186994116,-0.018276810674289212,-0.003351015797248391,0.0
2007-10-29,0.0,0.0,-0.0033368919671304953,-0.015017911184778798,-0.0010421521453630733,0.0
2007-10-30,-0.010797808185390334,-0.00482532705290617,-0.007651064597970714,-0.02185573630122195,-0.004767664868378985,-0.006820427254799033
2007-10-31,-0.0016118474096303848,0.0,-0.0054021067245315635,-0.011694302810400514,-0.001291948687390243,0.0
2007-11-01,-0.010847710844427705,-0.010564066648009351,-0.006024146396048202,-0.034828005094755254,-0.012057538880053453,-0.01560848160958439
2007-11-02,0.0,-0.005110851242593806,-0.00043373310687844224,-0.03374209618568691,-0.010307594808846021,-0.007937065388964881
2007-11-05,-0.004731696475871128,-0.00790966938076576,-0.0015871715797973751,-0.041091107695383156,-0.015238081272699433,-0.012027564565615045
2007-11-06,0.0,0.0,0.0,-0.028182099080340084,-0.00812289464296001,0.0
2007-11-07,-0.009381584496789164,-0.007863106036413159,0.0,-0.0547672408303953,-0.02277059031584927,-0.01167114011888648
2007-11-08,-0.009371225708754594,-0.0084256292705841,0.0,-0.059559699499664776,-0.024774472400379,-0.012253700148043167
2007-11-09,-0.010168179355966367,-0.012700986099384082,0.0,-0.07246898405877955,-0.030181326244302253,-0.01879423142473058
2007-11-12,-0.02534611362408934,-0.024623533730301683,-0.007282798109725319,-0.08167116696954946,-0.03504860256073106,-0.03629408168329684
2007-11-13,-0.02157707825907451,-0.014492708747586125,-0.010400113213820394,-0.053680918005219236,-0.020166101808124948,-0.02150628921096165
2007-11-14,-0.015451256073618413,-0.012231144913564918,-0.00838273330326722,-0.056300524066082325,-0.021469740961305606,-0.018067497659041365
2007-11-15,-0.025371602059026888,-0.021618096998090364,-0.013209669998488716,-0.06991284513446061,-0.027445176092610657,-0.0319515257179932
2007-11-16,-0.024303572513578953,-0.02175258561930471,-0.013627284635027825,-0.06831519794399543,-0.02647649821279341,-0.03215419900929106
2007-11-19,-0.0267662869878601,-0.028119460300777832,-0.013173620626871774,-0.0812880876116906,-0.031399219707405446,-0.04158620994691287
2007-11-20,-0.015212129014711695,-0.0205298871368349,-0.008953595611643439,-0.07566407148165599,-0.029080949600827632,-0.030651268928821418
2007-11-21,-0.01941229190211835,-0.02794403357582964,-0.006384224763539836,-0.09457996862653828,-0.0373230340658236,-0.04158881516561852
2007-11-23,-0.008302683009040912,-0.019061722203359444,-0.004110320252151745,-0.07892352285930992,-0.029064181393302024,-0.028782428309307218
2007-11-26,-0.011356524261674883,-0.026402007256718485,-0.0017597696557856146,-0.09924549302271923,-0.03573785214108871,-0.03922265433837169
2007-11-27,-0.01636228821444563,-0.025071834118615244,-0.00725071502201613,-0.08889289927606725,-0.03335267216195548,-0.03762086080642779
2007-11-28,-0.012917466600546934,-0.01646571286698706,-0.01177986192417757,-0.059751756573729,-0.017155436745976083,-0.025209151852296996
2007-11-29,-0.012491772811517365,-0.01968090670340472,-0.01347189412407157,-0.059432213338432294,-0.014636146687048934,-0.029643344661230753
2007-11-30,-0.014966091820657446,-0.01891218226519298,-0.015970906673129837,-0.04997423027298209,-0.008350379776340233,-0.028608534369860217
2007-12-03,-0.012246403641050563,-0.01953674331326205,-0.014607137166531725,-0.05623671199944835,-0.010705114027345086,-0.029440848737349423
2007-12-04,-0.012717545468491354,-0.01982811645589999,-0.01328368730720142,-0.0646723912644106,-0.015624758187124943,-0.029945407009307812
2007-12-05,-0.015493816536333638,-0.015639995894459857,-0.01731253289105461,-0.049015255637002486,-0.007318577572237306,-0.023927265510270246
2007-12-06,-0.007556468655953719,-0.008539785261954758,-0.015871215366054958,-0.0354036934148223,-0.0008845748848315127,-0.013798469049219997
2007-12-07,-0.013166086363436746,-0.009461660626749246,-0.017948098693432613,-0.035595543530832496,-0.0035489044444327877,-0.015445554530743144
2007-12-10,-0.009374899545410376,-0.004219649328865205,-0.015557545383864335,-0.02811835599972423,0.0,-0.007689498740893863
2007-12-11,-0.013495541418389823,-0.015487225231664348,-0.017354761683519238,-0.054767240830395525,-0.011324835733755867,-0.024376443156431726
2007-12-12,-0.004704865941124292,-0.008700168314683343,-0.014265178084355234,-0.0454368818982136,-0.008799431988458228,-0.014540672125795906
2007-12-13,-0.017045760064576476,-0.01436347430078333,-0.01958981278344496,-0.04741822932069939,-0.01294764404180837,-0.02285125525794862
2007-12-14,-0.025735701273839062,-0.02020389670242173,-0.020097448600844614,-0.05949616337710262,-0.02164599321325278,-0.031023285550268342
2007-12-17,-0.029130808357402227,-0.025768375820628298,-0.020435577391942683,-0.07291622041336265,-0.027731677699703416,-0.03920382314288884
2007-12-18,-0.02364391835319113,-0.02140525053215392,-0.018498415721118766,-0.06774006151207246,-0.02371851734210273,-0.03293395907886176
2007-12-19,-0.01747550763115313,-0.021082076785785442,-0.018249178908337327,-0.06774006151207246,-0.02058332250010897,-0.03263311544537806
2007-12-20,-0.01691644786213886,-0.01905759437805532,-0.019438923456260637,-0.0618607971155013,-0.017538179225377926,-0.029884386624286607
2007-12-21,-0.011517853307386194,-0.011500100548686332,-0.01706846205415813,-0.04833726105226732,-0.011932970904823925,-0.0190189334775428
2007-12-24,-0.008766214475372403,-0.008017714435606282,-0.017995359599792482,-0.04127005742603085,-0.008643558831012532,-0.014028813862878464
2007-12-26,-0.006133729644233532,-0.004576187383179553,-0.01601133345761996,-0.03921413611810576,-0.00921904758091907,-0.008935252448758035
2007-12-27,-0.006609605476686209,-0.009098584341289517,-0.015671849170107888,-0.051292208146545115,-0.014168849991267551,-0.015605358972061056
2007-12-28,-0.001611930999462663,-0.00805683351155384,-0.013396317674258862,-0.05366905241012665,-0.012510695839478947,-0.014105666331255318
2007-12-31,-0.001376988636372256,-0.01101895891276694,-0.013344610873923468,-0.06067196106760275,-0.01507444019531079,-0.018307741589558946
2008-01-02,0.0,-0.008758253259820825,-0.008495336693853273,-0.06889557731328577,-0.01744042399597212,-0.01537980796254157
2008-01-03,0.0,-0.008073343146070888,-0.006406197370318334,-0.06934509020646229,-0.01690839123537169,-0.0141608733024422
2008-01-04,-0.010528859076639807,-0.01681442896516805,-0.007582755646148742,-0.09215207470965014,-0.03021536644872791,-0.02669486695847756
2008-01-07,-0.014614181257146641,-0.017768263275475205,-0.00928371798924621,-0.09292313143264463,-0.029976131658268956,-0.028409156520562417
2008-01-08,-0.01403753131520169,-0.018508301176978437,-0.005550247062186986,-0.10757093263094542,-0.03833094119830249,-0.02924529924006347
2008-01-09,-0.013269508790987983,-0.01626127148826262,-0.0069611957951475345,-0.09819124869590579,-0.03306425521077294,-0.02577304001504599
2008-01-10,-0.011933528858009024,-0.009990434836642748,-0.004409190616891712,-0.09228066464717011,-0.030432244845509993,-0.016895592587809483
2008-01-11,-0.010070965020585798,-0.012829695746455205,-0.003080969055878957,-0.09960435828826653,-0.03250418718088577,-0.02115641132870605
2008-01-14,-0.001038543190880814,-0.007965367902065035,-0.0009352319857980351,-0.09234482164389424,-0.02775576682786307,-0.014479353561858033
2008-01-15,-0.010869915743437875,-0.018783200431323532,-0.003123924359575425,-0.11232531101828813,-0.037699834852569336,-0.030008430256745933
2008-01-16,-0.02117481861510473,-0.02352610278666034,-0.006771619850236665,-0.11997034153114883,-0.043279373268673704,-0.03685554457695195
2008-01-17,-0.026602198827154866,-0.03141041875548212,-0.005232249495478847,-0.14277705009026465,-0.054367860355066244,-0.04807407220968085
2008-01-18,-0.026400666390284377,-0.031033718966800072,-0.0016669613181539145,-0.15157890713867994,-0.060493736147376076,-0.047775885123534145
2008-01-22,-0.026676089563166805,-0.034318940998026015,0.0,-0.16018746536470707,-0.06138147778866032,-0.05269781160494236
2008-01-23,-0.02599218358948374,-0.028512488311847273,-0.0031208626980995247,-0.14001484993023072,-0.05059191031852528,-0.04472642455379838
2008-01-24,-0.019815112437883697,-0.020718854061617442,0.0,-0.13275510632780452,-0.049737799971465435,-0.03365019067822039
2008-01-25,-0.013611767375523276,-0.024645016844669354,0.0,-0.1452829671934921,-0.053861376002617534,-0.03892046988766806
2008-01-28,-0.006538939977597913,-0.017126775469313515,0.0,-0.13114897385712743,-0.04646333428616212,-0.028251666320994517
2008-01-29,-0.0054590226497786,-0.015929454610021487,-0.0006648892989171706,-0.12684452227906873,-0.04538539801057995,-0.026848056017035327
2008-01-30,-0.009088849032906743,-0.016503474771330184,0.0,-0.13326891418974074,-0.049608050873538256,-0.027840151603943264
2008-01-31,-0.0002013720660716256,-0.011745359965827706,-0.0012935171235021192,-0.11746476935801087,-0.037604818893720804,-0.020982196269422437
2008-02-01,0.0,-0.00963328360498239,-0.0047066182077740715,-0.10326641206686837,-0.027065189476127793,-0.01790670868379607
2008-02-04,-0.004536189324390372,-0.013174309516266414,-0.006303929413083886,-0.11457356534434915,-0.03661059171302894,-0.02309616494431943
2008-02-05,-0.01592419114994892,-0.025151368969578147,-0.008881871608700687,-0.13827992056397964,-0.04941621360143311,-0.040102655137754795
2008-02-06,-0.018585274739961632,-0.02537395841687229,-0.007286805112784678,-0.14521860323871383,-0.05464359566993637,-0.040744378604861686
2008-02-07,-0.0197022589421203,-0.02078209607299808,-0.007640819991518222,-0.1395650610929825,-0.055281089091866686,-0.034060540038589715
2008-02-08,-0.008309461360663795,-0.020387647141187903,-0.003753781444166493,-0.14509022025924778,-0.05567559127719124,-0.03349753658714627
2008-02-11,-0.0028061640964333057,-0.017492631860789087,-0.0033879426261809176,-0.14072174965650097,-0.05195883097122067,-0.02942453352947172
2008-02-12,-0.008324363223813913,-0.017828018126546108,-0.0065868428577561255,-0.1327551063278043,-0.04756191978336821,-0.02983304266460085
2008-02-13,-0.007107220009275661,-0.013339529487310875,-0.008022741990507454,-0.1238893682267369,-0.043392919269908736,-0.023456935133452816
2008-02-14,-0.01080442264534387,-0.015451955488297364,-0.00837949151779338,-0.13159896965242956,-0.050541269376532805,-0.026581566935674705
2008-02-15,-0.010101976280283642,-0.016806858340251862,-0.00883724281538334,-0.13179171658667366,-0.049851692512587475,-0.02853675964710578
2008-02-19,-0.0008656167679313986,-0.010434754797289836,-0.00508395805589168,-0.12935023242424237,-0.05100224310380774,-0.01938455791908389
2008-02-20,0.0,-0.007291788432312485,-0.0027330292882928875,-0.12678043426836283,-0.0496644474437653,-0.014707345104339464
2008-02-21,-0.0007586648321384892,-0.010237082407886122,-0.002519123794060829,-0.13403990192671722,-0.0505065868090564,-0.019268364517106118
2008-02-22,0.0,-0.007184466595803962,-0.00253304352667183,-0.12870762766673205,-0.04809142026277036,-0.014879472954586914
2008-02-25,0.0,-0.0031069238906746843,-0.0038425629988860788,-0.11772153531694318,-0.04343709211424507,-0.008866578249329349
2008-02-26,0.0,0.0,0.0,-0.11110460343008122,-0.03816288748939589,-0.0003488209127712194
2008-02-27,0.0,0.0,0.0,-0.11200383617448784,-0.03784932098696725,0.0
2008-02-28,0.0,-0.0006957068673882905,0.0,-0.12067710328538306,-0.039058696798127235,-0.0010078845215872878
2008-02-29,-0.004938501413913277,-0.00813155555924383,0.0,-0.14027175386119906,-0.047765393972902026,-0.01181607332103174
2008-03-03,-0.001158602108246476,-0.006197607253037973,0.0,-0.14232774415514238,-0.05009987054334297,-0.009164555118007511
2008-03-04,-0.010050841772997976,-0.011247152306449126,-0.0033140514708797086,-0.14560423507923836,-0.053708978007846686,-0.016477561432809984
2008-03-05,0.0,-0.003115434696097985,0.0,-0.14020773483651106,-0.051764314052021976,-0.004630675276157237
2008-03-06,-0.006117896902763653,-0.012477580994534554,-0.0013831296970520102,-0.15800336803536996,-0.06055978077265223,-0.0183457216373617
2008-03-07,-0.010356903817308138,-0.016060728991407536,-0.0009336921298951362,-0.16667649717422917,-0.06501815773925368,-0.023535435004774286
2008-03-10,-0.008013587957314883,-0.022038106405232738,-0.001075361569071509,-0.1776625205379999,-0.06958292111311881,-0.03219732331321845
2008-03-11,0.0,-0.010306720277583059,-0.003061277454981637,-0.14810966928033997,-0.05411064454368841,-0.015219081923715905
2008-03-12,0.0,-0.0111708335182239,-0.0008035750591619539,-0.1560757607208927,-0.05502692608177884,-0.016553095931356454
2008-03-13,0.0,-0.007196738920122514,0.0,-0.1542127243192477,-0.05580925531162639,-0.010723907704876301
2008-03-14,-0.004116212874059055,-0.012317547683387886,-0.0012396118404107703,-0.16731903294572148,-0.06056212603863309,-0.0186188813017496
2008-03-17,-0.021458402875665583,-0.017496096269366657,-0.006554404520080492,-0.1757347062654686,-0.06421816697352623,-0.02604265203187317
2008-03-18,-0.008654378638418225,-0.008828624969385301,-0.010555100722852151,-0.14149259942144166,-0.04411459564343756,-0.013898505224567037
2008-03-19,-0.030235342357633144,-0.02460368163890414,-0.01745998261394721,-0.16275733250660462,-0.05492064530512497,-0.03681504509499145
2008-03-20,-0.03924757754410524,-0.027241947442496195,-0.022086605142890958,-0.14724941363609345,-0.04377247765083869,-0.040555287768414994
2008-03-24,-0.036588603112234,-0.019417543745658072,-0.025030205283333884,-0.130204693242978,-0.039307248616860524,-0.028915467324486133
2008-03-25,-0.027632858142014993,-0.013215191403470605,-0.021443270533552994,-0.12936547833421663,-0.037402241744599385,-0.019700536136674107
2008-03-26,-0.021616126390981205,-0.01336525490683571,-0.018194152656810236,-0.14001836821714797,-0.044187034208696185,-0.02016038825124844
2008-03-27,-0.021006440874843824,-0.014209379595442218,-0.017535939028541003,-0.14272993263998235,-0.04649425178507949,-0.02146490899436393
2008-03-28,-0.02804866367051717,-0.020940468296921755,-0.018799788341840373,-0.15092940377937114,-0.05042793089244113,-0.030891530703444747
2008-03-31,-0.03430580152719598,-0.02340614118987161,-0.021100424080188085,-0.14795990063529896,-0.04778615937743591,-0.03486610401244006
2008-04-01,-0.03477802327585655,-0.017789677136226922,-0.026956553803484606,-0.11800230841013348,-0.0310286881603965,-0.026570596710217442
2008-04-02,-0.02343510415422423,-0.012490996482320216,-0.023348259874329425,-0.11742151512473564,-0.03188961359389364,-0.018965508654065544
2008-04-03,-0.01865522723063806,-0.01147482768222896,-0.021424954061520562,-0.11522644901853918,-0.03041773052480312,-0.01750949975147098
2008-04-04,-0.01149878061950138,-0.009607766042106336,-0.019134438321471103,-0.11619466778092868,-0.02819090451413886,-0.014987756012037834
2008-04-07,-0.008676143191537533,-0.0070695319439147974,-0.01805924643356349,-0.11574274037712295,-0.03038871137555066,-0.01119596567619019
2008-04-08,-0.01221637145157961,-0.009505483044222274,-0.020055421946610696,-0.1166464572126984,-0.030953306266964686,-0.01493079110385176
2008-04-09,-0.0042768369857787425,-0.00862833949996955,-0.01675839127937595,-0.12303821873686438,-0.032988364358801814,-0.01367440271287046
2008-04-10,-0.007413442468085729,-0.008901746481925876,-0.01840030337502374,-0.12181137139305709,-0.033666318023569675,-0.014069815535557306
2008-04-11,-0.012465276566891448,-0.016529673584183002,-0.01845634466174373,-0.13885602280015474,-0.04346967981925676,-0.025025149346582065
2008-04-14,-0.014539326246977735,-0.017361843378105646,-0.01945939326585433,-0.14176192083564676,-0.04637675752594539,-0.026383720873651706
2008-04-15,-0.0128779322369309,-0.014615853260200318,-0.01821604504199692,-0.13976029152387404,-0.04674358708822235,-0.02244323959340222
2008-04-16,-0.0016958044376457204,-0.0025073528577532755,-0.015456245319575235,-0.1164526754881845,-0.03365761458996497,-0.004825681183573627
2008-04-17,-0.006682336810152734,-0.003955041371009993,-0.018491259101113378,-0.11516174013367098,-0.033667371333703566,-0.006906793729150151
2008-04-18,-0.0065827018636155366,-0.004032404627920871,-0.021389347746696874,-0.10592927236100691,-0.027851906899581058,-0.006786720654683442
2008-04-21,-0.00654482004687329,-0.005169065194108202,-0.022327925527586,-0.10547693104109312,-0.027506583280652586,-0.008583337960162751
2008-04-22,-0.0062394905113198895,-0.006668026722724929,-0.022951466306745494,-0.1094154117937528,-0.02985587919533972,-0.010816559195948816
2008-04-23,-0.012295319366247282,-0.009313274561615015,-0.02511249432637397,-0.11083590289003786,-0.03118334142979684,-0.014617521726809857
2008-04-24,-0.02309830404828994,-0.011568060789900914,-0.03048696472175616,-0.10696192406419247,-0.03150351943834162,-0.017935760202339113
2008-04-25,-0.017098905917717233,-0.007840000597728491,-0.029874970919145816,-0.09869781302595348,-0.026462483110866297,-0.012585546106347545
2008-04-28,-0.013721958641225496,-0.006622001371874298,-0.028820916079008607,-0.09850416927347572,-0.025665328700871903,-0.010611327729805109
2008-04-29,-0.0243138424337197,-0.012038868085537557,-0.033231827188682006,-0.10205522454914329,-0.027379725785912523,-0.018782258179733113
2008-04-30,-0.020846483157877627,-0.011908426864005506,-0.03101365293938152,-0.10734934954118414,-0.02977902187209036,-0.018205471326404266
2008-05-01,-0.025294393346256827,-0.011583901519261475,-0.03533647901259607,-0.08888434500983755,-0.017781026749029705,-0.018010556787717236
2008-05-02,-0.021201207796459953,-0.008833860239801705,-0.03416966744674188,-0.08636663129753519,-0.019282169302052732,-0.013805069857986019
2008-05-05,-0.014363334586285803,-0.006739612843562948,-0.03099546315434909,-0.09075669452391055,-0.021577731989458226,-0.010871271193934828
2008-05-06,-0.009295042819385091,-0.0028954449728718634,-0.02961542691480079,-0.08287993997664533,-0.017663434420802426,-0.005165936754137235
2008-05-07,-0.0154470575784601,-0.010148408017641386,-0.03182571165481396,-0.0992143113425914,-0.026787685096977598,-0.015878644520150198
2008-05-08,-0.004956084642997571,-0.008211227005640032,-0.027717181632138876,-0.10153872623250593,-0.025814827322522493,-0.012926724953778224
2008-05-09,-0.0009184321212364344,-0.008644027113067887,-0.02732543792450781,-0.10321770793817275,-0.02647317211072664,-0.013714180410228316
2008-05-12,-0.0004857797150347176,-0.004459776398498039,-0.02790572832969951,-0.09314554235462091,-0.020559921081584664,-0.0076847723853471495
2008-05-13,-0.007005887324063598,-0.007161197900119376,-0.03185584698471999,-0.09301660748701113,-0.023706531489852356,-0.011429563287487232
2008-05-14,-0.010658388936452434,-0.007752160068277059,-0.03220140129876814,-0.09114425797293835,-0.022616544809821226,-0.012286734598677351
2008-05-15,0.0,-0.0014366403315684284,-0.027528037972569752,-0.07978095007681951,-0.0130667626451334,-0.003173390141023691
2008-05-16,0.0,0.0,-0.02330105236698521,-0.078941528210004,-0.0131742596016724,0.0
2008-05-19,0.0,0.0,-0.02238864482693448,-0.07642360753964739,-0.010658923587311242,0.0
2008-05-20,0.0,0.0,-0.019097915244892016,-0.08391279863788492,-0.014364105591153642,0.0
2008-05-21,0.0,-0.0022303959690199715,-0.01775166215288304,-0.09940795509506928,-0.025385906556713578,-0.003219782484278344
2008-05-22,-0.00808846541092334,-0.002591234626588612,-0.020063775113841387,-0.09927922718551341,-0.027834235720984424,-0.003980973134474208
2008-05-23,-0.009148614290364954,-0.005852161299960579,-0.019595099477947686,-0.11135240120667578,-0.03400481176978032,-0.008686539561756357
2008-05-27,-0.018628080406365877,-0.008068472127963022,-0.024440298232936253,-0.1047669959300318,-0.03158736191523159,-0.011898152126694761
2008-05-28,-0.02121206565035838,-0.006470844214058968,-0.02686717421187146,-0.10063480243887624,-0.03177425158305114,-0.009756804457565105
2008-05-29,-0.03341927685399848,-0.010657246924975605,-0.03155372422873215,-0.09611552840081916,-0.030617234758910317,-0.015638844274581842
2008-05-30,-0.026644896643107874,-0.007971951666659205,-0.029420806677428413,-0.0938556844237366,-0.027885269747859875,-0.011927887101367052
2008-06-02,-0.025024993855610855,-0.01022176269166264,-0.028818158316047504,-0.10321770793817264,-0.031600450403161284,-0.015492133314348289
2008-06-03,-0.031869275044811074,-0.013816295453896399,-0.03149743936651617,-0.10844705505932761,-0.0329104724040542,-0.02069791395941556
2008-06-04,-0.03908863367173143,-0.014082038680661935,-0.032749313331918106,-0.10889912043516925,-0.03463177865933731,-0.021006549720800405
2008-06-05,-0.025540664948513925,-0.0065365454052424,-0.0328753963318793,-0.09107968706010627,-0.0252177972933475,-0.009851405632235966
2008-06-06,-0.01990157980485152,-0.011831681095883173,-0.027890594004204794,-0.12006830167668436,-0.0404804317920735,-0.017598208170056973
2008-06-09,-0.022458788957095188,-0.013762482196771675,-0.031996269641586084,-0.11793773749730185,-0.041924653508081944,-0.020564541061807384
2008-06-10,-0.03393614790882915,-0.01985078616245084,-0.03790732177259948,-0.12232821463978494,-0.04707460182576595,-0.0296192481458063
2008-06-11,-0.028539242114717256,-0.020997857157991517,-0.035405840221912954,-0.13524053458369112,-0.054984170864133985,-0.03152353310329181
2008-06-12,-0.03616500260959221,-0.022746931479857735,-0.040017242452256796,-0.1319481768754589,-0.056261303117743244,-0.03381907845877996
2008-06-13,-0.03344641691422634,-0.018553189891811206,-0.03921983750184388,-0.12097257040040366,-0.05009056527442801,-0.027994584165653924
2008-06-16,-0.02867947986588526,-0.014755194320948073,-0.03650138570624528,-0.12045579613969426,-0.0497133409897601,-0.022511665990034402
2008-06-17,-0.02550151613320939,-0.015531248136634979,-0.03527197392419412,-0.12471706247049541,-0.05115991939286746,-0.02355950745467661
2008-06-18,-0.019884827016638962,-0.016115329749640805,-0.03310421670868935,-0.13323952614608026,-0.05454534181468984,-0.024569132463608256
2008-06-19,-0.02803860443635342,-0.01575594862756924,-0.03432347355758836,-0.13214175164191888,-0.05607332254880404,-0.023973152055148272
2008-06-20,-0.029698532361445262,-0.020020857852672935,-0.03393337611287828,-0.14622835158392922,-0.06335275429065979,-0.0303092469540982
2008-06-23,-0.03257978652867777,-0.02438785842961244,-0.037853099102114984,-0.14707218855589566,-0.06407452721297413,-0.03664115590868966
2008-06-24,-0.031158117055501755,-0.02586120614147014,-0.03690679830176702,-0.14875903466761253,-0.06310465111968266,-0.03877742409514151
2008-06-25,-0.02859676040696968,-0.02358228430152598,-0.03635859705496092,-0.1447359770569061,-0.060559773618650725,-0.035563664833827
2008-06-26,-0.020699162619367106,-0.026163799961410272,-0.029516144047101234,-0.1679654319342211,-0.07332214442524954,-0.0393034145996527
2008-06-27,-0.0148862473085698,-0.02546465459088887,-0.027529731025876747,-0.17250754034423066,-0.07432409378037408,-0.03845579565650481
2008-06-30,-0.018971643091691304,-0.02572212427353482,-0.02833660782707126,-0.1695876381470881,-0.07219859608285506,-0.038595267108759046
2008-07-01,-0.013102975910474934,-0.02180149347471061,-0.026842308210783927,-0.16699217719251902,-0.07146576010931893,-0.03310271011015964
2008-07-02,-0.012033485931296495,-0.02598474775507187,-0.026591723583674454,-0.18126697099158662,-0.08014650604214701,-0.03910429735361598
2008-07-03,-0.013466706091558422,-0.027624682600614014,-0.027527898302015186,-0.18042347894971034,-0.07945396318079379,-0.04145940550982852
2008-07-07,-0.021489684260116992,-0.03306968320571191,-0.030378407623167347,-0.18879369048360672,-0.08333022000444656,-0.04920431100273026
2008-07-08,-0.021033340163326697,-0.028593953087754143,-0.030464095348479492,-0.17438927195674936,-0.07274317830081056,-0.042635763956828554
2008-07-09,-0.02378541661524014,-0.03302418077168656,-0.029598360410519664,-0.19028634095470187,-0.08162291769583951,-0.04906932736095104
2008-07-10,-0.013306138727491978,-0.027972448592527233,-0.02616290809414845,-0.18697701268604605,-0.07927748586006877,-0.042141524031673816
2008-07-11,-0.01668989893709827,-0.026714783152027466,-0.02583012562177278,-0.19645037963350642,-0.08914004782137097,-0.04057524201114704
2008-07-14,-0.013792646348351423,-0.028029195196489276,-0.02402020999087262,-0.20371757372587507,-0.09202299233383016,-0.04247012051533949
2008-07-15,-0.025480027373135705,-0.03264601662907207,-0.024315907979364892,-0.21494304755806415,-0.09819432714011744,-0.049170631420975
2008-07-16,-0.027252249240866888,-0.027217219870263376,-0.025697965336278328,-0.19567145850446188,-0.08870265610110561,-0.04146799193089423
2008-07-17,-0.03335175111923394,-0.026016947994776052,-0.027264741780437585,-0.18762589517119266,-0.08508630509950244,-0.03920550150088142
2008-07-18,-0.0383401745480908,-0.025074478848291504,-0.028157888058414793,-0.18256487393391607,-0.08296276894062271,-0.03832432138807873
2008-07-21,-0.03166465910187721,-0.022564726612629538,-0.02675263160416086,-0.18211060100549892,-0.08181221221888701,-0.03442432278439733
2008-07-22,-0.03741179850686738,-0.02243447273555177,-0.02974370293879658,-0.17283170564273231,-0.07686122885600699,-0.03439637586921729
2008-07-23,-0.047031217353820765,-0.025216652598399225,-0.03489043700087746,-0.16835465104768033,-0.0744525789633883,-0.038544244015303875
2008-07-24,-0.04941047124619702,-0.030982088312635936,-0.03434750523436392,-0.1856142628868125,-0.08284927291758315,-0.04673554218455622
2008-07-25,-0.05543172651183992,-0.030138180905846523,-0.03463762527325642,-0.1858091483876141,-0.08513762268638148,-0.045607243909484896
2008-07-28,-0.05465055999926738,-0.034462940468294234,-0.03441841264830847,-0.19774800663176406,-0.09102580488601197,-0.05181893470662258
2008-07-29,-0.05486278762893049,-0.03017496358021432,-0.03697423553590795,-0.1806181574924577,-0.08060016433987849,-0.045674973508133876
2008-07-30,-0.045129083547708504,-0.02591157634970853,-0.037366960794075865,-0.1660186465067448,-0.07009380196867543,-0.03964389182479544
2008-07-31,-0.045911232552416914,-0.02872508658135975,-0.03674353389965479,-0.17704937281016841,-0.07453002688800037,-0.04368047343363535
2008-08-01,-0.049278663757222674,-0.031891436235028325,-0.03695045791972229,-0.18139652673335838,-0.07727849149604904,-0.048105280116235605
2008-08-04,-0.0641065712720913,-0.038263942414067165,-0.04068714519342964,-0.1889885069983901,-0.08265330179694996,-0.05730932819460699
2008-08-05,-0.0643463185002382,-0.03444523953198719,-0.04363217068531655,-0.1671220778643806,-0.06979097843393256,-0.051927660755423655
2008-08-06,-0.06561155377918182,-0.03223778680285916,-0.042830792889865354,-0.16342346149624742,-0.06716953710580043,-0.048618916470395734
2008-08-07,-0.06486501169408909,-0.03862990097275332,-0.043749086017120686,-0.17588143952571822,-0.0721274211028542,-0.057998379182411575
2008-08-08,-0.0677854291497304,-0.038096955718097236,-0.0453252184362084,-0.16056861311406267,-0.06196351929430599,-0.05716237489721121
2008-08-11,-0.0753171554886336,-0.04038665663980989,-0.051895354909295976,-0.151873615407503,-0.05790440378710082,-0.060525960446448646
2008-08-12,-0.07737285652343129,-0.044649606682892085,-0.05308401996104262,-0.16069816885583454,-0.0612940639510704,-0.06639642353026243
2008-08-13,-0.07199701389124702,-0.043210540330448244,-0.052390356164754404,-0.16575898313505721,-0.06550748643470494,-0.06465093742636363
2008-08-14,-0.07232106565434193,-0.04600243156226258,-0.05437503040683178,-0.15946511277040887,-0.06012543138755477,-0.06857148085899867
2008-08-15,-0.0778167372278421,-0.05147735456013247,-0.05724403727150229,-0.1553775532328887,-0.0559796670047874,-0.07648487994148301
2008-08-18,-0.0785857026424519,-0.05369906284339809,-0.056971481076724007,-0.1669271233775611,-0.06284778082734277,-0.07944312056561642
2008-08-19,-0.07973663492173633,-0.054444464750730615,-0.05616538090128198,-0.17601147816961638,-0.06952405921543381,-0.08082249752350068
2008-08-20,-0.07427513843034927,-0.05306935543438451,-0.05540412174378251,-0.1721827541715676,-0.06584723929347691,-0.07885922545741064
2008-08-21,-0.06310466963669248,-0.048446935216832965,-0.052216106261055995,-0.17075529548746626,-0.06568300453922282,-0.07232776845039601
2008-08-22,-0.06867820646641654,-0.047186390018036595,-0.05393033747408871,-0.1587515214003944,-0.05867697218579271,-0.07060574831717303
2008-08-25,-0.07370011020145306,-0.05366627622284581,-0.05585021433944781,-0.1758168686128867,-0.06771059837616633,-0.07980882570267489
2008-08-26,-0.07175664597483289,-0.0521236462575041,-0.055253318041969424,-0.17341560329893901,-0.06596436421367269,-0.0776833189792796
2008-08-27,-0.06480347557373944,-0.04908129415808815,-0.053496055251533225,-0.1653697640215981,-0.05998874451290326,-0.07333480945153781
2008-08-28,-0.06298744936315992,-0.04387184368339336,-0.05155000077877825,-0.1552477905330627,-0.053705719792181084,-0.0658861117197691
2008-08-29,-0.07035436836080466,-0.04801440763312392,-0.054002229413890324,-0.16433180039502793,-0.06029748052992767,-0.07165717474168565
2008-09-02,-0.08086930198038855,-0.055035946355197485,-0.059847861175174266,-0.1695225843321304,-0.061753365575718644,-0.08186767140894946
2008-09-03,-0.0831370398525142,-0.0565510991672411,-0.061349978729161814,-0.17023658961825305,-0.06130678554785063,-0.08401794773778049
2008-09-04,-0.09830268488163318,-0.06731215260205559,-0.06652104247409463,-0.19521766847817068,-0.07626285395148269,-0.09926794968686448
2008-09-05,-0.10141646885011424,-0.06833987440256739,-0.06557332853810205,-0.19268712336652338,-0.07539916346447828,-0.1008024835315986
2008-09-08,-0.09303450303146177,-0.0632895035733696,-0.06369394650922544,-0.17601147816961626,-0.0641063127387409,-0.09365750648476379
2008-09-09,-0.11343714697677387,-0.07842591300642698,-0.07013947045253321,-0.20047350623023086,-0.07888052794269562,-0.11503171694222047
2008-09-10,-0.11689537026893915,-0.08132382488355094,-0.07327755656973589,-0.19722861090237098,-0.07766179550716656,-0.11929122871306497
2008-09-11,-0.11779070394226487,-0.08078899814023488,-0.0748233267331262,-0.18561426288681238,-0.0705007078275165,-0.11846158824442532
2008-09-12,-0.11504082002458615,-0.07395037987108255,-0.0713634134747293,-0.18185100661982934,-0.06986053087333799,-0.1089263101993373
2008-09-15,-0.12685311304056046,-0.08537708206043237,-0.07185900415049007,-0.22078278296633125,-0.08887008846760736,-0.12550052938554535
2008-09-16,-0.13220485798096815,-0.08429949541982562,-0.07523254462956919,-0.20774063133658138,-0.08116754636784596,-0.12412628103841328
2008-09-17,-0.12604739418593047,-0.07967792314296629,-0.06383129375749619,-0.24336307941442736,-0.10174206498692528,-0.11908193568149894
2008-09-18,-0.12266279435654948,-0.07348867698241757,-0.06841298093936998,-0.22091254566615692,-0.09115178847755245,-0.10933687217708421
2008-09-19,-0.09909002071318129,-0.055145495963618174,-0.056582040251605514,-0.18997183369871784,-0.07711158860913325,-0.08214652777089126
2008-09-22,-0.09638110478687756,-0.05509905882951727,-0.054157952494741424,-0.20831031787308385,-0.09028606838963871,-0.08223736028189421
2008-09-23,-0.1114563587875319,-0.06167487485408285,-0.05918344774375406,-0.22632277412646284,-0.10243899022953595,-0.09268290983038097
2008-09-24,-0.11620937364343009,-0.0646675491088533,-0.0639899603320927,-0.22384272677997896,-0.0997956029878162,-0.09587351591448534
2008-09-25,-0.10896394108376528,-0.060350474982053925,-0.06399247129521823,-0.21170401604173272,-0.09274450240812782,-0.09013361382911034
2008-09-26,-0.11024458592639308,-0.059700469355378316,-0.0651017110307921,-0.21131245140366206,-0.09273372122230539,-0.08981523128980307
2008-09-29,-0.1423462741145083,-0.0806602523083596,-0.0668427300872304,-0.27311509330600403,-0.12919982443616007,-0.12101872470449626
2008-09-30,-0.14268074051635993,-0.07825866713056207,-0.07640931548977092,-0.24302973897553426,-0.11394323811974161,-0.11633293011148926
2008-10-01,-0.1375661998833706,-0.07680062929767428,-0.0723238368004755,-0.24257277559241575,-0.11112350064213117,-0.11425416166369262
2008-10-02,-0.1683873285660884,-0.09938464674802161,-0.08501162513497384,-0.27004831987657585,-0.1284212369901232,-0.14557031747309823
2008-10-03,-0.17168555851658485,-0.1024478223802393,-0.08529946674036337,-0.2799026276153377,-0.1339828829224594,-0.14983822552947712
2008-10-06,-0.1891710820338488,-0.11677776731886613,-0.08867291492021068,-0.3165794579920338,-0.15682352170262304,-0.16973011997063003
2008-10-07,-0.20128262168967304,-0.12323776422198984,-0.09152563809610559,-0.3471873124227056,-0.17859953937609863,-0.17865799197194598
2008-10-08,-0.21840372572066102,-0.12615554200432477,-0.098778548263879,-0.3636332341797298,-0.194787400982941,-0.18243894368666946
2008-10-09,-0.24642733568125097,-0.14042506907161656,-0.10284253963374834,-0.4080762345168645,-0.2295981220259643,-0.2028146774360584
2008-10-10,-0.27665956636728095,-0.1590237144452178,-0.11648960074166714,-0.4224341219745924,-0.2438398404040646,-0.22900658264846208
2008-10-13,-0.24424690653042025,-0.12764204567081805,-0.12551997829574935,-0.3385728903851497,-0.18734109768549878,-0.18401487234074798
2008-10-14,-0.24488469858197381,-0.1300615481771793,-0.12034932006362375,-0.3483620063369177,-0.1958552547675927,-0.1879553232447102
2008-10-15,-0.2756719912154184,-0.15575352396480935,-0.1227717705669964,-0.4125142430257378,-0.23807231243820393,-0.22381305963910547
2008-10-16,-0.27583617306379427,-0.15281610903733878,-0.13002764596143568,-0.38804110821622795,-0.2208043967180856,-0.21957969248814968
2008-10-17,-0.2854113039171773,-0.15946274462547494,-0.13662410473978615,-0.39169591846294194,-0.22117246719522765,-0.22812645257906927
2008-10-20,-0.2585888725701184,-0.14228820396080055,-0.13018756535195775,-0.35514919571616155,-0.19514527655848368,-0.20499255100250324
2008-10-21,-0.27246343230829684,-0.15227717509595196,-0.1362792692874394,-0.37440126172667465,-0.20494823465670886,-0.21890856187266816
2008-10-22,-0.2917506902556266,-0.17327494538972565,-0.1442836225596963,-0.4084680750990072,-0.2261555279686449,-0.24773097636531127
2008-10-23,-0.29402400106602,-0.17314179519258288,-0.15066310114597914,-0.4016152800166617,-0.22086314713480937,-0.2479749003120848
2008-10-24,-0.32250807611906684,-0.18382157803635923,-0.1558609821221013,-0.43196236729935833,-0.24369543575428176,-0.2624962152296013
2008-10-27,-0.3376415599651347,-0.19252867191010448,-0.15969763791317226,-0.4521279461600004,-0.25805811331992756,-0.2751280606986818
2008-10-28,-0.31485106069934843,-0.16745007432815695,-0.1622536312046008,-0.3881063689892398,-0.21597287177937763,-0.24012683063611107
2008-10-29,-0.30418366244481865,-0.16528221431908907,-0.16001073016428458,-0.39254437749811333,-0.2185699891873656,-0.23675276633077347
2008-10-30,-0.30421212290119837,-0.15777658938391015,-0.1615784692146689,-0.37152999467221004,-0.20652986807956664,-0.22672678309166006
2008-10-31,-0.30549071688699936,-0.15698233832394992,-0.16395374259135254,-0.36807103573054933,-0.2048533414888024,-0.22524492866700818
2008-11-03,-0.30314888492662684,-0.1564953886098399,-0.1623857370350209,-0.36624359611418333,-0.20296525587920355,-0.22451575324544104
2008-11-04,-0.27513236846932876,-0.13948980043689385,-0.14638430639490851,-0.34470726507622185,-0.18289242666932426,-0.20193508009301708
2008-11-05,-0.2847088292389587,-0.15538893424830424,-0.15435818681343727,-0.37224758723126783,-0.2019773688413966,-0.22329051441597658
2008-11-06,-0.3058706784692856,-0.17180647379544456,-0.16158017375397127,-0.40703233809274786,-0.2292195819397258,-0.2456514863874587
2008-11-07,-0.30227129065724845,-0.1626211300326681,-0.160785346197433,-0.387453623287086,-0.21560046835816915,-0.23338726061529813
2008-11-10,-0.3004891688171333,-0.16447486244056508,-0.1587449511977893,-0.3954810432976257,-0.221333939454589,-0.23580130932258514
2008-11-11,-0.3095234943602808,-0.17607570929550076,-0.162555737242581,-0.41414590032306864,-0.23422660660937178,-0.2512919073285358
2008-11-12,-0.32333471749681975,-0.19260006942826713,-0.16925181781954046,-0.43992421609980525,-0.2516912873060403,-0.2734193963985574
2008-11-13,-0.315737798253251,-0.173224512568657,-0.16454107643844162,-0.40500897818531056,-0.22769200403746193,-0.2475484107858934
2008-11-14,-0.31712421449464023,-0.1854462251750041,-0.1630415878939072,-0.4347031473008084,-0.24691415526435134,-0.263867881343819
2008-11-17,-0.3219577403811734,-0.19036210529766073,-0.16491008519515926,-0.44220827416919994,-0.2511999987424578,-0.27055788870657815
2008-11-18,-0.32160458223197574,-0.18710231141539557,-0.17028200127702298,-0.4317010137702304,-0.24072491560850717,-0.2658921932832812
2008-11-19,-0.3287016805500861,-0.2053857979684688,-0.172499854721483,-0.46811714598496923,-0.26465833916435866,-0.29024280041180484
2008-11-20,-0.33381392323732073,-0.2221004933013152,-0.17221588141278477,-0.507600638010289,-0.28774825532145,-0.3127492092298906
2008-11-21,-0.3249735681530532,-0.20148394378333934,-0.1670374605923315,-0.4810387790413029,-0.2708182906926685,-0.28515844121996237
2008-11-24,-0.3123718992532951,-0.1793915953395513,-0.16907416283891863,-0.4450798171677365,-0.2468303395108823,-0.2557221107589869
2008-11-25,-0.301544277561709,-0.17943970675267495,-0.16364535779760314,-0.4409683884679939,-0.23798769130320274,-0.25584932822788176
2008-11-26,-0.2891091255838464,-0.17037579230123034,-0.16093793489467678,-0.4193669001360475,-0.21960857243687093,-0.24387218338919192
2008-11-28,-0.28846406471149255,-0.16929761398554077,-0.16117175940998352,-0.41205755558669144,-0.21342852788366007,-0.2415528817632019
2008-12-01,-0.29888515501018575,-0.20270464383926323,-0.16844530829998394,-0.4641360318731961,-0.2509735008133065,-0.2866419624368738
2008-12-02,-0.2866337286414894,-0.19021869692318927,-0.1630985142443645,-0.4435135931084625,-0.2327468399887086,-0.2703247245691698
2008-12-03,-0.28040021215208777,-0.18585891309074565,-0.16117075008786863,-0.43013503116201923,-0.2215058886660769,-0.2641115530711401
2008-12-04,-0.2847458117472922,-0.19464423166081124,-0.16289712170761161,-0.4433176383243822,-0.23008048119603242,-0.2756426691355499
2008-12-05,-0.2900463254718323,-0.18781445691071796,-0.16680627733734288,-0.4261537790782104,-0.2197153729562119,-0.26658282060332994
2008-12-08,-0.27956304326623327,-0.17386864422163129,-0.16409765362970075,-0.40611854929854685,-0.20483743626895745,-0.24814487894292825
2008-12-09,-0.27884577535946486,-0.1799134219699603,-0.1636261130214105,-0.41590773423633287,-0.20998516547626944,-0.2560408455927553
2008-12-10,-0.2710100651167666,-0.1707869873418797,-0.1569878639033041,-0.4119271030266858,-0.20709113280647584,-0.2441185078427105
2008-12-11,-0.26672742326101806,-0.17605086564140937,-0.15330267098107775,-0.42608865627723447,-0.2165182312804682,-0.25079419728260843
2008-12-12,-0.2624611690375338,-0.17210645545582204,-0.15219066757075184,-0.4192361026459519,-0.21011466270044554,-0.2456847600385217
2008-12-15,-0.2642799836720813,-0.1729990842525051,-0.15200577454196396,-0.4273285764714494,-0.21590755711143284,-0.2468074741376204
2008-12-16,-0.23396074855679005,-0.15634714045361597,-0.13651368425687294,-0.4003757392455456,-0.18912075273376416,-0.22490241872934402
2008-12-17,-0.22091202113005848,-0.15697548333553357,-0.12818361324299798,-0.4061840170296126,-0.19154156260262245,-0.22555186736305655
2008-12-18,-0.22030296702186736,-0.16599623431697008,-0.12843959899433033,-0.4172784864136523,-0.1982057680635977,-0.23733406286950387
2008-12-19,-0.2282338111486656,-0.1688705890190062,-0.1350682617933363,-0.4197850243910416,-0.20132182682318445,-0.24133113710297505
2008-12-22,-0.2337161983989049,-0.1712591121589011,-0.13477438496428484,-0.4272193716049826,-0.20815913875105108,-0.24486812816527725
2008-12-23,-0.23945979355039104,-0.1779235079162731,-0.13796008577225338,-0.4331406829795146,-0.2130797400181642,-0.2534016891041413
2008-12-24,-0.23998062956632105,-0.17487921410085228,-0.13709217102347293,-0.42985122268403775,-0.21077344376099072,-0.24967034436641433
2008-12-26,-0.23244579516466324,-0.16939924520292593,-0.13213819671335936,-0.4265613829654621,-0.20635971710318846,-0.2424010156423796
2008-12-29,-0.2324459032777676,-0.1698870587614848,-0.1323280159333463,-0.42820625108523647,-0.20694458055550347,-0.24205285249754072
2008-12-30,-0.22920264775834587,-0.16297622588638339,-0.13446131574987208,-0.41465336147135046,-0.19559545580139714,-0.2338687082137132
2008-12-31,-0.22507476177855212,-0.1563937060415317,-0.13264865942373738,-0.40629770598724835,-0.1925900624699045,-0.22451990102909092
2009-01-02,-0.22763093578964877,-0.1475174020532728,-0.13637046461371105,-0.38840231900638633,-0.18260954904090798,-0.21272804695761927
2009-01-05,-0.23619829810280757,-0.149949486560214,-0.1391839167229998,-0.3891259823350265,-0.1837574206375686,-0.2159766947275824
2009-01-06,-0.22970161392680966,-0.14535618354154745,-0.13420152433186516,-0.38504718402178995,-0.180625670600439,-0.20990513479677697
2009-01-07,-0.244213214069384,-0.15805311141040868,-0.14080065088409144,-0.4034687963478253,-0.195591666598942,-0.22730258412662996
2009-01-08,-0.23927491752090746,-0.15486424646399322,-0.13593915971355375,-0.40103414180117425,-0.19275274393496744,-0.22272988239069025
2009-01-09,-0.24269505930267377,-0.1615747429486981,-0.13684304894834431,-0.4138635405514649,-0.20174636819290237,-0.23188066361936965
2009-01-12,-0.25362825629655394,-0.17456245176085894,-0.14356178572976264,-0.42794303493362307,-0.2112354147544504,-0.24910156654478077
2009-01-13,-0.2504846053835251,-0.17312287321934516,-0.14297573804260155,-0.42689061873628553,-0.21014721964912364,-0.2475559048109478
2009-01-14,-0.2548694209529815,-0.18384332337778508,-0.14648897706553055,-0.444917320602378,-0.22305355171344032,-0.2619367568472214
2009-01-15,-0.25314551201465696,-0.1823160296684071,-0.14480293732358207,-0.44472002059094695,-0.2231550339522449,-0.25996000674471964
2009-01-16,-0.2528051985186591,-0.17541655591086558,-0.14151563722855898,-0.44037790264706966,-0.22259467721213688,-0.25055709622822186
2009-01-20,-0.26554013926847686,-0.18844621179379006,-0.14086292776911047,-0.4699179914914029,-0.24719021902579175,-0.2674575932043831
2009-01-21,-0.27085976203649054,-0.1769103870792722,-0.14461904055138575,-0.4470226358991789,-0.23136024659266508,-0.25255329385041814
2009-01-22,-0.2792531194545317,-0.179965979672566,-0.14344663908117028,-0.45557552240869403,-0.2404367838479965,-0.25669723915583575
2009-01-23,-0.2692324628701659,-0.1726207936326063,-0.1347036391514035,-0.4532069564672705,-0.23843846627833776,-0.24682460562722663
2009-01-26,-0.26995808223093953,-0.16971682066701088,-0.13374223797569118,-0.4494570489947671,-0.2361652394208903,-0.2428838772653733
2009-01-27,-0.2645562501580354,-0.16888944857987676,-0.13567144617184368,-0.4438645594749505,-0.2295371247887582,-0.24165346210419625
2009-01-28,-0.2624245639288927,-0.16052458911932166,-0.1349460982222408,-0.4250483816190622,-0.21621587907870932,-0.2303563373124229
2009-01-29,-0.27391923932640216,-0.16519349338617761,-0.13188066325918812,-0.44373310661768417,-0.2355592202971929,-0.23659232987552836
2009-01-30,-0.2746709082767338,-0.16677153534215416,-0.12696199116802265,-0.4550491935844938,-0.24493251395108417,-0.23894902710289212
2009-02-02,-0.2744267327782688,-0.17123203844325374,-0.13021773946722204,-0.4566940272112592,-0.24384976295492566,-0.24504173665509665
2009-02-03,-0.28021998297779105,-0.16724349278148787,-0.13190473636454392,-0.44906220752084214,-0.24012794369557977,-0.2395033155667321
2009-02-04,-0.28088843063197555,-0.16719446499108992,-0.13136729517481094,-0.45175962980999007,-0.24390550252390886,-0.2396231570934837
2009-02-05,-0.27458642505469355,-0.16126088366958646,-0.12928612175737342,-0.4436014123093548,-0.23641978209591652,-0.23162669217978038
2009-02-06,-0.2680521622468507,-0.15358561079904542,-0.1271521266652028,-0.427745527964138,-0.2250611793493884,-0.22101105817420286
2009-02-09,-0.2666100787815293,-0.15513308484470412,-0.12705716315850402,-0.4269562244393871,-0.22501262912785247,-0.22343528355903874
2009-02-10,-0.2673427542220522,-0.16575349011895524,-0.12598116048104813,-0.4532069564672705,-0.2428379712814175,-0.2374679900722534
2009-02-11,-0.26260538131899747,-0.16141067793046893,-0.12353897557337945,-0.44998313636790443,-0.23782307834786753,-0.23164403560194025
2009-02-12,-0.26499067375140395,-0.16012715718848336,-0.12328859106085754,-0.44958822590796155,-0.23759087162904113,-0.22994126517822433
2009-02-13,-0.2758831059052911,-0.16203280932325947,-0.12630971820636272,-0.4555099856916104,-0.24491262358618493,-0.23271653311965967
2009-02-17,-0.27795924238514447,-0.1708414601630378,-0.12450282993666717,-0.4787998723206781,-0.25918901432578256,-0.24440803274447276
2009-02-18,-0.28181069075975496,-0.1696692418770369,-0.12474409233790995,-0.48004996795254573,-0.2624673393259478,-0.2429144696203296
2009-02-19,-0.28638740793144446,-0.17339009596486077,-0.12613527574962602,-0.4856423195003262,-0.26881145484827573,-0.2478527527607185
2009-02-20,-0.28417037085479757,-0.173487915691394,-0.12345952880620914,-0.49064256405576,-0.27210464652894506,-0.24798308487301013
2009-02-23,-0.28807469907500616,-0.18228084292312285,-0.1239331252242476,-0.5088666694123103,-0.28696727767145336,-0.25959164196689055
2009-02-24,-0.28724618082797004,-0.1784928616198741,-0.13057251401055336,-0.490247584609799,-0.27264000514073694,-0.25438084126525506
2009-02-25,-0.2934619003587504,-0.18280054356494635,-0.13495717262074303,-0.4942608462059519,-0.27872686820341497,-0.2599748923062887
2009-02-26,-0.29900595787698026,-0.1877717391334235,-0.13593290568704086,-0.5024848073817247,-0.2863313966395602,-0.266634035459305
2009-02-27,-0.30570273664014513,-0.1925303076103756,-0.1366468531511591,-0.5136035253510856,-0.295849028500054,-0.2731286133326243
2009-03-02,-0.3150466659874336,-0.2074193804780925,-0.14172207009171855,-0.5355122429141186,-0.31205324833559533,-0.292761543860109
2009-03-03,-0.31829266993302296,-0.21033396735803234,-0.14355726825727344,-0.5389992446720893,-0.3154437570877857,-0.29651525350168295
2009-03-04,-0.3120956652808593,-0.20410145838562377,-0.14342356402648027,-0.5280778612071686,-0.30740322206633086,-0.28836433084266533
2009-03-05,-0.30782250375603926,-0.21121066952710388,-0.13832730140050187,-0.5473545207330925,-0.3208332409390521,-0.29772143572085696
2009-03-06,-0.30757427752490396,-0.2099274902515358,-0.13851286020863562,-0.5465653551803775,-0.3215034406436653,-0.2959848407267619
2009-03-09,-0.31491760591228224,-0.2160825800608226,-0.14297591198513382,-0.5518944215905266,-0.3260119057290478,-0.3040359508441861
2009-03-10,-0.3154991761266762,-0.20470330001437986,-0.1482924118542871,-0.5251828629625178,-0.3048885872784045,-0.28915360585771155
2009-03-11,-0.31418916912817774,-0.20256595231523167,-0.14722237080808187,-0.522090737171481,-0.30018416818986826,-0.2863586106765178
2009-03-12,-0.2962864141477287,-0.18995253474082574,-0.13814356192911859,-0.5032743868505477,-0.28302661952661223,-0.2697446561517812
2009-03-13,-0.29663536724678263,-0.18693299910763672,-0.13812731663821365,-0.49939264709767917,-0.27986586566555605,-0.26573702029672797
2009-03-16,-0.29922196369562815,-0.18852384758911012,-0.13869567587638154,-0.5009058898951422,-0.28280712885331283,-0.2677598360498492
2009-03-17,-0.2940814440404196,-0.18095273501103937,-0.13752206650200527,-0.4856423195003263,-0.2700912004120344,-0.25803446167543365
2009-03-18,-0.2684210845664632,-0.17178508918900337,-0.12217786083663329,-0.47412876005704074,-0.25038956127367806,-0.24610342334070334
2009-03-19,-0.263011807720656,-0.17138411879879178,-0.11859088271955387,-0.48064200595887463,-0.25704120506028394,-0.24540304866390394
2009-03-20,-0.2672445878728731,-0.1770894669727956,-0.12192890506669218,-0.49170115450170704,-0.26664733166227295,-0.2529828506003201
2009-03-23,-0.2564610881671723,-0.15870882745928971,-0.11901521347669308,-0.4551906494143677,-0.23592804824372704,-0.22900297396811797
2009-03-24,-0.2605914191961263,-0.16767509854788953,-0.12276846745103376,-0.46592521874259074,-0.24567404007204185,-0.2406714011406038
2009-03-25,-0.2626832476065235,-0.16241443532728128,-0.12122428854024514,-0.46029313124845206,-0.24252924156102718,-0.2339088580592772
2009-03-26,-0.2508176481437231,-0.1561201231457252,-0.11507937212735408,-0.4492933451740938,-0.23222162336159413,-0.2256182888673769
2009-03-27,-0.25774559880556125,-0.1646098394259372,-0.12107531331654298,-0.4592328851380735,-0.24103584200805905,-0.23678074568385532
2009-03-30,-0.2678745752098286,-0.17667133166737659,-0.1260799459078713,-0.47791871391298324,-0.2560313439414683,-0.2524976871721961
2009-03-31,-0.2651092684777021,-0.17370296411305286,-0.12532970567862178,-0.4730815867970699,-0.2513261648316021,-0.24849442838772184
2009-04-01,-0.25911581616795487,-0.16781938016916464,-0.12339018600270857,-0.4628773474820901,-0.24189331892207055,-0.24076890030345433
2009-04-02,-0.25447671422852813,-0.1604496464183809,-0.12390138128819128,-0.44717312889740857,-0.23046421613043,-0.23084854898831064
2009-04-03,-0.2582171430801554,-0.1585091830630917,-0.12563185643034913,-0.44167290817664406,-0.22919520998429044,-0.22846721457115549
2009-04-06,-0.2660508111430111,-0.16579630355530117,-0.13078143892037908,-0.44604641475870344,-0.23360783459445855,-0.23803651502349144
2009-04-07,-0.2707401949782898,-0.17095039363473097,-0.13109064914811186,-0.45896746143388445,-0.24387680295541903,-0.24484744227852973
2009-04-08,-0.26479505142039805,-0.16775949952950797,-0.12974454559731152,-0.45313652174290997,-0.23744457589511303,-0.2407529696321934
2009-04-09,-0.260301566552394,-0.15649339386344496,-0.12824319604480516,-0.43140261474944563,-0.22065728632639825,-0.22568419803488526
2009-04-13,-0.2541810099273536,-0.15323324432762686,-0.12467996079266253,-0.4312699201438557,-0.21880303435350978,-0.2215596038161478
2009-04-14,-0.2585687307620057,-0.1593704255328846,-0.12742074024961725,-0.4410769724602992,-0.2256401080132756,-0.22954793434456344
2009-04-15,-0.25767978123834234,-0.1560324192412279,-0.12665284639301533,-0.435113269177717,-0.22027605974481423,-0.2251374037939392
2009-04-16,-0.2608090820171841,-0.15455173580478665,-0.12895254514520738,-0.4268303939425867,-0.21439634944890262,-0.22336338338638484
2009-04-17,-0.2674447157168047,-0.15495599958863981,-0.1322082216878897,-0.42298725186677955,-0.213514477123814,-0.22359404147461404
2009-04-20,-0.27401572574253585,-0.1655741920443945,-0.13427804739749893,-0.4471731288974088,-0.2320809716444726,-0.2377470464036664
2009-04-21,-0.2731668514686515,-0.15955203997024192,-0.13328863883205877,-0.43637226400590423,-0.2240235247214838,-0.22972914912038755
2009-04-22,-0.2732708637786757,-0.15939062700521456,-0.13187883350416507,-0.43981780516706714,-0.22767582690602217,-0.22969823021735425
2009-04-23,-0.26680964231957394,-0.1536902228700514,-0.12778437522580877,-0.4343182743064824,-0.22304972244154986,-0.22228757376026487
2009-04-24,-0.26306878400909317,-0.14753396888320058,-0.12417356712715122,-0.42577038928327116,-0.21691323707353716,-0.21415290723028868
2009-04-27,-0.26742343246099565,-0.1518051337476337,-0.12717387886742904,-0.43120355559455636,-0.22033207527053067,-0.2197364051228251
2009-04-28,-0.27399880885884065,-0.1547648450889838,-0.12884677309896975,-0.4329928459429778,-0.22328780681470817,-0.22370848180840952
2009-04-29,-0.268731151898997,-0.14601401673615544,-0.1255641370230376,-0.4209330897023129,-0.21459235462917592,-0.212084502734884
2009-04-30,-0.271947116812716,-0.14799035734889543,-0.12796915593459623,-0.42073434098450435,-0.21494333656508613,-0.21469091923741912
2009-05-01,-0.2710830841700017,-0.1456507612708059,-0.12887316223535084,-0.41761996720266814,-0.2134194974573117,-0.2116535363865194
2009-05-04,-0.2597543975171094,-0.13256976971733525,-0.1242435665085927,-0.39780732081002645,-0.1970061217048812,-0.19375575264517175
2009-05-05,-0.26186128380605533,-0.1331771340644864,-0.1258087284898105,-0.3998616554395381,-0.1987439576508493,-0.19463312139432343
2009-05-06,-0.253946685158736,-0.12573161981528347,-0.12186924426258339,-0.3894584949417047,-0.19014999139325206,-0.1845990562998645
2009-05-07,-0.2609096297785277,-0.12934913183459806,-0.12221535880502832,-0.3979400499086255,-0.19966972697144225,-0.189443824107298
2009-05-08,-0.25190602518090244,-0.12029784464208149,-0.11866441707299202,-0.3838923580807575,-0.18787690335284646,-0.17738669492047388
2009-05-11,-0.2517748718623001,-0.12662148686361518,-0.11958570321787654,-0.39542206025225113,-0.19432690227434102,-0.18579236066304683
2009-05-12,-0.24791217619953132,-0.12523207616595888,-0.11730982651319788,-0.39721100567058265,-0.1959833618911525,-0.18418591787444405
2009-05-13,-0.25215524098783204,-0.13424765650039006,-0.1196482325603595,-0.4123854461301647,-0.20687661275569036,-0.19606937322035922
2009-05-14,-0.24759989773738778,-0.13161115226367737,-0.11801028785888135,-0.4073492598593619,-0.20274777113160247,-0.19260237324354046
2009-05-15,-0.25140340703537944,-0.13374230132465292,-0.11806053447699272,-0.4121863524822662,-0.20745455888085929,-0.19545660947196497
2009-05-18,-0.24806874309884364,-0.12623455507753945,-0.1170461527637745,-0.39548821784349675,-0.1957256823304394,-0.18559382165999316
2009-05-19,-0.24690958664826157,-0.12406907986230531,-0.11520589735632702,-0.3962171930955216,-0.19675538436037188,-0.18263066504978764
2009-05-20,-0.24058273813965836,-0.12407596644070462,-0.11155418773804748,-0.40025915287515546,-0.1990671855229036,-0.18238634957129618
2009-05-21,-0.24978155483117293,-0.12475378940476656,-0.11145330894529182,-0.4088732299826213,-0.20950155264450954,-0.18348494023787743
2009-05-22,-0.24929714585818585,-0.12394234712597907,-0.1095188356390413,-0.4101327077129343,-0.21234142501057973,-0.18246193485291118
2009-05-26,-0.24959853871343363,-0.11659895302674406,-0.10926335983766389,-0.39502442484459777,-0.2021070363017723,-0.1726928238984906
2009-05-27,-0.25530723261639765,-0.12084172154786665,-0.10925292166742306,-0.40582542770813845,-0.21435332921892092,-0.1783748923383638
2009-05-28,-0.2467243824262847,-0.11561145616058122,-0.10857214537457749,-0.3975424834869903,-0.20603763313010326,-0.17130745543538528
2009-05-29,-0.2301281212042885,-0.10692881287407563,-0.10317726087300105,-0.38687420972204867,-0.19394763453635433,-0.15973604490367588
2009-06-01,-0.2315567560757269,-0.09930920572839286,-0.10262722164545401,-0.3720314540369283,-0.18750164484061038,-0.14907648718017186
2009-06-02,-0.22595955428106118,-0.09681297130553146,-0.09963136558200825,-0.371501572432802,-0.18602291289424777,-0.1456644034452539
2009-06-03,-0.23340993997965453,-0.10503757746616671,-0.1050516729681149,-0.37945276289347063,-0.1903499561072901,-0.15704352285317946
2009-06-04,-0.231998216585926,-0.0980838746937377,-0.10221165914488883,-0.37362171972346925,-0.18946358794847507,-0.14753813400921634
2009-06-05,-0.23856110820244725,-0.1024643232743706,-0.10681986393281484,-0.3734893355549601,-0.19250623127916355,-0.15345845286972637
2009-06-08,-0.24212399483025615,-0.10481100374156316,-0.10844102457578197,-0.37607348280258013,-0.1961359855328081,-0.15673542739091595
2009-06-09,-0.2374210945801316,-0.10214705465076324,-0.10603628971926138,-0.3728928824434803,-0.19228319909552305,-0.15302620571352898
2009-06-10,-0.24111777093519238,-0.10224437701156452,-0.1049663396624394,-0.37448294117196723,-0.19541157113462282,-0.15322759707248035
2009-06-11,-0.2361561790502531,-0.10091392865755977,-0.10490836910540102,-0.37170018317857456,-0.19109495431639856,-0.15120532975864243
2009-06-12,-0.23879648485472416,-0.10350758509719071,-0.1090681435113604,-0.36997746433750656,-0.18807408499471057,-0.15502286223991169
2009-06-15,-0.2463114441141504,-0.11458069010109417,-0.1133422565778458,-0.3844223776569199,-0.19805365396522057,-0.17016074489999322
2009-06-16,-0.24340777602737995,-0.11758105242670058,-0.11262647255352343,-0.3927718933854215,-0.2028716547952112,-0.1743304331647153
2009-06-17,-0.24530032233196541,-0.11661961798180542,-0.11291080014501198,-0.3933678635947755,-0.20419039293610308,-0.17301648564609717
2009-06-18,-0.24922131082098997,-0.11588414163094674,-0.11443685012075067,-0.3889284063795244,-0.20454287561745943,-0.1719435304013467
2009-06-19,-0.24478336175413284,-0.11450598638483078,-0.11334004243898788,-0.38667601289238407,-0.20131648731976348,-0.17012783865532188
2009-06-22,-0.2530205757652544,-0.12647267475467783,-0.11737809788389242,-0.4050680992027228,-0.2141269425860468,-0.18648724280405093
2009-06-23,-0.24652806479338651,-0.12577479915752088,-0.11558859849805125,-0.40460120183301485,-0.21273281045166925,-0.1855336356735735
2009-06-24,-0.24853864682592064,-0.1225091749323034,-0.11579427868556524,-0.3994705047175755,-0.2098880360918446,-0.18106993630832657
2009-06-25,-0.23809690984685528,-0.11546831904047039,-0.1134862437795301,-0.38640958889093435,-0.19562535118567226,-0.1714455056972347
2009-06-26,-0.2386235046359182,-0.11573318230673968,-0.11361011214299643,-0.3880090987038849,-0.19646264831335225,-0.17180791671462936
2009-06-29,-0.2367658719478709,-0.11441150119946941,-0.11392204587994914,-0.38227794728792275,-0.19126983472057424,-0.17000228154219765
2009-06-30,-0.23987548317759344,-0.11849451087776308,-0.11447139690197428,-0.3872756393606912,-0.19606174871633342,-0.1755144138169792
2009-07-01,-0.23885711283206257,-0.11469819835432726,-0.11245603114107339,-0.38474364554266616,-0.19427463861656014,-0.17036255510889842
2009-07-02,-0.24762686703335812,-0.12527064263279564,-0.11612722640957929,-0.4015360840680182,-0.20642750983316127,-0.184796622632048
2009-07-06,-0.2533534306583124,-0.12670955593383182,-0.11917983935618404,-0.40160244861731764,-0.20626624900795598,-0.18668664724579964
2009-07-07,-0.2568783161068193,-0.13323579458648527,-0.1198759483838785,-0.413197342575805,-0.2141140872849655,-0.19555565146460308
2009-07-08,-0.25552427410529877,-0.13642389568444135,-0.12273188242407207,-0.41359725452205165,-0.21069465755967587,-0.19995501288157458
2009-07-09,-0.2590457300467043,-0.13532560903796165,-0.12373891600035547,-0.41246443512075504,-0.21172340954551738,-0.1983962413460627
2009-07-10,-0.25779926258805097,-0.13680087746818104,-0.12335129514521281,-0.4138637475095194,-0.210797475652178,-0.20040137284501036
2009-07-13,-0.25600258032837986,-0.12946944467966948,-0.12407936710396505,-0.3996035787462642,-0.20074505199108927,-0.19050617025580485
2009-07-14,-0.25838756512209904,-0.12668553112578773,-0.12311382313137309,-0.39620498257033854,-0.20023900101837666,-0.18672338839986913
2009-07-15,-0.25494843543607726,-0.1147412738146516,-0.1193720993296925,-0.37854663154726553,-0.19053436719570993,-0.17035907229431624
2009-07-16,-0.2503449911341612,-0.11458712838639928,-0.11782853650590408,-0.3795458940177472,-0.1894005141293612,-0.17028328416221372
2009-07-17,-0.25087995498096827,-0.11171024452111211,-0.1179114239821063,-0.37274904659598584,-0.1862191527103323,-0.1663741817498967
2009-07-20,-0.24267861495106335,-0.10592875282309155,-0.11365406101833686,-0.3660854111749494,-0.1797995601292014,-0.15838520180061322
2009-07-21,-0.238659119224931,-0.10596035726900188,-0.11468808898632787,-0.3631533674386418,-0.17389947671392914,-0.15842850709361955
2009-07-22,-0.23968076425120477,-0.10460870895851937,-0.11403948196399505,-0.3632865794393668,-0.17592455728978662,-0.15665880065264892
2009-07-23,-0.2385571829323846,-0.09720483686830039,-0.11321705834766793,-0.34922598722613596,-0.167985497748541,-0.14653115563481067
2009-07-24,-0.23627442668117915,-0.0955050263163808,-0.11300506025781476,-0.3465607814073861,-0.16521159062107105,-0.14415510683694577
2009-07-27,-0.23732923219128688,-0.09328081560914814,-0.11227655130722991,-0.3446284830436861,-0.16518417042123135,-0.14113359436477146
2009-07-28,-0.23960352238037652,-0.09737931846389014,-0.11550912896853993,-0.3476936697947006,-0.16695674029277152,-0.14676999270834135
2009-07-29,-0.24450196027517246,-0.10125668879349636,-0.1189506774853547,-0.3492926967055252,-0.16800226052798484,-0.15203939248808385
2009-07-30,-0.23351853501310615,-0.09658359166201469,-0.11534508761621431,-0.34249578029774574,-0.1613708481361632,-0.14575609739134265
2009-07-31,-0.22282311757888296,-0.0930490714655009,-0.11106822609935718,-0.3415630203485994,-0.15741326586965076,-0.1407479010266438
2009-08-03,-0.21976526573217303,-0.08554485367526998,-0.10948628250149972,-0.33070130978923384,-0.15265472206801856,-0.13050297575451109
2009-08-04,-0.22047750799034638,-0.08254410214986463,-0.1088793013057281,-0.3289687259475943,-0.15228865623002774,-0.1264423203941829
2009-08-05,-0.22188411272052166,-0.0826221990596091,-0.1078805166988126,-0.3309013002553661,-0.15566295669368646,-0.12648069493738445
2009-08-06,-0.22665291992820946,-0.08577591230530468,-0.11043041546530852,-0.3343664679386452,-0.15832353416278366,-0.13082210363585467
2009-08-07,-0.2271180946875322,-0.08247127418343725,-0.1113254609617319,-0.32563697722309404,-0.15380867924757557,-0.12627363424015603
2009-08-10,-0.22571533591531479,-0.08502777986896681,-0.11278186973196203,-0.32703608265380446,-0.15276975688674221,-0.12979369802915652
2009-08-11,-0.22625946463549584,-0.08949582517523325,-0.11333342476332364,-0.33543216394444453,-0.15691759237772274,-0.13594429176641232
2009-08-12,-0.22643290763713486,-0.08485736955387957,-0.11334170531503529,-0.3283023210138797,-0.15237029248791623,-0.12969874415215676
2009-08-13,-0.21794212994369366,-0.08039038285144995,-0.1111798215443579,-0.3231712099823325,-0.14583510614677264,-0.123411424007978
2009-08-14,-0.22438532846355297,-0.08549611351594755,-0.11479809979238542,-0.32836896150725114,-0.14878795084533925,-0.13057863543534098
2009-08-17,-0.22892643252432032,-0.09744299358814335,-0.11775133456583253,-0.34489470008708145,-0.15917766132676847,-0.14688557009984726
2009-08-18,-0.22519466182453574,-0.09379602421992805,-0.11505866432534928,-0.33969722450623474,-0.15637361928159987,-0.14200479378063213
2009-08-19,-0.22014041766444448,-0.09151779245345615,-0.11317523319393719,-0.33389963955495505,-0.1506615749208874,-0.13873029334898868
2009-08-20,-0.2163631913717421,-0.08867320741882645,-0.11285608970698258,-0.32703608265380424,-0.14450198736798692,-0.134884560490514
2009-08-21,-0.21652121292883153,-0.08015067530030384,-0.11108398802750086,-0.3138420238124561,-0.13781964109412492,-0.12308423238325017
2009-08-24,-0.21247639220816628,-0.08194776712234175,-0.11241891086813693,-0.31390900923591736,-0.13579479737557287,-0.12555891157197163
2009-08-25,-0.21298613332368432,-0.08053907423431628,-0.11309343414552409,-0.31257592342441654,-0.13388145563511322,-0.12362019257202583
2009-08-26,-0.2115246218766822,-0.08050289424209078,-0.11274377650144984,-0.3125094898890991,-0.13338541509347557,-0.12364020223370842
2009-08-27,-0.21179652942914318,-0.07931817677188058,-0.1127035928553608,-0.31097696549960985,-0.1331354120925703,-0.12200974404320775
2009-08-28,-0.20969637059033097,-0.07761484668574903,-0.1121561789515958,-0.31110997054228084,-0.1324589176558233,-0.11973483183519495
2009-08-31,-0.21486967179120442,-0.08100496208626373,-0.11495891816694981,-0.31724075796041773,-0.13617134849010792,-0.12439957469745333
2009-09-01,-0.21934365551799928,-0.08671248261886122,-0.11456863024107256,-0.33230040568607633,-0.14670691512631528,-0.13210270180077277
2009-09-02,-0.21350021101762273,-0.08404192474093664,-0.11126531228654979,-0.3348326754481732,-0.1467374861696933,-0.12868920647537974
2009-09-03,-0.21140307152143567,-0.07812684664307379,-0.1095330810540791,-0.32930185942843326,-0.14378748830806554,-0.12050126333532374
2009-09-04,-0.21331028997936285,-0.07329242863712482,-0.10959221312389966,-0.3199060327651856,-0.13873574589573356,-0.11380929430068587
2009-09-08,-0.20953847200134312,-0.06935706093718785,-0.10765803289549347,-0.3140422212366425,-0.13507842674933934,-0.1083626963954274
2009-09-09,-0.20732257785814356,-0.06740413776750864,-0.10683219473401384,-0.30877755327428047,-0.1307796036167197,-0.10544723202040884
2009-09-10,-0.19956632037459987,-0.06298513998862232,-0.10597053729821582,-0.3017142818510693,-0.12284516620996577,-0.09940112606563845
2009-09-11,-0.19880284940212345,-0.06204208705567005,-0.10498980022548121,-0.3018474938517941,-0.12192513547100037,-0.09802512244045447
2009-09-14,-0.202503336300755,-0.061748747088661626,-0.1066950910052914,-0.2984489666618865,-0.12138789434619424,-0.09761989171479701
2009-09-15,-0.197639754304188,-0.05750329236649121,-0.10384681758685177,-0.29551685393956084,-0.11988063916474179,-0.09174320261565971
2009-09-16,-0.19085358028378807,-0.0502034830838306,-0.10098184712826042,-0.28485506486030965,-0.11205196539763773,-0.08163836079257547
2009-09-17,-0.18913623473293983,-0.05227670841797516,-0.10199406718124404,-0.2859213817402707,-0.11115906020265665,-0.08457933759429581
2009-09-18,-0.19433613535543304,-0.0532719987308552,-0.10411775267723267,-0.2854662119936199,-0.11266738403857879,-0.08588649612933597
2009-09-21,-0.198545978439848,-0.055349121213758457,-0.1065101181929422,-0.2872741285668967,-0.11426627436162495,-0.0889746481234931
2009-09-22,-0.19236362847074295,-0.05083432377223185,-0.10305658983255195,-0.2831225500046882,-0.11020721760915675,-0.08251272989928915
2009-09-23,-0.19697480379605004,-0.05568094957771397,-0.1052474436772749,-0.2890815622380477,-0.11397403671271178,-0.08936361818096672
2009-09-24,-0.2026596182728535,-0.06292728476118425,-0.10856635248409818,-0.2969151315380556,-0.11897524354466649,-0.09925341454470304
2009-09-25,-0.20241605484256375,-0.06609882015831459,-0.109608343075831,-0.30066465958746,-0.12042186637389063,-0.10378546083263984
2009-09-28,-0.19587465247076674,-0.06021267720918366,-0.10872061457375426,-0.28814418022569666,-0.11031229174092172,-0.09570871032223616
2009-09-29,-0.1970087963250179,-0.06089130955849431,-0.10869626138608979,-0.2902867479722083,-0.1120899004951531,-0.09664835850100695
2009-09-30,-0.1908755798001488,-0.058862802150092985,-0.10483716518744413,-0.2930319085858003,-0.11391393322757604,-0.09383490658355742
2009-10-01,-0.19319086212390224,-0.06889290483596489,-0.1060527489444748,-0.3105736732384823,-0.12443918468238457,-0.10766136375876045
2009-10-02,-0.19781829565345743,-0.07061421102641952,-0.10633371643839507,-0.3137875938442678,-0.12700996143279208,-0.11006952832546224
2009-10-05,-0.18860667863550473,-0.06262699617272094,-0.10295105707247543,-0.30354337713186685,-0.1193443221303474,-0.0990432705594726
2009-10-06,-0.18714065017480908,-0.05382806386650152,-0.10015902987719716,-0.2935673090713652,-0.11299659507703708,-0.08658795148489762
2009-10-07,-0.18242613096785965,-0.052701736841913926,-0.09968849033252647,-0.2916256975952376,-0.10926649089798657,-0.08515902532230779
2009-10-08,-0.17920479544709478,-0.047674536147322866,-0.09668042555316225,-0.2862023617915149,-0.10649637080816143,-0.07798005191668567
2009-10-09,-0.1845653392186941,-0.0460796369667924,-0.09790927998407262,-0.2818503098610483,-0.10664784593509324,-0.07582221629035368
2009-10-12,-0.1795026770307444,-0.043944032592033055,-0.09560035771152886,-0.27903843976806686,-0.10349437742343115,-0.07283512525283331
2009-10-13,-0.17497027437530754,-0.04390428030381088,-0.09306468135803281,-0.2805112222659829,-0.10379406150737225,-0.07277965993240332
2009-10-14,-0.17510917301071283,-0.03769668612623667,-0.0929790042680696,-0.26812485172317824,-0.09690327386120445,-0.06402275358197795
2009-10-15,-0.17581647710136106,-0.039215217110174394,-0.09397678782746788,-0.2654470214631375,-0.09604381084487612,-0.06614719124371726
2009-10-16,-0.17382285657864782,-0.04129408553706104,-0.09350228168160535,-0.2709371357322675,-0.09855626378142901,-0.06920203452367057
2009-10-19,-0.1653894262199218,-0.036723294244230265,-0.09006760262304592,-0.26491106908942863,-0.09348624256712312,-0.06273495208611257
2009-10-20,-0.16728709466634895,-0.0405952512620259,-0.09206403036878064,-0.2687942920416838,-0.09559846482282897,-0.06807848325362975
2009-10-21,-0.16702109990469804,-0.04205538029971456,-0.09086053285763196,-0.27535624207221365,-0.10134118455741259,-0.07012124233445838
2009-10-22,-0.1666936863472167,-0.03858395396692882,-0.09118841882055928,-0.26799094986227345,-0.09684123770368269,-0.06526516302347429
2009-10-23,-0.1715022036811955,-0.04257820508664378,-0.09243603642852993,-0.2763603335639542,-0.10486668155966128,-0.07085289750536317
2009-10-26,-0.1823593595751496,-0.049156972905126106,-0.09592709985806724,-0.28419369590590804,-0.11275816667473804,-0.08005645645098114
2009-10-27,-0.18069270729163311,-0.052847935112056765,-0.09599193578963405,-0.2874748778792269,-0.11222452614011025,-0.08521995741936372
2009-10-28,-0.1889714478462502,-0.06243895679743461,-0.09978484791571074,-0.3009325322952875,-0.12126745666481187,-0.09863712925688928
2009-10-29,-0.18067253078449064,-0.05170267158306474,-0.09517385168373094,-0.2859345580697056,-0.11168188615740293,-0.0836913090507797
2009-10-30,-0.1859083350777414,-0.0621962764841838,-0.0964431296356586,-0.3066235338487837,-0.1246274527160901,-0.09851715149326645
2009-11-02,-0.18118023295347396,-0.05838685100585883,-0.09362499748518793,-0.3015348492182959,-0.12169410101703948,-0.0932044963193055
2009-11-03,-0.17708113273547244,-0.05190223682310513,-0.08935088487146825,-0.2993255030063766,-0.12082664192925263,-0.08414800221720531
2009-11-04,-0.17750886829397328,-0.0502582321152899,-0.08790292471669436,-0.2975175864330999,-0.12041680379762809,-0.08177913233612455
2009-11-05,-0.1741901322198982,-0.04468105532667732,-0.0882687366944972,-0.2845955394606584,-0.1105515145756426,-0.07398997346713954
2009-11-06,-0.17558777819789217,-0.043873557964851595,-0.08823169580727319,-0.2827207754359561,-0.10809530124009537,-0.07293520355540595
2009-11-09,-0.16542254997557937,-0.03529177447571674,-0.08590780698126665,-0.2663840585453987,-0.09556693193970356,-0.06094998313947697
2009-11-10,-0.16831078729725157,-0.03646336333197597,-0.0866777681813895,-0.2662501566844939,-0.09519679148078108,-0.062367702302299044
2009-11-11,-0.16261214137314373,-0.03291641571631776,-0.08432196716763152,-0.2625006976211073,-0.09135863741231376,-0.057414066896404714
2009-11-12,-0.17163679095429651,-0.03927509085770331,-0.08830200460515314,-0.26999968473389824,-0.09692406881483939,-0.06629493784242169
2009-11-13,-0.16771274197459918,-0.035132171010711644,-0.08628166201693899,-0.26604933838614575,-0.09366274140874165,-0.060508948750498726
2009-11-16,-0.15090944920457539,-0.025516611219184138,-0.08118261232764368,-0.2554038300071384,-0.0837179282551812,-0.047079923626319076
2009-11-17,-0.14759421026297082,-0.024833868088046218,-0.08054406870942477,-0.25453343341824863,-0.08229107048842554,-0.04612652688494845
2009-11-18,-0.14867340080575508,-0.024480135896135957,-0.08014935396490241,-0.25500191746637024,-0.08352858832253207,-0.04563261667635876
2009-11-19,-0.15395716871189402,-0.029480676894312885,-0.08151133960205093,-0.26471025079108024,-0.09046052691022521,-0.05261661279668817
2009-11-20,-0.15455790547095427,-0.030062196008834974,-0.0807166966356413,-0.26732144055774965,-0.09247675742040495,-0.05342882192610088
2009-11-23,-0.15002219292035524,-0.024205095439187252,-0.07845856389146011,-0.2580150197738076,-0.0859263792633832,-0.04524873320652745
2009-11-24,-0.15042436347942612,-0.024214004716427207,-0.07915481256098966,-0.25687654351903644,-0.08325970287504991,-0.045261278993775855
2009-11-25,-0.14121170686971518,-0.020101480348495127,-0.07492191388790059,-0.25426535375236714,-0.0800919623704297,-0.03951770006892563
2009-11-27,-0.14842642920927063,-0.029836461265860703,-0.07812738816681519,-0.2663840585453984,-0.08765947361268378,-0.05318690774069135
2009-11-30,-0.14407741948885344,-0.027260894491591747,-0.076734093016536,-0.26390663266759784,-0.08521580646542071,-0.04958224719687421
2009-12-01,-0.13973833822212844,-0.019171915875057066,-0.07357405590087451,-0.2548013061260759,-0.08044416977511615,-0.038099566201550084
2009-12-02,-0.1392733380679767,-0.016989235008501802,-0.07135222022406307,-0.2551359572993107,-0.08144244808143486,-0.03492444010725937
2009-12-03,-0.1456026867700435,-0.020246785513628685,-0.07191567020074174,-0.2609609296997295,-0.08748047169888495,-0.03954884517331969
2009-12-04,-0.15478280966723412,-0.023178181875318393,-0.0793107260978203,-0.25674298658822137,-0.08701505139064891,-0.04386403129667171
2009-12-07,-0.1571032431549464,-0.025415049995387573,-0.08030524138633965,-0.2578810489268847,-0.08687871610638076,-0.046886040099504256
2009-12-08,-0.1639001634776881,-0.032381190030353335,-0.08368563815313113,-0.2661164617816427,-0.09175809295490289,-0.05677499827429733
2009-12-09,-0.16919389517344785,-0.03214038387685303,-0.08564853235539438,-0.2633708872519427,-0.09042023643856412,-0.056586979496034306
2009-12-10,-0.17349630856823006,-0.03103104455897021,-0.08639118304243731,-0.25921986057787805,-0.08854699770213093,-0.05485851239939166
2009-12-11,-0.17280355965007732,-0.03144787228516932,-0.08818222909827855,-0.25607340829767966,-0.08797384670843666,-0.055450268781368384
2009-12-14,-0.16708988905188416,-0.027545469513040932,-0.08579991035843315,-0.25098479265320983,-0.08417950319296386,-0.04983395491893505
2009-12-15,-0.17008560643082837,-0.029050935182650672,-0.08573297543063763,-0.254466172050715,-0.08791868577352879,-0.0519711443037465
2009-12-16,-0.1640736840131619,-0.025819616891939234,-0.08230630778448556,-0.2533281097120518,-0.08707008573048891,-0.047460998435074675
2009-12-17,-0.16891035024214895,-0.03586552402983467,-0.08933989201278236,-0.2623001552668307,-0.09060706424677079,-0.06172187863214906
2009-12-18,-0.16709625949124784,-0.032105049518973305,-0.08717297299015225,-0.2581262942208137,-0.08926795507615626,-0.05638373658155815
2009-12-21,-0.17430481021442712,-0.031301707473740836,-0.09034634588720691,-0.2505871572455566,-0.08731154124230267,-0.055243667468440005
2009-12-22,-0.1747554791908481,-0.030373489766944095,-0.09115896349090025,-0.24789470194970353,-0.0868801000249052,-0.05392617780120901
2009-12-23,-0.17021147663035563,-0.028087042255876216,-0.08981793867591192,-0.2464137101156475,-0.08593371826575147,-0.05068059597895935
2009-12-24,-0.16931508662554962,-0.023609489019123076,-0.08683852829171923,-0.24284596022362792,-0.08453433584803094,-0.04440138501754398
2009-12-28,-0.16606171620652044,-0.022443607869180093,-0.08580174288751219,-0.24123058362654126,-0.08427553871130722,-0.04266997320846366
2009-12-29,-0.16569561619299544,-0.024996773155859797,-0.0872543168624258,-0.24230759333928975,-0.08415507611509043,-0.04632533322699173
2009-12-30,-0.16521026961953333,-0.026552819622386203,-0.08851173388456013,-0.24257670779544083,-0.08372357863117308,-0.048611333079254915
2009-12-31,-0.1688453088061166,-0.028931402296956565,-0.08769184596908475,-0.24984693727260066,-0.0908563949238459,-0.05206445659741332
2010-01-04,-0.15472368969998118,-0.018462446642747654,-0.0825096766979212,-0.23712419090611148,-0.08070195625730048,-0.03706375563754161
2010-01-05,-0.1507168821166447,-0.017415072945153875,-0.08254857766656554,-0.23510490117373506,-0.07763248406607903,-0.03550186800898081
2010-01-06,-0.1489542015238562,-0.01374200468633724,-0.07942480992742229,-0.234566465303379,-0.07871886607873135,-0.03029254068812992
2010-01-07,-0.1500966507860707,-0.013454635082864486,-0.08080690576780647,-0.2313350912350437,-0.07636911916775724,-0.029885096767547137
2010-01-08,-0.14726646093425677,-0.010905031089616712,-0.07943530967968238,-0.2287772966462932,-0.07405771171264475,-0.0262691251601328
2010-01-11,-0.1487269138436922,-0.008821765985819185,-0.07795804959048969,-0.22770035591956272,-0.07302840767200947,-0.023314773885227957
2010-01-12,-0.15200520509330262,-0.015825519897738727,-0.08198088217334643,-0.23490270315502737,-0.07563888673018437,-0.03324821962398794
2010-01-13,-0.15278390214304305,-0.010608604807130995,-0.08103972940212179,-0.2284409208226088,-0.0727050883152569,-0.026002459207380757
2010-01-14,-0.14839648080759116,-0.009559827059795079,-0.08084406062990901,-0.2263536798625193,-0.06946289149356355,-0.024438463565608304
2010-01-15,-0.15224072694366086,-0.015556595032466092,-0.08257936693645695,-0.2350372948761119,-0.07413559896722499,-0.03294373210186019
2010-01-19,-0.14733568928666352,-0.00950668180342562,-0.08148316520775312,-0.22547928208458656,-0.06784241829419146,-0.024363715150149234
2010-01-20,-0.1554225792527596,-0.019000080564031463,-0.08635466987290707,-0.23335451893945602,-0.07229636517497362,-0.03782824434454679
2010-01-21,-0.16279420396601607,-0.028248355047546636,-0.08860998053037294,-0.2480965550383215,-0.08166167793732626,-0.05094509442784245
2010-01-22,-0.1713021710835424,-0.03589631016900641,-0.08898512067674391,-0.2648576739115095,-0.09352204032127787,-0.06179224801472294
2010-01-25,-0.17113842097984577,-0.03364433760421759,-0.08897482414729829,-0.26108827788892597,-0.09160170667486534,-0.05867533899178634
2010-01-26,-0.17426805942900436,-0.03662338945347943,-0.08889786600195793,-0.26418464632006877,-0.09311434773141569,-0.06290063034481586
2010-01-27,-0.17843534739456568,-0.03680638109843226,-0.09150059200833105,-0.26068450272567234,-0.0914315915628815,-0.06323686052351019
2010-01-28,-0.18243067741601093,-0.041632261441368335,-0.09141168934388899,-0.2691661956646292,-0.09772218536249189,-0.07000499137910621
2010-01-29,-0.18381955457462118,-0.04577243408219567,-0.09191068136214675,-0.27710938374721183,-0.10207423621962364,-0.0759490797501019
2010-02-01,-0.1749479705583663,-0.03707234579948815,-0.08777777511696994,-0.2658677671868147,-0.09492807090440081,-0.06363433503680738
2010-02-02,-0.16593982811112296,-0.03249508937872092,-0.0859461444167563,-0.25698216111256833,-0.08770991326838073,-0.05711982821533712
2010-02-03,-0.17505297269553333,-0.0351545398918891,-0.08733528896536447,-0.26068450272567256,-0.0921775668635979,-0.06101110413946198
2010-02-04,-0.19086194816562418,-0.05316492197351497,-0.09496326532513599,-0.2835039047120974,-0.10624413063738158,-0.08635111817141816
2010-02-05,-0.1937654985278996,-0.053194575891489015,-0.095990775849087,-0.2820229818640593,-0.10398810411230841,-0.0863930295941786
2010-02-08,-0.19726750625235634,-0.05686059867751059,-0.0976637663270602,-0.28720631531121954,-0.10816926462593868,-0.0915515922181459
2010-02-09,-0.1918233255709323,-0.04958312262666742,-0.09509346466757151,-0.2782533098974038,-0.10344366842808739,-0.08131276133121446
2010-02-10,-0.1953652060385319,-0.0505584907271901,-0.09529925883611756,-0.27966717833596255,-0.10549061180365082,-0.08268531360637454
2010-02-11,-0.19005045643979301,-0.04371386393512755,-0.09237913710604584,-0.27212783440265165,-0.10030857297454132,-0.07305546122140938
2010-02-12,-0.1908541424027147,-0.04456547215205686,-0.09305745695147616,-0.27273346265452314,-0.09992553940775373,-0.07425386779241605
2010-02-16,-0.17602745113694762,-0.035039697160112016,-0.08813814669466258,-0.26129006199152616,-0.09060232948002322,-0.060852370847665815
2010-02-17,-0.17950303628816755,-0.03409316232857773,-0.08847759714150616,-0.2577897114390758,-0.08990083471432031,-0.059296861681859325
2010-02-18,-0.1766104936276992,-0.030746001876796436,-0.08714436138902992,-0.2534146181786028,-0.08791166417153329,-0.05473714002017027
2010-02-19,-0.17531404751424173,-0.030883908821320638,-0.0889700833077951,-0.2518662959909953,-0.08655875124920287,-0.054782006855067955
2010-02-22,-0.1785181958707328,-0.031051328239309228,-0.08987442438736404,-0.25173142832583884,-0.08673653910831636,-0.055167626885490484
2010-02-23,-0.1820439282985552,-0.03779176121758643,-0.092687866292683,-0.2608188874887032,-0.09080764368728034,-0.06450197407057379
2010-02-24,-0.1790555324761286,-0.03528724689327767,-0.09408577970417342,-0.25402038440251007,-0.08554207886635123,-0.06112786003709991
2010-02-25,-0.1808438359355682,-0.03491253666269645,-0.0941484427742878,-0.2550298568036533,-0.08498344932976232,-0.06060091240412413
2010-02-26,-0.17374390103667048,-0.032612872589280584,-0.09199199724622875,-0.25455875128684835,-0.0840817254512779,-0.05736245053905753
2010-03-01,-0.17209334369881035,-0.028782476670767276,-0.09209215261647441,-0.24681755426491947,-0.07799448246228646,-0.05178806750657783
2010-03-02,-0.16658072998166684,-0.02438017218521571,-0.08922521593375066,-0.24473100316500984,-0.07625327184164399,-0.04563203602673516
2010-03-03,-0.16348775824227046,-0.022130772433882506,-0.08768703623538765,-0.2440579065875511,-0.07612199011505316,-0.04237162288178853
2010-03-04,-0.16363584101098272,-0.022352249890165488,-0.08943127725141153,-0.24176867456680773,-0.07378618674289661,-0.042685476424223934
2010-03-05,-0.16038109176259396,-0.0162377016288221,-0.0887933495778489,-0.23093117809975428,-0.06753834967503691,-0.03402922076906956
2010-03-08,-0.1627071097429772,-0.017047612065352324,-0.08983869382971188,-0.23079665536468763,-0.0684109788293088,-0.0351768037412431
2010-03-09,-0.16358134540347236,-0.01674443467093667,-0.09002534961729969,-0.2295177235773035,-0.0665368647380099,-0.03474793005715415
2010-03-10,-0.16398974494351626,-0.01672709265362915,-0.09164666627716145,-0.22608442743433244,-0.06461316938706763,-0.03479989120035876
2010-03-11,-0.1618947587889895,-0.015185027608800139,-0.09177795801146116,-0.2228533982960872,-0.06255508529956755,-0.03254089536842486
2010-03-12,-0.16082759175937078,-0.015907197885685176,-0.0925326134581711,-0.22278599895651807,-0.06193843625941431,-0.03356363836277354
2010-03-15,-0.16388726268747822,-0.016187487215029384,-0.09277028113703945,-0.22258462877002605,-0.06178998300378158,-0.033961420246182095
2010-03-16,-0.15395425942121677,-0.010943632787405178,-0.08937198539219082,-0.21639113306154267,-0.05580650270782861,-0.026537897521565212
2010-03-17,-0.14961522512018288,-0.00996124762089401,-0.09002542558743287,-0.21174685635890034,-0.05193684217081518,-0.025147448225225633
2010-03-18,-0.1524834963442694,-0.009516770620091597,-0.09029123863924704,-0.21215021760604613,-0.05320668417133101,-0.02451851079405798
2010-03-19,-0.15987300214158784,-0.014996607733511969,-0.09433971539281827,-0.21613850626368925,-0.056632960293290124,-0.03227683110816326
2010-03-22,-0.15698134174266487,-0.013158541433256232,-0.09440370880273574,-0.2119478816153023,-0.05232818876258294,-0.029751824167775887
2010-03-23,-0.15644417541807976,-0.009859303786740603,-0.09356131800997158,-0.20640513101445146,-0.04901151404993065,-0.02508131307122874
2010-03-24,-0.17044651806406053,-0.014875352411680254,-0.09804356504587941,-0.21025786214675835,-0.05549724109418197,-0.032106821794055884
2010-03-25,-0.17381677819089203,-0.014965697631893704,-0.09763221442838743,-0.2115421058575273,-0.05778060743852875,-0.032387437933076635
2010-03-26,-0.17034351377239898,-0.012562878787551579,-0.09479237375540173,-0.21201541892690778,-0.05727907691503242,-0.028985993391570375
2010-03-29,-0.1645875356411558,-0.008683467685543844,-0.09413123831480374,-0.2070133807350064,-0.05411787623567699,-0.023342282638598055
2010-03-30,-0.1634383032130714,-0.009206112204347194,-0.09511455957789317,-0.20647280629809273,-0.05335473630994225,-0.02408252931857513
2010-03-31,-0.16038079675947914,-0.009115725405445474,-0.09347866459309928,-0.20917692023098478,-0.05451351551725592,-0.024101205200251608
2010-04-01,-0.15312135294640405,-0.003666444855725093,-0.09118551879736547,-0.2037691752673264,-0.05141803717152671,-0.016304025481508555
2010-04-05,-0.15277929310663596,0.0,-0.09118991039058644,-0.19728041940187635,-0.05015393211742536,-0.009545411340251997
2010-04-06,-0.1501958507750618,0.0,-0.09013683580407472,-0.19538799495657044,-0.047694577119144266,-0.008497828519211104
2010-04-07,-0.14560900110853459,-0.00018457129141691286,-0.08708553491530235,-0.19998411941866068,-0.048660771725660856,-0.008762759085401695
2010-04-08,-0.14578414140331286,0.0,-0.08769239442635168,-0.19721267513221719,-0.04709614958820707,-0.007612708802290591
2010-04-09,-0.14119902038538423,0.0,-0.08637863344188568,-0.19194034972185892,-0.04289062485424755,-0.0018662723982689755
2010-04-12,-0.13961345187876983,-0.0006802200484896659,-0.08676142306880685,-0.1906565199271979,-0.040952377252270966,-0.002846834528140385
2010-04-13,-0.13830768568467866,-0.000992442588319875,-0.08712799927546933,-0.19004813223460704,-0.03979584660420188,-0.0032967804970421843
2010-04-14,-0.13338003309821578,0.0,-0.08633530423167313,-0.18085553838033663,-0.034218616286157744,0.0
2010-04-15,-0.13019322635232555,0.0,-0.08480305716167702,-0.18017968236215876,-0.03309805892199735,0.0
2010-04-16,-0.1389742279487366,-0.009680714120895773,-0.08783389892528859,-0.19322473140466379,-0.04016756235941621,-0.01393029452034844
2010-04-19,-0.14282622951502721,-0.0094695248116623,-0.08953494411445706,-0.19018320685781753,-0.03891792067942712,-0.013705807173530538
2010-04-20,-0.1367729897714225,-0.0060151179360546925,-0.08863490744675095,-0.1829508507045302,-0.03356036445952526,-0.008657146717619746
2010-04-21,-0.1319187354927146,-0.004659247959468926,-0.08682134316456092,-0.18443784432215082,-0.0333981273307532,-0.006706488655356835
2010-04-22,-0.133507321066894,-0.004775781329275697,-0.0881963193883587,-0.18200477645391333,-0.03254243147842484,-0.0068745045850775455
2010-04-23,-0.12926009821032136,-0.0002700933872793465,-0.08621580660670658,-0.17666498271796816,-0.029771744646426734,-0.00039145594780898296
2010-04-26,-0.13069696422666455,-0.0017995644889932105,-0.08651574425096487,-0.17977425153447346,-0.031747610218552436,-0.002671669836393775
2010-04-27,-0.1343056113028369,-0.008721995153154416,-0.08369013976650186,-0.19917305080523606,-0.04210355720663528,-0.012554628047361294
2010-04-28,-0.1353316995062469,-0.007279904353216793,-0.08493014030699075,-0.1930897947534893,-0.03968929637097929,-0.010558242996431932
2010-04-29,-0.1257998151641303,-0.0016428821568180707,-0.08344087305025882,-0.18308627025783064,-0.031877595536572656,-0.0024472753041993034
2010-04-30,-0.12513825361901654,-0.006238525053540056,-0.08163861178649412,-0.1969425948718141,-0.03948686964226389,-0.008979043209421
2010-05-03,-0.12050323700750587,-0.0008437842436082033,-0.08202086788461793,-0.1865333636043981,-0.033023511624302726,-0.0012438260089771003
2010-05-04,-0.13318183546858609,-0.013656817764575613,-0.08408582152087596,-0.20566166869865,-0.04415971589612078,-0.019728842989907736
2010-05-05,-0.1399222874444399,-0.01789043689385894,-0.0846758046945606,-0.21039314372802242,-0.046068398849457015,-0.025943389416960283
2010-05-06,-0.14335803450162288,-0.025429051976571526,-0.07976170647857939,-0.23661879933836893,-0.06064134915457342,-0.03694658365705594
2010-05-07,-0.14944504518860535,-0.027389489168615277,-0.07966634225481528,-0.24797431181445584,-0.06985238932865023,-0.03978730082958548
2010-05-10,-0.1376298109494476,-0.013002830865424864,-0.08228734552734907,-0.21485433153893807,-0.049057716844308374,-0.018943418599881134
2010-05-11,-0.1341364741602279,-0.008768044366554428,-0.07777603655440246,-0.21708478747235993,-0.05019100213949035,-0.012808017368542757
2010-05-12,-0.12809947766537066,-0.003026613515376697,-0.07630015502733312,-0.20613484379599434,-0.04330984658204429,-0.0044896459894701035
2010-05-13,-0.13246780077959208,-0.008215120447554125,-0.07689720551531609,-0.2160031556964066,-0.04932977726069687,-0.01192742167391847
2010-05-14,-0.1379157195464309,-0.014268609236739893,-0.07685819865689392,-0.23019744281248822,-0.05700988725560574,-0.020778845797216006
2010-05-17,-0.14649674844905958,-0.0165749812621222,-0.07917192914731475,-0.22979214995683894,-0.05756847061904791,-0.02412162275094243
2010-05-18,-0.146779869610696,-0.022048007136624137,-0.07800264312735605,-0.24026864259178804,-0.06224083890103316,-0.03197163664487557
2010-05-19,-0.15621737974689387,-0.02852535705857251,-0.08339244001768731,-0.2445947557794933,-0.06500560369652986,-0.04143721384851762
2010-05-20,-0.16856845352265715,-0.04247084352612429,-0.08351680480968782,-0.27311868057893895,-0.08165265526741516,-0.06164315004792453
2010-05-21,-0.1628870105914365,-0.03870068417696282,-0.08502035828970911,-0.2625064924466174,-0.07382425955682381,-0.05618096760191882
2010-05-24,-0.1656774655437082,-0.0399176791787772,-0.08257402157036153,-0.27196923554730845,-0.08061512327792852,-0.0579454189913895
2010-05-25,-0.1675000552412852,-0.039600968373534884,-0.08348869382711777,-0.2712257732315071,-0.07872242514605743,-0.05748692244050235
2010-05-26,-0.1666641197675417,-0.040840677158168304,-0.08092536150890273,-0.2756193547447996,-0.08268280622281221,-0.059363590019881896
2010-05-27,-0.15621403659236754,-0.02828734416546641,-0.08273209262379566,-0.251353660891364,-0.06904923473897806,-0.04101524229819886
2010-05-28,-0.15788045059560663,-0.032220922090500426,-0.08048867874532573,-0.26074914262452187,-0.07403267658432633,-0.04678907932525256
2010-06-01,-0.1652072620816547,-0.037373542607275545,-0.08023053277114167,-0.27318580397443615,-0.08290072782569502,-0.054164032220410996
2010-06-02,-0.15834943296652082,-0.029207429882978087,-0.08108957275193207,-0.2542599728429642,-0.0707916570792646,-0.04255540299554339
2010-06-03,-0.15907917369760027,-0.030214016581806447,-0.08268624864209428,-0.2516916233934622,-0.0693797376877745,-0.043842124776928615
2010-06-04,-0.16841847522053655,-0.04310909114237771,-0.0809717204644258,-0.27798474732939593,-0.08403408389177203,-0.062449768284736806
2010-06-07,-0.1673236094030771,-0.04356301899797721,-0.07835450658188048,-0.2869747292488505,-0.08927407681483701,-0.06302328020385772
2010-06-08,-0.16602080187660406,-0.04091170066820227,-0.08022421507583422,-0.279337080239914,-0.08469090983495942,-0.05930640767584294
2010-06-09,-0.1666155337150037,-0.04284691710519828,-0.07997395399974827,-0.28318953542814884,-0.08754657591497372,-0.06207602396367007
2010-06-10,-0.16239163204756402,-0.03399874681767434,-0.0839867572731815,-0.2622362052281605,-0.0752697274288735,-0.04941423233025888
2010-06-11,-0.15518612346082106,-0.031468010264383284,-0.08168229428352536,-0.2586540372583823,-0.07022410836507487,-0.045792886408852596
2010-06-14,-0.15549342993703363,-0.031739749487270874,-0.08144706545539449,-0.25980279242983295,-0.07140623433624294,-0.046028192363521736
2010-06-15,-0.14585181775619582,-0.02222937765156474,-0.08024513908445674,-0.24297261855264407,-0.05991508634007703,-0.03241870433231431
2010-06-16,-0.14440813162677968,-0.023547960495399645,-0.08066237708105006,-0.24324269881304694,-0.05908042879090991,-0.03430583339621729
2010-06-17,-0.13891603134770958,-0.02123183718679489,-0.07780948209071681,-0.24202633734397316,-0.056410805426846955,-0.030991605758631913
2010-06-18,-0.13864372527576696,-0.01917419528713138,-0.07733781983886223,-0.24120450691174344,-0.05655146501033481,-0.028124348363998464
2010-06-21,-0.1428815251568165,-0.023274071874176516,-0.07997930544463872,-0.24337749749218562,-0.0584638102746885,-0.03391502079436315
2010-06-22,-0.14401492148066486,-0.0274505834116634,-0.07834900226248742,-0.255873762761637,-0.06562096359204495,-0.039969097625301986
2010-06-23,-0.1469634064753128,-0.029614428343788135,-0.07898130600862274,-0.25818279376954123,-0.06596008094053951,-0.043065910209146074
2010-06-24,-0.1527460554836667,-0.03382572928425498,-0.07885537621227201,-0.27047506738381744,-0.07551746039369611,-0.049092696525210755
2010-06-25,-0.14391379657004966,-0.029651767027576326,-0.0758051083137471,-0.2674189867871768,-0.07262242836114086,-0.04311990834754176
2010-06-28,-0.14600665339027463,-0.03329699286645593,-0.07764854275981858,-0.26972787982304514,-0.07168493866644532,-0.04833718876453297
2010-06-29,-0.1578610445669335,-0.04435081357081461,-0.07727045238492614,-0.2922751319685275,-0.08699415591322901,-0.0641559223382403
2010-06-30,-0.1583605068424676,-0.0463575475466983,-0.07671344956901216,-0.29899857826715515,-0.09150682445893588,-0.06710181076960786
2010-07-01,-0.168909459875216,-0.05437265037981165,-0.08436730023921402,-0.302122679077527,-0.09409608792328295,-0.07841871142815315
2010-07-02,-0.1728363099687148,-0.05642222548819775,-0.08372548457144169,-0.30592587824892226,-0.09770092894159921,-0.08133212945527102
2010-07-06,-0.17262231447436716,-0.059383246815201796,-0.08820825635353835,-0.3013758364468446,-0.09328691195420535,-0.08546663139406463
2010-07-07,-0.1641919613639311,-0.049036258842690916,-0.08861994094038605,-0.2793717802069594,-0.07731919363314643,-0.07076084331961974
2010-07-08,-0.1599045148541195,-0.04511806989928868,-0.0877602214508999,-0.27224055755603505,-0.07264969643272368,-0.06526770862402353
2010-07-09,-0.15702880217470705,-0.041487982817803415,-0.085876310705298,-0.2668078396538667,-0.06937733200688712,-0.060033155888270406
2010-07-12,-0.16120798768718925,-0.043585579009927655,-0.0882363403388915,-0.2663323190319108,-0.06839822974707954,-0.06309092344656309
2010-07-13,-0.15386420942368584,-0.03590798204996959,-0.08590125336028309,-0.25526247765629095,-0.061580443683823316,-0.05217911330523772
2010-07-14,-0.1504258038051286,-0.03471715212312321,-0.08518363837687182,-0.25533042888400415,-0.05984320391613196,-0.050486908697608524
2010-07-15,-0.14742712424345494,-0.03521787471399518,-0.08573840413393186,-0.2551264372288288,-0.05781858132653106,-0.05119890372803482
2010-07-16,-0.15909956344025156,-0.04575268271549826,-0.08855586527712933,-0.2756362563192053,-0.07167208188455265,-0.06617232088321234
2010-07-19,-0.16148904524355412,-0.045054750467358295,-0.09028336208994148,-0.2713579504419622,-0.06929746748231291,-0.06510587133632806
2010-07-20,-0.1563924746564458,-0.041876156274933796,-0.08957170615675791,-0.26327616944925203,-0.06263249512037661,-0.06058850459424203
2010-07-21,-0.15634073325893771,-0.04708797382536445,-0.09003476264164256,-0.2728518426613812,-0.0677553391647665,-0.0679963891585611
2010-07-22,-0.14648906296110498,-0.036790845836508046,-0.0877688317123001,-0.2566206743783377,-0.05715247619406427,-0.05336144570634804
2010-07-23,-0.14679465893389132,-0.03364728270076134,-0.08835118705545186,-0.25016896400454447,-0.05331626525996258,-0.048969284881377084
2010-07-26,-0.14433411755506154,-0.0310288253133727,-0.08878783432973114,-0.24235898792268662,-0.047357413234459966,-0.04509789594014446
2010-07-27,-0.15089388425282368,-0.034304320224016194,-0.09151338474419402,-0.24242707712243572,-0.048667354671591445,-0.049753689674862156
2010-07-28,-0.15056573798399842,-0.036485207341139025,-0.0906495160153753,-0.24731632317493513,-0.05090761054554793,-0.0529290640090907
2010-07-29,-0.14808289217102066,-0.03693083220969029,-0.08925718938073823,-0.25098410279302985,-0.0529980186123451,-0.05348738342045589
2010-07-30,-0.14084501852924036,-0.03554837351793827,-0.0877625779805481,-0.2511194533603123,-0.050983508882594286,-0.051595876218122005
2010-08-02,-0.13205671080809755,-0.02666508610938112,-0.08647730536084663,-0.23420925570226336,-0.039299728337329976,-0.03882840271208454
2010-08-03,-0.12865420670031547,-0.026673716278621917,-0.0842727228921939,-0.23787655241823225,-0.0403093348168736,-0.038841078973964605
2010-08-04,-0.12822939731751504,-0.024602975950865025,-0.08437104317533062,-0.23278290079444974,-0.03801761379240309,-0.03588290178888409
2010-08-05,-0.12787074328137027,-0.026095957402512693,-0.08409588537466861,-0.23359810856895324,-0.036819018071257315,-0.0380163112913704
2010-08-06,-0.1277221589448735,-0.027184553151908375,-0.08380390135688731,-0.2367222783653431,-0.03670437582694397,-0.039571942260881454
2010-08-09,-0.1270903268273167,-0.026146533571071662,-0.08430338092401601,-0.2326472742830954,-0.03368519788112334,-0.03808986875400033
2010-08-10,-0.12810081564735532,-0.028680686787956877,-0.0831148674736395,-0.23679009162102027,-0.03489831226720652,-0.04178745863315925
2010-08-11,-0.13992441154924184,-0.04070380204320012,-0.08531530457282155,-0.2577072731475857,-0.048628225148540705,-0.05904226135799928
2010-08-12,-0.144385527104959,-0.040716243536071284,-0.0854300570254104,-0.26225752190771723,-0.0530766340312917,-0.05906036134307979
2010-08-13,-0.14212777716854175,-0.04142027354043354,-0.08525616906329503,-0.26443099539028536,-0.05306897653268816,-0.06006657436612184
2010-08-16,-0.13518414738753448,-0.03980608651743145,-0.0836237238307147,-0.26477026862672504,-0.05052078031835927,-0.057684589777870277
2010-08-17,-0.13127643480068985,-0.035216161589204154,-0.08421641706810012,-0.25573792929222894,-0.04562928864395299,-0.051203909677099646
2010-08-18,-0.1315842443200962,-0.035240965927173185,-0.08431609105018201,-0.2543794566261105,-0.044991466374548206,-0.0511629911292959
2010-08-19,-0.13529205410090228,-0.04089559651716612,-0.08439619235043128,-0.2673509665734458,-0.0531151788444566,-0.05924226249474829
2010-08-20,-0.13857802367260386,-0.04258642396695622,-0.08513543817527058,-0.26972787982304525,-0.056187233805472636,-0.061735064944650975
2010-08-23,-0.140482397778663,-0.04319861368946232,-0.08531822760084551,-0.2725125004389235,-0.05779060289590743,-0.0625339656788807
2010-08-24,-0.14046964460009492,-0.04682264054866825,-0.08375402768504436,-0.2833106748757268,-0.06291806710213144,-0.06771205801469016
2010-08-25,-0.13653912811429814,-0.04220722589921888,-0.0822691130837846,-0.28052605425984856,-0.06257951491624625,-0.06119496006480918
2010-08-26,-0.13226097272066017,-0.044191132163659885,-0.08072423690061781,-0.28534803894481464,-0.06446717298449167,-0.06395304235169685
2010-08-27,-0.13239677064167754,-0.03815167571417477,-0.08239939160803067,-0.2742779906111409,-0.060556120559444815,-0.05532465203134329
2010-08-30,-0.13163191235503668,-0.0430264500719717,-0.0812970493973122,-0.2848049120252357,-0.06559572612483322,-0.06236707382284079
2010-08-31,-0.12948827880985958,-0.04221983523511952,-0.07972495531946622,-0.2848049120252357,-0.06387455133450515,-0.06113651051011848
2010-09-01,-0.12312586205411913,-0.03215951548324347,-0.08022311792325132,-0.2634120719046784,-0.049770210711289176,-0.04680883700952976
2010-09-02,-0.12072154197732732,-0.027369355161895204,-0.07941231679214544,-0.2565528611226605,-0.045933632897548815,-0.04006289079328984
2010-09-03,-0.1191181707118949,-0.02341259667863138,-0.07966678341884625,-0.2469093746548543,-0.0404782348716789,-0.034427949235070754
2010-09-07,-0.11646578726384726,-0.02775573989186164,-0.07899900460630493,-0.25539844909773535,-0.0442329147857351,-0.04053872830957206
2010-09-08,-0.11644662786239757,-0.024957781074693264,-0.07943198399443485,-0.25016896400454447,-0.04114707941820395,-0.036554156832349416
2010-09-09,-0.12116860520752626,-0.024618897252562832,-0.08031561068981352,-0.24670531401366091,-0.041339094160439904,-0.03607181607239118
2010-09-10,-0.1185381646308582,-0.023231161676292578,-0.07970759035707287,-0.2429023218003198,-0.039411487422031155,-0.034095693774851665
2010-09-13,-0.1093588107638197,-0.018603631850417912,-0.0773630308847284,-0.234480991627098,-0.031058032217425424,-0.02750603488934511
2010-09-14,-0.10511128526603264,-0.015190225992009698,-0.07560435282094713,-0.23495644326303589,-0.029578346873570083,-0.02272091423988032
2010-09-15,-0.10684386051369021,-0.012727384067962477,-0.07502176585446418,-0.2320361961358035,-0.02857072174198294,-0.019213639860014897
2010-09-16,-0.11031016512238745,-0.012981646570639493,-0.07499876371653436,-0.23223984286088883,-0.03001630844625991,-0.019576083404414857
2010-09-17,-0.11116439513988163,-0.014094840770213612,-0.07664337989720837,-0.23195313697015207,-0.02895934916557641,-0.02108589140050643
2010-09-20,-0.10193613454883532,-0.008029317949110992,-0.07493141212121746,-0.22020937118485773,-0.018601915471158414,-0.012448361987483114
2010-09-21,-0.09588004873017009,-0.007991262621318662,-0.07153127600499798,-0.2217796999122017,-0.016393419801287168,-0.01239452740056246
2010-09-22,-0.09473147970989926,-0.010250132968283032,-0.07201723447644781,-0.2256033189449197,-0.018829146357278725,-0.015611989407355642
2010-09-23,-0.09710466732950396,-0.013208669487213553,-0.07263012567395599,-0.23188497878438508,-0.023232974593694222,-0.019825899145635484
2010-09-24,-0.09104508845720116,-0.0041185841928578215,-0.07193569801057231,-0.21604440933516045,-0.012645733263744963,-0.006956035888209922
2010-09-27,-0.0895244874154526,-0.0057036758633859375,-0.07230147130793807,-0.21979959423803952,-0.012720654395760311,-0.009214497534954402
2010-09-28,-0.08225986816535069,-0.002104098392459175,-0.06881368245203934,-0.2170688517022059,-0.009328238840327963,-0.004012345263575301
2010-09-29,-0.08204264926188787,-0.0011048310831476282,-0.06909049759587715,-0.2184341539841047,-0.011307773849535963,-0.0025895248729401743
2010-09-30,-0.08397378466924366,-0.003600536129177323,-0.07035443817301879,-0.22075574044728197,-0.013605130237512753,-0.006133619084782271
2010-10-01,-0.08009575132127367,-2.208269937475915e-05,-0.06802829312073788,-0.2174784906769882,-0.010904428653360387,-0.0009480565337316449
2010-10-04,-0.08252399817902989,-0.002987690274830812,-0.06822311366240386,-0.22335030458361738,-0.013965745438121457,-0.005327331198856533
2010-10-05,-0.06767184830562933,0.0,-0.06316652768051811,-0.2077145546217838,-0.0020106387607156107,0.0
2010-10-06,-0.06059458581244326,0.0,-0.06079108840398528,-0.20778298875162282,0.0,0.0
2010-10-07,-0.0679809858262792,-0.003371463389161833,-0.06292370591014973,-0.20873892800281135,-0.0003260157514677342,-0.00487243033397633
2010-10-08,-0.05520339625296222,0.0,-0.058279958437504,-0.20430105746597393,0.0,0.0
2010-10-11,-0.05552387261733849,0.0,-0.058046186334225425,-0.20354993770217655,0.0,0.0
2010-10-12,-0.05712630877670599,0.0,-0.05883977100195781,-0.20109182790941127,0.0,0.0
2010-10-13,-0.04808451630834998,0.0,-0.05436797728001008,-0.19487880915783873,0.0,0.0
2010-10-14,-0.04767896461221255,0.0,-0.05089528307693347,-0.19801960458456236,-0.00461554492054328,0.0
2010-10-15,-0.05591611477062475,-0.0013061104115208444,-0.053813873068606966,-0.19638097969941548,-0.0050835180883247455,-0.0018000044327939335
2010-10-18,-0.04991323511425072,0.0,-0.05346895597604295,-0.19242083733710935,-0.0002473293746830807,0.0
2010-10-19,-0.06395489592654924,-0.011103784273625683,-0.05929167604761376,-0.20300370641178822,-0.006860227131814667,-0.015881157868565143
2010-10-20,-0.05438120731161178,-0.005221598429478225,-0.05764878914517413,-0.1952200829887999,-0.00124514483583138,-0.007427293477535568
2010-10-21,-0.0614716649780116,-0.008106074447603695,-0.05952839194600412,-0.19344493477406488,-0.002085181995716834,-0.011573315379101223
2010-10-22,-0.05753157413570442,-0.0067997094603873265,-0.05953986540656875,-0.19194276423248802,-0.0008369068507874111,-0.00977411657040661
2010-10-25,-0.05235773282719225,-0.004193142338111189,-0.05748054233037658,-0.18955322654159767,0.0,-0.00595059792516428
2010-10-26,-0.0556943202822382,-0.0028766270627625934,-0.057648208511948074,-0.18941635828191983,-0.0025050403036755986,-0.004136832634843435
2010-10-27,-0.06304105305839236,-0.00563713599391702,-0.060580557643564625,-0.19173808271713288,-0.00650131250362862,-0.008104682825876619
2010-10-28,-0.05793735976019865,-0.0031710535686156893,-0.05778882051789669,-0.19160155938754486,-0.0041467363665010915,-0.004482525406854343
2010-10-29,-0.052681536008683416,0.0,-0.05621994776817307,-0.1909868939673175,-0.0019552926438493046,0.0
2010-11-01,-0.052302177049704635,-0.0006973967461390007,-0.056551033674881235,-0.1907135023780513,-0.0024212321786215574,-0.0010140703208012525
2010-11-02,-0.04338404391987927,0.0,-0.05569384644956432,-0.1842956641390877,0.0,0.0
2010-11-03,-0.045585995180810635,0.0,-0.055786003289026054,-0.18101869031286588,0.0,0.0
2010-11-04,-0.026239033630320874,0.0,-0.04955843902921586,-0.1652465549934805,0.0,0.0
2010-11-05,-0.027983851890633904,0.0,-0.049453211156542554,-0.16210596652481057,0.0,0.0
2010-11-08,-0.023835898244099374,0.0,-0.04782205441097498,-0.16367622626613643,-0.0010175234189092608,0.0
2010-11-09,-0.03824637272271314,-0.005502214177448339,-0.05149248986452237,-0.16968442553031782,-0.008692142699816108,-0.007908218734942407
2010-11-10,-0.02920579955985969,0.0,-0.04723695666499916,-0.16633894858823894,-0.004805690410055297,0.0
2010-11-11,-0.03155812458453322,-0.001206975404281052,-0.04752789161879156,-0.16947974401496257,-0.007514206284368274,-0.0016555692700574998
2010-11-12,-0.052207502817990026,-0.009310555608895155,-0.05404967972476016,-0.17931163129787997,-0.017876096604059533,-0.01344719418322382
2010-11-15,-0.06222010678005596,-0.010287206246146319,-0.0565747615447707,-0.18047225206442363,-0.02370658185393537,-0.014850396143541778
2010-11-16,-0.07027061670453816,-0.01860814291155577,-0.06132735507154119,-0.1932399773146375,-0.03009388736000307,-0.026798506926614785
2010-11-17,-0.07222580287073,-0.01849710050787967,-0.061553246052368005,-0.19283047631189132,-0.030906360460368543,-0.026639393535569433
2010-11-18,-0.05757593019054652,-0.009608052617400276,-0.059157984440450284,-0.18095025618302685,-0.02322079980635572,-0.013798308868257836
2010-11-19,-0.05645498654851022,-0.007624181440683331,-0.059161791916599316,-0.1786971038496885,-0.02079820040302105,-0.010950052310704228
2010-11-22,-0.051414257864936586,-0.004155562582656258,-0.056496319678616236,-0.17937985846966498,-0.01923254547999198,-0.0059704803256488415
2010-11-23,-0.05454315501312823,-0.007256529942224033,-0.05537166478451694,-0.19126000961251155,-0.027036822744137656,-0.0104234031512499
2010-11-24,-0.05090927420126279,-0.0008510384817541627,-0.05525006336245075,-0.17931163129787997,-0.022549868189730593,-0.0013041174186870785
2010-11-26,-0.05215086234136257,-0.006895089055405035,-0.0564655488019572,-0.1888703339495852,-0.027803251172936805,-0.009983305498941553
2010-11-29,-0.049311865459418125,-0.006511025018122618,-0.05729385995843472,-0.1864123621288558,-0.025192811483042643,-0.009432892452126529
2010-11-30,-0.04968534951063808,-0.004804733191902666,-0.05613792967585829,-0.19098689396731738,-0.027831537275314622,-0.006980831877642202
2010-12-01,-0.04377552706532084,0.0,-0.05650652619008656,-0.17378109122221186,-0.02054015503461548,0.0
2010-12-02,-0.03935149996378717,0.0,-0.057278765792974085,-0.1631982221475331,-0.013867946656442642,0.0
2010-12-03,-0.033923158830649114,0.0,-0.0532096919847973,-0.16094506981419487,-0.012203482260327858,0.0
2010-12-06,-0.028130264655359616,0.0,-0.05246607050526697,-0.1618329198656343,-0.010448221486503817,0.0
2010-12-07,-0.03997369373435644,-0.0024765128916702794,-0.05599701917316857,-0.16135457081694116,-0.01649068239455731,-0.0035714160049302723
2010-12-08,-0.04544108366083932,-0.003212991312855462,-0.05973030149175962,-0.15828234749209225,-0.017508970966679027,-0.004633714836237091
2010-12-09,-0.04424548525335603,-0.0016068137530156346,-0.06049989791037613,-0.15500475279170867,-0.014347476911964252,-0.002396917409166588
2010-12-10,-0.04554742444644233,0.0,-0.061536599217427046,-0.1500889471222857,-0.013996862821134659,0.0
2010-12-13,-0.038647022779439655,0.0,-0.05949755259909395,-0.14954264684587926,-0.012405645732203041,0.0
2010-12-14,-0.045647661666309514,-9.00097532140487e-05,-0.06128328624222501,-0.14879159606809989,-0.015816150018351904,-0.00013001002538204354
2010-12-15,-0.04996480679895532,-0.0030016321101231647,-0.06043661900470587,-0.1526834422726031,-0.02013894713603459,-0.004246417514123468
2010-12-16,-0.04621725983693403,-0.0015639333609807071,-0.06102238494952106,-0.14776749863114436,-0.014398933696191274,-0.002175434742004101
2010-12-17,-0.03824533288896703,-0.0007176030256542676,-0.06063270247100205,-0.14685474462721315,-0.010547441175201233,-0.0010351162250299417
2010-12-20,-0.034910290116895615,0.0,-0.059368520505019284,-0.14479585692051478,-0.009102910694221755,0.0
2010-12-21,-0.02956976849011772,0.0,-0.0590187074877212,-0.13937369387909793,-0.004394698424052268,0.0
2010-12-22,-0.029413796045182128,0.0,-0.05888560684581545,-0.13669689840932675,-0.0035028803211045734,0.0
2010-12-23,-0.032245890321314974,-0.002090816325520106,-0.06062300368981166,-0.13793230001936396,-0.005710918069719129,-0.0030065153005461864
2010-12-27,-0.031381792345486104,-0.004025008873828284,-0.06183333049137196,-0.13758868066379137,-0.004025968677720426,-0.005788760882690647
2010-12-28,-0.03159099730451176,0.0,-0.05950678699641654,-0.1363534860118082,-0.007066134332092355,0.0
2010-12-29,-0.024220159419908627,0.0,-0.058377595363186985,-0.13573578520678975,-0.0024577987229508214,0.0
2010-12-30,-0.028851284506495878,-0.0019116283427682568,-0.06005416388708518,-0.13710840000659485,-0.004208205803156839,-0.0028235277920596324
2010-12-31,-0.01829623566529648,0.0,-0.056985859786007564,-0.1369024767429159,-0.002201957219117534,0.0
2011-01-03,-0.01832298623869999,0.0,-0.05852633124694817,-0.12797996314904847,0.0,0.0
2011-01-04,-0.02474921022511678,-0.005052904357109034,-0.06241083506109135,-0.1284601748202272,0.0,-0.0073348090429965485
2011-01-05,-0.027126783493532147,-0.003524742716140117,-0.06198270506663428,-0.12393034592141872,-0.0011502957743143583,-0.00511694708286059
2011-01-06,-0.03010555540875981,-0.005392977047891101,-0.06266997343854042,-0.12564637311874216,-0.0003013295193895482,-0.007829073080287907
2011-01-07,-0.030194976285969122,-0.006944435595262033,-0.06284697454627997,-0.12736219335801202,0.0,-0.01000077038847147
2011-01-10,-0.024404702264840705,-0.00565718101089685,-0.06147962235252724,-0.1284601748202272,0.0,-0.008213870334645823
2011-01-11,-0.020513394629827708,-0.0035795166429676284,-0.060189745215917134,-0.12537146383708053,0.0,-0.005198408624062956
2011-01-12,-0.01670595766874927,0.0,-0.05882051514187481,-0.11747849757558959,0.0,0.0
2011-01-13,-0.017335194356237094,-0.003829967633303344,-0.060544362573648924,-0.11891975346328743,0.0,-0.005558692782553498
2011-01-14,-0.018858537707625578,-0.003345565199399436,-0.06315674221205203,-0.11253668417738705,0.0,-0.004856030575321135
2011-01-18,-0.0179867124120493,-0.0014174018412946854,-0.061996621350147274,-0.11102692517383217,0.0,-0.002059091082069364
2011-01-19,-0.021677434524479122,-0.0063101725820623455,-0.0630112630917713,-0.11974351550402074,-0.004950734668478174,-0.009240838911213856
2011-01-20,-0.03622685316310048,-0.012154366289846674,-0.06848376749530416,-0.12091041399820068,-0.008807861961861896,-0.017722758581523723
2011-01-21,-0.031919226610191975,-0.011850510079523757,-0.06918114948358745,-0.1189197534632872,-0.00614838833275122,-0.017201533666325153
2011-01-24,-0.032857052263839615,-0.010635643209426338,-0.07013433938929914,-0.11390922999117414,-0.0026823424887824077,-0.015439513744113675
2011-01-25,-0.03278484052971442,-0.011458525854257773,-0.0706992183840961,-0.11342929426406723,-0.0003843838526843557,-0.016714718160351638
2011-01-26,-0.027050239966191048,-0.006764536016416578,-0.06764654792833391,-0.10999730885543813,-0.00042819406808003446,-0.00982218419246128
2011-01-27,-0.030953158103351974,-0.009685532940829966,-0.07230669170287007,-0.10780093201489993,0.0,-0.014142337958404028
2011-01-28,-0.028842777129086006,-0.012342047528266509,-0.06889008435474608,-0.12338114823225721,-0.00882214454289787,-0.017917414512699237
2011-01-31,-0.0242297176994809,-0.009544188896405625,-0.06858976984918952,-0.1167922246686961,-0.005883468159809557,-0.01385727095604461
2011-02-01,-0.016649128029909588,-0.0025888769351413154,-0.06748060249581711,-0.10265291940894683,0.0,-0.0037962259784481978
2011-02-02,-0.016871592478340025,-0.0035179968558279873,-0.06839587520527135,-0.1043688776202526,-0.0020900770485233755,-0.005140605269301157
2011-02-03,-0.0189718231871574,-0.0003876140595954203,-0.06757035104657083,-0.10237876897348275,-0.002996848545947839,-0.0006126307692538857
2011-02-04,-0.024080743174028973,-6.3290087423117924e-06,-0.06928959872731066,-0.09983897973542599,-0.003702954689370097,-0.00014116608729419777
2011-02-07,-0.02179819954739215,0.0,-0.07045648677895788,-0.09421103140236597,-7.865055877109839e-05,0.0
2011-02-08,-0.019305031505646997,0.0,-0.06881346420561096,-0.09009277308684294,0.0,0.0
2011-02-09,-0.017828575781879796,-0.0023573826758547245,-0.06961286724436966,-0.09215186775159556,0.0,-0.003478421402306142
2011-02-10,-0.02401813815046605,-0.002499930643777293,-0.07083965532329861,-0.09180852434009468,-0.001039974398530985,-0.003605338993824647
2011-02-11,-0.019427591073807537,-0.0021658210486436014,-0.07195813710180932,-0.08638643028469595,0.0,-0.003123847609889152
2011-02-14,-0.015364945043198186,0.0,-0.07102196487865808,-0.08418991547212162,0.0,0.0
2011-02-15,-0.017463077586106213,-0.0006665622409031124,-0.07049496152709711,-0.08707291014964336,-0.001045142247441122,-0.0010401531658092988
2011-02-16,-0.013778212795023337,0.0,-0.06965534692975328,-0.08130733471070772,0.0,0.0
2011-02-17,-0.00793956202587387,0.0,-0.06796421253693685,-0.07856189815304371,0.0,0.0
2011-02-18,-0.0043019904042447266,0.0,-0.0660699308556747,-0.07664043059416703,0.0,0.0
2011-02-22,-0.005086597951329153,-0.006118928673973678,-0.06498155347324786,-0.09517173068879536,-0.008599746683220943,-0.008791763665271679
2011-02-23,0.0,-0.0061054000574959355,-0.06247542449202981,-0.10073158982210595,-0.013259810499449243,-0.008850590074778286
2011-02-24,-0.0017095761933451081,-0.008894415884637796,-0.06290600483956543,-0.10134929062712439,-0.012666142789411916,-0.012857750595392403
2011-02-25,0.0,-0.0015084334890343998,-0.06040710890595091,-0.09173981426618372,-0.005019723175730517,-0.002246813862988195
2011-02-28,0.0,0.0,-0.06124490200910371,-0.08611193491914204,-0.0014529063806846265,0.0
2011-03-01,0.0,-0.0010713007233725813,-0.05638080117982036,-0.10134929062712428,-0.010987586566470364,-0.0015568372464683788
2011-03-02,-0.0012856397534233288,0.0,-0.05563795120062687,-0.09942727118010375,-0.011828749759675072,0.0
2011-03-03,-0.0004764918658350936,0.0,-0.057944539028059405,-0.08391569605063942,-0.004361173597063339,0.0
2011-03-04,0.0,0.0,-0.0549352052389529,-0.09077939092382614,-0.006030852685000254,0.0
2011-03-07,-0.00399202390135045,-0.00108576745363409,-0.05438140491154653,-0.09791723623247683,-0.011696596161595019,-0.0014943574327643816
2011-03-08,-0.004308367453588313,0.0,-0.05458306776918287,-0.09002413199894976,-0.007465150291071421,0.0
2011-03-09,-0.0019801381127257933,-0.0006479579806313307,-0.05518146539077784,-0.0913281057108617,-0.006004601185633174,-0.0009390553526245071
2011-03-10,-0.01019470603310313,-0.010455764220874797,-0.05773056930239717,-0.10814372353825608,-0.013641428792983024,-0.015149514811359621
2011-03-11,-0.010972030220296358,-0.008064086792900826,-0.05808121581260817,-0.10196678447408858,-0.01053511561056264,-0.011764644964716187
2011-03-14,-0.011720195023108837,-0.00988217883963971,-0.0570832601257365,-0.10738901650152344,-0.01318922959796498,-0.014399365999836267
2011-03-15,-0.025419358959795413,-0.01847896668771931,-0.06233951676165683,-0.11761584873739261,-0.018436140531266743,-0.026935258082887104
2011-03-16,-0.02509967970889293,-0.024152899039956433,-0.06042808537581357,-0.13395111692157236,-0.025715116624179024,-0.03515627287482004
2011-03-17,-0.014041832306845525,-0.018926783590539897,-0.058464674882975576,-0.12248902104770198,-0.019444183040330243,-0.02758453854703946
2011-03-18,-0.008046388118993608,-0.014629520646089578,-0.05675519362870651,-0.1192973139397071,-0.017608815401045308,-0.021358545269450913
2011-03-21,-0.0021214371288594824,-0.007367822358798182,-0.05686997983349884,-0.10564863723985152,-0.010761826948957443,-0.010837765288503776
2011-03-22,-0.0018771666646905105,-0.008367220697855893,-0.05780451707847645,-0.10875045556641505,-0.012581208248773734,-0.012125747941588938
2011-03-23,0.0,-0.00521742686534199,-0.056877852299341614,-0.10619976653751673,-0.011423276141269034,-0.0076425114155661555
2011-03-24,0.0,-0.003877369540094766,-0.05750554749924763,-0.09765184702129648,-0.007877955309997686,-0.0056209681054770755
2011-03-25,-0.0007745074276477304,-0.0025251655011370167,-0.058640593520976614,-0.09489454486853954,-0.007142230117710202,-0.0036620040856557567
2011-03-28,-0.004687175446812741,-0.0038752364255564276,-0.05957955015312133,-0.09710057975159536,-0.008459868214566568,-0.00569886962456867
2011-03-29,-0.003302161039113183,-0.001426492513820321,-0.05965222191874442,-0.09103436324629044,-0.005640534273113285,-0.0020710291147166826
2011-03-30,0.0,0.0,-0.05895708015094614,-0.08476132665907299,-0.00015618115787108255,0.0
2011-03-31,0.0,0.0,-0.05547924749626787,-0.0860022471505486,-0.001998749564168456,0.0
2011-04-01,0.0,0.0,-0.05597531696094582,-0.08214165161219156,0.0,0.0
2011-04-04,0.0,0.0,-0.054192552036743336,-0.08138349527456001,0.0,0.0
2011-04-05,0.0,0.0,-0.051580927466109094,-0.08152132933848966,-0.0021067296570120853,0.0
2011-04-06,-0.002434294357521072,0.0,-0.05144604907727002,-0.07862598616374894,-0.0019317359808822543,0.0
2011-04-07,-0.0020915754250860896,0.0,-0.050615417007838115,-0.0809696481526807,-0.0034202310465620833,0.0
2011-04-08,0.0,0.0,-0.047991561951446826,-0.08414114235740677,-0.006650764873177173,0.0
2011-04-11,-0.008282578866842916,-0.00437610310190617,-0.05039210503547553,-0.08689789262201986,-0.007936729268283704,-0.006334699091528617
2011-04-12,-0.013282879898869338,-0.0089959456353631,-0.052075205303740546,-0.0937228863391183,-0.010164436397363308,-0.013101988960419475
2011-04-13,-0.008206033215839348,-0.007641010003140325,-0.051384427610489114,-0.09379180337108317,-0.008664225009812565,-0.011140826304321783
2011-04-14,-0.0038609030966610947,-0.0031587330102327282,-0.049300846540815235,-0.09310194319125453,-0.009543961775743126,-0.00457291106756863
2011-04-15,0.0,-0.0002668633231488471,-0.04703133280311289,-0.08979351174083228,-0.004464392530729389,-0.0004670092455192343
2011-04-18,-0.0031447392229618787,-0.002149461080141135,-0.04687356417501509,-0.09999578495429973,-0.01014276589991503,-0.003112616496924847
2011-04-19,0.0,0.0,-0.04660242455922636,-0.09482562783657422,-0.006249638661983359,0.0
2011-04-20,0.0,0.0,-0.045702600684738526,-0.08248616778599771,0.0,0.0
2011-04-21,0.0,0.0,-0.04545121255555018,-0.07779884380813429,0.0,0.0
2011-04-25,0.0,-0.000981857909875039,-0.04508013089832774,-0.07876402718573239,0.0,-0.0014144557825446213
2011-04-26,0.0,-0.0018332791200288412,-0.04548438540573552,-0.07083642994321393,0.0,-0.002640699529615209
2011-04-27,0.0,0.0,-0.042443593342969654,-0.06477048938198093,0.0,0.0
2011-04-28,0.0,0.0,-0.041571060784406644,-0.06173710518525655,0.0,0.0
2011-04-29,0.0,0.0,-0.03866888286240899,-0.059531277260254534,0.0,0.0
2011-05-02,-0.008273914123772208,-0.007160683809419366,-0.0408325497991453,-0.0609791558056787,-0.0010469058639670514,-0.010404046614414963
2011-05-03,-0.01453841820527546,-0.012658874275179977,-0.042364042984149086,-0.06435712516222736,-0.002141137390438419,-0.018392493416155564
2011-05-04,-0.02395489177350829,-0.019543292317772964,-0.045352718581684326,-0.07056110674544425,-0.005080236300865959,-0.02855662938973269
2011-05-05,-0.04808780676376789,-0.03153618637020472,-0.051861592383143695,-0.07897098523968094,-0.00845025834897839,-0.0459811993951299
2011-05-06,-0.04525626961237428,-0.02723257584738159,-0.04955913017352531,-0.07490398353551919,-0.0056433062233216535,-0.039728520020117286
2011-05-09,-0.030331367704279022,-0.02001748618282284,-0.04594536883507083,-0.07131905612502176,-0.0027619453728754406,-0.029245837566287625
2011-05-10,-0.02670283718236177,-0.015831901116615588,-0.04539371263944636,-0.06339187279861114,0.0,-0.023164660439497387
2011-05-11,-0.043326633165814865,-0.02551412965523059,-0.0493310768963271,-0.07324935389420018,-0.004843904920135755,-0.037232059546892904
2011-05-12,-0.04427833998736863,-0.02478847370735271,-0.049131810475930626,-0.06883776703021416,-0.0029215492818988054,-0.03617782088303978
2011-05-13,-0.045187971534133675,-0.02724757328067684,-0.05133444711086044,-0.07600686300501092,-0.005923477551179723,-0.0396699148004549
2011-05-16,-0.05136973047273541,-0.032049887000592414,-0.05244544137793161,-0.08186625942840353,-0.008684632059219766,-0.04664741201436262
2011-05-17,-0.049547048005473826,-0.033230656472713394,-0.053851126805682714,-0.08200395552029727,-0.007584311406463429,-0.048363045754994505
2011-05-18,-0.042748356865072834,-0.027638018504889672,-0.052113028192513844,-0.07380110406602725,-0.004686574789395603,-0.04015668225178837
2011-05-19,-0.04406431707483138,-0.025573197691163507,-0.052428981855805246,-0.0715948622249174,-0.0028555456906180776,-0.03731849544708932
2011-05-20,-0.04385094101707199,-0.02673448892461383,-0.05059713893447848,-0.07897098523968105,-0.006583371685733752,-0.03892506925969441
2011-05-23,-0.05121105543672966,-0.03147074397961336,-0.051490927674017195,-0.08965581564893854,-0.012846110999728766,-0.04580672654921836
2011-05-24,-0.04327275186703261,-0.02915019849285727,-0.04937010766573269,-0.09041376502851617,-0.012905163469210446,-0.042435337868083955
2011-05-25,-0.03608245826797407,-0.024311989631617292,-0.047985452984140475,-0.08738051880382791,-0.010928170112250557,-0.035406030651625287
2011-05-26,-0.03113541293650035,-0.023210676087847215,-0.04773682261665768,-0.08317595897980834,-0.005998000666911141,-0.03380606668506325
2011-05-27,-0.026095785207139066,-0.02011544690732514,-0.04550207184478505,-0.0796601555593297,-0.0037976722330849144,-0.029309115589961743
2011-05-31,-0.02104879854742947,-0.015906485366321554,-0.04606146551215762,-0.07007841157761807,0.0,-0.02319133137688345
2011-06-01,-0.02977289039827935,-0.026417517414041858,-0.04563216654476632,-0.09096544621432501,-0.010179962269171505,-0.038270911790862394
2011-06-02,-0.033296744497749,-0.026639098110997406,-0.04534828550565351,-0.09193062959192311,-0.013210889093829392,-0.03859057510269037
2011-06-03,-0.03288224306526333,-0.027686840704930327,-0.04407766512998279,-0.10096103731791561,-0.01745989135775372,-0.04010166295888584
2011-06-06,-0.04007813423230289,-0.031017800034819798,-0.04353271774129208,-0.11047345035155465,-0.023846385584357255,-0.044905662998946605
2011-06-07,-0.03619514164588111,-0.030592780330676028,-0.04329234007057425,-0.1110252695093994,-0.023455308496023286,-0.044371839147097525
2011-06-08,-0.036974576071681864,-0.03382279917119624,-0.04554896263225783,-0.11474761706771874,-0.024985371348077656,-0.049030112219395794
2011-06-09,-0.03309410362145604,-0.030029778932487816,-0.04494914927879645,-0.10799216125674715,-0.02224541892714671,-0.04348110333269062
2011-06-10,-0.04232631097993744,-0.03725445903273128,-0.04725479328316551,-0.12040040036725241,-0.02896431347902495,-0.053979270383538336
2011-06-13,-0.04718210503687459,-0.03980955583648116,-0.04853237390345344,-0.11971088511751382,-0.02939174853198856,-0.05758542391922494
2011-06-14,-0.0424578142577815,-0.033522882756828465,-0.04688819384067233,-0.10854349751246595,-0.02538288482891482,-0.048598234790779515
2011-06-15,-0.04911062544354827,-0.03944393845228866,-0.04707367483395519,-0.12439834706741304,-0.031294870879284176,-0.057137378337547506
2011-06-16,-0.05020571831052101,-0.04035680546749898,-0.04850008541024675,-0.12246839422832456,-0.028928822441567026,-0.058453978076195234
2011-06-17,-0.04978621616102996,-0.038196920436552095,-0.047333065802252605,-0.11984961599967714,-0.027529785959162778,-0.05533921795971575
2011-06-20,-0.050588346253710226,-0.03738793264325091,-0.048575284941529295,-0.1153466916478818,-0.02524696878831123,-0.054172806071297486
2011-06-21,-0.04289276455443425,-0.030978560356214935,-0.0461836442298692,-0.10322336479164562,-0.017964562321892585,-0.04485061089570852
2011-06-22,-0.045044697328669336,-0.032564523890002306,-0.0468302003471438,-0.10862697059422532,-0.021617337005245707,-0.04721687574069111
2011-06-23,-0.04878488606282627,-0.03678765043941579,-0.04798302534939003,-0.11119000812034252,-0.021153647371729645,-0.05330728918550831
2011-06-24,-0.05559642281664223,-0.04224055413592531,-0.0480630720511519,-0.12151252396315415,-0.02611158103118516,-0.06109219405472077
2011-06-27,-0.05723277785975878,-0.04115883136088072,-0.04833769551254807,-0.11368399064245904,-0.022638224835090814,-0.05953232457987934
2011-06-28,-0.051281516379649505,-0.03582313849621421,-0.04844626369922378,-0.10211503542673328,-0.018910284418674372,-0.051837516184856325
2011-06-29,-0.04360005051753302,-0.030790749886435154,-0.04680853954971742,-0.09442557791829176,-0.016356745459526034,-0.04465914496556589
2011-06-30,-0.044302738585078605,-0.02877507307622673,-0.04858677596588912,-0.08576610801099283,-0.0121425065602081,-0.04174961504833896
2011-07-01,-0.04087496874962837,-0.026983782971570003,-0.049562043011615375,-0.0722571279975529,-0.0043719696311811385,-0.03910437436657288
2011-07-05,-0.03373805060270907,-0.02275892817658043,-0.046478326329909336,-0.07301907856617362,-0.00238680628696164,-0.033048249818476316
2011-07-06,-0.030147811567260763,-0.020955494852802126,-0.044907610107983276,-0.07191102514533287,-0.0009658893613508912,-0.0305405892311732
2011-07-07,-0.0214917194124008,-0.016167067283677672,-0.0442164766091373,-0.06228119790908726,0.0,-0.023598929532432145
2011-07-08,-0.020276018867071643,-0.01837351218994332,-0.04328072899836222,-0.06893193294476097,-9.686176703704863e-05,-0.026761918229343484
2011-07-11,-0.025062835952965434,-0.024760937084559065,-0.04207046431553374,-0.08576610801099271,-0.007923903948383382,-0.035841012885330814
2011-07-12,-0.022057939935640314,-0.02493587769127492,-0.04016149585794848,-0.08971486768033166,-0.009897878368691937,-0.03616928491866278
2011-07-13,-0.011828516500402286,-0.01890559065546593,-0.037600015037475676,-0.08666658250372306,-0.007270594186006174,-0.027602481359807363
2011-07-14,-0.02036635410704013,-0.020892884589983174,-0.038912384601871075,-0.092970800771069,-0.013647704295370655,-0.030451274980928256
2011-07-15,-0.01391972979392464,-0.01797504398003913,-0.03754146690333349,-0.0877055119345449,-0.008600041554725935,-0.026268593010089214
2011-07-18,-0.017440891083068233,-0.01809507150224432,-0.03595051374919478,-0.09518732152885812,-0.013679636439402953,-0.026440782747952363
2011-07-19,-0.008475121106048866,-0.01714575666740481,-0.03789910110321726,-0.08050081917446883,-0.0026705525572631172,-0.02507999037487385
2011-07-20,-0.008699035279240208,-0.013598852852482302,-0.03703007522219537,-0.08105532878701482,-0.005004366382050707,-0.019918089887548396
2011-07-21,-0.008559286160020552,-0.0115028852683432,-0.038504614303157214,-0.06830829934219562,0.0,-0.016913578928204442
2011-07-22,-0.002002315979022562,-0.008825652806103368,-0.036523985802716874,-0.06768487269768442,0.0,-0.013153399039737113
2011-07-25,-0.00574543301548891,-0.00977833861339461,-0.03487781154788239,-0.07288055464206367,-0.004618598937806695,-0.014519395231013865
2011-07-26,-0.003232432603400781,-0.009866136621269117,-0.03482682749092558,-0.07634461854905494,-0.005166560210630999,-0.014645362333630674
2011-07-27,-0.013384153187779968,-0.017764729141545477,-0.03546952211352894,-0.09525651450489458,-0.01800286756157421,-0.025968091703598706
2011-07-28,-0.013168937228085764,-0.018995424938181182,-0.03420518805743589,-0.09788929689519255,-0.01891830795256566,-0.027732460252306357
2011-07-29,-0.00811735219331522,-0.020377033693312452,-0.030672188428197966,-0.10405478428037473,-0.018057857848638448,-0.02971183580217529
2011-08-01,-0.00855735204269037,-0.022711092356872187,-0.03150034221299958,-0.10786488205356815,-0.019134675995893136,-0.03307134430176417
2011-08-02,-0.00842146541212141,-0.02764738845448078,-0.028964964801489246,-0.13065675861881787,-0.030490575482249094,-0.040175179454050136
2011-08-03,-0.010978711138424746,-0.02557140185384177,-0.03120138124310523,-0.125946117366876,-0.0270739596013595,-0.037187848181062466
2011-08-04,-0.03480534568798743,-0.04682878769217158,-0.03387376155718358,-0.1668882842494347,-0.048729102734267116,-0.06777849264382607
2011-08-05,-0.04407196923430445,-0.04672170322496072,-0.03552995751308008,-0.16813499956642108,-0.05421843609019705,-0.06762443620098124
2011-08-08,-0.06309825165639049,-0.06257238296776169,-0.028573454134388165,-0.22230868469809228,-0.08349693170642203,-0.09043454191860567
2011-08-09,-0.041069004568072165,-0.050628887804824,-0.02550140201518114,-0.18614649001554828,-0.05736277527009226,-0.0732472764608636
2011-08-10,-0.03746480064279556,-0.05691860946226035,-0.015191149824328676,-0.22210103678396387,-0.07561880542773103,-0.08229861388239579
2011-08-11,-0.037705645697468926,-0.04617063216039319,-0.025309775516357824,-0.18718569539044216,-0.05872447786583934,-0.06683170095922186
2011-08-12,-0.03031995504688212,-0.04465413036197208,-0.025502090055035898,-0.18171289661182588,-0.0522922273065215,-0.06464943408733692
2011-08-15,-0.02184348767171107,-0.03659057310290459,-0.025064293177883834,-0.16439402578324658,-0.04241969426337422,-0.05304564444250215
2011-08-16,-0.020691594983032857,-0.03799940909144439,-0.02366876343001245,-0.17152945658126784,-0.0452365150252223,-0.055073084678421425
2011-08-17,-0.013143962345092963,-0.03755796656445043,-0.02225666020940864,-0.17097536088482945,-0.041999033930200325,-0.054437889898073855
2011-08-18,-0.03248459845815954,-0.04888130902715604,-0.022585858138329584,-0.20672170785097277,-0.06335010279135311,-0.07057597149315276
2011-08-19,-0.028674178978243536,-0.05010518454363855,-0.01984852646254298,-0.2196764541959383,-0.07143027186363993,-0.07249410210817131
2011-08-22,-0.0251173073856924,-0.0464611280948003,-0.015905256298989756,-0.21905268262133726,-0.07177824734039062,-0.06709334692305546
2011-08-23,-0.023028231487456585,-0.04376209303384415,-0.024387226303032472,-0.1933515277057143,-0.05655364688586195,-0.06336618370878122
2011-08-24,-0.037412006507734685,-0.04527935624987811,-0.03461690318895705,-0.18199001344606303,-0.05351204891686723,-0.06554963482732934
2011-08-25,-0.03617588755654477,-0.04845681538811897,-0.03259592416987955,-0.19445992605664508,-0.059197828741922254,-0.06996534418354605
2011-08-26,-0.02181779045280452,-0.040427907089823134,-0.02704757021335369,-0.18275237793079158,-0.050181775821706465,-0.05856818699315525
2011-08-29,-0.01751283773738732,-0.03448032057920114,-0.03162089808150215,-0.15926774377295805,-0.03745258624328607,-0.050009334500134006
2011-08-30,-0.005212931848836311,-0.03014585461017172,-0.025577625311451135,-0.15705067112702475,-0.03316139866317558,-0.04377183306582155
2011-08-31,-0.007881460649362237,-0.028912798247004656,-0.02790821335271887,-0.15330962835783224,-0.032201755634951756,-0.04199593677996338
2011-09-01,-0.00666872600598889,-0.03329476884421667,-0.028432663891138077,-0.1621772980674031,-0.03519852593904349,-0.04827678022745152
2011-09-02,-0.002433798326832437,-0.037278093119288536,-0.024716325741569123,-0.18358338350341297,-0.0463007346433556,-0.053986232867157646
2011-09-06,-0.009180135739210726,-0.04172343943191803,-0.028924679743386972,-0.18954136094650287,-0.049858995882650525,-0.06028056092131473
2011-09-07,-0.005197661458007152,-0.03653927928046241,-0.03204930854176791,-0.16668029140521645,-0.036290212422167345,-0.052772593939878765
2011-09-08,-0.0038623022438829535,-0.036934951118484216,-0.027875277451920977,-0.17533955435446114,-0.04030782488722717,-0.05333976503771398
2011-09-09,-0.016149382277044322,-0.04668160910209995,-0.031072153479745235,-0.19695363263468935,-0.05321025583585437,-0.06738737384998905
2011-09-12,-0.02086275916744129,-0.04955613205202691,-0.03646708910736096,-0.1917577437322563,-0.050852030079635235,-0.07150757270987484
2011-09-13,-0.02003519320759295,-0.04366605988471384,-0.0345160509522906,-0.18434561001610572,-0.046936362773257634,-0.0629877806467466
2011-09-14,-0.016941960545463153,-0.04141329517007608,-0.03670794484154527,-0.17305349569054518,-0.038966028506115746,-0.05975885247639956
2011-09-15,-0.01635159817288223,-0.03851769437627062,-0.03824145583176497,-0.15878242713644852,-0.03211668464080353,-0.0556085295604839
2011-09-16,-0.012628171626129947,-0.0351352603767614,-0.03723295178074326,-0.1538039131766794,-0.027948906218194458,-0.050760415135598036
2011-09-19,-0.019820988950431606,-0.042091182376142955,-0.042252842264705714,-0.1622295894690341,-0.03052566576935667,-0.060808006666229764
2011-09-20,-0.016972681022062397,-0.041010172744906814,-0.039423389912755846,-0.16320456886118606,-0.030666837450569306,-0.05925858749041191
2011-09-21,-0.025175713872682914,-0.05174083030849952,-0.04454273605564951,-0.18785499773691194,-0.045877857996394655,-0.07463915784456598
2011-09-22,-0.04452525828212661,-0.06904032516733638,-0.05276818994406263,-0.21410693702011008,-0.060190383596303576,-0.0993576140728969
2011-09-23,-0.06377210646564013,-0.0781343230051077,-0.06272296308713332,-0.20937208167585641,-0.0602578670507673,-0.11246970333243322
2011-09-26,-0.06394427805880509,-0.0744085177516951,-0.06660864052922533,-0.1905705633487893,-0.049020706587108887,-0.10712946908572096
2011-09-27,-0.053292284389206634,-0.06598356428252172,-0.060621957602711274,-0.18151835604111421,-0.04544923553689384,-0.09497638333911929
2011-09-28,-0.07311975452186914,-0.07884472777639306,-0.0674597145585849,-0.19823063281357034,-0.0568356596478653,-0.11348807725670862
2011-09-29,-0.06490117588628108,-0.07427539523005555,-0.06644772379604669,-0.1918937841597187,-0.05248970896217853,-0.10693877014248088
2011-09-30,-0.07804966634736532,-0.08309341228129141,-0.06959486182596797,-0.2120879232318057,-0.06387441193278132,-0.11956617843468376
2011-10-03,-0.07863450200338795,-0.08988692945957388,-0.06848624606714393,-0.23450989676863132,-0.07639093090094318,-0.12904399262926325
2011-10-04,-0.07454896274521261,-0.08574203989089746,-0.06873744305146068,-0.2177283580341205,-0.06635621722848362,-0.12326146203158761
2011-10-05,-0.06555442787785071,-0.07771399944995983,-0.0655855150944884,-0.2032443296425107,-0.05760244498309164,-0.11206149447927105
2011-10-06,-0.05344236877776609,-0.06703959364098355,-0.060925784567277486,-0.1888299081430459,-0.04993378616583011,-0.09709838198108245
2011-10-07,-0.06282676069797943,-0.07153669389385642,-0.06382832331837862,-0.19426166024096247,-0.05573408583455286,-0.10344350293656257
2011-10-10,-0.0472487761135203,-0.05666558200422567,-0.05795329941896976,-0.16731303116215546,-0.04041572108956626,-0.08262559026428107
2011-10-11,-0.04501573247900492,-0.056666358936587,-0.05767944506527323,-0.1664773345403111,-0.03860599462227632,-0.08269785223813741
2011-10-12,-0.0433126364221309,-0.05181109076356394,-0.05531114844322671,-0.15916585142439754,-0.03464357638091642,-0.07585310840794679
2011-10-13,-0.04327486275643411,-0.05424880142712751,-0.056935864229870736,-0.16083703771003255,-0.03437076330569544,-0.07932517747852408
2011-10-14,-0.03432436383140447,-0.04748469236917252,-0.05341034873896555,-0.14649222310271237,-0.025966161383131348,-0.06981739346286575
2011-10-17,-0.04235549177259812,-0.05572496350054812,-0.057499938912117354,-0.16278685852230035,-0.035189390674497445,-0.0813135864271618
2011-10-18,-0.03303497396532484,-0.04932202754715043,-0.054497812170188564,-0.14642282316862165,-0.023916721079257797,-0.07245203422558166
2011-10-19,-0.046461288504429876,-0.05700773777567214,-0.05915000536658643,-0.15651982371864714,-0.030543457251567485,-0.0831745143865592
2011-10-20,-0.04930759133022666,-0.0583486005227255,-0.06072800415627133,-0.15282900277054623,-0.028662111309088134,-0.08504522367499001
2011-10-21,-0.04101952078976401,-0.04981910646034671,-0.056509693918695314,-0.13674346397146453,-0.01787352494460881,-0.07307455607656876
2011-10-24,-0.027834847246159256,-0.04319859730968745,-0.05149338699966577,-0.12615928416244393,-0.010507490631907923,-0.06383834782804043
2011-10-25,-0.021690413420288657,-0.04453364608693611,-0.04900020668407623,-0.1431498505314428,-0.01947673307918163,-0.065772083904584
2011-10-26,-0.02031783060728931,-0.03940929943123961,-0.045124519228107784,-0.13444574667050924,-0.015985821372691666,-0.05862308429725749
2011-10-27,-0.0033071962249565656,-0.02254985189808323,-0.03618755530565487,-0.10429388981870413,0.0,-0.035031207543764764
2011-10-28,-0.0014456818331722854,-0.022408578440649363,-0.03645823145703664,-0.10450271049513815,0.0,-0.0348341559017864
2011-10-31,-0.009076094846740435,-0.03540095814286304,-0.04434713829047665,-0.12608960828428106,-0.010490939610373617,-0.05287551854634798
2011-11-01,-0.011060217039379094,-0.045986013791378455,-0.044377677445033736,-0.15046154060541028,-0.022301202300367917,-0.06812918480958008
2011-11-02,-0.0041342200104996785,-0.038828463347788555,-0.041630365689678483,-0.1366041812011568,-0.013844664814976038,-0.057841795575352406
2011-11-03,0.0,-0.028419105951726364,-0.038472862301750066,-0.12086667686279873,-0.005030930924488031,-0.0429154018219704
2011-11-04,0.0,-0.031302011395592855,-0.03788704176211821,-0.12622861511051664,-0.007485834734196728,-0.04710474127697262
2011-11-07,0.0,-0.02707631600277438,-0.03327302810340482,-0.12079720794268989,-0.003335822594964788,-0.041153088414143446
2011-11-08,-0.0009354142722111103,-0.023598655846708283,-0.03527395585534199,-0.10951668326815023,0.0,-0.036191944195544834
2011-11-09,-0.018817114213378505,-0.0385934845977004,-0.04128467206374353,-0.14238362282970696,-0.01875632231914426,-0.05750673043968313
2011-11-10,-0.01856291299724111,-0.03591611723154697,-0.04057967586027589,-0.13430611897011158,-0.015231691822992777,-0.05376385057117705
2011-11-11,-0.008824229408986639,-0.02602325039712594,-0.03683076336620794,-0.11801169050857774,-0.006024235267751865,-0.039574309436636645
2011-11-14,-0.012891793014196518,-0.031049208105310866,-0.039356556373502105,-0.1263677599087879,-0.009202359395854565,-0.046820894207659114
2011-11-15,-0.01089117217777269,-0.02857117985817681,-0.0397902698028052,-0.12205075287545641,-0.006812158377307531,-0.04320922500828017
2011-11-16,-0.019122284421932867,-0.03568291640378618,-0.043241767007442644,-0.1359773742417647,-0.014797251181034587,-0.05343130018494291
2011-11-17,-0.033185204412261915,-0.04654526004606918,-0.04877764000888418,-0.14969531290367477,-0.023290475378993536,-0.0689273408319453
2011-11-18,-0.03250509363657328,-0.04595085709570035,-0.04860478971296822,-0.15060089236173568,-0.025394656513731295,-0.06807941975305809
2011-11-21,-0.04455013830753185,-0.0559872775946787,-0.05448378687320998,-0.1667555551508364,-0.03523365167603165,-0.08239725688519939
2011-11-22,-0.03800013535608393,-0.054390401473688677,-0.05230430555170207,-0.17002887271810507,-0.03622887551944387,-0.08004264465512057
2011-11-23,-0.04693694560325512,-0.06291351308977788,-0.053277217206878946,-0.18834279787006925,-0.0472634651874797,-0.09227818307161295
2011-11-25,-0.05706724954106479,-0.06578902777109596,-0.055902669166077334,-0.18987449442734272,-0.05086220883380754,-0.09638042567533844
2011-11-28,-0.03845780642554131,-0.053090541664167046,-0.05028393503514972,-0.16640752069011278,-0.03492162557095324,-0.07826512927771256
2011-11-29,-0.03682865574977623,-0.05257736408373148,-0.04984799521715133,-0.16404012751099473,-0.03408140920193148,-0.0773799048628625
2011-11-30,-0.02077488207163458,-0.03633040839620516,-0.045178579067618574,-0.12964059457393085,-0.013104273910117148,-0.0542787056915921
2011-12-01,-0.023912022569177904,-0.03711917759225103,-0.04612118107445207,-0.12977994633025625,-0.013313199251260177,-0.055326899515625416
2011-12-02,-0.016899797955808094,-0.03708032199492017,-0.04470517065576951,-0.13054582910190193,-0.012082994017334259,-0.05534800707953069
2011-12-05,-0.016770066575715004,-0.035642561500452086,-0.04629433826248763,-0.12107556652525076,-0.005868788508087364,-0.053298117310801585
2011-12-06,-0.01693687535835353,-0.0332684412759362,-0.045834099755906466,-0.12079720794268989,-0.0067074095188052185,-0.04998947001746479
2011-12-07,-0.018414462498101414,-0.03286964373864887,-0.04620093781331036,-0.11752430429152894,-0.0026913628958648017,-0.04934441805608236
2011-12-08,-0.03108571227851087,-0.045327071811502195,-0.05232495009263205,-0.13688316065787964,-0.01384433471923896,-0.06710678439970341
2011-12-09,-0.029075234526673266,-0.03817615598767732,-0.05167841576204635,-0.12225971152392667,-0.006636178267888981,-0.05683424246420454
2011-12-12,-0.037307460775199086,-0.04765576034126451,-0.056229921582862996,-0.13507227768582963,-0.013982962524492604,-0.07035072447862811
2011-12-13,-0.04078143550029523,-0.05492300394400773,-0.059913376478007874,-0.1431498505314428,-0.017650994924523267,-0.08071268664477771
2011-12-14,-0.053598270658601344,-0.06520693270623312,-0.06693035172573703,-0.15227187168931655,-0.022181910347041423,-0.0954524529144376
2011-12-15,-0.054994058246321864,-0.06391261713530882,-0.06802422164054012,-0.14920785770060785,-0.02044006905824447,-0.09353049714792028
2011-12-16,-0.04666702648039989,-0.06101151185547837,-0.06486496213017501,-0.14794693126391711,-0.017640497594682336,-0.08947046754939514
2011-12-19,-0.048774119259729964,-0.06636173563203418,-0.06501189370463778,-0.15705653493855387,-0.02246789989671638,-0.09709904090936505
2011-12-20,-0.03639915913437197,-0.054408016487625166,-0.06108662065805581,-0.13154895478939077,-0.008768507695011474,-0.08005494858330486
2011-12-21,-0.03899715044842256,-0.0535466053286584,-0.061685729377799814,-0.12986714465698668,-0.008919016547591974,-0.07882673400971363
2011-12-22,-0.03633436964561887,-0.05197155172307655,-0.06291242422511001,-0.12215837106350969,-0.0031792274933146736,-0.07658097811745568
2011-12-23,-0.03589428440249531,-0.04941637918934083,-0.06264176556673451,-0.1143101767276895,0.0,-0.07293772756756334
2011-12-27,-0.036659783211376196,-0.05076861046072989,-0.06469796620461088,-0.11360948574303753,0.0,-0.07478939395137663
2011-12-28,-0.04350452332483301,-0.05978069343190895,-0.06933601737438322,-0.12524211505336158,-0.005390360730709309,-0.0876545257356176
2011-12-29,-0.038354898896776235,-0.05577009329614557,-0.06969819420915035,-0.11620218725688736,0.0,-0.08193606549438115
2011-12-30,-0.038655437619705246,-0.056323497295744485,-0.06842125084213091,-0.12054713362750191,-0.0015434834039320666,-0.08272131901923663
2012-01-03,-0.024174965091476874,-0.04533671824832175,-0.06296359619475667,-0.1065320032001218,0.0,-0.06713106650058298
2012-01-04,-0.024808319829432435,-0.04499463175385243,-0.06196900514427983,-0.10513034528674592,-0.00029159048706828283,-0.06664799341839567
2012-01-05,-0.026538127419434843,-0.04399149787275214,-0.06159844581148388,-0.10274756822561826,0.0,-0.06523134983969081
2012-01-06,-0.02505765727602649,-0.0463445851461064,-0.06189669068440928,-0.10506004853442152,-2.4395659126486002e-05,-0.06855456169805052
2012-01-09,-0.02334986362243785,-0.04509249047856512,-0.06177746947682772,-0.10288781680017722,0.0,-0.0668606406119523
2012-01-10,-0.017276342513310783,-0.03920034436687658,-0.05965648705955662,-0.09510936732853759,0.0,-0.05853942181221805
2012-01-11,-0.013465915396729256,-0.03858578998782969,-0.058514683634390274,-0.09461887674067948,0.0,-0.05759731729347439
2012-01-12,-0.016056653291949052,-0.037166683755348706,-0.05877541062671998,-0.09244636906236348,0.0,-0.055593212781741785
2012-01-13,-0.019450712276303017,-0.044847447909783456,-0.061573838444007434,-0.09714169541831275,-0.0013979571030150462,-0.066440508211142
2012-01-17,-0.011921493080766954,-0.039638076278002865,-0.05836227253603199,-0.09363789556496327,0.0,-0.059083774339171335
2012-01-18,-0.01050977760134053,-0.035860616885825425,-0.05645732075951193,-0.0836166416626829,0.0,-0.053749083935103914
2012-01-19,-0.011529434922676773,-0.03351687866595787,-0.05685495294695575,-0.07878141166226393,0.0,-0.050439179974245296
2012-01-20,-0.012570240547761458,-0.029577928843087076,-0.056673843109106836,-0.07534797754725697,0.0,-0.044876465007511857
2012-01-23,-0.011283025720799311,-0.02852292636299769,-0.055397275694221815,-0.07773054765033105,-0.002432351898595919,-0.043386841484521654
2012-01-24,-0.011898662335631749,-0.029956791502881108,-0.056052561644011956,-0.07878141166226393,-0.002687896958105007,-0.04541191493389585
2012-01-25,0.0,-0.022142391236967596,-0.049105353264576435,-0.07107332792896726,0.0,-0.03437603707844439
2012-01-26,0.0,-0.021971060798468556,-0.04712229483731767,-0.07583867509316922,-0.001095249038035484,-0.034134157714238667
2012-01-27,0.0,-0.019405517172076614,-0.04458524311574563,-0.07625900690073861,-0.00019727454267925992,-0.030511048789892636
2012-01-30,-0.0015765832038773242,-0.02218540531847968,-0.04597846299524688,-0.0794124957547715,-0.0009611197514955983,-0.03451158507349994
2012-01-31,0.0,-0.023007753381930618,-0.04406668711762485,-0.0797625308100165,0.0,-0.035590695018415275
2012-02-01,0.0,-0.018080503695112826,-0.04254786000069011,-0.07170399810536632,0.0,-0.028524215550536525
2012-02-02,0.0,-0.01508128988322488,-0.04077496007615522,-0.070232526341792,0.0,-0.02422290554792339
2012-02-03,-0.002926295592850403,-0.012291123651103408,-0.04396194073949511,-0.057198101146055946,0.0,-0.020221453453337146
2012-02-06,0.0,-0.012759353712531785,-0.04347540385764914,-0.05782932321059908,0.0,-0.02097157957941065
2012-02-07,-0.0015695547916707575,-0.009552961215542943,-0.042197873898271454,-0.05544661513548921,-0.0009945479186009853,-0.016295112589480132
2012-02-08,-0.00040137747340907026,-0.009458158725881072,-0.042923178376866544,-0.05264336829475558,0.0,-0.01623739121052492
2012-02-09,-0.00270749160245054,-0.00913233637705424,-0.04395321689990206,-0.05145204875020959,-0.0001249600798456374,-0.015692230660959594
2012-02-10,-0.005905978691813862,-0.014810520789199089,-0.04587820363586981,-0.05845951048487252,-0.00244476721427056,-0.02391409044669479
2012-02-13,-0.00043668382993278243,-0.011589069813780606,-0.044280203735536094,-0.05145204875020948,0.0,-0.01921644467905559
2012-02-14,-0.0008442291609523922,-0.012080565810064336,-0.04481631728924418,-0.052643368294755466,0.0,-0.01999965262568293
2012-02-15,-0.00020349136830810632,-0.012503214644221439,-0.043210727483360745,-0.05705799054353278,-0.002540823768028666,-0.020528007836981943
2012-02-16,0.0,-0.008009517282511869,-0.04277344252630533,-0.04661688773580874,0.0,-0.01416150211534517
2012-02-17,-0.0014530534833002706,-0.00769801032514994,-0.04390102964184661,-0.04409406905817559,0.0,-0.013636894556213086
2012-02-21,0.0,-0.003646699807166698,-0.04048302430760775,-0.04367346130653427,-0.0011354176425951712,-0.007827338065332201
2012-02-22,0.0,-0.0039001758428821587,-0.037887414675694675,-0.04675706732435003,-0.001594770977811799,-0.008191046799589263
2012-02-23,0.0,-0.00045286411968570306,-0.03692283666263618,-0.042552300542276655,0.0,-0.0032471453238538395
2012-02-24,0.0,-0.0008613276434059625,-0.03774417616582004,-0.04045008961628482,0.0,-0.003911224953443537
2012-02-27,-0.00022549067775201603,-0.0016664294391935952,-0.03896531171836448,-0.03883871420824114,0.0,-0.0049884862793038165
2012-02-28,0.0,0.0,-0.037283372925738134,-0.03603560533954353,0.0,0.0
2012-02-29,-0.014735748690687278,-0.010675741673435213,-0.04693956381799491,-0.039819143495813614,-0.003959052633694671,-0.015407557762019963
2012-03-01,-0.009539195725204341,-0.005345055906084695,-0.044353322253005034,-0.034844009850925506,-0.0021532486175708243,-0.007620131989291901
2012-03-02,-0.013560612990852428,-0.008695327112866136,-0.04627012370181116,-0.037787436280200204,-0.0023909923416687295,-0.012464646680293123
2012-03-05,-0.020989064542139335,-0.011232733914114834,-0.048413686498529396,-0.0417114299690835,-0.0056304733906521465,-0.016134089501099735
2012-03-06,-0.03033673934032599,-0.02054481329429736,-0.05238976066623113,-0.055726836340535435,-0.012683303184956585,-0.029599099204883905
2012-03-07,-0.02588523522703623,-0.016953942697281676,-0.05038010965456097,-0.0491395684414061,-0.009342683538137386,-0.02440704838736074
2012-03-08,-0.020802866854074842,-0.011583854667394311,-0.047983855697446565,-0.03967951579541629,-0.004631537908761474,-0.016722016420761876
2012-03-09,-0.015881249914007967,-0.008191685346527922,-0.04585463274050672,-0.035965308587219025,-0.0026235326875231335,-0.01181727833030588
2012-03-12,-0.01724771605374531,-0.009343815245968057,-0.04656331628300692,-0.03589501183489463,-0.0026935902078383256,-0.013483810469180457
2012-03-13,-0.017395139071670007,-0.005928566571186233,-0.04847814324186006,-0.018516813030849733,0.0,-0.008545723174290809
2012-03-14,-0.03271833634142873,-0.009819465528340898,-0.053811694679171906,-0.019567746028800737,-0.005144313188205962,-0.014092276428280481
2012-03-15,-0.0285158709732517,-0.006857430121421149,-0.05210663898224943,-0.013891576469170941,-0.0017434496416213197,-0.009809514264078167
2012-03-16,-0.02436807666474694,-0.0059530655083980255,-0.05114856174000626,-0.012525722299128073,-0.0010111246093477133,-0.008502025106751687
2012-03-19,-0.026274691977687392,-0.003897965751719079,-0.05109742667679673,-0.008654640886037956,-0.0009932496610710606,-0.005610737405047472
2012-03-20,-0.033070931383416546,-0.007895955592444492,-0.05425253059512436,-0.011540739934368993,-0.002591174399686813,-0.011391867785406795
2012-03-21,-0.03130220453299759,-0.008636306674377647,-0.05455132314200628,-0.013159496846336882,-0.0016299481397522575,-0.012462605303668717
2012-03-22,-0.03611735193541499,-0.012966130332902837,-0.055868046135502336,-0.020267678167255054,-0.005540025392856807,-0.01872352936521604
2012-03-23,-0.02696794692017368,-0.009708455870256816,-0.052936465640652686,-0.01710087501175206,-0.002144598022677524,-0.014013264538207726
2012-03-26,-0.020038136422044883,-0.00040071783064710154,-0.049744106072806216,-0.003305534037665092,0.0,-0.0005552508502897346
2012-03-27,-0.020306813595035056,-0.002777732739404959,-0.05036237140959676,-0.006402799287041683,0.0,-0.003912821234668851
2012-03-28,-0.02689216685650253,-0.006238302401538776,-0.05297142631449703,-0.011329573733323661,-0.0037067525543591495,-0.008996528601627696
2012-03-29,-0.028904074526485024,-0.0076657481086318535,-0.05416413246198937,-0.013018834355669973,-0.0031326437600632806,-0.010981066455982513
2012-03-30,-0.0296137664945334,-0.0053612216184277806,-0.053478777785601506,-0.008936517755516182,-0.0025464226761046094,-0.007647745549833385
2012-04-02,-0.019240148284276337,-0.0018220617378488235,-0.05052229927568619,-0.0016873290138413877,0.0,-0.0024376977656480614
2012-04-03,-0.03082032240691357,-0.004641734487744187,-0.0551774984566501,-0.005769162711869225,-0.005390825274773747,-0.006605460611646907
2012-04-04,-0.04041120917045271,-0.014249677947913542,-0.06026934183788235,-0.015622504646379376,-0.009317597792826149,-0.02045266198114193
2012-04-05,-0.036672704772438114,-0.013814776579251897,-0.059009199424693626,-0.016115547716902934,-0.007839244216021224,-0.019902717370447576
2012-04-09,-0.03459032501204251,-0.01801781964992577,-0.05804912442393262,-0.02716565909137958,-0.010403323010328869,-0.026076343158400794
2012-04-10,-0.03718254055508463,-0.022547027169895317,-0.05646741542004141,-0.043494580561904805,-0.01834540271587637,-0.03264191465637478
2012-04-11,-0.035298907495406096,-0.01947301212604935,-0.055390687168008546,-0.03575248672174236,-0.015265136654815437,-0.02818614250629692
2012-04-12,-0.027989106000879116,-0.013131935179819698,-0.05369704907159156,-0.02315377721558609,-0.008488958566385874,-0.018914231726399944
2012-04-13,-0.03112035642642963,-0.019683900006283506,-0.05486905439456646,-0.03476729739892881,-0.013051393870927797,-0.028331624774429742
2012-04-16,-0.0343063318790382,-0.020628577892721323,-0.05609040381757879,-0.03540065803002945,-0.013548614819158034,-0.029781896090024795
2012-04-17,-0.028121167694477922,-0.01636108906946776,-0.05546200398333467,-0.02111241195745528,-0.005368834878881179,-0.02359608689060555
2012-04-18,-0.03244112027527557,-0.018461916527411026,-0.057356845986445415,-0.024420843407877424,-0.006550741978094687,-0.026641547933739185
2012-04-19,-0.03463881133062896,-0.019477534169859756,-0.05793144251082338,-0.030684566882667186,-0.009859587042767792,-0.028194236623158342
2012-04-20,-0.031524867071006435,-0.018836329525335094,-0.056510199608297396,-0.029065878956717306,-0.008846223295961297,-0.027184599727861358
2012-04-23,-0.03531503582003326,-0.02410654219426389,-0.05764189590597324,-0.03723071911507869,-0.01295253092242099,-0.03490497312154506
2012-04-24,-0.03495609584449222,-0.022476146555390764,-0.057279201365427634,-0.03357052795896209,-0.011790310874068344,-0.032541794391646395
2012-04-25,-0.030842616284434077,-0.0180196784720682,-0.05663006318515795,-0.020338388835687615,-0.004323922302299832,-0.0260017412935315
2012-04-26,-0.023883584464290508,-0.014411881714724517,-0.054049569409985065,-0.013511187566013771,0.0,-0.020852548736190912
2012-04-27,-0.02192230236966697,-0.013142756289886148,-0.05366914683570534,-0.011892637612099799,0.0,-0.01893274691676361
2012-04-30,-0.023434340914014973,-0.014572404277404472,-0.05393726867582349,-0.015552483838126574,-0.0018592163330560796,-0.021084403632155246
2012-05-01,-0.023125828244848212,-0.01297618006789214,-0.054294623790437924,-0.00942893995187788,0.0,-0.018780794998291328
2012-05-02,-0.0257159339025943,-0.014824247318467432,-0.05547777823333333,-0.01238485285040758,-0.001040205103491565,-0.02144831314572493
2012-05-03,-0.03369705660161859,-0.01999991025430825,-0.05859496761641625,-0.019916056433596507,-0.005654434477000314,-0.028839306570456302
2012-05-04,-0.039809666151678136,-0.024847050887499167,-0.0592092133166755,-0.03575248672174236,-0.013690384116784471,-0.03583539015619053
2012-05-07,-0.04013580395146443,-0.024702117029297144,-0.0593217172848548,-0.03504876035229898,-0.013376087879459209,-0.035705900237848254
2012-05-08,-0.044248327161780066,-0.030708631551859322,-0.062489144090972615,-0.038919220891227346,-0.014820907116640969,-0.04437533157900886
2012-05-09,-0.04972863393926674,-0.034011495185522156,-0.06485174826481899,-0.04462070831945697,-0.017945379815342277,-0.04914255871931372
2012-05-10,-0.04865384858716382,-0.03162358805537968,-0.06368624369301379,-0.04264970879966856,-0.017314679233186414,-0.04569629105773121
2012-05-11,-0.05084922033573969,-0.03439758865364784,-0.06554178983838621,-0.04553573886198148,-0.01774511884729657,-0.04970023200964202
2012-05-14,-0.0557989284589997,-0.04228040874505623,-0.06792098547694758,-0.056092945137970696,-0.022384267194424323,-0.06107818350114702
2012-05-15,-0.057859276872884724,-0.04640249637228144,-0.06902068585628574,-0.061512693668758445,-0.025563993256410456,-0.06702781973392391
2012-05-16,-0.06122601432113184,-0.048852707685983265,-0.07045116986478972,-0.06510196719838846,-0.027443116778483767,-0.07056441298168359
2012-05-17,-0.057895050485389454,-0.050114044124036305,-0.06716576841859156,-0.07896760492479982,-0.034356727790059605,-0.07238512433034183
2012-05-18,-0.05762661401602931,-0.05087926043463198,-0.06529382967882835,-0.08685029226961138,-0.039411188507323835,-0.07348978503246584
2012-05-21,-0.04899465989785645,-0.045231343833800786,-0.06382250275138157,-0.07115507636027674,-0.030931971416961135,-0.06533867755839229
2012-05-22,-0.057269397043173575,-0.04632877365099486,-0.06743710358121269,-0.06953625046229095,-0.030817735786268674,-0.06676438917973349
2012-05-23,-0.05908316386195922,-0.04731540300423942,-0.06857214285194035,-0.06904348333583943,-0.029460031606734938,-0.06818859320917314
2012-05-24,-0.0600913318552293,-0.04669226508178914,-0.06970002071756465,-0.06721342225078997,-0.029217081693499014,-0.06744782943574468
2012-05-25,-0.058054877020481954,-0.046719870400468655,-0.06823552062003535,-0.0702398388596982,-0.029884892214428027,-0.0674878955024123
2012-05-29,-0.058504724140562736,-0.044064763331615686,-0.07025452813156208,-0.058978837228247816,-0.023381805081418627,-0.06365658079505698
2012-05-30,-0.059375655602296296,-0.049454202695558114,-0.06948408399971939,-0.07263296382352347,-0.02782389257388751,-0.07143536466262834
2012-05-31,-0.05745509148249894,-0.051256945717437,-0.06868861947565919,-0.07467412212360058,-0.027498254823374424,-0.0740279737982964
2012-06-01,-0.05972380330257865,-0.0548523922525761,-0.06626476951554616,-0.09797090735446679,-0.03884755273835838,-0.07912657509780563
2012-06-04,-0.060826518307601773,-0.05500845330509507,-0.06624669331852329,-0.09839317077053966,-0.04137511708242991,-0.07934831796829023
2012-06-05,-0.06155394585949103,-0.05200991707686409,-0.06669123218595607,-0.09156624544493774,-0.038362014033745506,-0.07509647058639679
2012-06-06,-0.05420810320820113,-0.04267131438848093,-0.0655223596584833,-0.07115507636027651,-0.02803914338819391,-0.06177927488960988
2012-06-07,-0.058904567745977965,-0.0461578783670088,-0.06863154778384184,-0.07059235741159053,-0.026751140180250266,-0.06672351962574019
2012-06-08,-0.05565052511675317,-0.043387151880247665,-0.06793647710965489,-0.06320160936101449,-0.0218036952022308,-0.06279473456543205
2012-06-11,-0.06334552227299428,-0.04765734625814755,-0.06998575303301613,-0.07509617858161943,-0.02826322308350626,-0.06885057140201845
2012-06-12,-0.05979901975704127,-0.04228441593477106,-0.06888033751436129,-0.06446874453932372,-0.023643615882342317,-0.0613067211100089
2012-06-13,-0.06097837795234062,-0.044269799453700576,-0.06910443008050993,-0.07045114303277944,-0.02537001770943681,-0.0641222670347551
2012-06-14,-0.056436047939012246,-0.04143597624536588,-0.0683609965306935,-0.06059780109826951,-0.02019755422761893,-0.06010403001110887
2012-06-15,-0.04974822354148245,-0.038290123299807965,-0.06660138714306651,-0.05099018735981431,-0.012344512441977762,-0.05556840675183905
2012-06-18,-0.047844923068657064,-0.03659488935929289,-0.0664076741447297,-0.049150606204283465,-0.011292136029613764,-0.05324002289690599
2012-06-19,-0.04545309445234602,-0.03367304220765943,-0.06552250182142605,-0.039953252314772314,-0.006820246656624507,-0.04894712187768113
2012-06-20,-0.05015253883502535,-0.03467805651336631,-0.06787731881419201,-0.04150999079657358,-0.008591930308207263,-0.05037245307267102
2012-06-21,-0.06789879619238748,-0.04722192341363385,-0.07491607081645324,-0.06301665784680255,-0.02132803824960461,-0.06831007450197846
2012-06-22,-0.06668212695270903,-0.04303979033096561,-0.07411529257061644,-0.055800996309867235,-0.01846484980880836,-0.06230493198756981
2012-06-25,-0.06323033832412661,-0.04652731544145039,-0.07197230614264483,-0.07094059883036785,-0.02589402800324281,-0.06732585943731051
2012-06-26,-0.06301210847449168,-0.04741256665695581,-0.07270693847105181,-0.06627134918921584,-0.023811179859709486,-0.06858138402083991
2012-06-27,-0.058135581040175244,-0.044667060926498525,-0.0715660631446875,-0.05785250251264151,-0.017963929969280534,-0.06461344427794391
2012-06-28,-0.06296560862876366,-0.04801243460934901,-0.07394357427387699,-0.060541301549541515,-0.018403178972035472,-0.06943241647352971
2012-06-29,-0.04379378855893912,-0.03527981272167058,-0.0667997922199105,-0.03712323889906133,-0.005441117894030123,-0.051223630757003535
2012-07-02,-0.04018135757716179,-0.03482287251281113,-0.0667614716831596,-0.03422265278695413,-0.0017976931538642438,-0.050571297638180024
2012-07-03,-0.02850351558840325,-0.02880136355284446,-0.061389046753816734,-0.027855381299171866,0.0,-0.04196743884712295
2012-07-05,-0.02902328664396059,-0.03211983480109437,-0.06180599936110698,-0.03224192623863009,-0.0016460579506983875,-0.04670955943693211
2012-07-06,-0.037474473642883144,-0.03790757653605514,-0.06536038514032694,-0.041439004184069206,-0.005938224813590853,-0.05497978004765569
2012-07-09,-0.030712884374289207,-0.03760814569965554,-0.06314272716705138,-0.04264170642158238,-0.005576444078235654,-0.054552445618853085
2012-07-10,-0.03677910515552296,-0.04250188853604042,-0.06500987380098955,-0.05099018735981431,-0.010560202769424487,-0.061545261599302625
2012-07-11,-0.03355717691676041,-0.04144504557374917,-0.06369956135929611,-0.05084821413480578,-0.010841169952687246,-0.060035343801499996
2012-07-12,-0.03278283406201876,-0.04312462106160386,-0.06311355834892618,-0.05544716702363306,-0.012766502312148709,-0.062435489172500636
2012-07-13,-0.02461298289803915,-0.036508623629557646,-0.06089138982815234,-0.03959962998659228,-0.0032879724138951127,-0.05305895355678214
2012-07-16,-0.02024272717501252,-0.03607089567677646,-0.05892636491939518,-0.041863406166699924,-0.003804400787877138,-0.0523573556576159
2012-07-17,-0.021719762129633224,-0.036224380839188886,-0.060714952036233116,-0.035284071659638316,-0.0007638409258945433,-0.05257688550929307
2012-07-18,-0.018170435886181058,-0.03528099038353605,-0.06067113328300655,-0.028138637889009832,0.0,-0.05122910053168117
2012-07-19,-0.014202178506312335,-0.03395043311035839,-0.05898902477395429,-0.025591398161010748,0.0,-0.049404856966063115
2012-07-20,-0.013875540491610994,-0.037376874769621815,-0.058625888886284616,-0.03450577140475597,-0.0039132002279409495,-0.054224278741308196
2012-07-23,-0.023752979361474358,-0.042789967939283136,-0.0624157067590041,-0.04426908658579842,-0.009266200690930981,-0.06195957886816894
2012-07-24,-0.0262127681990455,-0.04573727353519186,-0.06288754157597531,-0.05247566328503961,-0.013550478042066105,-0.06624795331017286
2012-07-25,-0.022422387726584336,-0.04388640364274132,-0.06105579097910885,-0.05226339330770613,-0.013199399960402425,-0.06368029857245672
2012-07-26,-0.019384819228779326,-0.0387267059039913,-0.061187284975698475,-0.03662833320605252,-0.004816917048417357,-0.05623105469216094
2012-07-27,-0.014712716355529731,-0.030794239231686227,-0.06004014415007064,-0.01887057333106623,0.0,-0.04497348750995722
2012-07-30,-0.01102487473631042,-0.03181253076075963,-0.05967193991675168,-0.01887057333106623,0.0,-0.04642922846560238
2012-07-31,-0.015368333832193493,-0.035030937318449196,-0.06083111789363438,-0.025732888483893324,-0.0035143342669244904,-0.05087455290884291
2012-08-01,-0.019222181774335878,-0.03823708910382417,-0.06237232997611308,-0.02658210636526237,-0.00548921357485832,-0.05553334366608431
2012-08-02,-0.02347817982810374,-0.04166440033645047,-0.06417867020330037,-0.03330272423715275,-0.008664070072332497,-0.06043134990431087
2012-08-03,-0.01435358926007757,-0.03217598931554999,-0.061270068836615565,-0.014130475049445868,0.0,-0.04687215686593782
2012-08-06,-0.01028031437660304,-0.029731488317870314,-0.05940296976078552,-0.012220390183536378,0.0,-0.04345628085969133
2012-08-07,-0.008887633821901497,-0.026034511503964852,-0.05816292886410945,-0.007267332064402665,0.0,-0.03809649573493212
2012-08-08,-0.010829738295286107,-0.026446583966646453,-0.05895718661909832,-0.006064974756979535,0.0,-0.03860879471486589
2012-08-09,-0.008644306648013855,-0.02513221375383745,-0.058164320077872644,-0.005215894847646729,0.0,-0.03673073567933105
2012-08-10,-0.0084387901068248,-0.024616542883138193,-0.05868639765362671,-0.0035889975855569745,0.0,-0.03599405575909953
2012-08-13,-0.012776153640345123,-0.02558502019523201,-0.060503140649715625,-0.004084317194673837,-0.0005561958257670474,-0.037378705065331475
2012-08-14,-0.017881931074311574,-0.026747035543471576,-0.062290536414771225,-0.003943171801881085,-0.002394661269562892,-0.03903951805928729
2012-08-15,-0.020626628731806762,-0.025332763599491437,-0.06241089114682963,-0.0028103524005843594,-0.003664449946937598,-0.037018694731698165
2012-08-16,-0.018074174518970643,-0.020756240933746062,-0.06116700175141798,0.0,-0.00012019373702909508,-0.030478822346019063
2012-08-17,-0.015949668029511477,-0.020715964135145204,-0.060919927799767515,0.0,0.0,-0.030421459734357836
2012-08-20,-0.013626009067868927,-0.01958136354324025,-0.0608100016947154,0.0,0.0,-0.028800646369456007
2012-08-21,-0.008840409846122887,-0.018418647789843035,-0.05872153530034252,-0.0030241161225479374,-0.0015265686869632145,-0.027139308733033385
2012-08-22,0.0,-0.016427213561843734,-0.05583760390800663,-0.0026020236300473565,0.0,-0.024293693223419455
2012-08-23,0.0,-0.01613085149165605,-0.05378258244205214,-0.01076030687461449,-0.004303253860084233,-0.023870415954495572
2012-08-24,-0.0004000159369584866,-0.015238672302566258,-0.055055643013666056,-0.0047822976534535044,-0.0008271769849963473,-0.022595687858976476
2012-08-27,0.0,-0.01640351518702665,-0.05567684985338761,-0.004571491427304952,0.0,-0.0242609528758031
2012-08-28,0.0,-0.015867371757054438,-0.05453166497743944,-0.005556053883003953,-0.0004573991770032704,-0.02349501671266696
2012-08-29,-0.0029102733804595715,-0.01681416771923605,-0.05612848859515518,-0.0047822976534537265,-0.0002374242387194192,-0.024848249391199673
2012-08-30,-0.005541106739203161,-0.019986921096943222,-0.05694448780646244,-0.011955538402118937,-0.00390037120661757,-0.029382523737419675
2012-08-31,0.0,-0.013910992017509782,-0.05274301913425983,-0.007243463772600212,0.0,-0.020695263300546274
2012-09-04,0.0,-0.012741281596491572,-0.052724255947344756,-0.00815814609022325,-0.0014681961298329549,-0.019008284957185873
2012-09-05,-0.0016418089670826586,-0.013237317498677958,-0.052723951425399096,-0.00900198818936504,-0.0021250794758289615,-0.01980349411134008
2012-09-06,0.0,-0.005751057982227525,-0.05422369905549407,0.0,0.0,-0.009001769414958005
2012-09-07,0.0,0.0,-0.04918133409169467,0.0,0.0,-0.0005826615353660136
2012-09-10,-0.001765953072234594,-0.004228310742268593,-0.04958776626473649,-0.005681219735062082,-0.003268240673689138,-0.00668463150469123
2012-09-11,-0.0007109654849785096,-0.0020738688331868316,-0.0488758754998998,-0.002909893035031974,-0.002312925381560582,-0.003576107053713584
2012-09-12,-0.0024703875298925926,-0.000499720244210744,-0.04932796635201708,0.0,-0.0022217077393174023,-0.0013049157356292973
2012-09-13,0.0,0.0,-0.04391662794136031,0.0,0.0,0.0
2012-09-14,0.0,0.0,-0.039630135799922805,0.0,-0.0009314580904653535,0.0
2012-09-17,-0.007196752069542622,-0.002352271536507966,-0.04346506599157285,-0.0033962215669174345,-0.0022247736336361568,-0.0033775263651317777
2012-09-18,-0.00796816856012783,-0.0019156583100129465,-0.04442816032085595,-0.004211253815889826,-0.0017512842458398126,-0.002750987697887064
2012-09-19,-0.009831556440262568,-0.002542671576441724,-0.045708438479122204,-0.0036678769082099105,-0.0005151209598320827,-0.003651315706642122
2012-09-20,-0.010916873209436129,-0.003272988129590093,-0.04723599174956361,-0.003599466384671346,-0.00025652292079092476,-0.004699962645401623
2012-09-21,-0.008801777479983675,-0.003391789548608526,-0.04628834648698987,-0.004016220909964674,0.0,-0.004870749264973329
2012-09-24,-0.012213929637845178,-0.005443161883699976,-0.048321633334235226,-0.005518537198901163,-5.711092476456958e-05,-0.007816319910396441
2012-09-25,-0.015185450239468823,-0.011572478259549324,-0.04917116119308551,-0.016101704792895744,-0.005115286700444033,-0.016615499009947077
2012-09-26,-0.0164461605244679,-0.014210919769015673,-0.050182636321303487,-0.021632692309730195,-0.006889979744973629,-0.02040335401376636
2012-09-27,-0.009059498802454158,-0.007608012995436453,-0.04726268628706376,-0.012414688832117937,-0.002056482049940467,-0.011002621088707976
2012-09-28,-0.01033901740008436,-0.009258313504456606,-0.04760607930514127,-0.016989319746416487,-0.004873511526168439,-0.013289634537825612
2012-10-01,-0.007203333116397648,-0.008019508759507077,-0.04681892756182471,-0.014394686734106932,-0.0025591407573344327,-0.011497771230048803
2012-10-02,-0.006387580488927513,-0.007564287394470792,-0.045850814675189255,-0.013370648084081838,-0.00219432974125755,-0.010919124697451488
2012-10-03,-0.009298369188788236,-0.00739342017656619,-0.04731609608831122,-0.00934244043185184,0.0,-0.010592232212945363
2012-10-04,-0.002204527155138414,-0.003105908536250479,-0.04461804224626231,-0.0022409910029240754,0.0,-0.004388446989622152
2012-10-05,-0.007324577232947216,-0.004280850383804213,-0.046045687453568296,-0.002172977829957734,-0.0017535754839396178,-0.006088801502540098
2012-10-08,-0.008211693131111475,-0.006699370521924042,-0.04633541689785503,-0.005586947722440061,-0.0025381603110907758,-0.009589119365911336
2012-10-09,-0.01233122387615282,-0.010917281784050714,-0.04729186685688702,-0.015419122734704915,-0.009295836716615602,-0.015692643623881675
2012-10-10,-0.013493411862147697,-0.012458410394649122,-0.04760357686321315,-0.02170090415798287,-0.012146182201729583,-0.01800271865863079
2012-10-11,-0.009572696390380164,-0.011787695858398228,-0.04686008527311458,-0.021154414670819577,-0.011449110052386136,-0.017032426284510405
2012-10-12,-0.015422664803570685,-0.015072232260668117,-0.04920988602483889,-0.024363417893067507,-0.013355150215780376,-0.021705491844094427
2012-10-15,-0.016801297799980297,-0.015181593894027179,-0.05136860737600468,-0.016238260939591354,-0.008326814700216456,-0.021944331580039944
2012-10-16,-0.01623955999157578,-0.010443649669626298,-0.05178188758894409,-0.006269860906107927,-0.004160313094346835,-0.015008967971110065
2012-10-17,-0.016111049345088446,-0.007523672428363826,-0.05199714413576717,-0.0017632431647759406,-0.003922485850237356,-0.01086384359373127
2012-10-18,-0.01932803514204029,-0.00980820134257887,-0.05258081233603307,-0.004357809951989866,-0.006189098217167399,-0.014089930524651462
2012-10-19,-0.026337187622952563,-0.017410565366881015,-0.05391604274917994,-0.02094977912606233,-0.014584787569718038,-0.025090702613359883
2012-10-22,-0.027585018357417224,-0.016054979687320503,-0.053792901953323535,-0.02081269317860357,-0.01582042568123443,-0.023129858465884445
2012-10-23,-0.03326364167088014,-0.022424705045099413,-0.05525728839665056,-0.03440069202575702,-0.022177759607398095,-0.03242686618190438
2012-10-24,-0.037140440556156507,-0.023771499667668117,-0.05597677823413094,-0.03713168250947563,-0.02467336706348644,-0.03437591251275007
2012-10-25,-0.036198456010819946,-0.02125771517060948,-0.055683596570467064,-0.03433241395240949,-0.024407337490664593,-0.030658886469144053
2012-10-26,-0.03249056120042748,-0.02234935722000475,-0.05517448510082623,-0.03487850608900056,-0.022247497443069864,-0.03223872950219675
2012-10-31,-0.02796829902832043,-0.020936903875120705,-0.05274515300473093,-0.03487850608900056,-0.020639478245376708,-0.03027338640838506
2012-11-01,-0.025838096444395275,-0.01749293077565095,-0.05354010150377664,-0.024773285008440116,-0.01526847446423496,-0.025317590288213454
2012-11-02,-0.036910632205171434,-0.02480136064001337,-0.05739040365744774,-0.03344473277379334,-0.020220993640585827,-0.035834963960383104
2012-11-05,-0.031701190429296866,-0.0218843869120926,-0.055615302596006666,-0.031464536196518234,-0.01806979380279572,-0.031559438378153004
2012-11-06,-0.024861083962370523,-0.01616451990739398,-0.05317004770916467,-0.023885603829824298,-0.015236884327497258,-0.02332852379543182
2012-11-07,-0.030890880703395962,-0.022845899342726406,-0.05190836594789594,-0.04600809694506314,-0.025434048452869007,-0.03302202475199578
2012-11-08,-0.02850738387793683,-0.024802325629047495,-0.048915620735251575,-0.057479011942769054,-0.030673172295919926,-0.03583763545464391
2012-11-09,-0.028623169026785855,-0.025422872611281955,-0.04996763477258159,-0.05665927771202384,-0.030137427461823907,-0.03673085295374856
2012-11-12,-0.028479801010652395,-0.025368429713008456,-0.04988394186999623,-0.05590841758048504,-0.02942603420451473,-0.03665310424754631
2012-11-13,-0.030342973671630302,-0.026515982105343117,-0.050583047224901034,-0.05918596377646246,-0.03094874220639232,-0.038304685224253676
2012-11-14,-0.03390860710556831,-0.030050771081332806,-0.0501239466407748,-0.07188561919404612,-0.038571729159463386,-0.043391656259354705
2012-11-15,-0.03680278727312303,-0.031732641973825526,-0.0514553909259623,-0.07345608110613944,-0.03970993865243244,-0.04581216882989836
2012-11-16,-0.03459366843175593,-0.0302503443799661,-0.05128139865801473,-0.06888125151655489,-0.0366700110533007,-0.043679249761399475
2012-11-19,-0.02380745114312577,-0.021427640084526245,-0.05010187904497321,-0.05003663572277017,-0.025996180672539837,-0.03098336108971278
2012-11-20,-0.027597536432563907,-0.021303301253052687,-0.05165703886523587,-0.04962670238230227,-0.02738290043211311,-0.030726170475810166
2012-11-21,-0.026873481989107884,-0.020594550387931676,-0.05213762400080346,-0.04785114134978419,-0.026883338401211154,-0.029706421565853014
2012-11-23,-0.020497592799592512,-0.01478136219020243,-0.05141903643069001,-0.03487850608900034,-0.019203221722756014,-0.021341412470815113
2012-11-26,-0.019345843521055395,-0.015190793869944375,-0.05067734062804774,-0.03692664961414638,-0.01979597939077582,-0.02193126749520591
2012-11-27,-0.02100703705436735,-0.01716495765250392,-0.05108276553616198,-0.04184313447085097,-0.021880184610451492,-0.024772403300365675
2012-11-28,-0.01985842557982631,-0.016065044662732286,-0.05237007392386628,-0.03412791085784295,-0.016673801959098067,-0.023189797920757704
2012-11-29,-0.014316056376202035,-0.012778523648365736,-0.050700370899388836,-0.029620961991033812,-0.013529858983235443,-0.018460560661340386
2012-11-30,-0.015566915809210213,-0.014328548531887586,-0.05107557118396966,-0.02941652512156312,-0.013478936418868992,-0.020690709196229173
2012-12-03,-0.014284645202618962,-0.01462474729397889,-0.04938165309364362,-0.03419599025590481,-0.01654973497402601,-0.02111881533782256
2012-12-04,-0.01762227774036207,-0.017449944119844907,-0.051152984912727684,-0.035561485497764056,-0.016692597509987306,-0.0251972786389717
2012-12-05,-0.017072541197798108,-0.01743303496509374,-0.05102763705390656,-0.03385433498878443,-0.015324615360784555,-0.02517309322796968
2012-12-06,-0.016594982046333917,-0.01640066740470969,-0.05089034346413057,-0.030577318593569935,-0.013108354976808956,-0.023683069052547356
2012-12-07,-0.01676818588969342,-0.014621804652690362,-0.05097816046026571,-0.027640765413758706,-0.012443171143315612,-0.02111546101636308
2012-12-10,-0.015222652391607916,-0.013724670938245698,-0.050144537592382465,-0.027231163198767838,-0.011830396321599657,-0.01982102988902057
2012-12-11,-0.015316865564680704,-0.011516461936365241,-0.05113698935341937,-0.020608057633846544,-0.008553642622993962,-0.016633627824080066
2012-12-12,-0.01599315127072276,-0.010266900265756829,-0.05172261136460943,-0.020130243570603,-0.009932977759764094,-0.01483003402831018
2012-12-13,-0.02324781723380731,-0.015047934289498688,-0.05439494232467357,-0.026138780250299587,-0.014359698783858788,-0.021731728616982804
2012-12-14,-0.02224493441893083,-0.016497152293760142,-0.0536925419649803,-0.02975778303811083,-0.015695285060675634,-0.023823843872804673
2012-12-17,-0.021394013497453068,-0.012348460491145463,-0.054741582590281945,-0.01835547723922959,-0.010811489542799535,-0.017835374971054474
2012-12-18,-0.021682510850430936,-0.011119983462723027,-0.05714196446661024,-0.007430588153019446,-0.005674324302079259,-0.016141403231045848
2012-12-19,-0.022575248143636095,-0.01358629680585044,-0.05629853705483456,-0.014804421399288947,-0.009626411390843526,-0.01962246733154749
2012-12-20,-0.024395919635803454,-0.015060348633471055,-0.05813270257382597,-0.009137407536522368,-0.005916160594002573,-0.021750408476054695
2012-12-21,-0.025056475253960153,-0.0176092413120289,-0.05707190924291039,-0.01813176886700041,-0.01034803735118306,-0.025429930718573912
2012-12-24,-0.027338450477936704,-0.01836080967360243,-0.05736830551309313,-0.021157262349921213,-0.012592715210619998,-0.0265152398899815
2012-12-26,-0.02572833061162416,-0.01950448572410668,-0.05640974264028675,-0.025283085792757398,-0.014305113501475564,-0.02816643197173807
2012-12-27,-0.0243590634652473,-0.019031586922018562,-0.055645409365350784,-0.02658964069971903,-0.014302056092910576,-0.027483992149904712
2012-12-28,-0.028334532791332134,-0.022802652272401747,-0.0562119042432877,-0.03710996067818784,-0.01980855011328264,-0.0330070477497626
2012-12-31,-0.02431128768201163,-0.015720001485309054,-0.05660830357240343,-0.02074421642996993,-0.011905297738100562,-0.0227036855495536
2013-01-02,-0.014338165934932978,-0.005749609337683315,-0.05550125203067535,0.0,0.0,-0.008320685641092673
2013-01-03,-0.022978779378027503,-0.009056740410113728,-0.059340893193460476,-0.002259431772624554,-0.0033912940445024464,-0.013091709720196909
2013-01-04,-0.022557011653076886,-0.008354673341043561,-0.060556669856311696,0.0,-0.0005474646891877599,-0.012158180627742099
2013-01-07,-0.02286836282264293,-0.01011865890354291,-0.0604229950476165,-0.0027325401253208703,-0.0019896167618378424,-0.01454514497943804
2013-01-08,-0.02170863722358196,-0.010419251844698052,-0.05952243547400504,-0.00560194084108856,-0.002780972501336021,-0.01497893443277265
2013-01-09,-0.020405045728703497,-0.00964898804804748,-0.05896269732662396,-0.003074362609634118,-0.0010228276234152123,-0.013867912927180481
2013-01-10,-0.0162676679444117,-0.005882713748878832,-0.058026997614125886,0.0,0.0,-0.008434843882918153
2013-01-11,-0.01762235571237747,-0.007696852584873515,-0.059346974801516406,-6.770708578895945e-05,0.0,-0.011052042502036175
2013-01-14,-0.01512386516504427,-0.00611864207166346,-0.058290272802099974,-0.0007475936155230123,-0.0005604950779591888,-0.008775794391791658
2013-01-15,-0.013693763298015083,-0.0045184067154158125,-0.05760962559849969,-6.770708578895945e-05,0.0,-0.006467483609486346
2013-01-16,-0.013654612258784615,-0.004532785572318843,-0.05793224731158109,-0.0002039070262538356,0.0,-0.006488427071944858
2013-01-17,-0.010688727747071858,-0.001006669094734014,-0.05721338441274204,0.0,0.0,-0.0014809805869747672
2013-01-18,-0.007640187707527835,-0.0004893737890213634,-0.05698790967153888,0.0,0.0,-0.0006557619168964246
2013-01-22,-0.004246866018294937,0.0,-0.056563048085819245,0.0,0.0,0.0
2013-01-23,-0.003932476531494311,0.0,-0.05694027562107595,0.0,0.0,0.0
2013-01-24,-0.005872071290429992,-0.0011232823785246593,-0.05804535539256228,0.0,-0.00048753498004971974,-0.0016973989562574232
2013-01-25,-0.007891676193893304,-0.0003802656526968873,-0.05944687067436427,0.0,0.0,-0.0005482361767390476
2013-01-28,-0.009764956348767617,-0.0009945881385479138,-0.05996216519405195,-0.0011978218065231694,-0.0015327353527945231,-0.0014338754807157184
2013-01-29,-0.007181406946011548,0.0,-0.05947697952916475,0.0,0.0,0.0
2013-01-30,-0.005123938409158146,0.0,-0.058187172677306886,-0.003915967063405135,-0.0021988378034705214,0.0
2013-01-31,-0.005429313331195451,-0.0017374376715446616,-0.05804151032756044,-0.0063722760859380445,-0.0034032875208556135,-0.002575508659017789
2013-02-01,-0.0029792831662909247,0.0,-0.05880015911131231,0.0,0.0,0.0
2013-02-04,-0.004757199811203594,-0.003921553216715945,-0.05745203255531817,-0.01124034680437802,-0.004489426843166222,-0.005686486901931409
2013-02-05,-0.002369562061014352,-0.0005967057391310648,-0.05819380562789367,-0.0012558897292903604,0.0,-0.0009462172893897058
2013-02-06,-0.0008239905182414464,0.0,-0.05784675245536108,-0.0005287319958573455,0.0,0.0
2013-02-07,-0.0038294366602777963,-0.0014681857337690563,-0.05893334687348262,-0.0018505938253172705,-0.0006089519940183363,-0.0021289449050538867
2013-02-08,-0.0014409301968686394,-0.0002941045431354983,-0.05940007707010042,0.0,0.0,-0.0004267521853519307
2013-02-11,-0.005020044003269941,-0.0029108941793910548,-0.06155498623307276,-0.00019769365857624788,-0.0005305798205998968,-0.004221425027996495
2013-02-12,-0.0039209721398648645,-0.002110099754081496,-0.06124163900288493,0.0,0.0,-0.0030605223293777017
2013-02-13,-0.005644126954989281,-0.0022613798331170276,-0.062163643833374804,0.0,-0.0008674861857994598,-0.003199636820064522
2013-02-14,-0.005784190331104555,-0.003448928205023738,-0.06295124561446941,0.0,0.0,-0.005002178405276947
2013-02-15,-0.011494462540159733,-0.00729604777295656,-0.0662248583888575,-0.0011817133806873992,-0.0010866665251227925,-0.010500096482196408
2013-02-19,-0.010131097039947301,-0.004693015876356621,-0.06631862430349311,0.0,0.0,-0.006726753814741082
2013-02-20,-0.0210756325105097,-0.013190813105616317,-0.07036014276166747,-0.012463863694051946,-0.006694481545020725,-0.01912878818567143
2013-02-21,-0.02533216397345328,-0.016427939121618995,-0.07089283827171866,-0.018466696341784328,-0.009548995711372354,-0.02374227277064045
2013-02-22,-0.020256670458061676,-0.012537350499797206,-0.06982685747685557,-0.008875072341740786,-0.0032541191899133626,-0.01818187085973022
2013-02-25,-0.024008331515536052,-0.018189732598249186,-0.06866606930133223,-0.02773272359198886,-0.011625454583943706,-0.026297952011475334
2013-02-26,-0.021664205028709582,-0.014396226302947679,-0.0680889770245644,-0.021076937801845386,-0.008337876132297306,-0.0207978543236208
2013-02-27,-0.02065076082795103,-0.012373899816866318,-0.06985214346840773,-0.008744795935174965,-0.0010532047506299769,-0.01794634952844909
2013-02-28,-0.02295269442289749,-0.014842355415444097,-0.07064908889475607,-0.010701707186525522,-0.0016804505307362883,-0.0215236350887249
2013-03-01,-0.022035100906715566,-0.014692857174301133,-0.07073890506768843,-0.007439141027886453,0.0,-0.02130814734030617
2013-03-04,-0.022816150194771456,-0.013205881963115784,-0.07202992722168877,-0.002153614171056528,0.0,-0.019083882813775044
2013-03-05,-0.01757284905457468,-0.009330332887256376,-0.0713975168940354,0.0,0.0,-0.01357074582283957
2013-03-06,-0.017623132661969798,-0.0068594826182872826,-0.07093393131319159,0.0,-0.0004350788156486374,-0.009926143788625996
2013-03-07,-0.01778040034905215,-0.006168383369006714,-0.07162657617067669,0.0,-0.0008551154444319531,-0.00900830052900048
2013-03-08,-0.01692356150351193,-0.004107743413435894,-0.0717060761763707,0.0,-0.0002672318220806602,-0.005955696572813696
2013-03-11,-0.01572539792707517,-0.00272767414485664,-0.07194702780328854,0.0,0.0,-0.004044082404649374
2013-03-12,-0.014029760243242095,-0.002495908311304973,-0.07094175024748572,-0.0022430142595810665,-0.0002973361386989781,-0.003630632797662736
2013-03-13,-0.01560569766240738,-0.0031059249998077743,-0.07169850835012426,-0.0008329749699509392,0.0,-0.004590363149171828
2013-03-14,-0.012734136944080543,-0.00257659938199728,-0.07091208695482154,0.0,0.0,-0.00382672138800777
2013-03-15,-0.012315010515052793,-0.0035764468168762997,-0.07076507189935521,-0.0013198638682612174,0.0,-0.005269773066236105
2013-03-18,-0.013249926667413203,-0.00459922420034764,-0.06994608238658262,-0.006831043660278313,-0.0020757170145742077,-0.006667069773128587
2013-03-19,-0.014500792951130381,-0.0052825281591099005,-0.0700386558579893,-0.009138639351177091,-0.0022705469569525016,-0.007653266860823682
2013-03-20,-0.012830325032174184,-0.003021427767431639,-0.07047902178928311,-0.0022173270553722535,0.0,-0.004390545203454277
2013-03-21,-0.014611855296229548,-0.004594452116239545,-0.07039736006581998,-0.010740800095959124,-0.004169095103612408,-0.006660652106262099
2013-03-22,-0.012484624441376768,-0.003420381697460173,-0.07072714216879894,-0.0027936575745035608,0.0,-0.005045791002387556
2013-03-25,-0.013473880381466796,-0.00418996364059343,-0.07069092246709674,-0.006959840842078124,-0.0022447828582427,-0.006077580468069166
2013-03-26,-0.009733218493922724,-0.0023708471417465127,-0.07091381909818806,0.0,0.0,-0.0035319088039549307
2013-03-27,-0.00693642703466868,-0.002178313408109922,-0.06974801623812121,0.0,0.0,-0.003175006078109943
2013-03-28,-0.009650162866697287,-0.00268580604199542,-0.07108261353996237,0.0,0.0,-0.0039842400852403426
2013-04-01,-0.009727182997286699,-0.0021689180258680496,-0.07062403167322295,-0.003957520834895201,-0.0013106130438083063,-0.0031542226811510643
2013-04-02,-0.012875959679736204,-0.0038054201697108603,-0.07316469841496731,0.0,0.0,-0.005609629840993113
2013-04-03,-0.021092063622066504,-0.010797033306150228,-0.07551958373665801,-0.010139207055568922,-0.004406235888421817,-0.01567404994850985
2013-04-04,-0.017760947114796033,-0.009873538782203206,-0.07471768259616363,-0.006122190312313092,-0.0003924573408317089,-0.014334185933262633
2013-04-05,-0.014434532618106122,-0.009423825975238054,-0.07190963756207447,-0.01058609252553011,-0.0018038144273938572,-0.01376245042292168
2013-04-08,-0.014207801617843852,-0.0076377846858438625,-0.07375057336165969,-0.0038900863511858175,0.0,-0.011171362692633413
2013-04-09,-0.011064031083391712,-0.005301647560324141,-0.07328233646576876,-0.00044615176827278447,0.0,-0.007781762043720275
2013-04-10,-0.011810728201885334,-0.0029296053673300015,-0.0766690846827488,0.0,0.0,-0.004340040044901627
2013-04-11,-0.009684469372781113,-0.0011047718707711818,-0.0755189526715232,0.0,0.0,-0.0016117028628247487
2013-04-12,-0.01864681068389462,-0.010038391960463189,-0.08154374017507582,-0.002449917630366172,0.0,-0.01465528260956106
2013-04-15,-0.04703739568426413,-0.03243111681911781,-0.0949390326688524,-0.02556720185797412,-0.013030486072939107,-0.04714777208599075
2013-04-16,-0.03864273433622456,-0.02472032000260216,-0.09323170115096835,-0.011181923986720355,-0.0055138625836910204,-0.0359594606764414
2013-04-17,-0.046379415556647596,-0.029799299072748142,-0.09417042302938627,-0.025629782421414893,-0.013473341099162428,-0.04332924932122584
2013-04-18,-0.04709199059775493,-0.02966802394021939,-0.09423636194151008,-0.031723346447143475,-0.016920321523942072,-0.043058260517491065
2013-04-19,-0.04219888918784931,-0.025744540051553355,-0.09180571780836799,-0.023305929390934343,-0.012074563146023842,-0.037446001003039076
2013-04-22,-0.036566695677997196,-0.021280486559312917,-0.08841123825198138,-0.018971367073311596,-0.009244626300089154,-0.03096895295204427
2013-04-23,-0.03548460083338545,-0.019347531752042957,-0.089157464008212,-0.008857408409369993,-0.0034148425861719733,-0.02816432867769969
2013-04-24,-0.030663099264470306,-0.017420921294280522,-0.08666552377138703,-0.008229434439752215,-0.002852533911773758,-0.025368910121735144
2013-04-25,-0.02192463981127568,-0.010818846023964768,-0.08253634077319694,-0.004208919338472117,-0.0008745022153349158,-0.01570872189543826
2013-04-26,-0.02345047757113472,-0.01337995180006013,-0.08271181843221376,-0.005967800583510985,-0.0004965167961374917,-0.019425027049477572
2013-04-29,-0.01692663254368698,-0.007410836857485892,-0.08108377417782575,0.0,0.0,-0.01076411892252771
2013-04-30,-0.017484457645792872,-0.006957074136978436,-0.08129895168169254,0.0,0.0,-0.010105074649308321
2013-05-01,-0.026572977684891752,-0.013312566539426252,-0.08508549144030342,-0.00876778080740126,-0.003954085187051981,-0.019309824130847475
2013-05-02,-0.020634457032293163,-0.009147146251207716,-0.08372559396259316,0.0,0.0,-0.01335736193212711
2013-05-03,-0.01797476667467124,-0.004364338742837481,-0.08459546702552179,0.0,0.0,-0.006350386622879456
2013-05-06,-0.0165853303146698,-0.0019482932964741684,-0.08423302808865185,0.0,0.0,-0.002851575430399489
2013-05-07,-0.01818699176499472,-0.0033239168164335142,-0.08626174536792852,0.0,0.0,-0.004843976295533903
2013-05-08,-0.014685792500218176,-5.050289481189907e-05,-0.08496346646740782,0.0,0.0,-0.00018335852777706663
2013-05-09,-0.014850691159707163,0.0,-0.08477892104461382,-0.002815898361390179,-0.0017818508188186533,0.0
2013-05-10,-0.015346555208791912,0.0,-0.08581988841543198,0.0,-0.002032507205070866,0.0
2013-05-13,-0.016737803943059126,0.0,-0.08686907037998082,0.0,-0.002241049951281271,0.0
2013-05-14,-0.018122707569736773,0.0,-0.08931612158638702,0.0,0.0,0.0
2013-05-15,-0.020699460274692272,-0.002546227831919934,-0.09235947989196791,0.0,0.0,-0.0036742323037821656
2013-05-16,-0.019723274090840293,-0.0016405154196690308,-0.09165491820266425,-0.0046956610877144644,-0.0010355353000296441,-0.002367409114683139
2013-05-17,-0.021636207729478718,-0.0020428351759465,-0.09519444703271607,0.0,0.0,-0.003027216730883908
2013-05-20,-0.015433552503879233,0.0,-0.09130865400135724,-5.973278538462523e-05,-0.0003250982456710627,0.0
2013-05-21,-0.018666380034063512,-0.003858384222080846,-0.09353329477579264,0.0,0.0,-0.0056398113493231206
2013-05-22,-0.027312644117500118,-0.007008185784270982,-0.09811712854149268,-0.007417208970992517,-0.007616668845210173,-0.010179476903356077
2013-05-23,-0.023742653535483327,-0.003453194916112068,-0.09545746020135937,-0.010288582758909426,-0.008984822840355844,-0.005056019651911048
2013-05-24,-0.025261847263130854,-0.0037228407274162434,-0.09608175399359198,-0.01112644437638155,-0.009355831934094727,-0.00544475137408118
2013-05-28,-0.02381368057521427,0.0,-0.0961662396749764,-0.005204171412904857,-0.010216578682121225,0.0
2013-05-29,-0.02679818359433328,-0.003013374572113481,-0.09752361599187365,-0.011664791113894846,-0.012638218157212222,-0.004415539219797315
2013-05-30,-0.024798294033660073,0.0,-0.09705766585404063,-0.0080156651673714,-0.01036007142054507,0.0
2013-05-31,-0.035904775491051644,-0.009680079809642583,-0.10079365679677155,-0.02225242990193199,-0.020164281319751343,-0.014007668511648808
2013-06-03,-0.029370923334886112,-0.005946713667699055,-0.09859632489207737,-0.016869077239507257,-0.01636059504238485,-0.008607425894325837
2013-06-04,-0.03243528247590399,-0.007861355943337145,-0.09969550668941196,-0.021594323097518187,-0.020208189236529672,-0.011377170114442059
2013-06-05,-0.03672980427065464,-0.012211765617857862,-0.10022171455734952,-0.03529354408351992,-0.02654461233602723,-0.017670358801698982
2013-06-06,-0.032479454541572195,-0.008328593509290827,-0.09949234662851969,-0.026559433227453244,-0.020808713256070477,-0.011973424527437104
2013-06-07,-0.03579036894151144,-0.008448153516260493,-0.10353481616828042,-0.014176769988402338,-0.01641902915329363,-0.012226318821237592
2013-06-10,-0.03805915208395705,-0.007485995877297258,-0.10587368387908302,-0.014176769988402338,-0.017387663929214203,-0.01075494459282278
2013-06-11,-0.044758920609402786,-0.013296331441115639,-0.10865742447956672,-0.024346051531242474,-0.02253362903186429,-0.019239848082863498
2013-06-12,-0.04899434997546992,-0.013353935982024057,-0.10995884478655371,-0.03242182615747968,-0.02914068960500027,-0.01924345660763649
2013-06-13,-0.03990958941411327,-0.009834244609626452,-0.10754788950605365,-0.01770613586802494,-0.017348603926215955,-0.014231980427434454
2013-06-14,-0.04038845634605881,-0.010022952606985491,-0.10705319413415948,-0.023868158390717986,-0.020531946099289655,-0.014425237067844043
2013-06-17,-0.039461084664177526,-0.008158217078937824,-0.1081742363385082,-0.016330501076578408,-0.016931299796383414,-0.011728135385851601
2013-06-18,-0.03709408908273226,-0.007372052284692621,-0.10815501067043853,-0.008553782479468919,-0.012478890706430268,-0.010591018686698539
2013-06-19,-0.048305949177465446,-0.012670212573758777,-0.11431982950180075,-0.02225242990193166,-0.026081648296799376,-0.018255201482851535
2013-06-20,-0.07705382405017125,-0.03014231141238377,-0.12705744391865326,-0.04647923757345884,-0.04240029328346917,-0.04352963319635028
2013-06-21,-0.08010948737715795,-0.026897813971109463,-0.12992755846071724,-0.04341830103597022,-0.04462144463508955,-0.03891623965990909
2013-06-24,-0.0878058130877416,-0.03218826324760282,-0.132964805642229,-0.0555056364088955,-0.05282097984944678,-0.046569492958224545
2013-06-25,-0.08490967739341371,-0.029603946485907473,-0.13212422039129113,-0.046425207888104336,-0.04780803118415944,-0.04283127639205897
2013-06-26,-0.08699471355332122,-0.03333598692776596,-0.1357885547179244,-0.03698383583234932,-0.04060360293823306,-0.04823000611113959
2013-06-27,-0.08253817249481477,-0.032716877310277837,-0.13465464869860655,-0.031331137732106495,-0.035155313024368695,-0.04725473414343295
2013-06-28,-0.07814043301274665,-0.02904316474597013,-0.1313731508306275,-0.035299967995154224,-0.03799141358110203,-0.041937222867405644
2013-07-01,-0.07120150303839168,-0.023449738526784003,-0.12752447377957532,-0.029647384607619065,-0.0344625836969511,-0.03399629214376665
2013-07-02,-0.07151218119443625,-0.025372028144167724,-0.1271193739773464,-0.030549255916020646,-0.034852014273815235,-0.03667460174942505
2013-07-03,-0.0694898646819998,-0.024135601408609486,-0.12650602956459467,-0.030128833842083758,-0.035352382448166075,-0.03497970360786418
2013-07-05,-0.07654152651975288,-0.023648180073268743,-0.13192418355116742,-0.01966508477842621,-0.035557885538663125,-0.034281151005983945
2013-07-08,-0.0698613646375853,-0.020621836543467165,-0.1288719631267815,-0.014072151998925975,-0.029993309877315855,-0.02978783368739102
2013-07-09,-0.06488646368244477,-0.016785507404357136,-0.1274322630132778,-0.006976138609658844,-0.02510865708495369,-0.024288150863759128
2013-07-10,-0.06546210335367508,-0.01634142499695246,-0.12753513117589832,-0.006615367143756656,-0.02624590970960672,-0.023651598186072542
2013-07-11,-0.051168362709300474,-0.006249222422271661,-0.12199138912252738,0.0,-0.014353203807686787,-0.009183423408131719
2013-07-12,-0.05070085024876858,-0.0061902021406418095,-0.1214044845416078,0.0,-0.014402161365524302,-0.009098898868405092
2013-07-15,-0.04777698809421349,-0.005230201015851033,-0.12009025396862438,0.0,-0.010896147362838504,-0.007722895813420005
2013-07-16,-0.04838393512795525,-0.00873771394421019,-0.11947203740629575,-0.0037463690883708933,-0.012974934981769604,-0.01275138175836621
2013-07-17,-0.04823586799143964,-0.00913128148072151,-0.11897721157820529,-0.0011896854599608986,-0.009736463364339087,-0.013315668876650144
2013-07-18,-0.047006691429995695,-0.006585577485569094,-0.11871798489466767,0.0,-0.008230793910867562,-0.009743594609929018
2013-07-19,-0.042263388505844324,-0.005345372296454598,-0.11643209590614101,0.0,-0.005045791387430554,-0.007965692105170064
2013-07-22,-0.03612401064734794,0.0,-0.11338032475543669,0.0,-0.003896270699369264,0.0
2013-07-23,-0.03617827034223964,0.0,-0.11283372489798493,-0.0021236358987425374,-0.005642667845623173,0.0
2013-07-24,-0.04526440750229965,-0.003807616827330662,-0.11797211446109124,-0.005781984184933586,-0.010467536562312363,-0.005532549877328541
2013-07-25,-0.04280122732350122,-0.00135464007913777,-0.11646563233585572,-0.0033627048571505114,-0.00842818714445337,-0.001863705000481386
2013-07-26,-0.043962464397823364,-0.0013343868077240195,-0.11750958453341465,-0.002300661827132844,-0.007441992137171116,-0.001834731909693077
2013-07-29,-0.04645270903028076,-0.002112543060986294,-0.11772801055063542,-0.005368398497181737,-0.010102344925348561,-0.0030269692879537624
2013-07-30,-0.048155677453669,-0.0033113269333143736,-0.11868849651980007,-0.005368398497181737,-0.010215300730846977,-0.004667336981172832
2013-07-31,-0.04406224672037429,-0.002499515419897347,-0.116134918095115,-0.0046605198642674095,-0.009533074002947006,-0.003574474419607454
2013-08-01,-0.04391566742008424,-6.722322993557572e-05,-0.11782824216704602,0.0,-0.006161505595729588,0.0
2013-08-02,-0.041577423958781834,0.0,-0.11729129707125707,0.0,-0.0017948128377742734,0.0
2013-08-05,-0.04335408446028266,0.0,-0.11734772153687334,-0.0014623317077145925,-0.003919880721106828,0.0
2013-08-06,-0.04862932522305485,-0.004321876502355493,-0.11949338549396249,-0.007136245685117171,-0.007219794012661485,-0.006269374112414683
2013-08-07,-0.0510839627763946,-0.0068092401313641915,-0.12082564852109334,-0.010353598613658255,-0.007718218071659844,-0.009797226923511815
2013-08-08,-0.0422408025944816,0.0,-0.11667313936485935,-0.006726949027055618,-0.004950933088229359,0.0
2013-08-09,-0.040512667688092696,-9.941396840296157e-06,-0.11523453750902046,-0.009593476248686783,-0.006404829630133779,-9.471763630064522e-05
2013-08-12,-0.03541706844041603,0.0,-0.11250598190717487,-0.010762895271719697,-0.007886718653415614,0.0
2013-08-13,-0.038581567901835534,0.0,-0.11565878928087292,-0.007837897098937008,-0.009704004641648223,0.0
2013-08-14,-0.037272242628189955,0.0,-0.11468939101605014,-0.012926878393254126,-0.012418390955986403,0.0
2013-08-15,-0.037530046221544766,0.0,-0.11293321517426702,-0.026732718012121737,-0.022909943008799116,0.0
2013-08-16,-0.0383613533803735,0.0,-0.1134102941616123,-0.029950294112232045,-0.026364487235334244,0.0
2013-08-19,-0.04329029543862206,-0.0018996899372268894,-0.11525773589965282,-0.03615089299313812,-0.03177061129065639,-0.002666571219604008
2013-08-20,-0.039634045195013456,-1.1979759952596147e-05,-0.11361314747493667,-0.03141229106259258,-0.026817085503918814,-1.7785635178069192e-05
2013-08-21,-0.04516841379824377,-0.0023028664340131177,-0.11572378683006546,-0.03737889455310761,-0.03286056337666754,-0.0033289556146746113
2013-08-22,-0.039756094275029685,0.0,-0.11548642630428041,-0.028605015892605667,-0.027732447170106367,0.0
2013-08-23,-0.03032322347322358,0.0,-0.11126989873788407,-0.02532919201291306,-0.02358179710210606,0.0
2013-08-26,-0.027746102849216636,0.0,-0.10918265956489637,-0.02895550684216186,-0.024987596489882802,0.0
2013-08-27,-0.02770706602309947,-0.0032235609205037985,-0.10608594202608679,-0.0445741691182997,-0.03217562079191705,-0.004642194893041851
2013-08-28,-0.02838677168942283,-0.0026928496795771695,-0.10692862578772433,-0.04118118016473449,-0.03172704578045715,-0.003878052145832811
2013-08-29,-0.03164199615398067,-0.004167022120016961,-0.10993142261225997,-0.039660489091653206,-0.030422381179128988,-0.006079520342105682
2013-08-30,-0.03700691477805362,-0.007260935985945127,-0.11278236769410266,-0.04270276392409311,-0.03299701322969162,-0.010533614130484703
2013-09-03,-0.032586980356406836,-0.0018123575757765797,-0.1111407788222123,-0.03837357023739363,-0.032568470240069924,-0.002643730474176764
2013-09-04,-0.03597480871852943,-0.002208751604043324,-0.1149318999462674,-0.030417726964091618,-0.029019977482296566,-0.003217798754579837
2013-09-05,-0.041171312040304775,-0.0040686887572278785,-0.11817058783342482,-0.029189279060983675,-0.031207353295732432,-0.005911242119380544
2013-09-06,-0.035270271383696095,-0.0011398820162467072,-0.11488665774126294,-0.02872195779490916,-0.02860958135667724,-0.0016700456215753556
2013-09-09,-0.03312635968221145,0.0,-0.115134249273672,-0.0194205015446266,-0.02220026983878065,0.0
2013-09-10,-0.03574704918868865,-8.249236629298551e-05,-0.1171354755758075,-0.012166979199852324,-0.019578443601048767,-0.000199647686636939
2013-09-11,-0.03243145161659866,0.0,-0.11597117365942444,-0.009066568173614509,-0.01577049026984023,0.0
2013-09-12,-0.03834567238931974,-0.006849654531353888,-0.11785754988618169,-0.011698765247500353,-0.017327449526834626,-0.009913571212740502
2013-09-13,-0.03694403570408722,-0.005141523503486178,-0.11831921949404922,-0.009476311174814511,-0.015478743771485615,-0.0075212156312439715
2013-09-16,-0.039472179289008036,-0.005579465439091158,-0.11960706661844567,-0.0037433683173367926,-0.011155387223702018,-0.008075312738419327
2013-09-17,-0.03854038556426986,-0.004469253611420587,-0.12020139954889619,0.0,-0.007689283886549436,-0.006468544792744058
2013-09-18,-0.017415971167568878,0.0,-0.10905185347703872,0.0,0.0,0.0
2013-09-19,-0.01952012165573236,0.0,-0.10993263697307631,-0.0016756312553014574,-0.002368416156843467,0.0
2013-09-20,-0.028161832765740247,-0.007413293559011769,-0.11303564640740937,-0.008655168403641667,-0.006249023854133506,-0.010615890947102358
2013-09-23,-0.03048499010849781,-0.009740861587745342,-0.11355259228071835,-0.013242899290714316,-0.0075923806071469535,-0.013973837222549856
2013-09-24,-0.03018700961203602,-0.010132180535631252,-0.11400395011197861,-0.015565480078109983,-0.007589753946911304,-0.014538420336979496
2013-09-25,-0.029041785491942584,-0.009412994921027873,-0.11275584326845611,-0.018410889563873822,-0.008252400190928877,-0.013500927659552464
2013-09-26,-0.027301429712477066,-0.008480515836302605,-0.11208333729317033,-0.014636778458090638,-0.006791837855511074,-0.012155725931155215
2013-09-27,-0.02880845447821856,-0.008692234140205368,-0.1122727302345009,-0.01916586610933535,-0.009021265435563142,-0.012461162559547545
2013-09-30,-0.03160204305035552,-0.010560680906352538,-0.11270899714162375,-0.024391727996798895,-0.011564128721925138,-0.015156055080950193
2013-10-01,-0.03481675267230999,-0.012318850861665398,-0.11600947404775774,-0.01666911932079662,-0.007749907577240922,-0.01777826771349056
2013-10-02,-0.0301238749169217,-0.01053571235213091,-0.11312636976132473,-0.01759804140410859,-0.00765534121566136,-0.015199619284705923
2013-10-03,-0.03363441004228418,-0.013573989302139933,-0.11319529310219911,-0.026656878096475767,-0.012619027772797442,-0.019593481366540266
2013-10-04,-0.0312998738507142,-0.011354154235422853,-0.11366133288322677,-0.019281940032881972,-0.009221846626134567,-0.016383324813236566
2013-10-07,-0.03007630182362253,-0.011489242960217139,-0.1120986706920799,-0.027759966180930795,-0.014026447691141253,-0.016578886109429702
2013-10-08,-0.034761297521809675,-0.01580099898939491,-0.11318704749264619,-0.03908340181474346,-0.021103862033798326,-0.022814417850414714
2013-10-09,-0.03912766632519793,-0.01827888936935962,-0.11478168118847776,-0.038386407115232224,-0.021378123721639497,-0.02631835915811853
2013-10-10,-0.03109034244724307,-0.014115675337283973,-0.11418069764812067,-0.017656023250058772,-0.009629503005061157,-0.020217895170706157
2013-10-11,-0.03153894413941016,-0.013798259779368216,-0.1154800706305591,-0.011326632351554955,-0.005200265383601854,-0.019679240062713044
2013-10-14,-0.03145454446641216,-0.012069200049992568,-0.11607958870224588,-0.007378024549689832,-0.004118445921499347,-0.01717929206829938
2013-10-15,-0.03322098020629183,-0.012891381388041467,-0.11535643127308426,-0.014578686380494088,-0.008418151085211711,-0.018368472815000314
2013-10-16,-0.02652631391252136,-0.009896901957394011,-0.11500590535024924,-0.0008161551091540042,0.0,-0.014118043664139157
2013-10-17,-0.019406924212741594,-0.0035986048296304807,-0.11277912743609009,0.0,0.0,-0.005009959064280478
2013-10-18,-0.015284331350066682,-0.00173485669985185,-0.11153299174053488,0.0,0.0,-0.002394730667491407
2013-10-21,-0.016157902159652737,-0.0019187223641060625,-0.11243404658409528,0.0,-0.00023339962515522839,-0.0026608983361848804
2013-10-22,-0.009779548514846415,0.0,-0.11046434947851203,0.0,0.0,0.0
2013-10-23,-0.016621934047102438,-0.0033841082328116556,-0.11452982570329817,-0.004788781200532832,-0.0022265057823569467,-0.004888388670413746
2013-10-24,-0.013439273809696672,-0.0001118283075316473,-0.11276713915305703,-0.0014820871986734874,-0.0010153580287594055,-8.206542106037329e-05
2013-10-25,-0.011163192141445344,0.0,-0.11205536340364264,0.0,0.0,0.0
2013-10-28,-0.010554874683987192,-5.848515064510451e-05,-0.11172144050758404,0.0,0.0,-8.472771371959009e-05
2013-10-29,-0.010326901266695554,0.0,-0.11298678056024258,0.0,0.0,0.0
2013-10-30,-0.012437068781974259,-0.0016218249242391236,-0.11333358246613179,-0.0049668592115705845,-0.004050593874978858,-0.0023413881494722677
2013-10-31,-0.019552298083602704,-0.006187664748854571,-0.11708958718742313,-0.007789084417213155,-0.0062345083573825955,-0.008931135893647468
2013-11-01,-0.0254456113154492,-0.006372780360350827,-0.12161895186277782,-0.005418586678046955,-0.007014826813604436,-0.009199438717090613
2013-11-04,-0.024232732411842872,-0.004149546633013146,-0.12135040074026637,-0.0019194131485906762,-0.0041372657179282735,-0.0059784858753001435
2013-11-05,-0.02780649429156501,-0.00485636836840142,-0.12238287658427172,-0.005080112516140045,-0.007818728841192613,-0.007002706788251212
2013-11-06,-0.02601914263689087,-0.006043503916760007,-0.121550521193036,0.0,-0.003564819774444228,-0.00880329961477
2013-11-07,-0.0338769272586662,-0.01291288492097109,-0.12501603740460465,-0.012642904616181228,-0.010116129369729832,-0.01867594989292065
2013-11-08,-0.033545322053365134,-0.010603039793210645,-0.12572183330052988,0.0,-0.006567549845507781,-0.015329348313857016
2013-11-11,-0.03302318815957628,-0.010029141135802444,-0.1250076480451865,0.0,-0.006659369509178781,-0.014578687789946754
2013-11-12,-0.03802512688800197,-0.014161540182523136,-0.12774948520347673,-0.002030411204838045,-0.008229225451040323,-0.020566220608242425
2013-11-13,-0.03421298407182938,-0.012248057392351797,-0.1267167953696825,0.0,-0.001785555708690656,-0.017793972802337854
2013-11-14,-0.02843350113486709,-0.009502305772156716,-0.12420110296568365,0.0,0.0,-0.013735408507285829
2013-11-15,-0.0273122908872937,-0.008617136888513843,-0.12447980329307662,0.0,0.0,-0.012453075815748282
2013-11-18,-0.03214053699158714,-0.013420695526736415,-0.12695351595189996,-0.0034986600629599574,-0.0007378795948475014,-0.01941345284133078
2013-11-19,-0.034534835927154006,-0.013536507944610587,-0.12778741196596322,-0.005665185063977285,-0.003518054759088285,-0.019581455895232414
2013-11-20,-0.04152596973607803,-0.018020192720892392,-0.1298800151389119,-0.00877511683462362,-0.007565101146013609,-0.026078008777218775
2013-11-21,-0.03490020103354008,-0.015208991997879284,-0.1269728084245031,-0.0007772457203514271,-0.0023603242646195177,-0.022085514625784564
2013-11-22,-0.031932271848430394,-0.01453157358017676,-0.1266751821600064,0.0,0.0,-0.021023717793388408
2013-11-25,-0.03168375400057544,-0.014256388102496742,-0.1268226509833008,-0.000995610202070174,-0.00029841473774328,-0.02062547864633779
2013-11-26,-0.03211423747212039,-0.014950591053571216,-0.12748777201524564,-0.0007189643218153963,0.0,-0.02163148413240612
2013-11-27,-0.03177466598382672,-0.013906411494964632,-0.1276423431486554,0.0,0.0,-0.020199189039845633
2013-11-29,-0.030271866009693227,-0.012217070458597323,-0.12717764655434738,-0.0006624994497512748,-0.0006429321284465717,-0.017590563132765413
2013-12-02,-0.03845463251544845,-0.018340620001778718,-0.1306320133458545,-0.003257367568236025,-0.0039166918587040245,-0.026519059194544226
2013-12-03,-0.03649067559537733,-0.016468625406812043,-0.12849305715161208,-0.007563980824094263,-0.005791926722750862,-0.023893905859001974
2013-12-04,-0.035395894021745034,-0.013960959569178866,-0.12869539163063937,-0.007674240185134962,-0.007669120578552402,-0.020270467094823275
2013-12-05,-0.039290442538991055,-0.016921418148953205,-0.12965586843641352,-0.01203598312151355,-0.011270534445030345,-0.024548459545094214
2013-12-06,-0.03480428422731263,-0.014223142290635371,-0.1296393652415978,-0.0009935919607086952,-0.004290799183608085,-0.020649589600173046
2013-12-09,-0.03256998629581964,-0.011230597912346263,-0.12962425073877604,0.0,-0.0022944224468962604,-0.016325770989632837
2013-12-10,-0.029370801537655145,-0.009432548058537993,-0.12811220426551706,-0.00358302575688918,-0.0027940428273877105,-0.013647984732352514
2013-12-11,-0.03544675957381316,-0.013977294337451984,-0.12902285844853367,-0.014773715478097804,-0.011054391793882012,-0.020295056719960014
2013-12-12,-0.0428266020821465,-0.017694887988780494,-0.13227590345713047,-0.018026159782081996,-0.014150907497818443,-0.02566713057101755
2013-12-13,-0.041606877142545295,-0.016538248723191207,-0.13195928834884763,-0.01813677218971743,-0.01362677265340162,-0.02399594549569306
2013-12-16,-0.03745733526925987,-0.0135543054118904,-0.13023537747027603,-0.012017509619721367,-0.01014636263259261,-0.01960485875437945
2013-12-17,-0.03923957244371268,-0.014769627172085076,-0.13101842657171348,-0.015160074048570893,-0.010774842419114194,-0.02136115364550617
2013-12-18,-0.03612370812548682,-0.011804506557831274,-0.1324545300880181,0.0,-0.002166648218961287,-0.01715647974310075
2013-12-19,-0.04176757314311863,-0.01731507015987299,-0.13549940058614363,-0.0011562211845799197,-0.00451641822565918,-0.02511939236536609
2013-12-20,-0.0347938303425156,-0.0142264405528445,-0.13328342272795368,0.0,0.0,-0.02057669798258066
2013-12-23,-0.03313774087464216,-0.012259423690022753,-0.13298410478699663,0.0,0.0,-0.017734832258199162
2013-12-24,-0.03142971623695345,-0.009572550642195421,-0.1318642978082749,0.0,-0.0002027313155654742,-0.013852461768833702
2013-12-26,-0.028854537853534645,-0.006770030515700021,-0.1311533609200637,0.0,0.0,-0.00980313828686008
2013-12-27,-0.027202644556192257,-0.005799492607575063,-0.13024287986021676,-5.4425602460606015e-05,-0.0002686559280279388,-0.008480633271863436
2013-12-30,-0.030124270565624722,-0.008470904533192103,-0.13192096057754665,-0.00021770240984242406,0.0,-0.012341289884442719
2013-12-31,-0.029561827082279835,-0.007252127769107886,-0.13189434552432244,0.0,0.0,-0.01042018945909473
2014-01-02,-0.032914842699428015,-0.007451810829426919,-0.13374579364430172,-0.00958370071636494,-0.004178250754238277,-0.010709699559514285
2014-01-03,-0.03284932324910783,-0.005735838905045143,-0.1344500600867149,-0.00974583483481184,-0.004517416940055696,-0.008304828400230613
2014-01-06,-0.0329043332673945,-0.007053587408203055,-0.13395019569898226,-0.012615690513978373,-0.005110804126620461,-0.010133598232159424
2014-01-07,-0.03199733249351655,-0.006355471336830898,-0.13441876680808962,-0.006551506462107559,-0.0008274157025087714,-0.009202807595503182
2014-01-08,-0.03575015208515009,-0.007519713353829505,-0.13654732844940465,-0.006335089104760883,-0.0026724040403687255,-0.010889029592591526
2014-01-09,-0.03657334311135496,-0.008041575750613816,-0.13767579691495868,-0.005685325891111259,-0.0012347579753181348,-0.01156478379378989
2014-01-10,-0.029107019645917886,-0.004363101847013384,-0.1346169619031844,-0.002978217700322583,0.0,-0.006317620731359441
2014-01-13,-0.032049626730187075,-0.007212242944559022,-0.135169503540846,-0.016243262514663126,-0.006764796774349602,-0.010444272458542403
2014-01-14,-0.029400559626596934,-0.002946334602486833,-0.13511411979819088,-0.005522373946089787,-0.001882257009740651,-0.00426617167819876
2014-01-15,-0.027194521460490062,-0.0011968678187385118,-0.1346668269897212,-0.00016254303173424134,0.0,-0.0017325693230275663
2014-01-16,-0.027014115394883853,-0.0008500651419243166,-0.13490398584405017,-0.0014618650023896507,0.0,-0.0012303972042428946
2014-01-17,-0.026123699180884863,-0.0008128671529562537,-0.1340073701811445,-0.005685325891111592,-0.0015587258667449921,-0.0010964608860182246
2014-01-21,-0.02624835910793344,-0.0008487069426322824,-0.1343634139588359,-0.0027612892013669788,-0.0002543022577714549,-0.0012289718719419307
2014-01-22,-0.025826367161049246,-0.0009151206108499732,-0.13378128321126992,-0.0021119349010049193,-0.0009893935198789228,-0.001325246789950385
2014-01-23,-0.02414749232818436,-0.00031656553916115104,-0.13261252616397445,-0.010287542712270947,-0.0031430174711084558,-0.0004584703276512281
2014-01-24,-0.03108817573991618,-0.007566951760500706,-0.13319097392793378,-0.031404233785949476,-0.014104754881912873,-0.01087889185051194
2014-01-27,-0.038570463719960424,-0.011913363456153347,-0.13674602634530397,-0.036168686953877316,-0.018192303195573967,-0.0171739214374389
2014-01-28,-0.034174042581550323,-0.009174659037904487,-0.13465628431614818,-0.030429486737153177,-0.014164480752279163,-0.013207662774931017
2014-01-29,-0.03502316707165265,-0.010765687835267324,-0.13413773373601046,-0.0397420779439841,-0.017799072469540822,-0.015592162009075317
2014-01-30,-0.03600429625018209,-0.010668614952706656,-0.13578163375369168,-0.0295633061661571,-0.012123515417946207,-0.015451664973171853
2014-01-31,-0.03791897814020806,-0.012897811468388531,-0.13638034165854107,-0.03524822314398113,-0.01392875311989894,-0.018598632395301018
2014-02-03,-0.04275162211626771,-0.0188521629258378,-0.13621860062824176,-0.05696039419240917,-0.025099955786224926,-0.027199894021084914
2014-02-04,-0.03959798752978194,-0.015907602429769296,-0.13488618934504382,-0.0503546044914015,-0.022246659026335047,-0.023026046941557077
2014-02-05,-0.04040630322942185,-0.015519929636782726,-0.13529368104707185,-0.05154587112586628,-0.024406561918516423,-0.022386691961964633
2014-02-06,-0.035026791494522924,-0.011243857676981106,-0.13372123355395316,-0.03903844040472204,-0.017470036587953097,-0.016210014844247222
2014-02-07,-0.025834520300607844,-0.005601986457757557,-0.12961279302984563,-0.027126591886649343,-0.009121954426039358,-0.008139917004480246
2014-02-10,-0.02523843516809221,-0.003653274112316529,-0.13022113246992373,-0.025340049734078662,-0.00783349839362879,-0.005246025832099099
2014-02-11,-0.01975555619565128,0.0,-0.1286305707980323,-0.01467293326279584,-0.003029736453363574,0.0
2014-02-12,-0.0196797161051121,0.0,-0.12831418843359077,-0.014185815309202376,-0.00365820886724022,0.0
2014-02-13,-0.013163546993643638,0.0,-0.12575463723027713,-0.009096480534449669,0.0,0.0
2014-02-14,-0.007456763319867221,0.0,-0.12520954303779064,-0.00362777645732848,0.0,0.0
2014-02-18,-0.00019767803078007962,0.0,-0.12096250637607175,-0.0024367142795073127,0.0,0.0
2014-02-19,-0.005592031978047585,-0.00525283609246352,-0.12195562843136953,-0.009042606208837012,-0.004794287940294795,-0.007618445481839764
2014-02-20,-0.0009261917768176309,0.0,-0.12077175680625951,-0.003194430601025644,-0.0016522881706469983,0.0
2014-02-21,-0.0010420988299070233,-0.000343785060765156,-0.12115387224988805,-0.004332129594843415,-0.0018462318273799738,-0.0004157308233214696
2014-02-24,0.0,0.0,-0.11876707046897683,0.0,0.0,0.0
2014-02-25,0.0,0.0,-0.1183210426056257,-0.000378917794034761,0.0,0.0
2014-02-26,-0.0019216295390012128,-0.0020279067533388595,-0.1188848278812823,-0.0003251075872290343,0.0,-0.00290271868823877
2014-02-27,-0.0002459623416940504,-0.0006757816929783278,-0.119460891894965,0.0,0.0,-0.0008903595659428554
2014-02-28,0.0,-0.0018504474281447747,-0.11925379424221094,0.0,0.0,-0.0026408756117415333
2014-03-03,0.0,-0.0011270397865681403,-0.11502592327583583,-0.007031584614452191,-0.002240388894739098,-0.0015910086207289176
2014-03-04,0.0,0.0,-0.11587986302251041,0.0,0.0,0.0
2014-03-05,-0.0015169885451433718,0.0,-0.11752806818007677,0.0,0.0,-3.783812706859013e-05
2014-03-06,0.0,0.0,-0.11452957714432743,0.0,-0.000334069062367659,0.0
2014-03-07,-0.004785522748928739,-0.002909388885315334,-0.11649335166858676,0.0,-0.001790879333231632,-0.004133344158166796
2014-03-10,-0.008135648261488937,-0.004458975682037347,-0.11891022072847268,-0.0005313350801801064,-0.0016836010822056657,-0.006377858516118162
2014-03-11,-0.009679044845263829,-0.005846615071740113,-0.11959191948508119,-0.005471507732991432,-0.0042776053542482595,-0.008387547581689025
2014-03-12,-0.006686411219445354,-0.0029126500843243974,-0.11922503699911047,-0.0052056396134071425,-0.00255910570244533,-0.004138699015685199
2014-03-13,-0.010702197346180942,-0.007047265369342304,-0.12096970776250382,-0.016360266445788585,-0.0069591705572557006,-0.0101265523266163
2014-03-14,-0.008730153371532712,-0.006475949338265785,-0.1195243426877276,-0.019122647240141455,-0.008588345390059149,-0.009299286606896606
2014-03-17,-0.011201351181449382,-0.00559849019923242,-0.12218130230792823,-0.010251918818658945,-0.004827823639924733,-0.00802889084952152
2014-03-18,-0.007732073189527955,-0.004422325700013885,-0.12071055453157264,-0.0031873084528509787,0.0,-0.006325707525865476
2014-03-19,-0.015576196486799199,-0.008839251774222179,-0.12498525055193277,-0.00849905461869882,-0.006904689576371581,-0.012802541746518403
2014-03-20,-0.017612409989686495,-0.008975234425854572,-0.1274715587856604,-0.002708826069397152,-0.003331090091485911,-0.012919467877539503
2014-03-21,-0.017371577290330342,-0.010421133173142638,-0.1274327708759494,-0.006576901325619944,-0.004926803927368217,-0.015093689651425435
2014-03-24,-0.021278706783497414,-0.015081128811455291,-0.12942211279629723,-0.010685170526167242,-0.007251164926148412,-0.021842691029359762
2014-03-25,-0.01794133516908858,-0.013215318764369433,-0.12758503116854691,-0.005990507174277293,-0.0046504920691770035,-0.019140764593060466
2014-03-26,-0.021493932873087207,-0.017744586163858767,-0.1287150197749829,-0.013139360927656107,-0.00729231091097704,-0.025620013135185582
2014-03-27,-0.020285421859418618,-0.019190819457218122,-0.12779870032747276,-0.01522037318015479,-0.008159462942257,-0.027714557761518432
2014-03-28,-0.019205787327214452,-0.01721588993440215,-0.12786984865668583,-0.010365145943144416,-0.006629637203780625,-0.02485455960530636
2014-03-31,-0.017301957310608684,-0.01572940599266215,-0.1277549879441422,-0.00225551641246724,-0.001698466720238101,-0.022701285850330155
2014-04-01,-0.018549581227066292,-0.012792578492667905,-0.12964003350143327,0.0,0.0,-0.018464698183849437
2014-04-02,-0.016918475683805556,-0.009296380970700957,-0.12918806123983162,0.0,0.0,-0.013421134983186866
2014-04-03,-0.016641030330066697,-0.011284260215833397,-0.1287834604285526,-0.0013232357652633864,-0.0005243298175153788,-0.016368074951917277
2014-04-04,-0.01744929222685132,-0.014529844502632838,-0.12750296718597298,-0.013129850670216547,-0.005220427654457183,-0.020971075242931514
2014-04-07,-0.02175919845664298,-0.018709996017414632,-0.12872621002104168,-0.024036394556739782,-0.010864986120687425,-0.027001607645171788
2014-04-08,-0.015618452515967052,-0.015469657811000737,-0.1257133333931656,-0.02001234860813439,-0.007885328079002552,-0.02232712757068911
2014-04-09,-0.011210216410674656,-0.012196086227212244,-0.12374375349219036,-0.009476521721130116,-0.0016401675891537515,-0.017604704666594473
2014-04-10,-0.01673998665708687,-0.018515612434573336,-0.12446757342324921,-0.030283249682327984,-0.012517853820116165,-0.02672141068970013
2014-04-11,-0.020434166710365687,-0.021756124859063752,-0.12585448375719688,-0.03901953166052563,-0.016969167531192375,-0.03139629812574196
2014-04-14,-0.01616997535424114,-0.01940557744919813,-0.12448350503165195,-0.03144824651356837,-0.0130248900576444,-0.02800564049290022
2014-04-15,-0.016699311703780917,-0.021433260423529554,-0.12604905776058428,-0.02477703238504092,-0.00852521551459251,-0.03093088704603142
2014-04-16,-0.012272136035266668,-0.018063461336122688,-0.12522848733210934,-0.014559375228899274,-0.002982574777484981,-0.026069667595411405
2014-04-17,-0.012308595531055344,-0.017772612552262257,-0.12403942916044464,-0.013182497460215492,-0.004427775606861251,-0.02572933444346981
2014-04-21,-0.012888506319118642,-0.017465237597443117,-0.12466166371555831,-0.009741148969914626,-0.002428215181607851,-0.02520702020855492
2014-04-22,-0.010584470538503088,-0.015157151488939036,-0.12456784176271529,-0.005241391005818663,0.0,-0.021798355957786453
2014-04-23,-0.011489848307220996,-0.01713586654503796,-0.12510294585152604,-0.007570887061588927,-0.0003861641019168305,-0.024732022000401255
2014-04-24,-0.008324593725712037,-0.015645225022341558,-0.12385538089837389,-0.005558764565944063,0.0,-0.022581650997712366
2014-04-25,-0.012149739768809842,-0.01828504503563355,-0.12526991115368946,-0.013712050521810792,-0.004370663064748537,-0.026389906193077017
2014-04-28,-0.014206139472147217,-0.01842916702876307,-0.12706870611003873,-0.010588374155661495,-0.0030744948027560115,-0.02659801875572121
2014-04-29,-0.01200316237287924,-0.01651709613365182,-0.12625703825300105,-0.005982327398146303,0.0,-0.02383971147294006
2014-04-30,-0.012326056712495426,-0.01693970002124623,-0.12664686252877955,-0.003017288051388567,0.0,-0.024449244645526336
2014-05-01,-0.013974310410793778,-0.018044387534454476,-0.12857557747881887,-0.0029115963860223415,0.0,-0.02596311174936483
2014-05-02,-0.01076750942628557,-0.016068606192493284,-0.12721349011393757,-0.004341120944704957,-0.00027237320562745193,-0.023193432006849868
2014-05-05,-0.009721921085927065,-0.013683856960926333,-0.12688186683200042,-0.002435088199794766,0.0,-0.019755225693969147
2014-05-06,-0.013385865178964895,-0.01749151583291475,-0.12814779224468742,-0.011117728174572128,-0.004746438880897874,-0.02516624639351972
2014-05-07,-0.01386135197876015,-0.018817110355642597,-0.12863399991302926,-0.00529403779581783,-0.0009352986751474113,-0.027077559981991017
2014-05-08,-0.016626356477970727,-0.021656342604703838,-0.12942966404171286,-0.00635294487632343,-0.0011414253948883735,-0.03117124175887742
2014-05-09,-0.01696573035608595,-0.020584598353666328,-0.12966182153103645,-0.004870773527641981,-0.0005639213058944437,-0.029705005868553847
2014-05-12,-0.011454637923738131,-0.015488726748690618,-0.1283274563083011,0.0,0.0,-0.02227901856841319
2014-05-13,-0.010147352914509744,-0.01568348720716517,-0.12839368464025647,0.0,0.0,-0.022638833615310494
2014-05-14,-0.00801802940727181,-0.01589302475602672,-0.12707507957376507,-0.004737890616959839,-0.0010180796776108059,-0.022941012340663813
2014-05-15,-0.012840846228542535,-0.02025589921317683,-0.1284202437659585,-0.013476255428699013,-0.0048265560610164515,-0.029231486803220963
2014-05-16,-0.011876022631582384,-0.019287212093858974,-0.12803537710474622,-0.010054670937322374,-0.0036272509710381096,-0.027834897065241115
2014-05-19,-0.010924241198645435,-0.017286604925054294,-0.12776377199651678,-0.006422113309594746,-0.001951770354568172,-0.02495061488052286
2014-05-20,-0.012596335974410233,-0.019434366845849427,-0.12777953980343648,-0.012686986321974403,-0.004547129514100412,-0.028047332310961792
2014-05-21,-0.009950259056551669,-0.017104504950032906,-0.12691017966536644,-0.004369380316879612,-0.0001753223150207095,-0.024609254018882143
2014-05-22,-0.007432706855010074,-0.015090043619958249,-0.1253486951541467,-0.0019476422465594112,0.0,-0.02170488560306416
2014-05-23,-0.004895906870111988,-0.01387226232097205,-0.12458137628782462,0.0,0.0,-0.020028092985055035
2014-05-27,-0.007433021923607397,-0.014962667857435052,-0.12763478419086283,0.0,0.0,-0.021521657545767625
2014-05-28,-0.007539794502594677,-0.016619586760889038,-0.12811655854607606,-0.0007312134098846901,0.0,-0.023989640024202785
2014-05-29,-0.006132050873632666,-0.015255664969747174,-0.1277043555808134,0.0,0.0,-0.02194427981799174
2014-05-30,-0.009846248861776208,-0.016558287271899563,-0.13060668485575455,0.0,0.0,-0.023901356583246214
2014-06-02,-0.011853235972718035,-0.01743274782085491,-0.13175932910867538,0.0,-0.0011452468188982712,-0.02508365654244038
2014-06-03,-0.012806987147234161,-0.016792374483926897,-0.1317688055237406,-0.0005184197863291606,-0.003460452171783923,-0.024160292815582518
2014-06-04,-0.013813741518459155,-0.016724008276296498,-0.1332624732769846,0.0,-0.0025538235371599383,-0.02406179412054621
2014-06-05,-0.008638605104596797,-0.012662838874573645,-0.13101502294762968,0.0,0.0,-0.01820545856542588
2014-06-06,-0.005815719194474878,-0.010935070878153708,-0.12994067613023907,0.0,0.0,-0.015714013281213246
2014-06-09,-0.0041456413813785176,-0.010236841554572607,-0.1287704199420724,0.0,0.0,-0.014786382533482745
2014-06-10,-0.004203185639646612,-0.009416365855023145,-0.12903110428780862,0.0,-0.0006284328070986778,-0.013603301518059996
2014-06-11,-0.0058889192746229835,-0.010533883450202453,-0.12966076399487791,-0.003476784405923361,-0.0021996759692908263,-0.015135924703099879
2014-06-12,-0.0021418929873042725,-0.010396335238148757,-0.1269258545831039,-0.010531548805680746,-0.004942586276578509,-0.015016648156969237
2014-06-13,-0.0008586614298226047,-0.008835073233900093,-0.12725076738163366,-0.007515093807252904,-0.0038810305666203693,-0.012686327147834353
2014-06-16,0.0,-0.0074708624063311024,-0.1263662537595226,-0.006697456521454925,-0.00338528418110684,-0.01079831527006525
2014-06-17,0.0,-0.0056631445340807884,-0.12517140647426828,-0.003936248893863903,-0.0033604514315190848,-0.008112591650126233
2014-06-18,0.0,-0.0035621733193105243,-0.12406625348323064,0.0,0.0,-0.0051619535804607874
2014-06-19,0.0,0.0,-0.11826155429260676,0.0,-0.0003145649473246248,0.0
2014-06-20,0.0,0.0,-0.11834765755644128,0.0,0.0,0.0
2014-06-23,-0.00039806730538760604,0.0,-0.11858390382185413,-0.0003062931303549066,-0.00045338242197401346,0.0
2014-06-24,-0.0016187139283151408,-0.0024566010159923213,-0.11902226280639239,-0.006328466728861115,-0.00250824167956909,-0.003535169305405539
2014-06-25,0.0,-0.0005509157767378259,-0.11883366949094909,-0.001836994958861915,0.0,-0.000714472487045148
2014-06-26,-0.0011238779358094808,-0.0011946938710137855,-0.11997290168400987,-0.0025517425816291572,0.0,-0.001640949674520109
2014-06-27,-0.0006438576664093976,-0.00022675985972264723,-0.11974557814308517,-0.0006125862607100352,0.0,-0.00032659985617089493
2014-06-30,-0.0006240744675144461,0.0,-0.12024958128154617,-0.001122915681454284,-1.0193547670511727e-05,0.0
2014-07-01,0.0,0.0,-0.12054677577835571,0.0,0.0,0.0
2014-07-02,-0.0006863066934387207,0.0,-0.12129892592132285,0.0,-0.0010090557497544062,0.0
2014-07-03,0.0,0.0,-0.12101418346153203,0.0,0.0,0.0
2014-07-07,-0.004289889498342081,-0.0027252350453342844,-0.12399801172792912,-0.0034813569996012816,-0.001143613604757121,-0.004035255912313684
2014-07-08,-0.007414825563863525,-0.00537894959890306,-0.1257689624199927,-0.009889251259529552,-0.003210845305781307,-0.007886115850378461
2014-07-09,-0.006182199491961193,-0.003429892907589771,-0.12585098993522081,-0.005449088728871843,-0.0004460412627661503,-0.0049773208000226665
2014-07-10,-0.006228372988109299,-0.003918081453647249,-0.12575184309150134,-0.009384552187413076,-0.001980679645324779,-0.005685792704915316
2014-07-11,-0.007525617758972647,-0.0036863911274808148,-0.12770771822656168,-0.008022232810593222,-0.0005004769549687982,-0.005349635459259594
2014-07-14,-0.009113190458280185,-0.005358845676389334,-0.12817487809172312,-0.0030273449298647837,0.0,-0.00777664779317544
2014-07-15,-0.014537009550514068,-0.008493426177949237,-0.13144420740401164,-0.004894268989597328,-0.001474799631698609,-0.012325263047519908
2014-07-16,-0.013207249161661716,-0.007557773238475951,-0.13199099518025603,-0.001211013483308987,0.0,-0.010967595234762317
2014-07-17,-0.013348681138427465,-0.00874965720436327,-0.13115627342950165,-0.012563014232381597,-0.004544596563873182,-0.01269716726962844
2014-07-18,-0.012690175201694132,-0.006802130090251546,-0.1321402215664358,-0.0024724308013868157,0.0,-0.009790414397248925
2014-07-21,-0.012165712070285717,-0.007226891885491971,-0.13166485314069776,-0.004338882915100983,-0.0010101404232620848,-0.010487684974437417
2014-07-22,-0.012368501728612924,-0.006589941970392088,-0.1327742033128113,0.0,0.0,-0.009482715555509058
2014-07-23,-0.011044899669332975,-0.005716052305443364,-0.1321374928959418,0.0,0.0,-0.008295462523297825
2014-07-24,-0.013586239180008675,-0.007597904058665117,-0.13268713330715465,0.0,-0.0015766408613517857,-0.011026260140960531
2014-07-25,-0.012228607083823229,-0.007466799060876661,-0.1319497699286133,-0.004681929672641583,-0.0028661616921432653,-0.010836083613624092
2014-07-28,-0.013183061395623197,-0.007781842014577878,-0.13275431888090838,-0.004278953165164134,-0.0030828102728912565,-0.011293442608023452
2014-07-29,-0.015182360700041975,-0.009089783165148746,-0.13333111015576538,-0.008557906330328602,-0.005124397798191627,-0.01319146907833224
2014-07-30,-0.016673671224586628,-0.00869399002081861,-0.13439090460228376,-0.008406472298072565,-0.007826506209996476,-0.012617184467283882
2014-07-31,-0.026306435260208927,-0.016352976395752505,-0.13691806960430686,-0.02798873850648176,-0.019739407767561556,-0.023647460572477574
2014-08-01,-0.02730742607354386,-0.01602163969712056,-0.1374300350183637,-0.030959124583214925,-0.019228937841100913,-0.023248890551927137
2014-08-04,-0.02421562682977152,-0.014141866486357957,-0.13618371179076094,-0.023961516167325114,-0.014766486328547823,-0.020538217788128477
2014-08-05,-0.02891993089620204,-0.01776779025101738,-0.13730391768985217,-0.033425483955573765,-0.020302585335143175,-0.02568815924599943
2014-08-06,-0.024630111761195117,-0.014620062845760007,-0.13509183502544375,-0.03312374599578005,-0.019777414633324164,-0.021148800893253106
2014-08-07,-0.02535943416115105,-0.015913886207211125,-0.13464950237470663,-0.038358767752650125,-0.02115491928756197,-0.023093919355010484
2014-08-08,-0.02327359803404383,-0.013368959960471827,-0.13536159663322755,-0.027233640203851994,-0.014766128560579794,-0.019344684269767543
2014-08-11,-0.02119513833437925,-0.011279273200571316,-0.13441105110048512,-0.024414970685554427,-0.013251047175315778,-0.0163312893449864
2014-08-12,-0.023312425268684156,-0.011793961039749057,-0.1358216613878659,-0.02577382743395118,-0.014644470776610352,-0.017073624055171766
2014-08-13,-0.021397049635350607,-0.010170305016898862,-0.13547658901773285,-0.019179572227111308,-0.009359457452121855,-0.014811364427409268
2014-08-14,-0.022447610003274443,-0.009153717022966412,-0.137761864668126,-0.01454830891600789,-0.005757442725376927,-0.013266210674638512
2014-08-15,-0.02335224998864971,-0.01069653895305489,-0.1382210859959292,-0.014749655906656778,-0.004279966941070135,-0.015570439160693894
2014-08-18,-0.023029112793705786,-0.008664886021247709,-0.13933227714023033,-0.006493675886908301,-0.00054105630627721,-0.01256154339965454
2014-08-19,-0.022092644543804996,-0.008000232737552682,-0.13937717896982849,-0.001308849614610419,0.0,-0.011682288270790653
2014-08-20,-0.02197835915396673,-0.008066535829050592,-0.14035887788356516,0.0,0.0,-0.011698779574758289
2014-08-21,-0.022148681576130702,-0.008692190349997464,-0.14077118263955846,0.0,0.0,-0.012680335454673064
2014-08-22,-0.022984184405647534,-0.008921438768656809,-0.14164457186614943,-0.0015535564364282939,-0.0009012410190861742,-0.013010985507589057
2014-08-25,-0.021510995597766924,-0.0077577375074815436,-0.14128947384103152,0.0,0.0,-0.011332980003946336
2014-08-26,-0.020162530393335376,-0.006505264496524665,-0.14042819754053304,0.0,0.0,-0.00952684294809425
2014-08-27,-0.020043948865464567,-0.0067588656486397,-0.1405611268191559,-0.00039969040802800837,0.0,-0.00981344199025147
2014-08-28,-0.01939174395952792,-0.006392085972370287,-0.14062139705801546,-0.0009483308629728571,0.0,-0.009363780937532762
2014-08-29,-0.018336185229631985,-0.005326421796416181,-0.1405251960408347,0.0,0.0,-0.007824850138451023
2014-09-02,-0.02255877106983606,-0.006452349152547887,-0.1426708368604951,-0.0004982011164738065,-0.0028545131217763142,-0.009376416178107805
2014-09-03,-0.021629610912828112,-0.0062100610394435485,-0.14204572028115525,-0.0010463621578176152,-0.0026103207577986565,-0.009105806177334141
2014-09-04,-0.023378653382145065,-0.007176547621032481,-0.14280745538609196,-0.0024910055823690325,-0.004890626563803346,-0.010426098571956643
2014-09-05,-0.022126901390456588,-0.005872491560140136,-0.14308449926056133,0.0,-0.0020856437915544035,-0.008616718461505801
2014-09-08,-0.02579545052403931,-0.008040880846789,-0.1454523622943381,-0.002585865276028443,-0.004060604642113885,-0.01167900742513528
2014-09-09,-0.029633435964214305,-0.010136573718104502,-0.14786557847706328,-0.008900481675314653,-0.008773552884334013,-0.014716241324860047
2014-09-10,-0.03049889838690545,-0.009397352149456584,-0.14931852980141136,-0.005171451481770117,-0.007524692439818015,-0.013725426521669526
2014-09-11,-0.03230898699042506,-0.010556000421968803,-0.1500280012273305,-0.00402772842368071,-0.007333714420859283,-0.01532418714441841
2014-09-12,-0.03660224542504764,-0.013237475748801297,-0.15193069519296143,-0.009845320642457023,-0.012320712630111363,-0.019210367874142098
2014-09-15,-0.038002755454922155,-0.015545165350349444,-0.15273386044081905,-0.010591089471794324,-0.012043275727804836,-0.022554929135575108
2014-09-16,-0.033483416016221845,-0.012772020223750236,-0.15080533244582206,-0.003132750014418595,-0.0076740330140379065,-0.018535986216227873
2014-09-17,-0.03655240383559921,-0.014139004171530134,-0.1539923451830354,-0.001790328912239847,-0.007860106886189544,-0.020517136710537898
2014-09-18,-0.051004136895197894,-0.020557601484612387,-0.16041478484657956,0.0,-0.00492859886132524,-0.029899810549246952
2014-09-19,-0.06694047160995342,-0.03101030263046123,-0.1665238911238477,-0.0009012847130879242,-0.003982758786992169,-0.04504846160672149
2014-09-22,-0.06772042175693171,-0.032124863972385675,-0.16772783538425784,-0.008617312638360741,-0.007797433982431601,-0.04666387846676301
2014-09-23,-0.05467089156013649,-0.0252880624378935,-0.16325335149644504,-0.014292634715785346,-0.010381220876391928,-0.03675564772568285
2014-09-24,-0.05814856177601058,-0.027026737579271543,-0.1640725940753861,-0.006576328702048051,-0.006833834780014314,-0.03927545007180411
2014-09-25,-0.06690648621878692,-0.034082812523271944,-0.16636249044655538,-0.02260581127025807,-0.01459461059223155,-0.049501531292536205
2014-09-26,-0.06950409335357677,-0.03422216004989187,-0.1691093280111614,-0.014840005509859533,-0.010749980250729818,-0.04970350370749488
2014-09-29,-0.08204347126392098,-0.04258557538384289,-0.1732152876763967,-0.016631914878233456,-0.010570483419913623,-0.06174381538039375
2014-09-30,-0.0820867996929493,-0.04227086768020216,-0.17465763607251705,-0.01922054769708459,-0.012476660819395136,-0.06136088393342243
2014-10-01,-0.08515167442272131,-0.045757152396506795,-0.17542278461547878,-0.03251169315644675,-0.017187298796948802,-0.06632519418508909
2014-10-02,-0.08718354542466544,-0.04718344077799563,-0.17615964864845868,-0.03236273043568849,-0.018281432450112822,-0.06835618901570029
2014-10-03,-0.09322362769638615,-0.051851995325026046,-0.1809680195771578,-0.02170953214952931,-0.01195982042827759,-0.07485183609576573
2014-10-06,-0.0962045221993788,-0.057789143364359696,-0.18115844529018232,-0.022854793142041974,-0.012002529118881111,-0.08330605512078071
2014-10-07,-0.09823194824717818,-0.059590361247646495,-0.1813184366713465,-0.0379382187543974,-0.01878523455120329,-0.08594693593179403
2014-10-08,-0.09020273607506635,-0.050356945241493145,-0.17819059035948837,-0.02111229082417454,-0.007207388478482457,-0.07279912935593724
2014-10-09,-0.0925405280929067,-0.05116559217459982,-0.1790432086968733,-0.04052638809247455,-0.01962317553281545,-0.07395061714283446
2014-10-10,-0.09709593607584499,-0.05631482700234158,-0.18090646209950223,-0.05147853147785297,-0.0246742259261874,-0.08128285059063789
2014-10-13,-0.0913239754739672,-0.05048247338008871,-0.17630110392120357,-0.06705982813762124,-0.03198664539765439,-0.072977981194699
2014-10-14,-0.09117391135264585,-0.04686547826126097,-0.17798370157599153,-0.0656161782228184,-0.03031224225541418,-0.0677516030350892
2014-10-15,-0.09489515158445694,-0.04888922860168754,-0.17950204952393667,-0.07193833406841399,-0.03184040690553691,-0.07063334907745411
2014-10-16,-0.09640100698772192,-0.05236081165138551,-0.17908314417726767,-0.07273468673427208,-0.033428934448936576,-0.07565273310177545
2014-10-17,-0.09421799013436849,-0.05040437044629875,-0.17876909057795798,-0.061783192221977146,-0.027996637176802897,-0.07286693841105252
2014-10-20,-0.09341593566646689,-0.047959484862462376,-0.17970617006926015,-0.05267338491318185,-0.02192030873952233,-0.06938569145217965
2014-10-21,-0.08817799453041975,-0.042977211742251,-0.17859560960117682,-0.03390593602074332,-0.011690110393092534,-0.062215257933864954
2014-10-22,-0.09360244065752821,-0.0471433906692994,-0.18125382692676217,-0.040775648052722824,-0.015954729039906024,-0.068223706241619
2014-10-23,-0.09601094544427213,-0.05160665056512259,-0.18248378684791255,-0.029624486022995944,-0.010898546861633496,-0.0745031644479045
2014-10-24,-0.09627483872901887,-0.05056497798545323,-0.18389992967836344,-0.022157532665661783,-0.006043875722045899,-0.0730199044594233
2014-10-27,-0.09964327462987166,-0.05394843193535326,-0.1857588406384435,-0.02350153421405854,-0.006435739216436809,-0.077837811067061
2014-10-28,-0.09312484117306996,-0.04759662616888838,-0.1822641495670011,-0.012301150526134452,-0.0006620898686144905,-0.06879325050748097
2014-10-29,-0.09887589347042036,-0.05593952172837224,-0.18470434134562774,-0.01379457827606323,-0.002901096907802825,-0.08074910129386204
2014-10-30,-0.0986561553569365,-0.05388053798202519,-0.18524204610279604,-0.007472144342003273,0.0,-0.07774128387245938
2014-10-31,-0.10005798589738124,-0.0551599370441741,-0.18619004000482742,0.0,0.0,-0.07963684344499045
2014-11-03,-0.10415377782087865,-0.059143479051439796,-0.18912319930401555,0.0,0.0,-0.08520012337438976
2014-11-04,-0.10726555045475805,-0.05952831760500954,-0.19139881060907926,-0.003469004007595311,-0.0021204610459674145,-0.0858193577644345
2014-11-05,-0.1078825273909656,-0.060014761541304806,-0.19165429519906352,0.0,0.0,-0.08643332259873004
2014-11-06,-0.1046072287053681,-0.05504011372427309,-0.1905146408632008,0.0,0.0,-0.0794674927875334
2014-11-07,-0.10240721649616424,-0.054979178160260544,-0.1885705465745593,0.0,0.0,-0.07930677141963394
2014-11-10,-0.10027275521831025,-0.04782606122978017,-0.18854900687023846,0.0,0.0,-0.06925795983667227
2014-11-11,-0.09744900479208585,-0.045244910057141596,-0.18683994900574685,0.0,0.0,-0.06560499289609123
2014-11-12,-0.08813192607604126,-0.028455451267741516,-0.18254708112912255,-0.0010773274509108255,-0.0008012967164294782,-0.041843527441151496
2014-11-13,-0.091963838593485,-0.029361948782233416,-0.18597273390737035,0.0,0.0,-0.043051957762027304
2014-11-14,-0.09109897348678442,-0.03285463559709012,-0.18507793673852468,0.0,0.0,-0.047995071751243845
2014-11-17,-0.09549729601168833,-0.03733434498360655,-0.18849635992056268,0.0,-7.061840692523802e-05,-0.05440971114790394
2014-11-18,-0.09686483606402074,-0.03916720455662781,-0.18951550274101348,0.0,0.0,-0.05692920882742447
2014-11-19,-0.09917203528669938,-0.03973845909040641,-0.1918020974282859,-0.0016058088136310378,-0.0020247585243101662,-0.057737726475778794
2014-11-20,-0.1007062904829984,-0.04552889529847748,-0.19188870382976486,0.0,-0.0002513039997189548,-0.0659327402161356
2014-11-21,-0.09880885603109157,-0.04650483801937022,-0.19071294655333337,0.0,0.0,-0.067313998266047
2014-11-24,-0.09412234268069786,-0.03712332006912644,-0.18860630641583376,0.0,0.0,-0.054111286209069465
2014-11-25,-0.09458355270736984,-0.036958038100145196,-0.1896557578962218,-0.0007234175062365011,0.0,-0.053877410662562686
2014-11-26,-0.09625885876835005,-0.03914803233317776,-0.1906582792331507,0.0,0.0,-0.05690232698289388
2014-11-28,-0.10779581103664493,-0.042611938917144654,-0.19889772259794802,-0.0021190196926511584,0.0,-0.061877445419254995
2014-12-01,-0.10206089139085683,-0.03891722012746279,-0.19544755700426775,-0.009054148131932949,-0.005151207412045,-0.05654154752996854
2014-12-02,-0.10576612953634223,-0.037632029127934064,-0.19913704477100314,-0.0026485728385781115,-0.003072990108172413,-0.0547119297325247
2014-12-03,-0.10606525756380747,-0.03812303490049085,-0.1995608050753115,0.0,-0.0006055861906425486,-0.05541102186346625
2014-12-04,-0.107842699242092,-0.04074953188817321,-0.2011091235587883,-0.0011064695461566743,0.0,-0.05915029620441148
2014-12-05,-0.10938483027957635,-0.03964592549629964,-0.202780936182811,0.0,-0.0012417157043427274,-0.05765515561944923
2014-12-08,-0.11543170012703796,-0.045528437696247925,-0.20728041617513782,-0.0066825755999599945,-0.003945835171206502,-0.06603001321775936
2014-12-09,-0.11134730105399049,-0.04474491350039256,-0.20458905216137635,-0.0073558822886946595,-0.0028799850567142737,-0.06483861822078774
2014-12-10,-0.11761177313163818,-0.05028494323371957,-0.20793436174312252,-0.023269142554092626,-0.010652545273258984,-0.07272585258016007
2014-12-11,-0.11867198471050078,-0.04889959426924517,-0.20981693001511714,-0.018317325924124495,-0.008349726921830225,-0.07075364335160739
2014-12-12,-0.12276118711118245,-0.05196848192501402,-0.21203538385307497,-0.03418251203823264,-0.01462184069608563,-0.0751987596657806
2014-12-15,-0.13262644319378014,-0.06022111744541281,-0.2179476837973886,-0.040817192534021385,-0.020089053081243646,-0.08679584126950879
2014-12-16,-0.13681596795668272,-0.06816478766660705,-0.21865725372258227,-0.04850968340530404,-0.02268446797393131,-0.0981050554804428
2014-12-17,-0.13407322614187567,-0.06595599006294417,-0.21884463208815852,-0.02985574889859144,-0.014242267924710506,-0.09496053089719259
2014-12-18,-0.131485265337568,-0.06184688478040046,-0.21941898984965902,-0.005865225504473992,-0.002057492344386569,-0.08918665971130002
2014-12-19,-0.12692592782171275,-0.05960971673364934,-0.21715316350069291,-0.0016357744736819058,0.0,-0.08592571077406364
2014-12-22,-0.12851089614601463,-0.05660682187566812,-0.2182885146739142,0.0,0.0,-0.08165084996078087
2014-12-23,-0.12787446179532103,-0.05523001235141545,-0.2181013600002344,0.0,-0.002492921668387882,-0.07969084083282685
2014-12-24,-0.13111759478254248,-0.05806362079569127,-0.22106469546421825,0.0,-0.002149144489227428,-0.08380107111994839
2014-12-26,-0.12790693582416957,-0.053633624946722636,-0.21942631640179366,0.0,0.0,-0.07741822626908423
2014-12-29,-0.13234785622521616,-0.05953857117776862,-0.22255451582965624,0.0,0.0,-0.08582495823253511
2014-12-30,-0.13209305518491377,-0.05924323025207279,-0.2228883679099486,-0.005366709313818441,-0.0027878928148725723,-0.08540455576016726
2014-12-31,-0.13498705799446442,-0.060367098875339864,-0.22308380006717332,-0.015236212578011332,-0.008292841537862583,-0.08707854221091949
2015-01-02,-0.1363153369976713,-0.06258688535500445,-0.22363432144801576,-0.015763239101464044,-0.006590306093427256,-0.09013812999222937
2015-01-05,-0.14601082497807127,-0.07829877589721979,-0.22971351655474304,-0.033538406392458975,-0.014897719738749315,-0.11239118418651006
2015-01-06,-0.14632830052356194,-0.07519514838959807,-0.23058945890924998,-0.04264141434754276,-0.01770365473609592,-0.10793613810366298
2015-01-07,-0.14390854866451663,-0.07044958970334603,-0.22986428617894183,-0.030711627766667138,-0.010570032454119693,-0.10123737120248755
2015-01-08,-0.14295251963391686,-0.07142890974629967,-0.2299583138784117,-0.013511575951264954,-0.0018238417904816728,-0.10261984157817128
2015-01-09,-0.14224999045304842,-0.0701066539183488,-0.22899976657193177,-0.021416441453031565,-0.004616786089206015,-0.10075340807259581
2015-01-12,-0.14921379888199537,-0.07814004303950972,-0.2328368416634038,-0.02908254796917331,-0.00782680496027266,-0.1120934629310435
2015-01-13,-0.1549411080719556,-0.09087985668697207,-0.23747318779575133,-0.0318136810407087,-0.009102700097277983,-0.13007704292093747
2015-01-14,-0.16066412312344192,-0.1094422199343783,-0.2402837512163286,-0.037658706850812296,-0.010763234733125793,-0.1562797323625964
2015-01-15,-0.15618268306934424,-0.09910921109957982,-0.2352419980602085,-0.046474511968115695,-0.012609353704527537,-0.14169374315464733
2015-01-16,-0.14944941221181174,-0.09338386382264052,-0.2336418904134775,-0.033969343736635516,-0.008084429237104174,-0.133611906942401
2015-01-20,-0.1487438799817209,-0.09074339290504307,-0.23374157630597314,-0.031909237869960805,-0.00590415844895853,-0.129884868770054
2015-01-21,-0.14514596402137225,-0.08336259244699973,-0.23236656627474628,-0.027022175927486458,-0.00489754656438901,-0.11954022408462639
2015-01-22,-0.14027740219465135,-0.07686709892953492,-0.23020896031617577,-0.01255325718361966,0.0,-0.1102972208539229
2015-01-23,-0.1412716236663124,-0.07914711182676548,-0.23006943028260762,-0.017967079474534686,-0.000612197796830527,-0.11358977770662226
2015-01-26,-0.13661807978424034,-0.06595979177122735,-0.22662447831112775,-0.015667327372195783,-0.00015950468154557473,-0.0949746851911667
2015-01-27,-0.13683071965743976,-0.06970958542531758,-0.22541071018922387,-0.028651166999976496,-0.007422808684234616,-0.10026795537325994
2015-01-28,-0.14572928358963333,-0.08384090921452503,-0.2304732482549715,-0.04110806882930862,-0.011793412412374193,-0.12014174109153075
2015-01-29,-0.1483509027625799,-0.08569409957558416,-0.23154347009641663,-0.032244352209873206,-0.007908486639801815,-0.1227577457522343
2015-01-30,-0.14512778796878523,-0.08939194634427305,-0.22883424804030383,-0.04441387375141692,-0.011675131729191213,-0.12797461004104138
2015-02-02,-0.13955381590956673,-0.08192832173842601,-0.22598544511690932,-0.03258026507482137,-0.004825926479789078,-0.11759027224096508
2015-02-03,-0.1347060116476846,-0.08335556059851978,-0.223695978980751,-0.018590017727255437,0.0,-0.11964681791341514
2015-02-04,-0.13844816113377956,-0.0839410214371783,-0.22565424078831597,-0.02232702616855231,-0.0016734411673016147,-0.12039070616313508
2015-02-05,-0.13612209488118165,-0.08574649224853848,-0.2248477191187357,-0.01245725672934761,0.0,-0.12290275408683315
2015-02-06,-0.14160126613455348,-0.08716359431059284,-0.2279923319639804,-0.015188034900867287,-0.006043309585768819,-0.12487446800431867
2015-02-09,-0.14111291771265166,-0.0882608188143501,-0.2279396243641676,-0.019596159272028735,-0.008947508948548233,-0.1263306097749748
2015-02-10,-0.1431329234956773,-0.08715726683171288,-0.23000144905117414,-0.009151629257247218,-0.00345264755239838,-0.12486580353937671
2015-02-11,-0.1464175243149206,-0.0889847124164912,-0.23302690003196014,-0.008576425056650572,-0.003239632119820146,-0.12733783339224014
2015-02-12,-0.14188764878774907,-0.08621089278072191,-0.23079078934680586,0.0,0.0,-0.12347852050033536
2015-02-13,-0.13642874500046764,-0.07721223574614788,-0.22715169314648997,0.0,0.0,-0.11102893999338392
2015-02-17,-0.1388591871818745,-0.07540356053728448,-0.22758416285362704,0.0,-0.0017280974133870863,-0.10851253310195497
2015-02-18,-0.14034410543611697,-0.07866937291573928,-0.22822446602341262,0.0,0.0,-0.11305643600947712
2015-02-19,-0.14048388035200132,-0.07638636839474733,-0.22766686315504114,-0.0007140266759732006,-0.0014021519043190267,-0.10988003487109899
2015-02-20,-0.13972468164773943,-0.07409511534637747,-0.2277555705797496,0.0,0.0,-0.10662156470294715
2015-02-23,-0.14141496218511274,-0.07723502594787801,-0.22993141995496846,-0.00014201990172235668,0.0,-0.11106096719550607
2015-02-24,-0.1393104762465044,-0.07761480535725884,-0.22891343461348612,0.0,0.0,-0.11151881765291105
2015-02-25,-0.13572865476311358,-0.07747180150654498,-0.22698700869244626,-0.0008500882525026565,-0.0001742900688955773,-0.11139048261950957
2015-02-26,-0.13720922964765148,-0.07716632069244289,-0.226615340355922,-0.0020304020865851147,-0.0031626831180584514,-0.11089490149474313
2015-02-27,-0.13251928484997577,-0.07030932088815867,-0.22284555134208006,-0.005429880790051578,-0.0039488235022596685,-0.10142132437377638
2015-03-02,-0.13523206348284134,-0.060966375550107976,-0.224458548657692,0.0,-0.0031416976270308705,-0.08822858531553501
2015-03-03,-0.13481632767083152,-0.05947390837836397,-0.22313848682776738,-0.004103918530678596,-0.006462318148541257,-0.08620552517168112
2015-03-04,-0.1381060546575229,-0.06398742123606083,-0.2248608491226849,-0.008302007311385196,-0.008690606516952859,-0.09254380619638536
2015-03-05,-0.13877829413429077,-0.06263094552818205,-0.22554586807593024,-0.007217214950671624,-0.007815707392554772,-0.09063895372211228
2015-03-06,-0.15117412554307608,-0.06926668370286426,-0.2329456829699842,-0.02118026946319107,-0.02025399256068361,-0.09988469323441718
2015-03-09,-0.14967723394534405,-0.06228829019433113,-0.2330872634544282,-0.017123610770420794,-0.015997575283037357,-0.09015787184526858
2015-03-10,-0.1551469683093819,-0.06528707205236373,-0.23635246201157978,-0.03306729800918129,-0.023918134880222208,-0.09436904501258259
2015-03-11,-0.15343124310596346,-0.06407309720717447,-0.2351895882127878,-0.03533157711931967,-0.024575289432350655,-0.09266432427726068
2015-03-12,-0.15194381617883568,-0.06254049435856068,-0.23578619507650256,-0.02306708136519242,-0.016828883025661323,-0.09043943875270488
2015-03-13,-0.15859254688527602,-0.06731990318647862,-0.23994798484300028,-0.029057637084978105,-0.02102450736472039,-0.09722387496796481
2015-03-16,-0.1543975323932515,-0.06250127346602197,-0.23903481847691377,-0.01608564146537972,-0.011851630964588744,-0.09045734959519602
2015-03-17,-0.15628567994063314,-0.06571957843701204,-0.24061709094159656,-0.019010160603080806,-0.012794698268057347,-0.09497685636892439
2015-03-18,-0.14478991530401963,-0.07319562513572064,-0.23376465049994777,-0.007217214950671513,-0.00114282371683605,-0.10547542865750703
2015-03-19,-0.1482678912799319,-0.07203615679576647,-0.2353896120694292,-0.011745860527395235,-0.005756758805281481,-0.10384727086339762
2015-03-20,-0.14009420913619874,-0.06736297728292362,-0.2312649457111271,-0.0030224457149565787,0.0,-0.0972848754743939
2015-03-23,-0.13670125972706615,-0.06409267651758654,-0.22917067078197761,-0.0049653404560285885,-0.0006490724345591392,-0.09261977390315446
2015-03-24,-0.13911758785878492,-0.07352229617519179,-0.2303377952916913,-0.010556327786548358,-0.0027858257826950394,-0.10593441250931346
2015-03-25,-0.14320906897834318,-0.07661611485324171,-0.2313767467451885,-0.02505566352812416,-0.013236026695605974,-0.11020630201608583
2015-03-26,-0.14381065677561033,-0.07562328232245974,-0.2314223761812072,-0.027377073754698777,-0.016889727661039466,-0.10881216820645545
2015-03-27,-0.1466267966139665,-0.07688821953489311,-0.23435917982936194,-0.025149921134599462,-0.013996379331120967,-0.11058855689737479
2015-03-30,-0.14531109102190587,-0.07559686632874152,-0.2345009489532932,-0.013257301775991492,-0.006889241482170849,-0.10870249848218072
2015-03-31,-0.14893312608912312,-0.07871156744281671,-0.23587901933548472,-0.021881042882231694,-0.011038786779532184,-0.11322062587066373
2015-04-01,-0.14108663313083558,-0.07638838286050997,-0.23063023104884284,-0.0253398340507045,-0.011254502703495484,-0.10982804729855844
2015-04-02,-0.14228822700558152,-0.07318486210407182,-0.2307060461085393,-0.02183334626208755,-0.010260499548174207,-0.10541997218409993
2015-04-06,-0.1351243225656118,-0.06814394582654482,-0.22541827153827754,-0.01524754371141912,-0.005753453390777263,-0.09837051222215165
2015-04-07,-0.13472502216273308,-0.07038930790589149,-0.22571672725733094,-0.017853386529915527,-0.00700541884138417,-0.10158245425578138
2015-04-08,-0.13888301025076244,-0.07366536490020426,-0.22864599359015703,-0.014536549588062053,-0.005358713805624027,-0.10616399565408963
2015-04-09,-0.1412285678336157,-0.07446868341222856,-0.22960843863187352,-0.010177375518809928,-0.004322532780902,-0.10721569451689061
2015-04-10,-0.13827782915965214,-0.07551227616672795,-0.22901433781086855,-0.004775602252817923,-0.0011552628504416518,-0.10867519903206613
2015-04-13,-0.14183702744721138,-0.08223178500878536,-0.23117326900217938,-0.009277167330925096,-0.0030820559811473025,-0.11800049601340223
2015-04-14,-0.14083919346814167,-0.08517309163024522,-0.2314519647775003,-0.007381707140655669,-0.0007619777564206176,-0.12218584051902914
2015-04-15,-0.134073492251654,-0.08148491656313095,-0.22691994548064565,-0.0029278386826926406,0.0,-0.11695611638507919
2015-04-16,-0.13192345219893553,-0.07969063175501401,-0.22481748183462147,-0.003212009205272981,0.0,-0.11451880966186767
2015-04-17,-0.13368858432168318,-0.08469045991343027,-0.22512797018060549,-0.01467867852757565,-0.0061378646294473205,-0.12143908629805433
2015-04-20,-0.13499413424842566,-0.08361887676307178,-0.22614698045726944,-0.0056758977971500535,-0.001418388950349292,-0.11994055912250168
2015-04-21,-0.13532944042378436,-0.07786271340260298,-0.2257284021902426,-0.006860451220509489,-0.0029742695075430925,-0.11196266378655151
2015-04-22,-0.13662695541878145,-0.07767108254646538,-0.22627122800737853,-0.0019801085875581492,-0.002317963051679528,-0.11162280783946998
2015-04-23,-0.13186474911457924,-0.07560392953928541,-0.2235018250858729,0.0,0.0,-0.10873199589931315
2015-04-24,-0.13163840739424137,-0.0788685679625366,-0.22401330949196274,0.0,0.0,-0.1132975888780422
2015-04-27,-0.1292556847683053,-0.07620261481913315,-0.22240182306908352,-0.004157922845195894,-0.00313379586660556,-0.10964141280061646
2015-04-28,-0.12998387172281933,-0.07568566044712699,-0.2228040382972598,-0.0009923335439313563,-0.0030360571236279776,-0.10891850278231752
2015-04-29,-0.13238653083376895,-0.0771478480221428,-0.22316970972253158,-0.005102956782881196,-0.00697753684017266,-0.11096338365410141
2015-04-30,-0.13539331291399015,-0.0780790738368985,-0.2240446544404343,-0.015072023885691399,-0.013122578924614103,-0.11226558581784207
2015-05-01,-0.13561205442464486,-0.07786972076111054,-0.22466903257537874,-0.004394159552634669,-0.008860955022747419,-0.11190069784804435
2015-05-04,-0.13461996075849947,-0.0724524662044509,-0.2236784343943481,-0.0015592319554399436,-0.007965300938515663,-0.10439389707644176
2015-05-05,-0.13652514073500976,-0.07530705462334253,-0.22415948780756234,-0.01299328023291979,-0.015501632891146033,-0.10838758066476262
2015-05-06,-0.1412250470493276,-0.0784336347668958,-0.22615964451924364,-0.017056603865623576,-0.01985626651494099,-0.11276176746936584
2015-05-07,-0.1415887605584818,-0.07546084279128695,-0.22757879219823562,-0.013134917727866458,-0.015844080781345804,-0.10853077719038506
2015-05-08,-0.13419937857993036,-0.06931264987749597,-0.22368570849902547,-0.00014198592666869736,-0.006525521674829893,-0.10000133424087254
2015-05-11,-0.1407210549060932,-0.07080629349641376,-0.22577285330732177,-0.004913932573758162,-0.013254907990767117,-0.10201902322667022
2015-05-12,-0.1379708515805581,-0.07019472518610159,-0.22420921237140745,-0.00789041055796913,-0.014750072538732506,-0.1012354816689447
2015-05-13,-0.13635533499308095,-0.06926725042773119,-0.222899022784373,-0.007701299240915449,-0.015151121343142337,-0.09993798121542474
2015-05-14,-0.13060280791526824,-0.06592042073348559,-0.2206637888112024,0.0,-0.007606920217572144,-0.09518370248565688
2015-05-15,-0.12666964189675844,-0.06515136891808082,-0.21971756287871191,0.0,-0.004159511096572199,-0.09410779933536584
2015-05-18,-0.1286246301792766,-0.06554105400261123,-0.2204510701151553,0.0,-0.004931698407637852,-0.09465310034150676
2015-05-19,-0.13654913294637616,-0.06823718424609926,-0.22456129819239556,-0.0003286712881361842,-0.006858826494957393,-0.0984250968407645
2015-05-20,-0.13589357935212387,-0.06754564458638235,-0.2236567432864408,-0.0010323860177230415,-0.006439014718919611,-0.09745765545044505
2015-05-21,-0.13172442275919094,-0.06708700463754302,-0.22284046471240648,0.0,-0.0023618281832509247,-0.09688806462940713
2015-05-22,-0.1335265175072169,-0.06557076221048863,-0.22306650202694223,-0.0023887866659711987,-0.004692787005883159,-0.09476684271893532
2015-05-26,-0.14091376042693504,-0.07135624677591079,-0.22872499570941285,-0.01311514084713794,-0.00877125874520246,-0.1028610473730911
2015-05-27,-0.1407194674533795,-0.06960880315083784,-0.22955363180555033,-0.0037472077715053898,-0.0033105566977392753,-0.10041636900170692
2015-05-28,-0.14046855923253876,-0.0694817733203984,-0.22921710453234923,-0.004871525538592936,-0.0036247243751348357,-0.10016665338346753
2015-05-29,-0.13943767390944906,-0.07099077968136547,-0.2280644096501946,-0.01105371890121487,-0.0071573073421168365,-0.10227644113132806
2015-06-01,-0.14367401550633174,-0.07677614108902131,-0.23127878980457495,-0.009039704824272743,-0.00769636656327799,-0.11039899768435024
2015-06-02,-0.14301756811211497,-0.07476294782931059,-0.22975395395961384,-0.010023353340777752,-0.011041999307678019,-0.1076454124479409
2015-06-03,-0.14766142049533093,-0.07446900706647508,-0.23151828172147093,-0.007400376983228818,-0.012810266611567922,-0.10723274782966619
2015-06-04,-0.15200139345202202,-0.07891602466669334,-0.23441602232507763,-0.01578448883609407,-0.015963168037301356,-0.11340344027530169
2015-06-05,-0.15335234229379502,-0.0788457152951565,-0.234116915655049,-0.017470706427332172,-0.019806201695786285,-0.11330476871904582
2015-06-08,-0.15344821794402275,-0.07777407329801034,-0.23276991177163886,-0.023512835011289424,-0.022887707732899276,-0.11172744702479065
2015-06-09,-0.1526385896796345,-0.07775998226879444,-0.231741225830165,-0.02365341790874087,-0.02423741169407112,-0.11170770454143297
2015-06-10,-0.14949824381034915,-0.07485952654079042,-0.23019776064675024,-0.01194384697672457,-0.018671789808964334,-0.10770853081645837
2015-06-11,-0.14778532350557572,-0.07463391189031299,-0.23157530551073657,-0.0087588844418941,-0.013702707533446823,-0.10746465889288548
2015-06-12,-0.15123446851744837,-0.07601476358711168,-0.23261041905284208,-0.016346734072769098,-0.01849668711668695,-0.1093305146461706
2015-06-15,-0.15084876015306659,-0.07306036352522716,-0.23145185052604178,-0.020562321227429847,-0.020105852640914135,-0.1052555817369677
2015-06-16,-0.14556159855293715,-0.06654212198468434,-0.22824608433604066,-0.015222675365074712,-0.015401640481431,-0.09595839017260732
2015-06-17,-0.14419722169453486,-0.06560502304148996,-0.22648425033925856,-0.013630150921093986,-0.014219028825254942,-0.09478854137241832
2015-06-18,-0.14149690094855694,-0.06286779038280366,-0.22501617888018755,-0.0033727805950003464,-0.008337742051740982,-0.09079976627457809
2015-06-19,-0.14311225975338926,-0.06591513150416128,-0.22698440323586766,-0.007796824208167186,-0.008919505141280926,-0.0950781734687206
2015-06-22,-0.1429815714135173,-0.0635265478517919,-0.22604951273529095,-0.0027136471452168243,-0.009168607975593601,-0.09179767513949066
2015-06-23,-0.14268096964764487,-0.06523121241144159,-0.2254614388101912,-0.002007537592107922,-0.009933691238285025,-0.09411805096737569
2015-06-24,-0.14547634746254,-0.06867467724009468,-0.22770617892988365,-0.009255760358316434,-0.013146348561056787,-0.09895260541935347
2015-06-25,-0.14603120565368044,-0.06777724596773949,-0.22740592268798865,-0.012268016630921474,-0.015928166917374642,-0.09776560482887309
2015-06-26,-0.14791996425404985,-0.06772912245479601,-0.22772765594762556,-0.012456007397353974,-0.017901489489439926,-0.09762511234181137
2015-06-29,-0.15083197720539931,-0.06713517494671806,-0.22928198769535835,-0.033165819772724814,-0.025874927461027375,-0.0968642359187546
2015-06-30,-0.14665320235471002,-0.06372296529560817,-0.22667760055748865,-0.03114161602631149,-0.025735454904096455,-0.09207271446323861
2015-07-01,-0.15020010954868313,-0.06447264748296466,-0.22848341288391294,-0.02337579259221323,-0.023086889608114558,-0.0931289694456715
2015-07-02,-0.14914200709370118,-0.06543472857918198,-0.2275525139582797,-0.024269720205492118,-0.02225102213807084,-0.09448447524555914
2015-07-06,-0.15266927639775751,-0.061133275305331636,-0.2300674805581885,-0.02704683690207732,-0.021176045885791916,-0.08842420016271924
2015-07-07,-0.15431626022380152,-0.06503730507210481,-0.2320022945424829,-0.020927854031429827,-0.016443225155953978,-0.09385088781233808
2015-07-08,-0.1596152906609406,-0.0674787138104721,-0.23452863569118676,-0.037354292044216364,-0.02479336354062356,-0.0972906529285047
2015-07-09,-0.15845719384266632,-0.06543618276118934,-0.23343360917621903,-0.03561306750845927,-0.026493049346850928,-0.09441295316673048
2015-07-10,-0.15349352800434113,-0.055242888837335635,-0.22996527142972634,-0.02347017656451933,-0.021880067589718943,-0.08005158775075849
2015-07-13,-0.1514437560268319,-0.05061419156108515,-0.22971550444803668,-0.012691665092160465,-0.016417489022542142,-0.07353023481183296
2015-07-14,-0.15052354737586604,-0.05182184973134141,-0.22961098046444384,-0.008408290729576162,-0.012606713100597577,-0.07530553513559735
2015-07-15,-0.1529209330485004,-0.05438542227441545,-0.23165329558776282,-0.008738073337295704,-0.011318874486654362,-0.07884361930583295
2015-07-16,-0.15164701535784486,-0.056473517392851114,-0.23234332512456224,-0.0007838273711094912,-0.0066683923506104525,-0.08178559754486525
2015-07-17,-0.15279658149140296,-0.05647908353198039,-0.23377077455243633,0.0,-0.0061200496062280285,-0.08186725911652515
2015-07-20,-0.15850851267635746,-0.05840549766919878,-0.23767080836403354,0.0,-0.006588232217093926,-0.08450781048993428
2015-07-21,-0.1587820450284011,-0.06137894746300099,-0.23848552839690274,-0.003951382418561855,-0.007895850800325399,-0.08877099263218502
2015-07-22,-0.161240003397629,-0.06164890213711327,-0.2403461059988391,-0.00573863104815675,-0.008491621827757201,-0.08907761846273199
2015-07-23,-0.16400474558771783,-0.06443232864895987,-0.2425680185286948,-0.011336243009889446,-0.010272667715056416,-0.09299929704885923
2015-07-24,-0.16763866132926453,-0.061319175622409516,-0.24358439860169834,-0.02159067803426662,-0.016091478149357075,-0.08868698660688756
2015-07-27,-0.1726774708071953,-0.06217781244122089,-0.24602101337102844,-0.02728244655859935,-0.018227015185760087,-0.08982319861429378
2015-07-28,-0.16857164482201392,-0.05837580663079822,-0.2443225882589377,-0.015334574255265854,-0.012128771092131063,-0.0844666204629313
2015-07-29,-0.16688697742542058,-0.05862379013297547,-0.24396214851183784,-0.00856091144243043,-0.008597204230459732,-0.08488988825963495
2015-07-30,-0.16691268377619395,-0.05995273657716671,-0.24481321392362643,-0.008325908399387183,-0.00800928221789221,-0.08676237763607031
2015-07-31,-0.1666305237711183,-0.06080807578106351,-0.24416333928161105,-0.009831032553143215,-0.006615345839739439,-0.08796713675383883
2015-08-03,-0.17182177032670232,-0.06468070183691543,-0.24824916704846878,-0.013170785678260799,-0.007414072795808302,-0.09343147718818834
2015-08-04,-0.17273315913976262,-0.06258625990357136,-0.24863679430833996,-0.015099226000260701,-0.010631397714123025,-0.09040250925930848
2015-08-05,-0.17414008371366996,-0.06284369100983511,-0.24961291423356546,-0.01185345683176231,-0.010210700839910825,-0.09076588210352565
2015-08-06,-0.17693007797666527,-0.06722946534639374,-0.25176257807893565,-0.019944534794086644,-0.013697407818145657,-0.09695388440744002
2015-08-07,-0.17622874874945094,-0.06741540340570495,-0.25233588018411335,-0.02182576738030062,-0.013259682371778103,-0.09721630537078296
2015-08-10,-0.17037148658963597,-0.06851374333352278,-0.2501944244897061,-0.009501527735537696,-0.007486223078916665,-0.09884042589414876
2015-08-11,-0.1722309917784297,-0.06825233373119166,-0.25127288684708926,-0.0184393243373403,-0.010248989707474343,-0.09839774428886572
2015-08-12,-0.173650817203287,-0.06822906712997923,-0.25202185051139736,-0.0172630145772662,-0.009690516506531965,-0.0983651257440542
2015-08-13,-0.17678787803204477,-0.06991153296525221,-0.2539742299494768,-0.018486186861164322,-0.011473704693154674,-0.10073910443388168
2015-08-14,-0.17729886727646926,-0.06922834229307817,-0.254588578287969,-0.014911171784032007,-0.009733280969183133,-0.09970150808252576
2015-08-17,-0.1759539528431111,-0.07005495368816983,-0.2549225310729071,-0.009407975293871051,-0.0057097680038459275,-0.10086832574902727
2015-08-18,-0.18476994903401844,-0.08920110632453015,-0.2604110220514716,-0.01227711821196853,-0.00807267399423961,-0.1279555075506934
2015-08-19,-0.1843800784396331,-0.08343594104202923,-0.25945880223596396,-0.020085640183501674,-0.010342653674283775,-0.11989576288929649
2015-08-20,-0.18703916954759336,-0.08370967763728121,-0.25961135742375996,-0.04054756140544158,-0.02157525538161087,-0.1202079669605125
2015-08-21,-0.1968445129294899,-0.09032592383866822,-0.2623620021854094,-0.06942972019534943,-0.03735321460578578,-0.12954279019230452
2015-08-24,-0.21708777745937635,-0.10849300456962618,-0.27089319590458927,-0.10861265871551551,-0.060266383572201265,-0.15517469157113262
2015-08-25,-0.21960707857860506,-0.1061091827564894,-0.26960995114397723,-0.11910218308592646,-0.06878646108368791,-0.15181151106460344
2015-08-26,-0.21763025817461978,-0.10033652742738253,-0.2706789720992694,-0.08528107675753527,-0.050895580117350625,-0.14374119878834601
2015-08-27,-0.2034787785902994,-0.09520811238517968,-0.2649706271187441,-0.06265562586756157,-0.03750072174075625,-0.1364315933510316
2015-08-28,-0.19573182554852175,-0.09112529520700197,-0.2603308274662046,-0.06260876334373755,-0.037397692077069555,-0.13074543245165604
2015-08-31,-0.19431068384988714,-0.09240483930821297,-0.25859500174781713,-0.0701815055453131,-0.042643684110739155,-0.1325443456432418
2015-09-01,-0.20837390840773728,-0.09947814704364777,-0.26470360656132175,-0.09793482121990382,-0.05806905385971306,-0.14236682283969881
2015-09-02,-0.2042353718636819,-0.09524389037514813,-0.2638500272765768,-0.08081265312308161,-0.04853704088075217,-0.13641651029861168
2015-09-03,-0.20322078596330584,-0.09675355267669972,-0.26462971984383843,-0.08015450651777523,-0.047192881082722904,-0.13858344508742992
2015-09-04,-0.20805440475157144,-0.09909619864287911,-0.26665911517484087,-0.09407768166693253,-0.05460401943986404,-0.14176610083169927
2015-09-08,-0.20144029953707443,-0.0872611340318773,-0.2637275726232031,-0.07131095278156319,-0.042234236445133244,-0.12533154661756507
2015-09-09,-0.20649765766248607,-0.09299340892830332,-0.265963016178114,-0.08372917638294552,-0.04976177508116997,-0.13329176465610537
2015-09-10,-0.20408574313796857,-0.09156858888286967,-0.2643240508176138,-0.07874328001764785,-0.04754695216130389,-0.1312429666828353
2015-09-11,-0.20173358474080072,-0.090297335496059,-0.263710478917783,-0.07455680825305211,-0.04395115597357535,-0.12954797259500428
2015-09-14,-0.2064362660400627,-0.09539726848998087,-0.26654037751149273,-0.07799037272880804,-0.04571152436740766,-0.13663021043192047
2015-09-15,-0.20748478392665937,-0.09318193935208152,-0.2672051036164135,-0.06646598919969915,-0.04162141532256913,-0.13348375448657768
2015-09-16,-0.2003574885325926,-0.08911678531720091,-0.2637549150487055,-0.058375429055317674,-0.03673142243521199,-0.1278388339991191
2015-09-17,-0.19635189400763353,-0.08790181652497353,-0.26123306078868636,-0.0604915783815847,-0.03486530801786347,-0.12615179142793287
2015-09-18,-0.2000319972551231,-0.08945361670791707,-0.26275191401442743,-0.07584488038578174,-0.042547082283128757,-0.12830671198420873
2015-09-21,-0.20238010996320988,-0.09125905503659315,-0.2644457832521747,-0.07106939071124418,-0.041796734720586204,-0.13088405392857572
2015-09-22,-0.20653223203905235,-0.0945287694933471,-0.26674843222933986,-0.08312652260050979,-0.047333946108462754,-0.1354245488866399
2015-09-23,-0.20902575370213183,-0.09514137440559556,-0.2678241855351017,-0.08459220628762221,-0.04867223552340494,-0.1362049333365689
2015-09-24,-0.20567461570934753,-0.09158866749575223,-0.2659234044933171,-0.08790235748700936,-0.05014010565133875,-0.1312715016741015
2015-09-25,-0.20874104170811159,-0.09235304954200785,-0.26800201894545295,-0.08813848246892886,-0.05129563899035783,-0.13233297736002425
2015-09-28,-0.21751974355323567,-0.09815362409482276,-0.27253429199101975,-0.11102413687516255,-0.06323407711717388,-0.14045814835111992
2015-09-29,-0.2161254075654927,-0.09983540623087739,-0.2722980346695201,-0.11050372984264245,-0.06157812843705479,-0.14279356779767005
2015-09-30,-0.21093375265253334,-0.097760552378367,-0.2708139736848766,-0.09390714695776814,-0.05126273721944019,-0.13984108238199755
2015-10-01,-0.2104694679182697,-0.09763432578012599,-0.2707755425675583,-0.09154304913988742,-0.049481553982430926,-0.1397359476986535
2015-10-02,-0.19954541579481044,-0.09116419391548813,-0.2661046943022354,-0.07797276691875221,-0.0391238877402218,-0.13077387865738277
2015-10-05,-0.19370808794003092,-0.0850773922425816,-0.2641294821762963,-0.061565360188983065,-0.030930450127568454,-0.12227308804582793
2015-10-06,-0.18847806210746254,-0.08253752505659917,-0.2613028392416503,-0.06478057809885585,-0.03217501792897137,-0.11875503942458521
2015-10-07,-0.18603057685594315,-0.0816321305936959,-0.2608831657293753,-0.057120756179898646,-0.02831421979711124,-0.11750094254820809
2015-10-08,-0.18545397447746936,-0.08165419868439239,-0.26044013036589964,-0.0486095552599779,-0.023953594430984326,-0.11753150991386374
2015-10-09,-0.18395787160908028,-0.07975986398879598,-0.26009926178037357,-0.048041854188681676,-0.023385756292516158,-0.11490757406671548
2015-10-12,-0.18538744058819645,-0.07950413841775028,-0.2611335331423501,-0.04714352636090369,-0.021552644149165245,-0.11455341754640502
2015-10-13,-0.18849264616232053,-0.07891593597224522,-0.2620447782802009,-0.053149006255586384,-0.024973401300865006,-0.1137386952156001
2015-10-14,-0.1854709635005828,-0.07726964428693783,-0.26013355219542567,-0.05768793943325223,-0.025746065345578217,-0.11145837256921065
2015-10-15,-0.1819839547505152,-0.0726774263265747,-0.25917858799872495,-0.043219329384339256,-0.017960014254517542,-0.10509751392063027
2015-10-16,-0.18205269640333688,-0.06892100526342892,-0.2598978120347514,-0.03886888193785487,-0.015543935662060582,-0.09989436948780273
2015-10-19,-0.18666745668808182,-0.06932283727280197,-0.2617335389690094,-0.03839645936803504,-0.015423528995161084,-0.10045102139577244
2015-10-20,-0.187689223706605,-0.06741471001744415,-0.2614861274276109,-0.03962593177023732,-0.017499304740672517,-0.09773828007774632
2015-10-21,-0.1913777959202081,-0.07174272088778755,-0.26441496785137175,-0.045583599808200925,-0.019938766870967184,-0.1038029742264095
2015-10-22,-0.18484298526703324,-0.06522005408868925,-0.2619600799442684,-0.029459612099127508,-0.009421449521013536,-0.09476819587173702
2015-10-23,-0.18454272655908865,-0.062082479120386,-0.2617637164337401,-0.018821042464178928,-0.004887258885952428,-0.09042221947319451
2015-10-26,-0.18441947867861286,-0.058840434331712266,-0.2618875910600622,-0.02123234801784535,-0.005415140953813458,-0.08586183702432082
2015-10-27,-0.18518702596068592,-0.05633001795711068,-0.26172673365468146,-0.02312385065992506,-0.005652301823301564,-0.08238460147925386
2015-10-28,-0.17972146650067233,-0.04885333389295332,-0.2604886074150218,-0.012011909122261244,-0.0006447493402540472,-0.0720284161621898
2015-10-29,-0.18580783922341493,-0.047128860627049796,-0.26165807517760364,-0.012579523890567046,-0.0033265125993386935,-0.06963986004160938
2015-10-30,-0.18275122791778198,-0.04286879581083025,-0.2600180391460599,-0.016835210653517896,-0.005280879936878868,-0.06373225279306716
2015-11-02,-0.1785130829869287,-0.029278888585445695,-0.2570176082718355,-0.00520337990127695,0.0,-0.044418355274043475
2015-11-03,-0.1744397819604292,-0.016174868510309137,-0.25405619582761385,-0.00231913395984773,0.0,-0.025870623246524005
2015-11-04,-0.17730173473930766,-0.013126602722619451,-0.2545715219959849,-0.005345175714615458,-0.002243492842580408,-0.021462509886740033
2015-11-05,-0.18246389548308517,-0.021917782513714568,-0.25820250627804897,-0.006338091619945807,-0.0031055227663150387,-0.03395692204864231
2015-11-06,-0.18856263878146196,-0.02689561890291481,-0.2607349198698675,-0.006858326046484953,-0.006098531575243649,-0.041031688822000145
2015-11-09,-0.19401854808450014,-0.027846105706756386,-0.26122930554170964,-0.016125972677854872,-0.012386217078462325,-0.042459012354924885
2015-11-10,-0.1980091845329467,-0.04341183334906018,-0.2658243771234843,-0.013856376634536094,-0.01026652815162954,-0.06450587157351961
2015-11-11,-0.20303360830444928,-0.052843260358147015,-0.2683787997732716,-0.017733624784286306,-0.012802890125340416,-0.07798634319277031
2015-11-12,-0.20709198789860328,-0.04719842472118574,-0.2686540218702226,-0.031445961727731286,-0.02089271113617197,-0.06996400018138293
2015-11-13,-0.21057481123208566,-0.05071283054937814,-0.26998953344933563,-0.042320915253570957,-0.02599805102741959,-0.07488313608704977
2015-11-16,-0.20690494570637097,-0.049379027941899745,-0.2698651021205444,-0.027757717127105175,-0.016648775166903995,-0.07306427491768896
2015-11-17,-0.20925842707552644,-0.04913741082112166,-0.2710313883608352,-0.02846678249678758,-0.017190217401799823,-0.07264525245214637
2015-11-18,-0.203854858512159,-0.04592377120640889,-0.2698441600709349,-0.013052377975339424,-0.008031542957726456,-0.06807822420834708
2015-11-19,-0.2016569952153231,-0.04787570550660969,-0.2687783796979819,-0.013903670673312551,-0.007692048262326723,-0.07092858065005192
2015-11-20,-0.20184788109799845,-0.04927334935424155,-0.2689027506026328,-0.010309755241267649,-0.006034159073921019,-0.0728392427895912
2015-11-23,-0.2006784363167089,-0.05002825361891494,-0.2690630964796087,-0.011444984777879252,-0.0062015046480781155,-0.0739887903986659
2015-11-24,-0.19678548994480183,-0.050118660707787366,-0.26724373135950696,-0.010121096904105342,-0.005027100179600508,-0.07404162999188413
2015-11-25,-0.1952273991643363,-0.046304908885628326,-0.26652157243984653,-0.01026297902043427,-0.004890170625567514,-0.06862174583836678
2015-11-27,-0.196069831966604,-0.03689297819700388,-0.26585531087576886,-0.009127835786813088,-0.0037931178896996043,-0.05532196981498494
2015-11-30,-0.19644551744602112,-0.031268601204498925,-0.2650893279241491,-0.01324164043343512,-0.006140036018466355,-0.0473276705986575
2015-12-01,-0.18969729465527174,-0.03315528724736594,-0.2642232696368102,-0.003832284291717336,0.0,-0.049946614657236155
2015-12-02,-0.19867527093321025,-0.037941374621391355,-0.26913592715498147,-0.01399799984189376,-0.0072540028875694995,-0.05678551290932676
2015-12-03,-0.20418613736989488,-0.03823504720247328,-0.267837191028377,-0.027805011165881743,-0.019768149184931416,-0.05728283617122254
2015-12-04,-0.19708958627815654,-0.032226372754732835,-0.26647164709951177,-0.008844244160136405,-0.006871906670874228,-0.048697997602584975
2015-12-07,-0.20276374788699802,-0.02613179553894962,-0.26922696008478253,-0.01484946514584784,-0.00922457316150982,-0.039991397527249894
2015-12-08,-0.20488901604868615,-0.02257283156344514,-0.26893991834818165,-0.02146873190873655,-0.012994153685183973,-0.034829657588231866
2015-12-09,-0.20782746206913016,-0.02402447503285432,-0.27007414074193725,-0.029081518697888886,-0.016989324987938925,-0.03682696603523572
2015-12-10,-0.20889190465078866,-0.024248344237931874,-0.27143636375257574,-0.026575797672650947,-0.016336996859665054,-0.0372248098865422
2015-12-11,-0.2113828785403915,-0.018834134776385736,-0.2710144250023411,-0.0454416313888818,-0.024543328367252593,-0.02956668072209445
2015-12-14,-0.21795682898313706,-0.02185244525845187,-0.27502206785580363,-0.04061867506958705,-0.02458492249823152,-0.033880727571385605
2015-12-15,-0.2151083656265268,-0.01329014333523515,-0.2733463103179369,-0.030547374990982257,-0.019517347071775437,-0.02157006925578575
2015-12-16,-0.21145347652044577,-0.00997419363595664,-0.272926907372928,-0.01636227026575554,-0.012005327061208937,-0.016909990595716407
2015-12-17,-0.21599299890186852,-0.015426493123082752,-0.27509562586957415,-0.031351114741207775,-0.019404729622882533,-0.024623651677733727
2015-12-18,-0.21534609646893066,-0.014435788766456459,-0.2729207232468016,-0.04860774289717862,-0.028396143502738447,-0.023285879126590192
2015-12-21,-0.2152940998585734,-0.018783106957945717,-0.27438083960468396,-0.04075934894404931,-0.023474190394592087,-0.02942137633282671
2015-12-22,-0.21586869365675276,-0.018149356753555446,-0.2751602341628082,-0.03205543344641426,-0.01934383864648681,-0.02851638496098996
2015-12-23,-0.2100056470435835,-0.013963114031218637,-0.2725117404419082,-0.02006872479737043,-0.013008737515906144,-0.022535467477746818
2015-12-24,-0.20759200761274665,-0.009766548680460452,-0.2709185459717869,-0.0216859565357439,-0.013258533961343022,-0.016617041766365914
2015-12-28,-0.2139028642534493,-0.022005269737755406,-0.2749576304571646,-0.023921635503808658,-0.014532430962597265,-0.03402840767831383
2015-12-29,-0.2110172071376033,-0.01599954959653782,-0.27276012390650284,-0.013504950857352482,-0.010343451133258852,-0.025447833808271647
2015-12-30,-0.2153257294353047,-0.019977052539427942,-0.27430940492206823,-0.020496615024109266,-0.014411713509625224,-0.031208719247172167
2015-12-31,-0.21575981991441795,-0.0209064835043814,-0.27394359193487783,-0.03029519765283617,-0.019877324090318282,-0.032458981103855034
2016-01-04,-0.21930890736291564,-0.024153335948557064,-0.27450913508447394,-0.04385132618353471,-0.026427747467610008,-0.03720057706336666
2016-01-05,-0.2208694276221238,-0.02339727162167926,-0.2749831392660679,-0.04223392183918018,-0.02555834693934711,-0.0361155363208534
2016-01-06,-0.22377778255522218,-0.026438748456152683,-0.2759604378220524,-0.05431573638371956,-0.030508897037141103,-0.04032568388113711
2016-01-07,-0.22762619982585075,-0.022005707980491507,-0.27510464261154766,-0.07700392954776325,-0.043414128534574936,-0.03404000527676776
2016-01-08,-0.23214134516305107,-0.027519673016968893,-0.2768394320884201,-0.08713538281072397,-0.048556042266685084,-0.041957172139080456
2016-01-11,-0.24090705534036005,-0.029490934759962895,-0.2812469334945883,-0.08623144528856563,-0.04927017397209499,-0.04478875324408582
2016-01-12,-0.23920257686624335,-0.03233391212551928,-0.28316902586795734,-0.07885909863085616,-0.04301681205107777,-0.04894953300045268
2016-01-13,-0.24305482979293758,-0.037227645124665254,-0.28422226754008806,-0.10183252317839542,-0.055389603094174955,-0.0558977324734764
2016-01-14,-0.2423908829243271,-0.03650513614522388,-0.28491042051477844,-0.08708782986297636,-0.04726470118428849,-0.05478223297429552
2016-01-15,-0.2518471484156173,-0.05727455563584716,-0.29101775108445915,-0.10668413209052563,-0.057292056780374634,-0.08460266780060433
2016-01-19,-0.25308661750407513,-0.05279711275643162,-0.2913116497830385,-0.10549539469982405,-0.05709118974420169,-0.0782548049978341
2016-01-20,-0.2523909911808422,-0.04388091112500325,-0.2893051262291112,-0.11695850310570077,-0.06207498903582809,-0.06545386116413177
2016-01-21,-0.2524902023997976,-0.04562899877003779,-0.29026507630385345,-0.11201187460106588,-0.060077573357058434,-0.06804275341533361
2016-01-22,-0.24440423781726972,-0.04917170605407439,-0.2886850282945148,-0.09379426264623747,-0.049920591231032097,-0.07297272376241482
2016-01-25,-0.2487716051370058,-0.048679469090494476,-0.2892073135051111,-0.10749296371718864,-0.05689155358616893,-0.0723466125857567
2016-01-26,-0.24032577762566854,-0.044629218132109405,-0.2859304892506741,-0.09531638848911583,-0.04921012497488131,-0.06645347592994832
2016-01-27,-0.23983250917009213,-0.04602223067646749,-0.284174840105881,-0.10516217885362855,-0.05488410840243396,-0.06853282675727668
2016-01-28,-0.2383428932449374,-0.05063890344592026,-0.28463331532797864,-0.10050078173248911,-0.05153722107844472,-0.07516196299729216
2016-01-29,-0.2285060305740888,-0.04600285245905511,-0.2822798051368056,-0.07857360833838922,-0.03610604465482159,-0.06857944490915557
2016-02-01,-0.2323094582835611,-0.046580475327506865,-0.28312255493130345,-0.07890665157860399,-0.037203004028535935,-0.0692496301766452
2016-02-02,-0.23747736846280765,-0.051968333493747965,-0.2862444857294022,-0.09550668658309691,-0.044897126755745864,-0.07689315205815328
2016-02-03,-0.232389025864847,-0.051078123149298604,-0.28400226357702374,-0.0900840107830424,-0.04191842828987358,-0.0757067781831623
2016-02-04,-0.2287489427591527,-0.04332545742449079,-0.28173122166827747,-0.08865742235061214,-0.04010281912769764,-0.06478571595975968
2016-02-05,-0.23471248270263878,-0.04747824017304436,-0.28335377576321363,-0.10601839082205833,-0.050504041665867305,-0.07067713264086728
2016-02-08,-0.23645988920446936,-0.05406354948701453,-0.2865243635481247,-0.11805239350987862,-0.05515533077574519,-0.0799448272073352
2016-02-09,-0.2423734241437563,-0.054205451573302255,-0.2894178910730366,-0.11800475425914059,-0.05505487897274175,-0.08022233695829872
2016-02-10,-0.23933673670447653,-0.05282944890427821,-0.28802313553817604,-0.11876586033207481,-0.05436467707244552,-0.07819554951511709
2016-02-11,-0.23450910154014293,-0.05114758102099204,-0.28310015278395484,-0.1302292276469229,-0.059754924585828983,-0.07588598596607798
2016-02-12,-0.23164559331055423,-0.046180260235850534,-0.2829457322965141,-0.11229684707559029,-0.051507653770345385,-0.06876480362521853
2016-02-16,-0.23302923161511468,-0.03903796602203169,-0.2842922540765326,-0.09731413011246137,-0.043271509970238764,-0.058635789287629914
2016-02-17,-0.22571850291630446,-0.03154785187613962,-0.2811368519270466,-0.08256900528208999,-0.03497211245485554,-0.04801155865372242
2016-02-18,-0.22294661750398814,-0.028592216259330394,-0.2792217219819868,-0.08632672379004258,-0.03552564137776759,-0.04389511036435534
2016-02-19,-0.22455242137870446,-0.02980509341204629,-0.279941022099675,-0.08675478662276215,-0.03579431645417097,-0.04561623688160543
2016-02-22,-0.2183395713954177,-0.023472846785737134,-0.277979888537372,-0.07353178763526869,-0.027884529977812655,-0.03663573801326092
2016-02-23,-0.2216160774193482,-0.029383050601212934,-0.2780665103093336,-0.08523257447689347,-0.03444974058974293,-0.04494463556904249
2016-02-24,-0.2177427259792306,-0.027047239387501087,-0.27589740648030636,-0.08104705204519269,-0.03182268336082905,-0.04170746240338674
2016-02-25,-0.21340268223285763,-0.024634432285399077,-0.2741169996640055,-0.06991690057654021,-0.02366910128213895,-0.038210012161450146
2016-02-26,-0.21654558817057434,-0.023928410902530728,-0.2739951054573364,-0.07205730104312857,-0.026923320966745656,-0.0372091874857442
2016-02-29,-0.21251714102480024,-0.02206984696619385,-0.2709018246720102,-0.07933462810833325,-0.03085762401156389,-0.03464673111072547
2016-03-01,-0.21117649291129204,-0.018661428369950994,-0.2709235995666215,-0.05769259979473873,-0.020218524560263407,-0.0297590465285692
2016-03-02,-0.20735683730883592,-0.01941116683022892,-0.26965576732257335,-0.05345952441529045,-0.018212199811436514,-0.030756769524915573
2016-03-03,-0.20154780295327945,-0.015775394501745588,-0.26656529598054135,-0.04974918624910474,-0.015412377847486836,-0.025621345535059348
2016-03-04,-0.1986838451473224,-0.01602487252675855,-0.26622728387451644,-0.04665746791859127,-0.014758974792169144,-0.025979745602728976
2016-03-07,-0.19528873154483728,-0.013396014860114769,-0.2654386481636185,-0.04589653445163788,-0.015050559292676402,-0.02221124336386504
2016-03-08,-0.19929911321589566,-0.017965883200762756,-0.26733003677369693,-0.05631339170407523,-0.019417837448066244,-0.02868783878063519
2016-03-09,-0.19742187377438236,-0.017419325413663977,-0.26659493838217596,-0.05165173567396453,-0.017983316432464203,-0.02798288606759869
2016-03-10,-0.19825597221403823,-0.01495874170785072,-0.26682200745793416,-0.05089106111598252,-0.018872148208037065,-0.024454536193515453
2016-03-11,-0.19517463330833829,-0.011034603531307585,-0.26595744864971205,-0.035574869397686504,-0.010287072507267903,-0.01874886287174149
2016-03-14,-0.19832337425005508,-0.013574954265068606,-0.2683228836328839,-0.03681167755407866,-0.010787274981694517,-0.0223943904402516
2016-03-15,-0.2021950961660851,-0.014523412283262482,-0.27053505027091074,-0.03838109743573315,-0.011848850884361828,-0.023755433545050608
2016-03-16,-0.19095420129748863,-0.010000570717246138,-0.26365861622459974,-0.0328161943073878,-0.006332473565061503,-0.017347738028003823
2016-03-17,-0.184391564426992,-0.006418053523771894,-0.26163556209053185,-0.026680137988127628,-0.0020358598007548245,-0.012132023291949845
2016-03-18,-0.18256175632896976,-0.00815994393287156,-0.26091680615368695,-0.022855362056581674,0.0,-0.014630910366833949
2016-03-21,-0.1826491964958279,-0.006669086637665744,-0.26035425081482655,-0.021468990817709144,-0.00021239906609793469,-0.012572904730909995
2016-03-22,-0.18235615826080032,-0.005732122595195288,-0.2607245067409941,-0.021994748635638217,-0.001350935732292169,-0.011229777845125244
2016-03-23,-0.19041459185792697,-0.012697368288505206,-0.26628500725972937,-0.028449262989724167,-0.003669531325091735,-0.021141819719569854
2016-03-24,-0.19268181764282077,-0.013140619474670157,-0.26765250402392315,-0.028879483397205474,-0.004326865043069672,-0.021856489756046482
2016-03-28,-0.19057440753744792,-0.010652661935872887,-0.26622934186009195,-0.02830600002554784,-0.0034040875995136055,-0.018290773870597743
2016-03-29,-0.18140449410260262,-0.008395848409777917,-0.2610826336069768,-0.019317716174321875,0.0,-0.015054652692258474
2016-03-30,-0.18315645189814245,-0.00906549212133434,-0.2614888905822793,-0.015014562766613726,0.0,-0.016015573477161982
2016-03-31,-0.18163937351513715,-0.007907826439105592,-0.26124794579260624,-0.017405155602567945,-0.00012006210909187853,-0.014353455386011738
2016-04-01,-0.1841442871195611,-0.007626127873881616,-0.2626942502429658,-0.010711754570867593,0.0,-0.01394730612467654
2016-04-04,-0.18694266286277417,-0.0075970996847727346,-0.2632217697207272,-0.013915062668055755,-0.001478279437621799,-0.013906956189249198
2016-04-05,-0.18653090718170606,-0.007251024299455455,-0.2627576638532332,-0.02376395994022551,-0.005877432007199479,-0.013487824933132941
2016-04-06,-0.18440600926171835,-0.0048573678409664645,-0.26263354250075066,-0.013102520012802876,-0.0002607626000222796,-0.010033188337098209
2016-04-07,-0.18415444546709248,-0.007239777281604853,-0.26205414699473917,-0.02491109928952162,-0.005381664159102129,-0.013392725861168242
2016-04-08,-0.1812257621200103,-0.007664653073324534,-0.2612376743509566,-0.022281533472962356,-0.004396956403204033,-0.014086433834806233
2016-04-11,-0.17926309683411168,-0.00499108236957857,-0.26029760764080523,-0.024576416292487968,-0.005865040846739666,-0.010148887088394676
2016-04-12,-0.17506154534302554,-0.001458105027257517,-0.25982055988209607,-0.015492681333804659,-0.0019315871563911902,-0.005049683383574921
2016-04-13,-0.17028537313257308,0.0,-0.25937186683074853,-0.00554816034819694,0.0,-0.001783066134422806
2016-04-14,-0.17427350890758275,-0.0011282447761957748,-0.26161928939282486,-0.005500348491477847,-0.0009072325880014054,-0.0034135640195178674
2016-04-15,-0.17124963861207565,0.0,-0.2600715993192837,-0.006599934893026349,-0.00038470373709120764,-9.960578578349644e-05
2016-04-18,-0.1699911740017257,0.0,-0.2597701811824189,0.0,0.0,0.0
2016-04-19,-0.16192029368612726,0.0,-0.2560436542968383,0.0,0.0,0.0
2016-04-20,-0.16126412260677714,0.0,-0.2557963293276706,0.0,-0.001430707957384758,0.0
2016-04-21,-0.16351251178144788,0.0,-0.25542105398564063,-0.005378408405232404,-0.005331989546045635,0.0
2016-04-22,-0.16514688403871336,-0.0011833801894467477,-0.2563654441255301,-0.005378408405232404,-0.005761834852505365,-0.0017833681028802673
2016-04-25,-0.16605078510459637,0.0,-0.2558631277172373,-0.00709176655886079,-0.007229041211404108,0.0
2016-04-26,-0.16254722480563744,0.0,-0.2537793633651393,-0.005616226847176109,-0.007160169449813236,0.0
2016-04-27,-0.15816114634100864,-0.0053220747156714765,-0.25323241223811455,-0.0035700259753067565,-0.0037711658702355155,-0.007646975828036751
2016-04-28,-0.1547517408029273,-0.004011811876776461,-0.2501724125567927,-0.012613140963874225,-0.00788403814872718,-0.005764994084824893
2016-04-29,-0.1527350157668128,-0.0022788754766950303,-0.24864068965765707,-0.017943607645622195,-0.011255891231473969,-0.0033503427322424395
2016-05-02,-0.15775220667722456,-0.00419425262907358,-0.25040580847932425,-0.010137956175593987,-0.007689119431206537,-0.006050722523677443
2016-05-03,-0.16196217930518642,-0.006531743608352958,-0.25331043515661456,-0.018752602750153557,-0.010552968652752681,-0.009524708661718506
2016-05-04,-0.16382756473193083,-0.010633995818133402,-0.25511859390918923,-0.02422646501701864,-0.013139356104491129,-0.015397968856628697
2016-05-05,-0.1641936719201994,-0.011631681480860245,-0.25577566964251697,-0.02441720090614996,-0.012174659013101663,-0.016846383734418158
2016-05-06,-0.1626277026353956,-0.00656362542197142,-0.2548288390063198,-0.020847089013775966,-0.010953828338890803,-0.009572344007299893
2016-05-09,-0.16804863766734324,-0.009394745756120315,-0.25800403169726904,-0.020038265743378858,-0.009709111740559773,-0.013682563210121512
2016-05-10,-0.1604970093339364,-0.009045439232663877,-0.25618339189648054,-0.007853249525243577,-0.0024203092164566398,-0.01317614561950231
2016-05-11,-0.15675762917473135,-0.009403212518261372,-0.25506363244425834,-0.017134526624023483,-0.0074150097147036576,-0.01353419988638438
2016-05-12,-0.15902709384404667,-0.010619326631736592,-0.2559528236456755,-0.01684928196099844,-0.008322860740205162,-0.015299788267479353
2016-05-13,-0.15844210095977262,-0.011903153745323691,-0.25559760227188155,-0.025416158646208054,-0.011985544590508934,-0.017163674097666615
2016-05-16,-0.1557518771941625,-0.009668019081438994,-0.2546740305950671,-0.015801952912120165,-0.007618154398791099,-0.01392163921226408
2016-05-17,-0.15611602014190684,-0.011700548771512276,-0.2545142441799503,-0.02498786206633452,-0.013707262106923968,-0.016872171184979523
2016-05-18,-0.16425519904899022,-0.012668260762618844,-0.25807944934450944,-0.02470253148624224,-0.01673967100836027,-0.018358043804460267
2016-05-19,-0.1675275983814204,-0.018712348426589087,-0.2600970985903249,-0.028081563821216404,-0.018384646628234247,-0.027050008124123615
2016-05-20,-0.1643590520766759,-0.015585399989513804,-0.25927741926716974,-0.02194184428373558,-0.014423887686264125,-0.02259317414312878
2016-05-23,-0.16584301787698874,-0.016457542251635426,-0.2600338290911586,-0.023274589829773262,-0.014976824428704294,-0.02394212078270863
2016-05-24,-0.16470369854513733,-0.014623567796499093,-0.26092896412541633,-0.0106140226448177,-0.00797670449484933,-0.021119449953572955
2016-05-25,-0.16089205652717398,-0.011911411986285092,-0.259643630985535,-0.0039026109423462296,-0.004102491433119471,-0.017264735583405022
2016-05-26,-0.15850322477130196,-0.01057824099417537,-0.25884446066973554,-0.003617366279320966,-0.0027061319142809293,-0.015330598998422817
2016-05-27,-0.1570775260777706,-0.005664210441026163,-0.2585853231724563,0.0,-0.0008744667809506002,-0.008280330368279354
2016-05-31,-0.1551844747995882,0.0,-0.25596149686041436,-0.0019023112188366609,-0.0015608399833577646,0.0
2016-06-01,-0.15304601831768994,0.0,-0.25634462746137376,0.0,-0.00046782162276060024,0.0
2016-06-02,-0.1494301477845852,0.0,-0.2556724801014748,0.0,0.0,0.0
2016-06-03,-0.13965571809131883,0.0,-0.2499770294324477,-0.0029871606525331273,0.0,0.0
2016-06-06,-0.13553054407982834,0.0,-0.24738809737569178,0.0,0.0,0.0
2016-06-07,-0.13190498776438742,-0.0008336674902650332,-0.24576398453995596,0.0,0.0,-0.0012031428179026804
2016-06-08,-0.12340043617572238,0.0,-0.24263180086775926,0.0,0.0,0.0
2016-06-09,-0.12370396655808424,-0.0020376393967910245,-0.24388913533163148,-0.0013654193275514093,-0.00020611374416512618,-0.002776684062770096
2016-06-10,-0.12857061167325912,-0.004823483061567213,-0.24590854834314668,-0.01083019603083224,-0.004478069465873036,-0.006788351833652451
2016-06-13,-0.12329127230952852,0.0,-0.240895598046036,-0.018458150543601004,-0.008261247097437141,0.0
2016-06-14,-0.12786530589191936,-0.004861150860499763,-0.2435253864350968,-0.02038881131339698,-0.00952762655178141,-0.0069379097054742545
2016-06-15,-0.12452943409691086,-0.0018688301188740652,-0.2407255704186868,-0.021754570635800885,-0.009120672160165433,-0.002668161701538052
2016-06-16,-0.1249172635325746,0.0,-0.2403275651320843,-0.018834779841433447,-0.0069360733476578895,0.0
2016-06-17,-0.12287181702252714,-0.002401101683037976,-0.23941094016148168,-0.02248878951972688,-0.010499077831034098,-0.0033356222778648803
2016-06-20,-0.1221364120922922,-0.0023075194079991146,-0.2394716807259516,-0.016193699827384944,-0.008453525877041956,-0.0032797741885592924
2016-06-21,-0.1305929914555649,-0.018136107297646142,-0.24562424914391467,-0.013401152106557457,-0.007680123607676337,-0.02576295389641703
2016-06-22,-0.1355706504891605,-0.034481877254273874,-0.24944487545691807,-0.015010517740761675,-0.007852069039622656,-0.04898070675527344
2016-06-23,-0.1305963705919102,-0.025579561781315485,-0.24672838884005677,-0.0021830219490479585,-0.0020672162702627395,-0.036336620401319575
2016-06-24,-0.13188714499532794,-0.022231152127725973,-0.24346781007350837,-0.03801405946713976,-0.018046758875037927,-0.031505823597665406
2016-06-27,-0.1319865818840129,-0.028144808206024385,-0.24448435295137416,-0.055242873622893485,-0.024884804160182572,-0.03990710543322995
2016-06-28,-0.12467612560284469,-0.026927824398681466,-0.24369107744568064,-0.038203351601256874,-0.014733288296264968,-0.03817909942256703
2016-06-29,-0.11821342515054489,-0.022351771132073983,-0.24202512617893857,-0.02182639454838664,-0.006566747527734784,-0.031679922001671135
2016-06-30,-0.11099530037329497,-0.010659012366839082,-0.2393012392378968,-0.008478366637529211,0.0,-0.015066523256239694
2016-07-01,-0.09957314268973483,-0.006240722052054726,-0.23530877992981358,-0.0063960681635281125,0.0,-0.008836353161045696
2016-07-05,-0.1034574802088708,-0.008434867895765308,-0.23734330545059246,-0.013542929960040473,-0.0021211442078317155,-0.012012456554973072
2016-07-06,-0.09985853109642606,-0.005829114389934831,-0.23592592018571557,-0.00762650953464572,0.0,-0.00816410873123774
2016-07-07,-0.10802663011126068,-0.012950081381100986,-0.23935006801204906,-0.008241900217630715,-0.0009009272066311524,-0.018544630028938025
2016-07-08,-0.09805807898090246,-0.0038520048814985053,-0.23660211860897984,0.0,0.0,-0.005305617321932132
2016-07-11,-0.10109640882557236,-0.004892300961777174,-0.23830261002357223,0.0,0.0,-0.0068920901260541845
2016-07-12,-0.10088560060327345,-0.0017388514775392716,-0.23805137551778854,0.0,0.0,-0.002171553102233492
2016-07-13,-0.09967010903340356,-0.00249633715139419,-0.2384718713301407,-0.00013976911779201018,0.0,-0.003347907255147997
2016-07-14,-0.10219268505056234,-0.001433425668593058,-0.2389298566077469,0.0,0.0,-0.0018911153838749861
2016-07-15,-0.10496075543231898,-0.0012192882696654417,-0.2390233937021068,-0.0013418485752675346,-0.002314933233774963,-0.0015021390421112724
2016-07-18,-0.10482439762983198,0.0,-0.23868237657825686,0.0,-0.0007869628118142291,0.0
2016-07-19,-0.1063008749520774,-0.001328324389056279,-0.2397554859277906,-0.0010164269667061188,-0.00036054488514913885,-0.0019998267470812126
2016-07-20,-0.10990662905304172,-0.0032252178975825663,-0.24132633716953122,0.0,0.0,-0.004741472663108981
2016-07-21,-0.10968278024149625,-0.002637809693853632,-0.24080625248939969,-0.0037774290651514386,-0.0014351986928958782,-0.003893403373546267
2016-07-22,-0.1105055116219642,-0.00498559532883458,-0.2422588242546011,0.0,0.0,-0.007286574203260177
2016-07-25,-0.1139574951646668,-0.005010232768801859,-0.24357240461812424,-0.0027158213747723314,-0.001969996870660462,-0.007244602803195721
2016-07-26,-0.11261919629388506,-0.004391747493549425,-0.24266128075372684,-0.0022557172239235923,-0.001445854953000869,-0.00635162815712631
2016-07-27,-0.10746944769325628,-0.0010470829468050002,-0.24075311967897295,-0.003314303956903686,-0.0004224534129940727,-0.0015991109206293652
2016-07-28,-0.10811037850113281,-0.0013211976528193503,-0.24063005135647486,-0.0021634649364012937,0.0,-0.0019161698234272384
2016-07-29,-0.1024031809040149,0.0,-0.23865872606084315,-0.0005526044283906684,0.0,0.0
2016-08-01,-0.11186501695730922,-0.008691589066670335,-0.24240561829304008,-0.0013811390859462813,-0.0018859766997144645,-0.012548750468555858
2016-08-02,-0.1192712989556618,-0.019261677027092472,-0.24499915700839536,-0.007779446934309764,-0.006683765848968792,-0.02798784090238582
2016-08-03,-0.11479913220598559,-0.01658184460246015,-0.243339257026295,-0.004879699627874379,-0.004730576995875646,-0.024013842616707026
2016-08-04,-0.10998223786109129,-0.013958397040171433,-0.24153250862957487,-0.0038209475682138283,-0.0031381553453375677,-0.02020286865515064
2016-08-05,-0.11256372608685816,-0.01527006343239945,-0.24279545595195406,0.0,-0.0007267603176682735,-0.022109184614542254
2016-08-08,-0.11050330954993637,-0.012804886520121017,-0.2421711628354255,-0.0005958219375564733,-0.0012987549897989226,-0.01852937131843191
2016-08-09,-0.10746929609909583,-0.012448937906534119,-0.24179202346007755,0.0,0.0,-0.01801291991288212
2016-08-10,-0.10833926282354212,-0.01144163758464678,-0.24226304567780732,-0.002474895681776612,-0.00042905941671311787,-0.016550072594700316
2016-08-11,-0.10820387918970131,-0.011734843618735669,-0.24243286392695884,0.0,0.0,-0.016976710955425967
2016-08-12,-0.10556060992420357,-0.013239700304960134,-0.24230362900445845,-0.0008688561831526886,0.0,-0.01916375916144153
2016-08-15,-0.10455627968379766,-0.015045849962693203,-0.2416320318207672,0.0,0.0,-0.021789833964534266
2016-08-16,-0.10481387281860444,-0.014217917277421721,-0.2409661171459283,-0.005157751323371373,-0.003786731309328162,-0.02058763592466728
2016-08-17,-0.10260935818897943,-0.01551349861020801,-0.24081350784617983,-0.0032861546269683517,-0.002020121959408594,-0.02247060473343887
2016-08-18,-0.09805955343375528,-0.014088016142389415,-0.2389968291181177,-0.0010496482129340734,0.0,-0.02048132796824431
2016-08-19,-0.10207634510934938,-0.015803962793630277,-0.2401795077600819,-0.002510434598293365,-0.0022252643965695595,-0.02289396664598642
2016-08-22,-0.10198561272957074,-0.01509713399999224,-0.2406101085545358,-0.0025558433996337726,-0.001369163862629641,-0.021868998190561983
2016-08-23,-0.10000163580536514,-0.015100633836085176,-0.2398882251621196,-0.0005473645764462187,-0.000191438238536068,-0.02187474466599426
2016-08-24,-0.10605600919702851,-0.018457500185123155,-0.24221161701647975,-0.005659871029168206,-0.003420474819311292,-0.026833752823122614
2016-08-25,-0.1064726354468647,-0.01910165288058674,-0.24212076062789412,-0.006344363628435046,-0.004470170455523448,-0.02768922541315566
2016-08-26,-0.11006734040690969,-0.019016536542899698,-0.24345533476505388,-0.008215960324838067,-0.00712010280482156,-0.027566312526904113
2016-08-29,-0.10633775759842323,-0.0191530469111183,-0.24405477584949253,-0.0033319732550353143,-0.0025449419030578735,-0.027848032667111555
2016-08-30,-0.1102133898852824,-0.020142661255757255,-0.24536390825820997,-0.004974968603174146,-0.003572487964552895,-0.029286598329956948
2016-08-31,-0.11407615577223251,-0.02112661420896722,-0.24674448844148655,-0.007805068048449049,-0.005743968675485878,-0.030713690948784844
2016-09-01,-0.11516663477226319,-0.02160015308224794,-0.24724028496905193,-0.007759331385727042,-0.005092903533915449,-0.03139568782243485
2016-09-02,-0.1113153881951775,-0.017471897032516948,-0.24497225167577807,-0.0032861546269682407,-0.003436686432355951,-0.02553569230072439
2016-09-06,-0.1018263972412895,-0.006872369438507331,-0.24024436159001894,-0.0002736822882228873,0.0,-0.010289273857365444
2016-09-07,-0.10037672792754038,-0.00701819306139817,-0.23931069204110478,-0.0003652375790123008,0.0,-0.010421290623333301
2016-09-08,-0.1014950097820787,-0.006066632367110358,-0.2390245110763889,-0.0026473167250776752,-0.0033306587223371764,-0.009053058176275774
2016-09-09,-0.11658518485266733,-0.01335805717346128,-0.24217095881395712,-0.02651882194815547,-0.019565401988254738,-0.019622264956855928
2016-09-12,-0.11419223257113498,-0.013340614696321196,-0.242912937853618,-0.012551927095431625,-0.010814962139413131,-0.019442309174361072
2016-09-13,-0.12426705987240716,-0.01723241214535598,-0.24520977572246094,-0.02674717740038357,-0.020806739581709754,-0.025120782759471938
2016-09-14,-0.1242349738984101,-0.0164997230328231,-0.24479612900704584,-0.027112169083360116,-0.02013593543417813,-0.024067479088952792
2016-09-15,-0.12215832583925212,-0.015142259714424844,-0.24469574714874587,-0.017390095537167305,-0.01418585155901897,-0.02211526366273686
2016-09-16,-0.12172332886147741,-0.0165537971012083,-0.24524302856834013,-0.021188533572759627,-0.016041437474440867,-0.02414664480820794
2016-09-19,-0.12065748908944918,-0.014141570515654456,-0.2444720692844874,-0.021004767268417934,-0.016607719975683,-0.02067816452813498
2016-09-20,-0.11968441297503751,-0.014252163445069854,-0.2448485902822486,-0.02095911257104144,-0.015974710565058947,-0.020837934865780228
2016-09-21,-0.11032328363821298,-0.011729827177120011,-0.24227865855903574,-0.009949281483585981,-0.008716426508734387,-0.01720978253024119
2016-09-22,-0.10404550440358595,-0.009830150390525816,-0.24025331193766464,-0.003710489220000057,-0.00379150326667943,-0.01455573948264588
2016-09-23,-0.10654148334811298,-0.010254809676226051,-0.23961359063427368,-0.009169299256951646,-0.006894257663871639,-0.01516708310607584
2016-09-26,-0.10691488287721129,-0.011909954086876562,-0.2400515100052596,-0.017197149114143273,-0.010579300203331199,-0.01754948779884502
2016-09-27,-0.10723888190113018,-0.012624234268317491,-0.2418943620496008,-0.011096222561486124,-0.006235620738935799,-0.018499172678389852
2016-09-28,-0.10213852431157955,-0.011881745897320717,-0.24037171229302245,-0.006187563922723904,-0.003463584136195408,-0.017431550041658972
2016-09-29,-0.10405437184958277,-0.014715410004982,-0.24138324842759196,-0.01517908034554627,-0.00861814577411979,-0.021508861542019475
2016-09-30,-0.10247674388035488,-0.011782156781540931,-0.24018295539357504,-0.0077472824799568185,-0.0051495403006007745,-0.01736618704113957
2016-10-03,-0.10254110379247472,-0.011914628982411024,-0.23944427926967704,-0.010133047787927452,-0.0075109328567154465,-0.017479904702650373
2016-10-04,-0.11188893921137943,-0.017630727890250775,-0.2435218287696217,-0.015179080345546159,-0.012362872921185764,-0.025818172916036164
2016-10-05,-0.11140223241158964,-0.01659542256522284,-0.2434231665734633,-0.01082090096635513,-0.010631396628298151,-0.024323214824717887
2016-10-06,-0.11388403849051099,-0.01892367061423328,-0.24416385030658683,-0.010133047787927452,-0.01103671849697907,-0.027687534235764866
2016-10-07,-0.11518129814899869,-0.019037030664202037,-0.24486644061499574,-0.013527560601487743,-0.01250904150416754,-0.02785202185210789
2016-10-10,-0.11231566932567705,-0.01631766329428075,-0.24329805409512784,-0.008389398995662267,-0.010450917588209374,-0.023925524220268057
2016-10-11,-0.11676226812474366,-0.015841390810368394,-0.24387145599737647,-0.02091329394297403,-0.018091792218000724,-0.023158627721158176
2016-10-12,-0.11792748779826967,-0.01625592790127406,-0.24471946923611776,-0.019628733050181757,-0.017319037874994114,-0.023837837301539655
2016-10-13,-0.1169860079537618,-0.017384755462304446,-0.2445462120580023,-0.022839971351472643,-0.018431400997620084,-0.02538990626686244
2016-10-14,-0.11954668499046694,-0.01716014017142875,-0.24407631650463046,-0.02233522875462357,-0.019339082199245072,-0.025066056288394756
2016-10-17,-0.11737139974805832,-0.018122759681940992,-0.2430142861846485,-0.025729905498874883,-0.020526404409336396,-0.026458829915577242
2016-10-18,-0.11384050991260442,-0.015744001853238876,-0.2420864249994501,-0.019628733050181868,-0.016072394988225658,-0.023023018738712597
2016-10-19,-0.11108413997102085,-0.0156374330875384,-0.2408303201110894,-0.01701387460187409,-0.014321551126583065,-0.02294936829614025
2016-10-20,-0.11427996154733011,-0.016912735942655188,-0.24252628680678123,-0.01884875082354709,-0.01578124277571158,-0.02471300422115641
2016-10-21,-0.11295258672572883,-0.01652771152242083,-0.2421209593571143,-0.018389908820110712,-0.015077998050018748,-0.024157524516527196
2016-10-24,-0.11202865702798093,-0.011543651557987977,-0.24144747598269123,-0.014215495745261042,-0.013100911112169822,-0.01695931028570441
2016-10-25,-0.11178709601685743,-0.010842661651007557,-0.2408273797309881,-0.017518535233377652,-0.015159292799165502,-0.015947335263458484
2016-10-26,-0.1148790402652422,-0.008336903268688078,-0.24097722299172064,-0.019490867339252538,-0.0172003654794054,-0.012407593927949878
2016-10-27,-0.11750246438854384,-0.006947214294552806,-0.24093638800359019,-0.022105807752905382,-0.020127289424183403,-0.010321114113395868
2016-10-28,-0.11839905590096977,-0.006629726738378472,-0.24024810696271193,-0.024995741900307622,-0.021794247792784827,-0.00994263887993374
2016-10-31,-0.11799271121663024,-0.004145179321916048,-0.2402423167759823,-0.024950169168276304,-0.021446774072284014,-0.006434097010964646
2016-11-01,-0.1167179127962803,0.0,-0.2392101150991448,-0.0320147622865643,-0.02568652748394129,-0.0003420055280235479
2016-11-02,-0.1189060286671676,0.0,-0.23978594404800246,-0.03784053117478137,-0.028019302209477237,0.0
2016-11-03,-0.12448562951690156,-0.008993411621065595,-0.2416073587384613,-0.042244365251349114,-0.030920440109610814,-0.01295867087932423
2016-11-04,-0.12273273559416187,-0.006599214128680697,-0.24119242560329757,-0.043299669073114444,-0.030344967153127955,-0.009569000667537186
2016-11-07,-0.12006964209059057,-0.0035625258154144968,-0.24170471370504465,-0.022197690905076062,-0.019276674295608975,-0.005088484219061051
2016-11-08,-0.12022587421767428,-0.001281342784282713,-0.2420898619505143,-0.017793774863162803,-0.018013598236578776,-0.0018627497013833372
2016-11-09,-0.1244602508734064,0.0,-0.23957455091231195,-0.007380405594036188,-0.017690794468317228,0.0
2016-11-10,-0.12853894265019628,-0.0012197066957648772,-0.2405001815372786,-0.00490333089131223,-0.018514188937641007,-0.001765846110981184
2016-11-11,-0.13622461693760723,-0.004719981161058429,-0.24271518929138625,-0.0071970491164214945,-0.0206788734858232,-0.006671410300107317
2016-11-14,-0.1426050769805478,-0.008447858904348626,-0.24634987621946447,-0.006417312785823359,-0.02241727708423502,-0.012228858663642095
2016-11-15,-0.13598053922824904,-0.00511293812995206,-0.24496042898217607,0.0,-0.01774870153935082,-0.007484507465229995
2016-11-16,-0.13593183532557207,-0.0012035967446240026,-0.24533967055706773,-0.0018784315571260812,-0.01852530250771023,-0.0018290096520449106
2016-11-17,-0.13720161387234853,-0.0005526531165724879,-0.24408401923960754,0.0,-0.017105375317377325,-0.0009682139855557992
2016-11-18,-0.13798235083221944,-0.0005799857565268463,-0.24470258038320036,-0.002237377951652797,-0.020132643014657225,-0.0009286796732440594
2016-11-21,-0.1314138627928354,-0.0012709932396555157,-0.24308977487012495,0.0,-0.01525455236042994,-0.0018515402111923818
2016-11-22,-0.12913083419718363,0.0,-0.24152489939225896,0.0,-0.013710680789052687,0.0
2016-11-23,-0.1320286116103736,-0.00267107319731541,-0.24399734850050503,0.0,-0.014732412316784904,-0.0038620444218622207
2016-11-25,-0.13287025212460457,-0.002054245758683848,-0.24560122987320898,0.0,-0.012787541946329029,-0.003052313026690179
2016-11-28,-0.1319254621383288,-0.0036162693580407135,-0.24567035951142635,-0.004695145819324065,-0.013951172709364856,-0.005233778101174313
2016-11-29,-0.13459715509430326,-0.004163627918143842,-0.2477107719342575,-0.0027539316905889066,-0.012371483695134744,-0.006026048222949498
2016-11-30,-0.13272130462889165,-0.0040597358840470665,-0.2452791325786684,-0.005146512182576557,-0.016382677376119426,-0.0058754656525416005
2016-12-01,-0.13352507668395963,-0.0037848076372207773,-0.24509912567758918,-0.008803095940921102,-0.02005289607946914,-0.005647208584391716
2016-12-02,-0.12970848493345744,0.0,-0.24423096212679463,-0.008306560677843189,-0.017998987291094726,-6.396157830934612e-06
2016-12-05,-0.12694641081694225,-0.000873643038913352,-0.2434912573528858,-0.0023478955446610827,-0.014613904279976109,-0.0012767279763030714
2016-12-06,-0.1256183475081002,0.0,-0.24236918957421938,0.0,-0.012589457062063825,0.0
2016-12-07,-0.12073540144971284,0.0,-0.24208164078960126,0.0,-0.0035134788871552525,0.0
2016-12-08,-0.12119392865345102,0.0,-0.2407883946746585,0.0,-0.003537776554866423,0.0
2016-12-09,-0.12373490558125255,0.0,-0.2421074510594008,0.0,-0.0019171008634009112,0.0
2016-12-12,-0.12276673318813014,0.0,-0.2423272272902337,-0.001147810113034442,-0.002538442266130536,0.0
2016-12-13,-0.12095044709970992,0.0,-0.24257429613225034,0.0,0.0,0.0
2016-12-14,-0.13070852718265158,-0.002944057204537609,-0.24706312082191684,-0.008254162010395305,-0.008276642021047165,-0.004253131909571661
2016-12-15,-0.13525086479665005,-0.006236042905460981,-0.2514074955824237,-0.004170973186544913,-0.0068739863862296025,-0.009008755962995108
2016-12-16,-0.13422174705393963,-0.004459423959157993,-0.2501364138754988,-0.006118703443006246,-0.007574423562698329,-0.006364240994576775
2016-12-19,-0.1314526271750205,-0.0029315571732513312,-0.24930503788978264,-0.003954611012897402,-0.0044631201062999,-0.0042407601902993974
2016-12-20,-0.12931567711355008,-0.00044389065326189137,-0.24799167792465837,-0.00011233888058825858,-0.0029455851981534664,-0.0005693669305338878
2016-12-21,-0.1284791329033621,0.0,-0.24686002487982595,-0.00289468739862897,-0.004004654984795408,0.0
2016-12-22,-0.12787730464853897,0.0,-0.24524852305602374,-0.004616876955584881,-0.0052214705926934,0.0
2016-12-23,-0.12360833530412574,0.0,-0.24213009189059675,-0.0031593741186749513,-0.003959753837685875,0.0
2016-12-27,-0.11947390504409494,0.0,-0.24005725859020555,-0.0006864282158866031,-0.003015522821550487,0.0
2016-12-28,-0.11696516654097566,0.0,-0.23815550111738482,-0.008945454060497404,-0.006621899090980876,0.0
2016-12-29,-0.11492492575816438,0.0,-0.23701518003848732,-0.009166287823665464,-0.00555880636424011,0.0
2016-12-30,-0.1150866963368814,-0.0034945982989489366,-0.2368275790340566,-0.012787647743867203,-0.0066086718404831934,-0.00483605478529503
2017-01-03,-0.1101592511706172,0.0,-0.23428241269052874,-0.005235289941394772,-0.0022383507046639384,0.0
2017-01-04,-0.10020890988844977,0.0,-0.22852856607328986,0.0,0.0,0.0
2017-01-05,-0.10015171806767631,-0.015429036787002581,-0.23142218142279092,-0.0007943808666237562,0.0,-0.02205560558856945
2017-01-06,-0.10754807177210568,-0.028393317582603994,-0.23644989978285524,0.0,0.0,-0.04073164585806621
2017-01-09,-0.10850669596473994,-0.02824082179762144,-0.23688854358719136,-0.003300755497050556,-0.00048141646779775726,-0.04051630738401768
2017-01-10,-0.107373208817506,-0.026428018377391838,-0.23584552388265034,-0.003300755497050556,-0.0006700746444141537,-0.03783894818385436
2017-01-11,-0.10776500772878839,-0.040717320571805216,-0.2378578423227482,-0.00048415667069090507,0.0,-0.05841569340825603
2017-01-12,-0.10470831664757152,-0.037664441033331,-0.23568531749361255,-0.0029927339755710936,-0.0012851081133482545,-0.05403754164904495
2017-01-13,-0.10398799828381433,-0.03371366036604473,-0.23448373470166672,-0.0007041497065901625,-0.0007732962089448403,-0.04837137670481817
2017-01-17,-0.098579811909977,-0.023614848668306543,-0.2315276050399594,-0.004225210951744551,-0.0008966667918161031,-0.03388947360766359
2017-01-18,-0.10443423949492447,-0.026072240786704337,-0.23395213674491455,-0.002024655168343381,-0.002398106040626624,-0.037337674042108526
2017-01-19,-0.10645040895320668,-0.024966102154382552,-0.23350732731937884,-0.005721617028555559,-0.006132747233488667,-0.03575208780093375
2017-01-20,-0.10355091108548498,-0.024016051013327044,-0.23237690270878542,-0.002068513055031307,-0.0037437232233223927,-0.034468421552114714
2017-01-23,-0.09930056184543867,-0.020506442030240324,-0.2302446062121858,-0.004665431557696498,-0.003235042036562108,-0.029359166207703957
2017-01-24,-0.09941001910313818,-0.02196082168054292,-0.23041595049397778,0.0,-0.0008982129641413872,-0.031446547589328966
2017-01-25,-0.10143574957863855,-0.019550936178968414,-0.230730463683528,0.0,0.0,-0.02806876936837288
2017-01-26,-0.1010534498655411,-0.019515407654841832,-0.23113602343868733,-0.0010454825127729217,-0.00010856876995291032,-0.028096431446848147
2017-01-27,-0.1007190797232681,-0.0187279747939052,-0.23126408307027324,-0.0026135515331885406,-0.0005718495178302918,-0.026812382310589244
2017-01-30,-0.1039503619632538,-0.019890175696623547,-0.23182523038860392,-0.008798936195235862,-0.004440322209361969,-0.028638467059647787
2017-01-31,-0.09724422330601845,-0.011755209586094328,-0.22847569614825902,-0.008886137112338877,-0.0031434085285748647,-0.016890300893607213
2017-02-01,-0.09644243868196278,-0.009683214121030459,-0.22775271057247326,-0.008494235918792947,-0.0036710402578151724,-0.013920483876704748
2017-02-02,-0.09553127217004864,-0.006762839081187688,-0.22668602024832563,-0.007840731973938087,-0.0031245915028105253,-0.009700633312843654
2017-02-03,-0.09324527597311927,-0.002956840404177208,-0.2258350669148388,-0.0010016112439203972,0.0,-0.004120987531828879
2017-02-06,-0.09176075676005102,-0.0006885444751202341,-0.22489055366795063,-0.002787953367394791,0.0,-0.0010054983871921053
2017-02-07,-0.0918750371038255,0.0,-0.22601978916590837,-0.0027440820985417114,0.0,0.0
2017-02-08,-0.08820395988441387,0.0,-0.22570160302673092,-0.0014375384550630033,0.0,0.0
2017-02-09,-0.08982466755666663,-0.006494825041717278,-0.22661006242490878,0.0,0.0,-0.009379424540850723
2017-02-10,-0.08598852461493256,-0.005333733612390756,-0.22524504885440577,0.0,0.0,-0.00762444191685141
2017-02-13,-0.08737914203450936,-0.0038596041496125055,-0.2260851846180113,0.0,0.0,-0.005499485755034117
2017-02-14,-0.08721636536411115,-0.0009771412951067315,-0.22575211840799447,0.0,0.0,-0.0014181023538598625
2017-02-15,-0.08526586238276457,0.0,-0.22406801555510114,0.0,0.0,0.0
2017-02-16,-0.08543581515756726,0.0,-0.2246387663220728,-0.0008511673703395228,0.0,0.0
2017-02-17,-0.08398361086502748,0.0,-0.2243873659395027,0.0,0.0,0.0
2017-02-21,-0.08040256425251713,0.0,-0.22193339900748854,0.0,0.0,0.0
2017-02-22,-0.08062606387606919,0.0,-0.22195887995832608,-0.0008880290262234247,0.0,0.0
2017-02-23,-0.07782839835720101,0.0,-0.22026740403219447,-0.00021143548243407473,0.0,0.0
2017-02-24,-0.07549868589316344,0.0,-0.2202021766421508,0.0,0.0,0.0
2017-02-27,-0.07785643875859172,0.0,-0.2212883649918974,0.0,-0.00046040046392292755,0.0
2017-02-28,-0.07798951270964705,-0.00042163012480256334,-0.22207997778644806,-0.002698848483323135,-0.0022933821596422543,-0.0007548766254746875
2017-03-01,-0.07558146980644198,0.0,-0.22051456726269947,0.0,0.0,0.0
2017-03-02,-0.08321751438855807,-0.001237971985693087,-0.2234537825875258,-0.006297220262402092,-0.004940936589855727,-0.0017938246419700876
2017-03-03,-0.07993899475689203,0.0,-0.22200708640563405,-0.005671913387182315,-0.0041853139462321165,0.0
2017-03-06,-0.08278344415620842,-0.0015954977056422681,-0.22301837067889108,-0.008632805520301656,-0.006052204973607145,-0.002393224470137234
2017-03-07,-0.08809058357075739,-0.008510915665462582,-0.22591024041094276,-0.01159406805199692,-0.008409291177754796,-0.012239890385220775
2017-03-08,-0.09743088937100974,-0.016967803701276707,-0.23093505471321796,-0.013429096674917096,-0.010839115538714306,-0.02447695901748137
2017-03-09,-0.10048375038854651,-0.014350370610897167,-0.23147408476313158,-0.012177964366472005,-0.011175539466948492,-0.020691691224030473
2017-03-10,-0.1014556122436977,-0.01992483794551847,-0.23284256396589087,-0.008716515598373276,-0.008251949923284707,-0.028838447498809705
2017-03-13,-0.09900458035366588,-0.008256042092226856,-0.2299012590773667,-0.008216033043108917,-0.008929207042265852,-0.011880998822812794
2017-03-14,-0.10017722441093702,-0.008121931139676075,-0.23107744487217818,-0.012011062768335412,-0.010810529710483463,-0.011688723516189992
2017-03-15,-0.08948373741959537,-0.0030208895776974165,-0.2261065204634709,-0.0034616710072443713,-0.0022072728889247495,-0.00439032297822306
2017-03-16,-0.09104683452259954,-0.007871382358743406,-0.2260794247500938,-0.005421672109550468,-0.004486479236290641,-0.01148975178782441
2017-03-17,-0.0912573078433172,-0.01592998251362321,-0.2272472207082099,-0.007168249552632844,-0.004487608207827343,-0.02315051241141619
2017-03-20,-0.09187651576617073,-0.020322766061949937,-0.22815698566877984,-0.008257295444423662,-0.004203951374676551,-0.02943068974593077
2017-03-21,-0.09417049631144947,-0.017042609668622588,-0.2288886810389461,-0.020990709514769224,-0.010588010243448243,-0.02476680624692995
2017-03-22,-0.09453136744042523,-0.023137792867887974,-0.2300578775045644,-0.018687052614080768,-0.008440466334416197,-0.03358699586998737
2017-03-23,-0.09527756536471299,-0.023894548025261142,-0.23043594933666656,-0.019734317546551083,-0.009488711629155211,-0.034603435299850216
2017-03-24,-0.0950687246624704,-0.03235902065043328,-0.23108063595902095,-0.020446445847876693,-0.00969336099156215,-0.04693161874343044
2017-03-27,-0.08964836242803276,-0.020358194748453795,-0.22769346905222565,-0.02145133718330572,-0.009321091943539805,-0.029574088391058462
2017-03-28,-0.08829751391283591,-0.018388833447841146,-0.22754518823798942,-0.014330869046917272,-0.006370365124013233,-0.026726560631576857
2017-03-29,-0.08517157848534151,-0.0187023554247554,-0.22668611468951894,-0.013409613709844281,-0.004681868758504848,-0.0271818963005781
2017-03-30,-0.08650112611943817,-0.02006861552252215,-0.22740739945603816,-0.010267892992148142,-0.003912251291665503,-0.02916032792414691
2017-03-31,-0.08371272402770491,-0.01573304224567007,-0.22543620161412847,-0.012571549892836598,-0.004514229216733501,-0.02280874419737322
2017-04-03,-0.08028428330879378,-0.00746869911642567,-0.22350800686901706,-0.01428901400788174,-0.00359310874974883,-0.010924504195458207
2017-04-04,-0.0790213368705528,-0.007636104635416974,-0.22261120763788977,-0.013660743944057585,-0.0037797109044326316,-0.011167718099803658
2017-04-05,-0.08019311718412825,-0.010229588883524765,-0.2234326606855731,-0.016592670908570195,-0.004797677279419377,-0.014910447558266426
2017-04-06,-0.07782695403585715,-0.0037321134504285647,-0.22197554308296608,-0.013828312259629993,-0.0033897404844953627,-0.005539876152666268
2017-04-07,-0.07961650270787468,-0.004606820593035188,-0.22265017555770505,-0.014833573993634608,-0.00520658885698122,-0.006803342719171268
2017-04-10,-0.07720823646322927,-0.0031173306287407554,-0.22195480119674682,-0.014247084889130845,-0.0041343861627269884,-0.004660233448460338
2017-04-11,-0.07325069109298366,0.0,-0.22029909921876933,-0.01542006309813837,-0.0029931615844071002,0.0
2017-04-12,-0.07332329688611905,-0.0017464205717047099,-0.22021999863961694,-0.019734317546551083,-0.004356467070433023,-0.0024416957501993686
2017-04-13,-0.07385554696941976,-0.005341684893991672,-0.2202464850017093,-0.026101098661438837,-0.006999118444080965,-0.007708939816483351
2017-04-17,-0.07356023984100468,-0.0016415420628098643,-0.22075679145448146,-0.017472071206607653,-0.002421584215572703,-0.002378634073909147
2017-04-18,-0.07307087542180313,-0.0007084129329671951,-0.2212229287704245,-0.02040422041026546,-0.00189121356372135,-0.0011136634281986302
2017-04-19,-0.07762056369524106,-0.0014619648972323818,-0.2229856640783513,-0.022205765001957256,-0.004038787803171795,-0.002202463336512861
2017-04-20,-0.07625457708391148,0.0,-0.22217457250121309,-0.014247084889130956,-0.0001309203070317677,0.0
2017-04-21,-0.07876063117196863,-0.0008415649808055647,-0.2232008984067545,-0.017388879686542236,-0.001842402672172283,-0.0012147073570876188
2017-04-24,-0.07567138258915285,0.0,-0.22166186967364732,-0.006582056766989308,0.0,0.0
2017-04-25,-0.0750643352117738,0.0,-0.22026901467894378,-0.0008014684377447567,0.0,0.0
2017-04-26,-0.07453607189961275,0.0,-0.21975166630903153,-0.0014298866609993022,0.0,0.0
2017-04-27,-0.07489208352520227,0.0,-0.21941256547763732,-0.0005921191628518452,0.0,0.0
2017-04-28,-0.07548366887704783,-0.0004150175432487968,-0.21943651125585173,-0.0027702850261486223,-0.0008963268573497496,-0.0007501690673912265
2017-05-01,-0.0744538133557695,0.0,-0.21788766671937987,-0.0002571306911369753,-0.0002492320967258932,0.0
2017-05-02,-0.07563528996394742,0.0,-0.21910272676328557,0.0,0.0,0.0
2017-05-03,-0.07916072739755331,0.0,-0.22173128464151426,-0.0012143173901524307,-0.001554819242559069,0.0
2017-05-04,-0.08490330813734837,0.0,-0.2251220729621194,-4.192409679304454e-05,-0.0017508095908218557,0.0
2017-05-05,-0.07954696653976301,0.0,-0.2222652542822261,0.0,0.0,0.0
2017-05-08,-0.07924423622912113,0.0,-0.22134559289813505,-0.00016652926956661762,-0.001075148077994914,0.0
2017-05-09,-0.07953327571236013,0.0,-0.2213652590688162,-0.0010846168642575371,-0.0020784641526323533,0.0
2017-05-10,-0.07529174758461599,0.0,-0.2189003531052739,0.0,-0.0011474157579204336,0.0
2017-05-11,-0.07281692785583294,0.0,-0.21655802972790195,-0.0020429429438065805,-0.002079449059412375,0.0
2017-05-12,-0.07437118021789524,-0.010044364954336804,-0.21884036290511577,-0.0037103730966209225,-0.0010604423484164016,-0.014252455971050737
2017-05-15,-0.07264095193149211,-0.007454901852221862,-0.21873593650069378,0.0,0.0,-0.01064081452991672
2017-05-16,-0.07111562808889194,-0.006870956478867707,-0.21825753006389215,-0.0009155006649319564,-2.825528795291632e-05,-0.009809807092063028
2017-05-17,-0.06959625980488571,-0.0014096297578674033,-0.215916755963261,-0.018643417753352987,-0.007536768533434768,-0.0020981763842335965
2017-05-18,-0.06869936108901786,0.0,-0.21533808842979896,-0.014689962192817818,-0.00526559150882977,0.0
2017-05-19,-0.060329028768049575,0.0,-0.21082894430577814,-0.008281310339858239,-0.0015133824020874265,0.0
2017-05-22,-0.05359634086343468,0.0,-0.20683628949782373,-0.0032462406807748367,0.0,0.0
2017-05-23,-0.05237232131509095,0.0,-0.2051469700781542,-0.0010405457352525849,0.0,0.0
2017-05-24,-0.04814803794903155,0.0,-0.20299296674793232,0.0,0.0,0.0
2017-05-25,-0.053968136024038826,-0.009903588546601672,-0.2076341729318706,0.0,0.0,-0.013904528176907682
2017-05-26,-0.05282050153731965,-0.01656427893811263,-0.2072041557634252,-0.00020680849862220185,0.0,-0.023279906047269816
2017-05-30,-0.053894434216742004,-0.01879964667576095,-0.2084067538355755,-0.0010753017761755412,0.0,-0.02626730580480552
2017-05-31,-0.05263184988371905,-0.009847547608966667,-0.20700362777318027,-0.0013236621768909496,0.0,-0.013760626539775389
2017-06-01,-0.04953869602394634,-0.001719094092705764,-0.20527276021909768,0.0,0.0,-0.0021356919857512535
2017-06-02,-0.044901859744410744,0.0,-0.203289010170424,0.0,0.0,0.0
2017-06-05,-0.04454971330006685,0.0,-0.20226187809477514,-0.0007372924612986109,-0.0011099157037537388,0.0
2017-06-06,-0.040134726916392416,0.0,-0.19913277599949997,-0.0039316469986531155,-0.0017734557759717662,0.0
2017-06-07,-0.044666590700296216,-0.005904547898459955,-0.20219337716345087,-0.002088814225260749,-0.0014050611882694408,-0.008611328229120585
2017-06-08,-0.04359211319300782,-0.0020616396825359207,-0.20095810224072053,-0.0015975032158306313,-0.0017387526388940033,-0.0030335673128432106
2017-06-09,-0.04510127842474321,-0.003152744328141388,-0.20186341407842068,-0.0031126504508683928,-0.003020616203524229,-0.004675388849518458
2017-06-12,-0.0505102733546029,-0.012082764620322983,-0.20578443355324672,-0.003317634994091989,-0.003217988254703985,-0.01739112544241661
2017-06-13,-0.04640471616783337,-0.007592324504486547,-0.20279317423025855,0.0,-0.00013689930106064452,-0.011040859020495786
2017-06-14,-0.051698580837338914,-0.018578211458496696,-0.20884137250802404,-0.0012674830358614386,0.0,-0.02669602234629065
2017-06-15,-0.05553809967888679,-0.022244863132749537,-0.2123386741371991,-0.0031896804345920016,-0.001859711355428506,-0.031948343304029736
2017-06-16,-0.05408505207722014,-0.019835169624181193,-0.2113473096415056,-0.002971779807692032,-0.0015064222548544226,-0.028654811938259694
2017-06-19,-0.0536441473553404,-0.015967269977863685,-0.21165136390777284,0.0,0.0,-0.023045763796724406
2017-06-20,-0.055040403679542105,-0.01138186574431821,-0.21269653389281884,-0.006744078375470308,-0.0030756775365649025,-0.01648225994710739
2017-06-21,-0.056274480226700785,-0.012683468148782406,-0.2132429005205767,-0.006989167175739608,-0.0032604453882355555,-0.01842547234024272
2017-06-22,-0.05344539089954792,-0.01072576547560855,-0.2111470034433678,-0.007438988211278863,-0.0031633615604172993,-0.015701719413796944
2017-06-23,-0.050749623123399146,-0.007761699124767318,-0.20925115518159487,-0.006253613027588201,-0.0023368363400885217,-0.011382296336254094
2017-06-26,-0.0539983778263754,-0.021660916897513705,-0.21253235848280738,-0.005599563314630518,-0.00161001969866148,-0.031213054470953794
2017-06-27,-0.05577278753686321,-0.019457544311178854,-0.21272100637437907,-0.013610593245821367,-0.008402116748262634,-0.028060244635755294
2017-06-28,-0.05089075266467047,-0.015475912955945192,-0.20984276304359928,-0.004782216983941545,-0.003440560420062466,-0.02251584511144389
2017-06-29,-0.05637922313415866,-0.020190268397278888,-0.2123774245286152,-0.013528801063283802,-0.010197299209091848,-0.02919105225864005
2017-06-30,-0.054620084195377894,-0.022873556221333913,-0.2120125948208561,-0.011689591977143587,-0.010011520830639609,-0.0331117011682015
2017-07-03,-0.0548908098349814,-0.021323887827455867,-0.21191504716566656,-0.01001360757189873,-0.010458599075443664,-0.03092990039748522
2017-07-05,-0.0578499596478208,-0.021052793859751784,-0.21381333969042704,-0.007724721323890793,-0.008785552682332165,-0.030466305522400372
2017-07-06,-0.06267381124601124,-0.023192836935301164,-0.2161533383967057,-0.016798833817563974,-0.014983165076417726,-0.03362370825247363
2017-07-07,-0.06589615695439088,-0.027423276860396917,-0.21833095495318444,-0.010422424610914915,-0.011783343140773894,-0.03970797232139178
2017-07-10,-0.06670553520104938,-0.03342661584159601,-0.21974020943936867,-0.009359989479956976,-0.010623945071754015,-0.04834566188575018
2017-07-11,-0.06312554575202955,-0.03364688861822451,-0.21707772257535596,-0.01009554362810805,-0.010545136791455523,-0.048664615495501606
2017-07-12,-0.05907550345308277,-0.029038188684202937,-0.2150206369990928,-0.002656555416829187,-0.004921181499488836,-0.041962620744181445
2017-07-13,-0.060344819111780246,-0.031222387603655588,-0.2151913356119004,-0.000980930695764326,-0.004323218357263903,-0.04510506969994432
2017-07-14,-0.057551377365779866,-0.03444222148517084,-0.21419882548237368,0.0,-0.0009647782885480183,-0.049893226668698554
2017-07-17,-0.05740593670363037,-0.03450092864363319,-0.2143723845711949,-0.00012205943728382795,-0.0005547041980341616,-0.04990601831515906
2017-07-18,-0.053236417745852416,-0.029320274986013972,-0.21209239791796375,0.0,0.0,-0.04246021842195136
2017-07-19,-0.0505352210879596,-0.030238804806036357,-0.21070303184238148,0.0,0.0,-0.043783086111395364
2017-07-20,-0.0441589791785576,-0.00548922475082525,-0.2062511934818313,0.0,0.0,-0.008203541643219014
2017-07-21,-0.046980028621224856,-0.011503618373361002,-0.20882302714912782,-0.0008904022458565697,0.0,-0.01685280196173944
2017-07-24,-0.04500865253473796,-0.006910175341700353,-0.2067480841736229,-0.0011332845479421483,-0.00040573018908351965,-0.01025645235020245
2017-07-25,-0.04644979992151843,-0.01418915456722969,-0.20757087046307654,0.0,-0.0011598549077690423,-0.020723825184227662
2017-07-26,-0.04349151841114196,-0.015033068045570808,-0.20542150071238885,0.0,0.0,-0.022018023034134027
2017-07-27,-0.04276196457342052,-0.009639952163109866,-0.20428580312226685,-0.0009298307149007146,-0.0011915156973294483,-0.01434530244053911
2017-07-28,-0.03903620529528984,-0.00308630168194568,-0.2018287010736335,-0.00210200638433522,-0.0012340313011707238,-0.004847264259200568
2017-07-31,-0.038219655335776426,-0.0006410032622787831,-0.20166629759399823,-0.0026676439183687117,-0.0014690623153438276,-0.001336340750742293
2017-08-01,-0.040861927475773,-0.006917935221313898,-0.20442352653486007,-0.00044450062250722677,0.0,-0.010549347371158424
2017-08-02,-0.041468970123773596,-0.007668319911785404,-0.20502076990760898,0.0,-8.284902398625338e-05,-0.011722342080282555
2017-08-03,-0.03971869655572291,-0.003156524249478876,-0.20423430208118598,-0.0019397483754225453,0.0,-0.005174120006794736
2017-08-04,-0.039332338380007714,0.0,-0.20267536524516105,-0.00012141654053188233,0.0,-0.00041465036611143535
2017-08-07,-0.03379349294991374,0.0,-0.19825516977007474,0.0,0.0,0.0
2017-08-08,-0.03252980604806843,0.0,-0.19704510113933726,-0.0024606867044882907,-0.001813651329531929,0.0
2017-08-09,-0.030578864583397203,-0.0016954950330041463,-0.19684968840413897,-0.0025009466774054134,-0.0013524406011616863,-0.0024418039250668766
2017-08-10,-0.03568295602010607,-0.0027610804255222554,-0.2004631280050151,-0.0165810023909595,-0.00831153822926256,-0.003977283567940582
2017-08-11,-0.032291569937486164,0.0,-0.1979834942789782,-0.015128732150968549,-0.006991412044056178,0.0
2017-08-14,-0.025328892299078754,0.0,-0.1932842797419232,-0.0053654402002007995,-0.002100968921501134,0.0
2017-08-15,-0.03072477486104408,-0.007161050394723145,-0.1969760370130066,-0.005486575145168371,-0.003368778384081228,-0.010224957838689486
2017-08-16,-0.026255198482817876,0.0,-0.19446439641766,-0.0037517040370810273,-0.001580391014970317,0.0
2017-08-17,-0.03050895731861003,-0.004984894176096932,-0.19668994368940573,-0.019284100995869746,-0.009486220945498669,-0.007134775053788234
2017-08-18,-0.030238047317850403,-0.011909490014744284,-0.19648953396268332,-0.020817175202668348,-0.01033205637879897,-0.016867103955915064
2017-08-21,-0.0338639505043683,-0.018110953835510202,-0.1995531553832275,-0.02005053159140424,-0.009610215232605746,-0.025728641063796354
2017-08-22,-0.030230205428919965,-0.012613323335108007,-0.19755801029863407,-0.00980333890795504,-0.0042423506746780415,-0.018020916112518548
2017-08-23,-0.027028573036043668,-0.010203162801276089,-0.1951433275462241,-0.013353388054234028,-0.004991793729228866,-0.01461038107370427
2017-08-24,-0.02699081482232968,-0.003937768593772151,-0.19461656504001568,-0.015653034867053495,-0.007007601295133226,-0.0057410995067868065
2017-08-25,-0.025396538069383356,-0.0020147100119844996,-0.1938110898872526,-0.013353388054234028,-0.004954478535650009,-0.002945846678094499
2017-08-28,-0.022315008777042622,0.0,-0.1918819291514121,-0.013313128081317016,-0.004556870657176582,0.0
2017-08-29,-0.019838738612454776,0.0,-0.18998913408173834,-0.012183647677095455,-0.0029448038827032397,0.0
2017-08-30,-0.01907693542070832,0.0,-0.18993367083865065,-0.00750362108989211,-0.00047129906612797257,0.0
2017-08-31,-0.009199917522221157,0.0,-0.18301866318051896,-0.0015326481753394905,0.0,0.0
2017-09-01,-0.0072862184624366,0.0,-0.18138939746556138,-0.00012056690302186812,-0.0003284413549642373,0.0
2017-09-05,-0.008577032361274384,-0.012855752756719907,-0.18275830296938922,-0.007301895193846941,-0.0018680591644748556,-0.0184764501424608
2017-09-06,-0.005714857898782788,-0.006882328538582061,-0.18043300160188158,-0.0039130989549664985,-0.0007938911933617065,-0.0099840035703751
2017-09-07,-0.0020487183295414546,-0.004810541851254291,-0.17816767100480313,-0.00403394987896144,0.0,-0.006984304890240822
2017-09-08,-0.006262063637455739,-0.013844996076202709,-0.18104243390776087,-0.005204116287559568,-0.0009981553891803552,-0.019997413385471896
2017-09-11,-0.004775070281700655,-0.013118263162741783,-0.1800219345002525,0.0,0.0,-0.01895127898246529
2017-09-12,-0.003094391590264145,-0.011635303420241438,-0.1790792657277278,0.0,0.0,-0.016965624822519176
2017-09-13,-0.00495981382370847,-0.0176622571405195,-0.18042499081169727,0.0,-0.0005208802605970453,-0.025701146076165582
2017-09-14,-0.007121008690252673,-0.033642893033328014,-0.18238806047310296,-0.0003196814217043542,-0.0006400811642237603,-0.04877935517234333
2017-09-15,-0.003454120312536002,-0.021497385665233515,-0.17939686953604117,0.0,0.0,-0.031182526165588587
2017-09-18,-0.0021853103256269657,-0.012605703452719719,-0.17724819777478917,0.0,-0.00026175614958756643,-0.018305235199510328
2017-09-19,-0.0034889401199090786,-0.015552465197872012,-0.17858985831718988,0.0,-9.781064599057032e-05,-0.022738249142671862
2017-09-20,-0.004313475062069361,-0.0172154186888146,-0.17968312897690097,0.0,-0.0006525246979107724,-0.02515024262595289
2017-09-21,-0.009576332523624553,-0.025812748758941018,-0.18383340139373117,-0.0026794992777210425,-0.0027910020321927353,-0.03761030719163749
2017-09-22,-0.008634923666092864,-0.02639154481457473,-0.1828921412874479,-0.002479477062368396,-0.001970607657893808,-0.03845130560770682
2017-09-25,-0.003631660339454057,-0.019167890221216122,-0.17920573471208612,-0.004518919258119314,-0.0020284055056399852,-0.02799089608002714
2017-09-26,-0.007193388245676169,-0.021846195665080503,-0.18160734810133305,-0.0039191327552206,-0.001996225143474306,-0.031874184211008294
2017-09-27,-0.006271373088721721,-0.01378929793160244,-0.17992409577651347,-3.9850364333182675e-05,-0.0016704496195460994,-0.020201903913387165
2017-09-28,-0.005967508663707766,-0.013775112587837923,-0.17983821558981328,0.0,-0.0010172946849789088,-0.020103457849349637
2017-09-29,-0.007046518572375815,-0.013735656702491439,-0.1814953544254948,0.0,0.0,-0.02020807407633185
2017-10-09,-0.0013765506810308192,0.0,-0.17847575778453517,0.0,0.0,0.0
2017-10-10,0.0,0.0,-0.17415006667689115,0.0,0.0,0.0
2017-10-11,0.0,0.0,-0.17301985132599396,0.0,0.0,0.0
2017-10-12,0.0,0.0,-0.16985056559579126,-0.0014900120707665998,-0.0005265910361209603,0.0
2017-10-13,0.0,0.0,-0.16665656656310812,-0.00027428253724670615,0.0,0.0
2017-10-16,-0.0010895454513497604,0.0,-0.16771328059567137,0.0,0.0,0.0
2017-10-17,-0.0032694492090072913,-0.0037206186462448443,-0.1697803517691474,0.0,0.0,-0.005373033310150044
2017-10-18,-0.0032450095623213215,-0.0036463642037442012,-0.16956378936761418,0.0,-0.0004136728565536929,-0.005269634956268199
2017-10-19,-0.0024994940297575763,-0.00013538436488036432,-0.16964617623970757,0.0,0.0,-0.0002750516959845184
2017-10-20,-0.0009018389090306167,0.0,-0.1679140318179162,0.0,0.0,0.0
2017-10-23,-0.0027689722492809654,-0.0029169575020110416,-0.1697929064344732,-0.0038893903697332366,-0.0019868687362292192,-0.0040707175140041185
2017-10-24,-0.004010938201525427,-0.013189849914305274,-0.17035387519422296,-0.002139028472517346,-0.0021138249103603846,-0.018800191944704503
2017-10-25,-0.004991170422712465,-0.00877402166814134,-0.1709944895765051,-0.00707828178040637,-0.005739546986777033,-0.01253650649127569
2017-10-26,-0.004599078347187757,-0.00573232396661183,-0.1701471513122399,-0.005794714842976556,-0.005481237753639401,-0.008222695770617738
2017-10-27,-0.001673362718371818,-0.007640406866181837,-0.16784390514836778,0.0,0.0,-0.010932542960895297
2017-10-30,0.0,0.0,-0.16617254185856012,-0.0037249852635629077,-0.0008518807640086612,0.0
2017-10-31,0.0,0.0,-0.16257591754383094,-0.0021729193965486227,-0.00017526100354159357,0.0
2017-11-01,0.0,0.0,-0.16204563831985852,-0.0008536056462872255,0.0,0.0
2017-11-02,0.0,0.0,-0.16074193573759432,-0.00046550423350588677,0.0,0.0
2017-11-03,0.0,0.0,-0.15923247185450395,0.0,0.0,0.0
2017-11-06,0.0,-0.00150785743802484,-0.1560266848149222,0.0,0.0,-0.002266649523380626
2017-11-07,-0.001822687904255993,-0.0008904661272194359,-0.15718895728821813,-0.0006955869638303191,-0.0002674539092444306,-0.0013770395135114244
2017-11-08,-0.00020939032232070165,0.0,-0.15618888311198664,0.0,0.0,0.0
2017-11-09,-0.002468331098469112,-0.006272164505382927,-0.15806216867347345,-0.0036280088201768868,-0.0023300812874839094,-0.008967121082553375
2017-11-10,-0.0066842768419362875,-0.015708113892988984,-0.1618207032797263,-0.003936555502444983,-0.00454072133308947,-0.022654249164162588
2017-11-13,-0.00610440103591714,-0.015530252711542958,-0.16203993842543252,-0.0030105099178324712,-0.0041718478196209885,-0.02240587781757808
2017-11-14,-0.008489177951617521,-0.015025839409224195,-0.16456915593012134,-0.005326130801623474,-0.005000477705193629,-0.02168130187130768
2017-11-15,-0.007400215547028188,-0.00484024882909595,-0.16332196082704142,-0.010304512932870935,-0.006566778753381186,-0.006997905150629702
2017-11-16,-0.003030527729378618,0.0,-0.16011352325052575,-0.0018912931573334957,-0.0025241501697664814,0.0
2017-11-17,-9.034552966324938e-05,-0.0019840736324193697,-0.15744291737918292,-0.004824142584930358,-0.0037612148590148164,-0.002776339924598914
2017-11-20,-0.001256219246480117,0.0,-0.1580522665709908,-0.003126020603483548,-0.003378590507295387,0.0
2017-11-21,0.0,-3.65341925397944e-05,-0.1550356035137299,0.0,0.0,-0.00013272214203829957
2017-11-22,0.0,0.0,-0.15246693039870063,-0.0008843809791199142,0.0,0.0
2017-11-24,0.0,0.0,-0.15214517225191893,0.0,0.0,0.0
2017-11-27,0.0,0.0,-0.14848480608282633,-0.0004990401599189731,-3.865072463515862e-05,0.0
2017-11-28,0.0,0.0,-0.1460055981067121,0.0,0.0,0.0
2017-11-29,-0.004401531606419873,-0.0044789361763569735,-0.14962270660468713,-0.0006089994001947652,-0.0016323076241290257,-0.0062579505208557595
2017-11-30,-0.0035455529558549026,0.0,-0.14927854412574537,0.0,0.0,0.0
2017-12-01,-0.0009810581112431604,0.0,-0.1463565160919662,-0.0020753955758155973,0.0,0.0
2017-12-04,-0.0026450069467645054,0.0,-0.1482475746486951,-0.0032827002016579954,-0.0009136394187707619,0.0
2017-12-05,-0.004878989010103418,0.0,-0.14959848759815697,-0.006867540462944244,-0.0027609480763302052,0.0
2017-12-06,-0.001924955085527147,0.0,-0.14774301021006375,-0.006679000307625027,-0.0018141065067412976,0.0
2017-12-07,0.0,0.0,-0.14081807523517076,-0.003547105796271377,-0.0006556250236686711,0.0
2017-12-08,-0.000439510640043439,-0.01218363432807057,-0.14128388134845948,0.0,0.0,-0.01717120289581575
2017-12-11,0.0,-0.0077232511196240194,-0.1395041055413574,0.0,0.0,-0.010870533007929173
2017-12-12,0.0,-0.002159421821544605,-0.13925571314036744,0.0,0.0,-0.003085868344317011
2017-12-13,-0.0007582676274957567,-0.011128146362476055,-0.14037676866093096,-0.00011199280830220815,0.0,-0.015663774554840915
2017-12-14,-0.0025014787881280087,-0.011263390834996168,-0.14173091740857224,-0.0041978922113203865,-0.002603212438533009,-0.01589291489849287
2017-12-15,0.0,0.0,-0.13760452661219713,0.0,0.0,0.0
2017-12-18,0.0,0.0,-0.13263485865415714,0.0,0.0,0.0
2017-12-19,-0.003972746475140454,-0.014242748281250828,-0.13643694333815926,-0.003840121430708554,-0.004115102130829884,-0.019888315109910626
2017-12-20,-0.006293020447464492,-0.025493432910265068,-0.13887197732597834,-0.004362129512316404,-0.005591538834361143,-0.03559347120725753
2017-12-21,-0.0066140024915223306,-0.033257695548232324,-0.13837565790099826,-0.002311583018255181,-0.004076638851885139,-0.046432683709281886
2017-12-22,-0.00959544745923746,-0.052469466735771464,-0.14108978130362804,-0.0025725545756686286,-0.004084032798874593,-0.07332003381190122
2017-12-26,-0.0023900976697656118,-0.0291648435322015,-0.13489782728826805,-0.003765669500214286,-0.004653841785910995,-0.04076895593696317
2017-12-27,-0.0018352472619107552,-0.031820095571307716,-0.13398829821368408,-0.003281017317414925,-0.0026729587751653794,-0.04454854478946524
2017-12-28,-0.0022011666930901175,-0.04291931835411733,-0.1343075738390508,-0.0012303408897926804,-0.0019234705960815557,-0.06004244747159415
2017-12-29,-0.001686488390987062,-0.042667580498806035,-0.13370146617881273,-0.004996205290348832,-0.003560005884241879,-0.0596196154984211
2018-01-02,0.0,-0.03628694552666156,-0.12998089706765692,0.0,-0.0006023674891965092,-0.05056328934697307
2018-01-03,0.0,-0.03405001777454009,-0.1275689191043743,0.0,0.0,-0.047449997740658834
2018-01-04,0.0,-0.02959317551007279,-0.12558653962661326,0.0,0.0,-0.041130633404048766
2018-01-05,0.0,-0.014114407352898373,-0.12105993499076617,0.0,0.0,-0.01904270785716844
2018-01-08,-0.0021461718210131764,-0.02956486189457308,-0.12287413186448992,0.0,0.0,-0.04114004464302912
2018-01-09,-0.002367127471921693,-0.03384031491964212,-0.12321943551770875,0.0,-0.0004936423965312686,-0.04724493163547794
2018-01-10,-0.001915753953620869,-0.031203309876190022,-0.12281277396286727,-0.001530367121827081,-0.0015369287351467698,-0.043484511473445786
2018-01-11,-0.00038841795822575076,-0.04027192884377129,-0.12129180010104634,0.0,0.0,-0.056391999719395125
2018-01-12,0.0,-0.03241739994084292,-0.11514944862611776,0.0,0.0,-0.04529959058955002
2018-01-16,-0.001991377094582858,-0.050574567619559585,-0.11681857311942312,-0.003417922800473483,-0.0019064077016009984,-0.07114881512192162
2018-01-17,0.0,-0.050388943947541454,-0.11198484363662486,0.0,0.0,-0.0709632974803206
2018-01-18,0.0,-0.04880850588070751,-0.11207240546099839,-0.0016805919392655078,-0.002252458733983498,-0.06871078401657393
2018-01-19,0.0,-0.04553612406544871,-0.11066872052698207,0.0,-0.0004634193499641892,-0.06408175796887094
2018-01-22,-0.0010635293785917765,-0.049838666098452,-0.11184841346629448,0.0,0.0,-0.0702696196610545
2018-01-23,0.0,-0.0488836667029634,-0.10814139907602027,0.0,0.0,-0.06890973856533256
2018-01-24,0.0,-0.04306991835994978,-0.10467213195885972,-0.0003887190054254752,-0.0009748204284675266,-0.0606535360481143
2018-01-25,-0.0016859142182917841,-0.04532402558461468,-0.10547631676830282,0.0,0.0,-0.06387356828830604
2018-01-26,0.0,-0.04280538927519528,-0.10057808026581239,0.0,0.0,-0.060358370529714156
2018-01-29,-0.00031314843566931927,-0.04267961821323718,-0.10118788641629828,-0.006629704659215863,-0.005066982369683393,-0.06011149634477608
2018-01-30,-0.010411049736520184,-0.05562259806436509,-0.11137647712402832,-0.01681840448476224,-0.012270853534343318,-0.07862469938740169
2018-01-31,-0.007454167258756583,-0.053180295321989646,-0.10894895729794796,-0.01633054441207782,-0.011876329795325269,-0.07517938080576902
2018-02-01,-0.011044560959634686,-0.06488580003134581,-0.11244573487159282,-0.017446652008571095,-0.014587754775189588,-0.09177918294153598
2018-02-02,-0.02641930299766926,-0.0765982331350048,-0.1256612542201062,-0.0388371030718101,-0.028936742209877298,-0.1084414165724531
2018-02-05,-0.046134152049748356,-0.10619809745986797,-0.14309399930309474,-0.07903515577808673,-0.04994556837646791,-0.15041961724523512
2018-02-06,-0.03994379258202774,-0.09433418610872668,-0.13907314082760347,-0.060890214520415875,-0.040733807444609416,-0.13362367780122997
2018-02-07,-0.04592268675260247,-0.09761221730656522,-0.14486385998440143,-0.06598477723356933,-0.044954102535478935,-0.13831650486890046
2018-02-08,-0.06153156080853894,-0.10006005180966693,-0.15971843091870275,-0.10101834710161928,-0.06572446161635304,-0.141755900922638
2018-02-09,-0.060921840106670455,-0.09342065011728395,-0.16113186579775152,-0.0875145213459757,-0.058275444714820934,-0.1324119712934243
2018-02-12,-0.05698891004766349,-0.08850886542234004,-0.15837709174791792,-0.07411484617663655,-0.0503140899557154,-0.1254511250263517
2018-02-13,-0.056395848004836435,-0.09103437910839718,-0.15800277437911692,-0.07181228525781547,-0.0482747002011904,-0.12903859130554407
2018-02-14,-0.048161183350367565,-0.07735335764926266,-0.15078609982864477,-0.059285030849063,-0.043100556092970144,-0.1096265599555808
2018-02-22,-0.04660423950472936,-0.072023396046769,-0.14816725584355495,-0.05645837299273715,-0.04139688164041555,-0.10216402640743061
2018-02-23,-0.03879682533628426,-0.06568709139932527,-0.14014724422348945,-0.04141897969027031,-0.03083770366663352,-0.09325004978790219
2018-02-26,-0.03271797259360687,-0.06182778747942308,-0.13471984919497093,-0.030287938979064788,-0.02366887136270701,-0.08770858296225581
2018-02-27,-0.040443658965514495,-0.06240054963826447,-0.14250746289434613,-0.04239628063846601,-0.032193156562195235,-0.08859965478605925
2018-02-28,-0.0468287097832043,-0.06891857123894307,-0.14871907231815695,-0.0520969379910019,-0.037126638510927346,-0.09788741045722316
2018-03-01,-0.04831880070011807,-0.06717933078812743,-0.1490653969231105,-0.06588001864617654,-0.0438696802582903,-0.0954753265774726
2018-03-02,-0.04543092876141741,-0.06288583730123087,-0.14625095237874464,-0.06106477163266277,-0.04236935505291295,-0.08947138469535532
2018-03-05,-0.042248306688367765,-0.05598463510183882,-0.14398471469820107,-0.05021256022022702,-0.03624611499778774,-0.07976657774087093
2018-03-06,-0.040191791156216516,-0.06134601262219952,-0.14294998328149533,-0.047804875913361466,-0.034816501955821866,-0.0873172141935723
2018-03-07,-0.04296316793702437,-0.06942602386514651,-0.1448437380275207,-0.04815356453709552,-0.035029019248383086,-0.09869482448279754
2018-03-08,-0.044893699582971625,-0.07527365390852736,-0.1475102563285784,-0.04354765229803981,-0.03142894091863824,-0.106893209269456
2018-03-09,-0.04011915957833556,-0.07162927741967706,-0.14422827078189082,-0.026902892923894473,-0.02211484722298751,-0.10183957571834179
2018-03-12,-0.03868960982574987,-0.07152649842319381,-0.14289720173276355,-0.028124367108867343,-0.021953267576982793,-0.10174152024256522
2018-03-13,-0.04155062193068826,-0.07414357435777585,-0.14549683213979436,-0.03440538314434893,-0.02513968739520811,-0.1054290309479835
2018-03-14,-0.04441615594181059,-0.0855737384218982,-0.1480492371292098,-0.0393601664074652,-0.02740429209998052,-0.1215227481782375
2018-03-15,-0.04653473145024678,-0.0870904747775405,-0.14962501664245254,-0.04040732668062541,-0.028193724931181108,-0.12362491741293935
2018-03-16,-0.04719341497125906,-0.08710297270992473,-0.15025298313510882,-0.03936667201910249,-0.028012437024713788,-0.1237192998299742
2018-03-19,-0.050709241926164106,-0.08667846614352315,-0.15281510517764074,-0.05236427606921645,-0.03631164619619798,-0.12313253286314496
2018-03-20,-0.050280322611433004,-0.08414677008372873,-0.15217750140607678,-0.0507527083864443,-0.0360844016227192,-0.11953560737063407
2018-03-21,-0.043068697797114086,-0.08091520812347519,-0.14535790538357218,-0.052574583645414785,-0.03693063750264736,-0.11506345163800802
2018-03-22,-0.05059582206118041,-0.08999554890796946,-0.15035165592345556,-0.076257381209203,-0.049779100596368586,-0.1278859529150722
2018-03-23,-0.05273512023652138,-0.09240207161685066,-0.1510451349859414,-0.09594676682957615,-0.06125039460791848,-0.13131372855579238
2018-03-26,-0.04669645847660053,-0.09157140015168175,-0.14797474564336144,-0.07121273538534034,-0.047233030418608934,-0.13011832263616663
2018-03-27,-0.05051971508004871,-0.09948919793789068,-0.1499814221469532,-0.08701298124882029,-0.054673159908494084,-0.14134095228308152
2018-03-28,-0.0536673563543556,-0.10069101696438865,-0.15241908836032847,-0.08971062127435891,-0.05639253980606629,-0.14307297298018862
2018-03-29,-0.05093291644433606,-0.1065712064973674,-0.1506405066208969,-0.07807925646817371,-0.04851980081525087,-0.15142393199280835
2018-04-02,-0.054862993748076794,-0.11028956013913149,-0.15453657758486117,-0.09797864566420122,-0.06045431729074413,-0.15655108740064738
2018-04-03,-0.052092086421786865,-0.10299141212829266,-0.15160040583488188,-0.08641768738395894,-0.05451449960732857,-0.14644873766221445
2018-04-04,-0.05288574932918866,-0.10930615844573288,-0.15295810767564344,-0.07664297549895438,-0.04868325736822332,-0.15523498397251012
2018-04-09,-0.051059126702718616,-0.11076188006580434,-0.15102466580188978,-0.0856115995420289,-0.05346092141085834,-0.15732885959327558
2018-04-10,-0.045182804586431646,-0.10618840232421833,-0.1459265521726637,-0.07107265193475931,-0.04512333188575168,-0.15098659680003979
2018-04-11,-0.04193661019470629,-0.10409056507851544,-0.14205502783720303,-0.07594243664583034,-0.04776915842368479,-0.14816403821300306
2018-04-12,-0.042258014194455296,-0.09161718437966249,-0.14259257275309978,-0.068339930246467,-0.04442859372039365,-0.13095453614572705
2018-04-13,-0.040929743812194386,-0.09095075656573004,-0.14157569942626613,-0.07107265193475931,-0.045788112470412146,-0.13003822207166327
2018-04-16,-0.041425520612259015,-0.0880965690003459,-0.1431885872042965,-0.06343524627296815,-0.04124353711131434,-0.12617821240958416
2018-04-17,-0.03923493961906921,-0.08811784964133251,-0.14195217868770194,-0.053415145149011245,-0.03481680604885784,-0.12621098815540321
2018-04-18,-0.03365635998183103,-0.08170509435748496,-0.13718823680095427,-0.052714545495778586,-0.035861115628423756,-0.1173307032092179
2018-04-19,-0.0356297012371003,-0.08055628657565306,-0.13905795535543286,-0.05796943809573041,-0.04014951299605363,-0.11581748220754973
2018-04-20,-0.038837278855136326,-0.0756655881146493,-0.14177968173605016,-0.06595759958495362,-0.04635204714712515,-0.10907197091248777
2018-04-23,-0.04209138206038199,-0.07732208772294102,-0.14382743130334064,-0.06609762223542592,-0.04680834341204798,-0.11136822387575462
2018-04-24,-0.042526835800421936,-0.06732318264453252,-0.14415462986822392,-0.07867497593379646,-0.05504014581484684,-0.09760822730561436
2018-04-25,-0.046268408592737176,-0.08016393699114988,-0.14752510520900497,-0.0763973430595668,-0.05444262983480619,-0.11536603315850424
2018-04-26,-0.042546616408096094,-0.07276911272467357,-0.1442258828514792,-0.06700865106507425,-0.04755714232943853,-0.10519933562665473
2018-04-27,-0.04170828743020405,-0.07647358212533284,-0.14334919737024843,-0.06613276469828877,-0.046392896804927086,-0.11034666566910323
2018-05-02,-0.04345528345422711,-0.0753532085158386,-0.14362286394016566,-0.07790403055472905,-0.05371491836059217,-0.10882188339747179
2018-05-03,-0.04176435381474086,-0.07058234268820884,-0.14200429155396332,-0.07993590938935391,-0.05398169424215804,-0.10214819291445476
2018-05-04,-0.03871403065547663,-0.06855924454324391,-0.14034833556326065,-0.06802437768200587,-0.04664602414716856,-0.09939241411628996
2018-05-07,-0.037795567638306715,-0.0704506974619803,-0.1395559864676118,-0.06487128404175191,-0.044902407585357684,-0.10205067657613254
2018-05-08,-0.038265614592042585,-0.07195882434035628,-0.14022993599423061,-0.06487128404175191,-0.04554182195126533,-0.10420146793219864
2018-05-09,-0.035591065835069546,-0.06891908725574414,-0.13821353046348517,-0.05583255747327798,-0.04086909910369285,-0.09995074912591528
2018-05-10,-0.03221568533005892,-0.06986411928001923,-0.1363249890591416,-0.04700407768089332,-0.03467000954895072,-0.10127718401075192
2018-05-11,-0.03456497658176183,-0.07691565543784151,-0.1390929161722685,-0.044096373279591705,-0.032850969579243494,-0.1111503797408584
2018-05-14,-0.03571095436237415,-0.0751383511904552,-0.14009853974330366,-0.043640798064658815,-0.03339941951776204,-0.10867429453474453
2018-05-15,-0.041485929867369986,-0.08132273194912731,-0.14436452948056622,-0.05022715224632923,-0.039541272168296615,-0.1174059437305327
2018-05-16,-0.03938693266802229,-0.08073725113384167,-0.14269036964535675,-0.04623313230182624,-0.03788437973515946,-0.1166263112204684
2018-05-17,-0.03993173856046395,-0.08325314655318072,-0.1433386455076554,-0.04703891614321243,-0.038603626771833266,-0.12015140866614937
2018-05-18,-0.03883898384791862,-0.08211701657545822,-0.14221408006776526,-0.049421368404943045,-0.038596291307095965,-0.11860126570790175
2018-05-21,-0.03505590711377027,-0.07775040736993333,-0.1392338884240053,-0.04227492362138263,-0.03395444414982329,-0.1125010998214695
2018-05-22,-0.03744658685700797,-0.08368275813412085,-0.14157868836908205,-0.044936934783188165,-0.03573588967435559,-0.12080795296459157
2018-05-23,-0.03647078102543955,-0.08938318236857945,-0.1405909335709571,-0.04230964048348418,-0.0323957896878827,-0.12882631097044828
2018-05-24,-0.036237364626072854,-0.0885029527466199,-0.14123097928791462,-0.04427141679270952,-0.03261975622792168,-0.12767040837749333
2018-05-25,-0.03967502010728707,-0.09111244042197142,-0.14437158393387672,-0.04654850246596032,-0.03250993611357922,-0.13136231864867298
2018-05-29,-0.04023638985698952,-0.09351131031977389,-0.14429400197660835,-0.0575145316819935,-0.035090837829217514,-0.13473492558994027
2018-05-30,-0.035264187464149166,-0.08994995854499044,-0.14034548105569933,-0.044936934783188054,-0.029039731674328828,-0.12971843565942143
2018-05-31,-0.03791741443870067,-0.09141925827048114,-0.14223547986695884,-0.05078791164941532,-0.03281400642136556,-0.13184873488336757
2018-06-01,-0.0373141359642617,-0.0879393634449186,-0.14247058131752566,-0.041468531778908635,-0.02854601910726906,-0.12704244805473286
2018-06-04,-0.03871768508330864,-0.08618419859022186,-0.14452918540919757,-0.03691442123251576,-0.027123060122786757,-0.12465219580836606
2018-06-05,-0.03651577494911207,-0.08389208453148311,-0.14241987258774025,-0.03621339597852191,-0.025711161770445523,-0.12147394710173187
2018-06-06,-0.033279535271373395,-0.07948169562281271,-0.14015909429207551,-0.028155922365313057,-0.022335789663209704,-0.11531980946146403
2018-06-07,-0.03317157603143572,-0.0810423287484876,-0.14016283703868726,-0.0282609241531403,-0.020773791427655675,-0.11752533461464731
2018-06-08,-0.03328293644517877,-0.08062936426853518,-0.14097992973671547,-0.025387693413504886,-0.019546707488755977,-0.11702644637229476
2018-06-11,-0.033522414706532944,-0.08855517415521375,-0.14170145948372892,-0.024091617495084372,-0.01913230182752168,-0.12807568843440675
2018-06-12,-0.034160813377645205,-0.09223248428688313,-0.14236836366472183,-0.022830684039526483,-0.018588343683891395,-0.13318450494664935
2018-06-13,-0.034318871981461774,-0.09549285303541721,-0.14300203570908143,-0.02594881761724377,-0.020948399493632808,-0.13767947188605612
2018-06-14,-0.032377791898981156,-0.08890028267202621,-0.1417605470950959,-0.02349638443033164,-0.01823914901590029,-0.12863655996190593
2018-06-15,-0.040521577242165985,-0.09520888303294339,-0.14839342587048954,-0.02474236105913441,-0.018698214226659404,-0.13739825063029765
2018-06-19,-0.04182775811511996,-0.09357580547304789,-0.14865152816387694,-0.030478304119589628,-0.020994985182796966,-0.13518144512925812
2018-06-20,-0.0414878462624545,-0.09141994699439926,-0.1483304954220398,-0.02882411556057718,-0.02123140938629975,-0.13215709960520694
2018-06-21,-0.04513101832963118,-0.09533877873165486,-0.1516894487312188,-0.03491245605140092,-0.02393267591482051,-0.1376364477621871
2018-06-22,-0.04309455461820488,-0.10458117134556444,-0.14954022360290353,-0.03315277930369076,-0.02278134121173747,-0.1505061058668976
2018-06-25,-0.048932178206573806,-0.10679859677514025,-0.15434043738868186,-0.046314300447019785,-0.030298359254775864,-0.1536662044873237
2018-06-26,-0.04606290073307229,-0.10778997449948291,-0.15100179953013326,-0.044202712669811905,-0.02881836267410376,-0.15501102992008287
2018-06-27,-0.04810747468233967,-0.11137318092576665,-0.151743881824293,-0.0521207716336356,-0.032184321817738115,-0.16005947064564452
2018-06-28,-0.04888526344503241,-0.11401714563705401,-0.15315116270965456,-0.04670153633970742,-0.029249282110058616,-0.16373370706436963
2018-06-29,-0.04526171956491187,-0.10881600373733469,-0.1496972531558074,-0.04532909548468511,-0.02871381365501069,-0.15658443441453862
2018-07-02,-0.04956729360247836,-0.10390113676932888,-0.15371322276841337,-0.04328815743385517,-0.027733694322097824,-0.14979293412765138
2018-07-03,-0.04888624536048891,-0.10551658573816369,-0.15309188725772194,-0.04666639387684446,-0.028808738487506313,-0.15208633922622616
2018-07-05,-0.04620319398910011,-0.10264652162185828,-0.15138920911248055,-0.038889147964906945,-0.02402325233712499,-0.14814739464620919
2018-07-06,-0.044165733086951486,-0.1011794558266258,-0.14999132272064752,-0.030759869423253483,-0.018718941335489014,-0.14620207852112643
2018-07-09,-0.041483293406590294,-0.09690801916653624,-0.14851298585762196,-0.022032439411626803,-0.014378628502882518,-0.14033988839831568
2018-07-10,-0.04445823533377713,-0.10394805813737007,-0.15202751087720834,-0.01851326831653355,-0.012534163961077649,-0.15005820189437136
2018-07-11,-0.053809627971512564,-0.10685937444893656,-0.16032785530322458,-0.025692362758497733,-0.01611917832096732,-0.15406508800177054
2018-07-12,-0.05067739526099091,-0.10625735220141974,-0.15862913578973836,-0.016859322957956224,-0.010878991062602927,-0.153241007399039
2018-07-13,-0.049975378941312765,-0.10639044095589911,-0.1575058934892103,-0.01608515517312492,-0.009760871802441229,-0.15346204061122448
2018-07-16,-0.054638974702181264,-0.0991873745631795,-0.16272054388184232,-0.01696499354698,-0.010943496883155213,-0.1436029527840318
2018-07-17,-0.05330660281229671,-0.08938893039661866,-0.16121990641262085,-0.012988423233690871,-0.008743647691957901,-0.13013365923707565
2018-07-18,-0.05254352900982884,-0.08839961959649367,-0.16063494596560557,-0.010911734718910382,-0.007779948909503509,-0.12881131382874556
2018-07-19,-0.05327603492053423,-0.08855163476194883,-0.16048089528611642,-0.014642064591724457,-0.008993863686397985,-0.12905818498599264
2018-07-20,-0.05309618970582264,-0.08963037816655417,-0.16040045078649567,-0.015768021805836696,-0.011048078118880644,-0.13057949234244015
2018-07-23,-0.05486437204973582,-0.08451753346856228,-0.16229453471204935,-0.013938485733162587,-0.011829858907805524,-0.12352623535213436
2018-07-24,-0.05131223955887543,-0.07218823084632231,-0.1599979526747911,-0.008976102456451529,-0.008534746598208187,-0.10664537855276068
2018-07-25,-0.04661707817549021,-0.07275913937676148,-0.15628644373914413,-0.0005303593487061553,-0.003644968462064857,-0.10739997229168818
2018-07-26,-0.04915718438531147,-0.07780831762291951,-0.15797334430427634,-0.002888187566389422,-0.005501847879252675,-0.11438074738335535
2018-07-27,-0.05019703383243301,-0.07595224154218261,-0.15870271287106608,-0.009645025253020467,-0.009019005664374857,-0.11190082045311378
2018-07-30,-0.05137739252464024,-0.07755564976178964,-0.15932685200525953,-0.014818202506799993,-0.012670556027889135,-0.11408267363605507
2018-07-31,-0.05115179456377483,-0.08233110499363983,-0.15987418788245278,-0.009961915419873568,-0.009184390388282893,-0.1207183503286563
2018-08-01,-0.05651432146862967,-0.08550770126693685,-0.16437385071566613,-0.011615739178233553,-0.01111390299388093,-0.12516231441591974
2018-08-02,-0.05369893663102554,-0.08374668430303422,-0.162101846489197,-0.006231524746950767,-0.007412708757247977,-0.12275035543528756
2018-08-03,-0.05211682015092767,-0.08491243955299388,-0.16143628555283907,-0.0019731459295627696,-0.003841159787478454,-0.12437720421674581
2018-08-06,-0.05397402097107595,-0.092121950896489,-0.16341602166329305,0.0,-0.0014482548628227399,-0.13446141067295192
2018-08-07,-0.05103189627226212,-0.09130490221703402,-0.1608649010330695,0.0,-0.000281541725058454,-0.13336360159882854
2018-08-08,-0.05449572664841784,-0.0978335688501667,-0.16447834932839756,-0.0004200372848880418,-0.00018397088715127463,-0.14242080422268877
2018-08-09,-0.0542470812740663,-0.09547478328838654,-0.1644566422041447,-0.0017854760750257714,0.0,-0.13917670448943076
2018-08-10,-0.05579159023881575,-0.10280086356175389,-0.16479932339254189,-0.008473827224501962,-0.0023193715073804855,-0.14945096111144218
2018-08-13,-0.059428479835455184,-0.10380941583483438,-0.16708830446550083,-0.01218580010205994,-0.00467620568450644,-0.15090273206386806
2018-08-14,-0.05895909838336011,-0.10398088689111495,-0.1676648963386942,-0.005882578918822601,-0.0012631046161365456,-0.1510741343656783
2018-08-15,-0.0679785404251333,-0.10903994639917414,-0.17390038624596538,-0.01330604069031771,-0.004767096569547213,-0.15819245501473
2018-08-16,-0.06515929884670801,-0.10665061050203395,-0.17275531094309393,-0.005322186383907135,-6.651696485315828e-05,-0.1548702742526319
2018-08-17,-0.06333769705370595,-0.1032362409518951,-0.17199405880080643,-0.0018205043895801465,0.0,-0.15015669110325247
2018-08-20,-0.061777372547065945,-0.10586117841035114,-0.170802140800553,0.0,0.0,-0.15382303769110328
2018-08-21,-0.059161554112573955,-0.10100393325153789,-0.16841042395535866,0.0,0.0,-0.14710095974621007
2018-08-22,-0.056034423866738625,-0.1025603698091937,-0.1651237630174225,-0.0005931769267389919,0.0,-0.14927181059324435
2018-08-23,-0.05791733723811099,-0.10248071198523623,-0.16615114241159867,-0.0019203582593144697,-0.0008371062682637209,-0.14927181879030194
2018-08-24,-0.052706776649596665,-0.0967708463034852,-0.16264493811607383,0.0,0.0,-0.14132706600303113
2018-08-27,-0.05117797871744756,-0.09266176885468913,-0.1622098921715005,0.0,0.0,-0.1356547722551984
2018-08-28,-0.05351417028072103,-0.09075904971184912,-0.16417283495031343,0.0,-0.0005938814250415758,-0.13301012623677178
2018-08-29,-0.05094853870544558,-0.0904499816540344,-0.1626068517467697,0.0,0.0,-0.13254835545692734
2018-08-30,-0.05297142892842599,-0.09320680724570485,-0.16367584181066763,-0.004048370379775124,-0.0017254685927938773,-0.13653316259998938
2018-08-31,-0.053513803982776165,-0.09262815734892615,-0.16421561671930052,-0.004014347472044988,-0.0016331525276807035,-0.13569385134872636
2018-09-04,-0.05777100413192826,-0.09087370950100326,-0.16712080495218373,-0.005729659191229253,-0.003577399676697235,-0.13331016339831658
2018-09-05,-0.06254173073646341,-0.10131692350097277,-0.1715192709699923,-0.008405495683536435,-0.005225680674177169,-0.14773203630235154
2018-09-06,-0.06429290342820582,-0.1057097598878699,-0.17284626283331572,-0.011390383466621579,-0.0062019420714929385,-0.15388567310628098
2018-09-07,-0.0669815112052572,-0.10801279779095829,-0.17520747842284934,-0.013311314466149304,-0.009151251889843559,-0.15714729031985242
2018-09-10,-0.06584882085261023,-0.10892115459558849,-0.17477580831737682,-0.01159623984039826,-0.007885703222028861,-0.1584168299791774
2018-09-11,-0.06515148107160662,-0.10856042805423649,-0.17434705294085506,-0.008337034954566724,-0.007368453404162922,-0.15795671091722274
2018-09-12,-0.06218070251009433,-0.10672076174821166,-0.1720330371442771,-0.008097037126342466,-0.006756023116397114,-0.15541487698049516
2018-09-13,-0.063657010090725,-0.10353139972271297,-0.1744840268077238,-0.0022302193837397954,-0.003266529995680334,-0.15100515905800316
2018-09-14,-0.06560120399348668,-0.10339243074874149,-0.17591208965997163,-0.002058919377919133,-0.003904466950849339,-0.15085207288377767
2018-09-17,-0.06698987145658275,-0.10733455382911183,-0.17698766884942563,-0.007342131633563231,-0.007003946280783935,-0.15639038727752486
2018-09-18,-0.06615966744089186,-0.10552023317053116,-0.1764029944547062,-0.001955783734276295,-0.00540231699894711,-0.1538836712436803
2018-09-19,-0.06416323871745055,-0.103352254574817,-0.17472335849292642,-0.0008923011375865375,-0.005425746899628936,-0.15088751250445098
2018-09-20,-0.06212660987030727,-0.1001934336765481,-0.17405371966134064,0.0,-0.0005170731847541354,-0.14659021666929706
2018-09-21,-0.061466489279083714,-0.09725343834196365,-0.1733618541080041,-0.0009134602086916521,-0.0009143279539598481,-0.1425256301129939
2018-09-25,-0.05986032895229465,-0.10118241494417635,-0.17219395987846675,-0.005156265723821107,-0.004303434251021532,-0.14801505432606266
2018-09-26,-0.060882315479408367,-0.1016457301637641,-0.17288057171340054,-0.008133338590545436,-0.004820025559549634,-0.14866054088123748
2018-09-27,-0.06060715008414008,-0.09976942640106112,-0.17278321107969452,-0.00536165008977485,-0.0031410270158532816,-0.14613825828526683
2018-09-28,-0.05988264774654939,-0.10119969580945265,-0.17323427422240878,-0.005259252153740679,-0.0028885336838727627,-0.14812052029505063
2018-10-08,-0.06911262776727589,-0.10583267237968197,-0.18091744605381077,-0.01518172985423627,-0.013619985816398894,-0.15470090953543691
2018-10-09,-0.06663461077795829,-0.10597924003357917,-0.17887015111665405,-0.01661883192202729,-0.013733958991792194,-0.15487245554828666
2018-10-10,-0.0767384450873545,-0.11438649591712036,-0.1843957041628712,-0.04775586684266586,-0.03226306595286055,-0.16652308709940133
2018-10-11,-0.07942344024007486,-0.12091428569447316,-0.18563607765033463,-0.06873049510579088,-0.0432583534558193,-0.17555117048406432
2018-10-12,-0.07637980559372193,-0.11724430058672264,-0.18495197409991626,-0.055796517646284016,-0.035953407682983385,-0.17050171558077276
2018-10-15,-0.07426504128378375,-0.11183718384539931,-0.18256807550405663,-0.06110025993774948,-0.03890626932037211,-0.1631032863272801
2018-10-16,-0.06618841316013957,-0.10343694616316046,-0.17759979762030442,-0.040570533051876856,-0.0265985162294039,-0.15157466776987683
2018-10-17,-0.06968310167415803,-0.10474418380460482,-0.18096887604507084,-0.04039939903004508,-0.02764113759613329,-0.15337920190826537
2018-10-18,-0.07466836012538225,-0.10897151423924689,-0.1841198967843618,-0.05425695879307024,-0.03526440198639813,-0.15920488440515612
2018-10-19,-0.07456199195263191,-0.10941231756324432,-0.1842703072733125,-0.05477030200917754,-0.03604737141302783,-0.15985089963663623
2018-10-22,-0.07489327821454239,-0.10930805760636986,-0.18399727246779984,-0.05901322522308383,-0.03851987273961488,-0.15978946850796827
2018-10-23,-0.07701187275612575,-0.1078002157826603,-0.18612048918527357,-0.06380333005149963,-0.04037374103841629,-0.15771756264458803
2018-10-24,-0.08026045292116057,-0.11242746481255694,-0.1855719744768659,-0.09216891186892184,-0.05530072071568426,-0.16412858453600754
2018-10-25,-0.07528032060998213,-0.10487431637844702,-0.18350060464693252,-0.07588193164878998,-0.04645318776327434,-0.1537665609198101
2018-10-26,-0.07179942301380782,-0.1053089876340415,-0.17775307336061508,-0.09213454382602315,-0.05445053480574569,-0.15440423778914492
2018-10-29,-0.07611644072058499,-0.10907217957610849,-0.18044772505679452,-0.09716445991267997,-0.0575150063832226,-0.15959967319464352
2018-10-30,-0.07673065379320843,-0.10705836222424203,-0.18296824611557194,-0.08378575762408602,-0.05033775649742134,-0.1568310131478028
2018-10-31,-0.08003014320628998,-0.10636417009121835,-0.18676285119673264,-0.07399975165558104,-0.04545553921942613,-0.1559127424106227
2018-11-01,-0.07733100831553108,-0.1006649457658726,-0.1869075918707377,-0.06414548039638668,-0.03903398897450738,-0.14816434458276773
2018-11-02,-0.07869864414800898,-0.0995496590668623,-0.18629825598368888,-0.06968879854853938,-0.04459098171491149,-0.14663815750933273
2018-11-05,-0.07877912183222024,-0.09966673353327116,-0.1872307353391367,-0.06455577833318604,-0.041188269287815604,-0.14684617598631633
2018-11-06,-0.07991393569255323,-0.09891006928008539,-0.18878363055410463,-0.05863670683529831,-0.037945410042061756,-0.1458122398409356
2018-11-07,-0.07793202054656401,-0.09480916619088342,-0.19001954084480654,-0.038483145240879923,-0.025480529636675353,-0.14022301903080292
2018-11-08,-0.08098768558763758,-0.09694298882439145,-0.19246576430287166,-0.040228618104544256,-0.027092400601605116,-0.14319007341332124
2018-11-09,-0.08549446353935197,-0.10212586252766165,-0.19519236012983332,-0.0496037376423647,-0.031408341019585784,-0.15037565206811965
2018-11-12,-0.08850067578428211,-0.10704135923082525,-0.19579833684636205,-0.06736195257563238,-0.04125125518503703,-0.15710063830490795
2018-11-13,-0.09342277255134901,-0.10678280602653578,-0.19943100761275367,-0.06910707234296543,-0.04202640417243819,-0.15678438258912808
2018-11-14,-0.09298911435500234,-0.11619167249197948,-0.1986599102145823,-0.07547139831443639,-0.0451645344481888,-0.1696669794432809
2018-11-15,-0.09137698295369623,-0.11504681576106879,-0.19873099850980225,-0.06582233487303035,-0.03893058892696999,-0.16820294158545446
2018-11-16,-0.0875195803189609,-0.11508943742833289,-0.1960034418841483,-0.06339267901836942,-0.036249461468396804,-0.16830031080727625
2018-11-19,-0.09148002589328608,-0.12870466822413784,-0.1980610279356566,-0.07923499325880312,-0.04547775168871937,-0.1869640459405132
2018-11-20,-0.10111446030398652,-0.1386166119016493,-0.20388370624919006,-0.09627483370634116,-0.05609262239342583,-0.2006394893751674
2018-11-21,-0.09780712220959786,-0.13452066668458174,-0.2020020641138347,-0.09319518635541679,-0.054264321874025634,-0.1950915090623907
2018-11-23,-0.10609438196207499,-0.1408563106232108,-0.2079296897234596,-0.09925178887428832,-0.05778201965555829,-0.20379529416954945
2018-11-26,-0.10594887033967926,-0.1469119961113312,-0.21001892806240496,-0.0847096341745468,-0.049091754867299664,-0.21215377383563794
2018-11-27,-0.10905915966929713,-0.14739449461145615,-0.21390581610416215,-0.08163033991995383,-0.046807074288523154,-0.21282049833992345
2018-11-28,-0.10487262215087179,-0.13603674800502186,-0.21280309102403572,-0.06048445993621965,-0.033766461428034744,-0.19727242665469802
2018-11-29,-0.10171516729492092,-0.1365370395886918,-0.20925726463575323,-0.06253724430676366,-0.03404783045368631,-0.19799774554604688
2018-11-30,-0.10275147753393787,-0.1398726876902402,-0.2111335789710035,-0.056823204078498724,-0.02975462259878281,-0.20261162665275478
2018-12-03,-0.09506594273625668,-0.13897975929265938,-0.2077005869713776,-0.0443341279962437,-0.021197927350756873,-0.201411792382712
2018-12-04,-0.09685575995017737,-0.1436751478469782,-0.2073977611351271,-0.07530014659382755,-0.038514843338477656,-0.20777282981480383
2018-12-06,-0.10084459779886701,-0.15476134408108266,-0.21112578656810854,-0.07670299831749672,-0.038387215179417455,-0.2227782599693824
2018-12-07,-0.09950877786146917,-0.15917190763385802,-0.20738087006182893,-0.09815671945260729,-0.05048246899774911,-0.22875560573629095
2018-12-10,-0.10383208973229152,-0.15772006501487879,-0.21205358453035128,-0.0964461442763388,-0.04919732399407373,-0.2268453223754756
2018-12-11,-0.10475267307609015,-0.1592716926250135,-0.21388348116045386,-0.09624046566344213,-0.050063835518454725,-0.2289071493142043
2018-12-12,-0.10360448454344473,-0.15505768083656224,-0.2134747126659956,-0.0916898189969364,-0.04832512533775146,-0.22330020762954617
2018-12-13,-0.1026888360160958,-0.1592643530876704,-0.21287908475265083,-0.09199771899770137,-0.048285822821964475,-0.22900304390860915
2018-12-14,-0.109805665105707,-0.1667855018484269,-0.216683060752194,-0.10876385093920748,-0.05802289446659359,-0.23917006325604095
2018-12-17,-0.11276307440033884,-0.16404746169663487,-0.21726924099214706,-0.1262484750652203,-0.06766837909597867,-0.23552748295176607
2018-12-18,-0.11447335431208072,-0.16098087867602762,-0.2185039271959356,-0.127206484261026,-0.0672907681238859,-0.23140132140525116
2018-12-19,-0.11424324250300011,-0.16287992384002514,-0.21781260673831904,-0.14027722769946627,-0.07398002784144198,-0.23393101121273396
2018-12-20,-0.11582318225194554,-0.15450980683581683,-0.21685837881001402,-0.1542716122908132,-0.08311555174645324,-0.22272610218708577
2018-12-21,-0.12396954005995142,-0.1664962361737924,-0.22144149545427816,-0.17160040323601078,-0.09346660360008441,-0.23894013564602123
2018-12-24,-0.1252966729042836,-0.16478251320456583,-0.21934781042506146,-0.1934889625029358,-0.10598113999152026,-0.23667701556663334
2018-12-26,-0.11734273641160708,-0.1602336860986675,-0.2195240400467987,-0.15274029235199316,-0.08270629442141475,-0.23052651269496494
2018-12-27,-0.11894373381188872,-0.1638189320892619,-0.22245832489572925,-0.14623555173950065,-0.07769610581848707,-0.23545689099046552
2018-12-28,-0.11584041307994952,-0.15585620950856316,-0.22002584957698645,-0.14733674149758813,-0.07625937069725297,-0.22476528076884605
2019-01-02,-0.1128499458652299,-0.15498246092877754,-0.22088696614544834,-0.13897365489423952,-0.06865200711727404,-0.22362021474517946
2019-01-03,-0.10911945691797298,-0.1596973442272599,-0.2157635983704248,-0.1595200950064536,-0.07905331531269388,-0.23000978624616264
2019-01-04,-0.10523173036612121,-0.15395123482814177,-0.21613521583451267,-0.1313676068248819,-0.06377907691566653,-0.22237844981699906
2019-01-07,-0.10215449712589009,-0.14752783416999238,-0.21413841724953253,-0.12451877383768117,-0.060359429114926866,-0.2138202902501356
2019-01-08,-0.09831953335056975,-0.14471670737531828,-0.21179028780627385,-0.11629339480348178,-0.05593844107225676,-0.21007367070085559
2019-01-09,-0.09204538130741191,-0.14184596573108954,-0.2070455443372946,-0.11216340356615584,-0.05304029441417024,-0.20624750740453635
2019-01-10,-0.09565181823314217,-0.1498207723458781,-0.2097345082463159,-0.10903167450638662,-0.051182502332552726,-0.21692384174966683
2019-01-11,-0.09472519673694202,-0.14948388402611767,-0.20923111425496665,-0.10868722903534733,-0.04985515643151728,-0.21654137193220613
2019-01-14,-0.09924824112609187,-0.15136457617004317,-0.2123073453327884,-0.11412503023387388,-0.05360333414192098,-0.219032073233553
2019-01-15,-0.09737871714026547,-0.1505080097798286,-0.21189802683837933,-0.10397239257485547,-0.04735998583792467,-0.21795626341747343
2019-01-16,-0.09507337838387075,-0.14834464058090668,-0.21039703850405966,-0.10180396915585921,-0.04616390062458564,-0.21510533008358534
2019-01-17,-0.09412538118834302,-0.14600250922952018,-0.21063000464942394,-0.09498985730788823,-0.04241109396828091,-0.21204729762559027
2019-01-18,-0.09397017157270038,-0.14666746216218207,-0.21211279513824954,-0.08294409366939548,-0.035755631954454414,-0.21293873969851518
2019-01-22,-0.09818711803934743,-0.15233576888159128,-0.21511533339870492,-0.09533365543565397,-0.04252764251318697,-0.22055015759912366
2019-01-23,-0.09942598171376271,-0.1530695812962276,-0.21694394721405796,-0.09344088255251048,-0.04147542137269877,-0.22153349789538712
2019-01-24,-0.09745562819944209,-0.1524069937679393,-0.21588321953255207,-0.09295908260865282,-0.039987574965283934,-0.22074784490647203
2019-01-25,-0.09356673347797417,-0.1477018589434157,-0.21377474457046386,-0.08528423960410902,-0.03585299578043488,-0.214442351411254
2019-01-28,-0.09832141203873745,-0.15209573393056952,-0.2168643399423471,-0.09223641211756062,-0.04026532060085175,-0.22034907599452347
2019-01-29,-0.0947406380054776,-0.152622722498871,-0.2143323448317438,-0.09344088255251048,-0.03998037022711176,-0.22105643537636177
2019-01-30,-0.08763604631607047,-0.14731244306286528,-0.20975580161699459,-0.07908939987159136,-0.029797429430584166,-0.2140379330477976
2019-01-31,-0.08484916744508786,-0.14716225589862142,-0.20879385747640966,-0.07100166955715326,-0.022849300725209076,-0.21384035183912675
2019-02-01,-0.08549218505509693,-0.146126794691261,-0.209018883852783,-0.07055400225864039,-0.02465841003901892,-0.21248658810118037
2019-02-11,-0.08878604461333484,-0.14218944999090366,-0.2130467723451741,-0.06862668478443257,-0.022134815207067726,-0.2073829258364176
2019-02-12,-0.08572956251555253,-0.13887263098134794,-0.21188647209124134,-0.05665001032806838,-0.015099378542954511,-0.20300873171225498
2019-02-13,-0.08557212841626494,-0.1393630718951312,-0.2118750094794951,-0.05358672310715429,-0.014136992329560782,-0.20366985437522167
2019-02-14,-0.08295504828815103,-0.1394556863321894,-0.2097749885857555,-0.055686469289741525,-0.01363207942144995,-0.20386195665109852
2019-02-15,-0.0761420373166587,-0.1351308555317885,-0.20639477504827963,-0.0453960652121852,-0.007511368707873833,-0.19807394438550774
2019-02-19,-0.07057753183847415,-0.12398649780513027,-0.2021897065050685,-0.04374375093055671,-0.005796284886803171,-0.18322903961337356
2019-02-20,-0.06900088529404369,-0.12150236165783324,-0.20094358853691563,-0.04181643345634889,-0.004654694969663309,-0.1799063410565166
2019-02-21,-0.07274490144228674,-0.12520539850701196,-0.20268930287771825,-0.04522369535319426,-0.007962906814563575,-0.18490197224102323
2019-02-22,-0.06817770724563077,-0.12121540263308639,-0.20026336791410715,-0.039304094210809826,-0.003069158825960816,-0.1796260107609895
2019-02-25,-0.07216051401800927,-0.12404218213861651,-0.20285955379726206,-0.03799622540022074,-0.002841333201995977,-0.18339326021557756
2019-02-26,-0.07112687565251619,-0.12574859388374138,-0.20299469779782353,-0.038684586697802836,-0.002118039404531258,-0.18571468251173673
2019-02-27,-0.07319455303399292,-0.12610404998075408,-0.20315935532505647,-0.03909753285708584,-0.003760585598383437,-0.18622716885683965
2019-02-28,-0.07574550358075138,-0.1267705960761919,-0.20468405438548254,-0.04088737815969834,-0.005907127163947923,-0.18718484792421453
2019-03-01,-0.08141512371607229,-0.1281133662094036,-0.20836341088643617,-0.03489892323273924,-0.0034879982338881232,-0.18903831331636678
2019-03-04,-0.08181607825436177,-0.1326005755942118,-0.20961713142820604,-0.038409524655835026,-0.004446713433402194,-0.19508692668817784
2019-03-05,-0.08021669557859201,-0.12933942247930585,-0.2088819785275321,-0.039717158068869995,-0.0050301401292903725,-0.1907141734925344
2019-03-06,-0.08212807044916437,-0.13125381032021244,-0.21010632677045415,-0.045533596233169216,-0.007537699803651932,-0.1933403980518955
2019-03-07,-0.0829629920606142,-0.134051229546581,-0.21042186682813868,-0.053518163569522326,-0.011163848966617596,-0.19719408027365914
2019-03-08,-0.08077130989686343,-0.13282633562495572,-0.20929856766697374,-0.05541087760327701,-0.01176679194546415,-0.19557492813617983
2019-03-11,-0.07831076219633004,-0.12862226361095308,-0.20866237612037242,-0.0417132704782639,-0.0035546542646559542,-0.18990282186212282
2019-03-12,-0.07478036158446932,-0.12750793552322892,-0.20758287257503505,-0.03809962377586007,-0.00019748868928526342,-0.18843324756909474
2019-03-13,-0.07161312904935302,-0.1251567633019144,-0.2054724005773706,-0.031732531883128634,0.0,-0.18529098619475703
2019-03-14,-0.074974631604663,-0.12621526133471728,-0.2067731190642239,-0.032351627450415754,-0.0009555893050647857,-0.1867269344279182
2019-03-15,-0.07129833164161703,-0.12397012888408199,-0.20505382265322147,-0.027571409319272377,0.0,-0.1837280615125656
2019-03-18,-0.06941023677509661,-0.12099905349783946,-0.20427780461342193,-0.02404544820577137,0.0,-0.17975634325165435
2019-03-19,-0.06934379330114271,-0.11972506571667874,-0.20416009723616924,-0.02380328297198908,-0.00011644619806994161,-0.17803785949016337
2019-03-20,-0.06293825375199791,-0.11861443366711377,-0.1995225248998238,-0.026741632941063687,0.0,-0.17654033271484249
2019-03-21,-0.06260780581843273,-0.11760504213859346,-0.20095344431218087,-0.01574897911023332,0.0,-0.17527853935897908
2019-03-22,-0.06031552248950445,-0.11600531028470684,-0.1969724639275261,-0.03469224418023764,-0.008656970200892067,-0.17311959989410597
2019-03-25,-0.059587768279754094,-0.11727437302264754,-0.196971586162481,-0.03541809253831041,-0.008084328587573686,-0.17484928234737096
2019-03-26,-0.05928954440853196,-0.11529533972946726,-0.1978232933791505,-0.028228345043381675,-0.004022548073937426,-0.17221048360985836
2019-03-27,-0.06000190439296493,-0.11469203122634086,-0.19863859524229766,-0.033309695495609803,-0.005965168988460889,-0.1714319160338177
2019-03-28,-0.06071777977486048,-0.11559310101683695,-0.19990634775569704,-0.029645085222742562,-0.003684477746475179,-0.17272097603911418
2019-03-29,-0.05820022168901262,-0.11255284620505168,-0.19850524169786454,-0.023526808544696465,-0.000581901004789942,-0.16861231606560123
2019-04-01,-0.05694551867686881,-0.10757432062699768,-0.19772943291751965,-0.01194666126821653,0.0,-0.16190310832719834
2019-04-02,-0.050900400847914695,-0.08960924886709642,-0.1933484336642275,-0.011462566198206403,0.0,-0.13742123521472982
2019-04-03,-0.05078558237200681,-0.08537583267748305,-0.19232213867752657,-0.009907294558256341,-0.0002829565941800949,-0.13169723937567557
2019-04-04,-0.051227416353265665,-0.08761860174228131,-0.19371055261716208,-0.007279904758150102,0.0,-0.13485577651486647
2019-04-08,-0.04577425321395512,-0.0759562788434669,-0.19031402194228564,-0.0017144003865233737,0.0,-0.11900005273351655
2019-04-09,-0.047124260863695255,-0.0793003518378741,-0.190963433750313,-0.00683064852614701,-0.002405665359319853,-0.12358984893977609
2019-04-10,-0.04127006307294434,-0.07448396593599649,-0.18661481365302213,-0.003443042325069312,0.0,-0.11703865142317815
2019-04-11,-0.04800158752641148,-0.0832333704460042,-0.19131990012598743,-0.0037197521499160446,-0.001060704396015466,-0.12905334768968135
2019-04-12,-0.04791978406525299,-0.0811897084988854,-0.1915332244161867,0.0,0.0,-0.12627618878946956
2019-04-15,-0.04852752296361973,-0.08207418570398861,-0.19257944263520832,-0.0006548981358226458,0.0,-0.12752735857034225
2019-04-16,-0.049235551516533804,-0.07710682387351497,-0.19255689477843196,0.0,-0.0009380939130132493,-0.12077068497719001
2019-04-17,-0.05036570729568446,-0.07707981930619678,-0.19312485741562468,-0.0024468618398449937,-0.00235382984809851,-0.12080589844775758
2019-04-18,-0.04787835929956086,-0.07575960825631123,-0.19226005201831953,-0.0004826368092883948,-0.00022926483760932204,-0.11904730173276168
2019-04-22,-0.04787158364549238,-0.07359156726932081,-0.1924682822579432,0.0,-0.00026144370343972323,-0.11611433074456068
2019-04-23,-0.04405597368564029,-0.06739669338159127,-0.19021976924931772,0.0,0.0,-0.10768688302870788
2019-04-24,-0.042826455653869666,-0.06969888426838344,-0.1896861900604666,-0.002219530285451188,0.0,-0.11089242730658433
2019-04-25,-0.04591050255616569,-0.07665806987184609,-0.1920319380829003,-0.0028340513984248528,-0.0008552005838143861,-0.12043666532553565
2019-04-26,-0.04715319144154195,-0.07642330904207095,-0.19371818131703733,0.0,0.0,-0.12008437500296232
2019-05-06,-0.04748234975595533,-0.06657749455105855,-0.19447788485567463,-0.0020109344050581734,-0.001009867972038836,-0.10669588339332103
2019-05-07,-0.0523599658228161,-0.07007080378485198,-0.19703482746940704,-0.01867689126645944,-0.009646811303598346,-0.11157193348323913
2019-05-08,-0.05411917213862982,-0.06827872425880177,-0.19803153025010067,-0.020040413642789967,-0.011221976510164211,-0.10909608499205825
2019-05-09,-0.05416254596666015,-0.06586063743265125,-0.197881242968029,-0.023005001400076552,-0.011941009253928492,-0.10578922399440671
2019-05-10,-0.05119042108732408,-0.06071352605657365,-0.1958617326768075,-0.018097481289862327,-0.009261158412242843,-0.09874078040603862
2019-05-13,-0.046302928213908356,-0.03692372022689461,-0.18941190984304124,-0.042772884634286745,-0.022060981313873573,-0.06578916673138258
2019-05-14,-0.04029534516932787,-0.029859988739451726,-0.18597770884416653,-0.03411631623367983,-0.017245618180643074,-0.0560518487078866
2019-05-15,-0.03601207413906715,-0.025193578441419673,-0.18481315410520582,-0.028458568705339693,-0.012564040588651015,-0.04963291255205449
2019-05-16,-0.03847798631221855,-0.031726869429575255,-0.18812691405594784,-0.019461003666192744,-0.007960352184327002,-0.05871682279896007
2019-05-17,-0.04644773923034795,-0.046111874559911836,-0.19394008229739046,-0.025800164249325408,-0.011574472886056286,-0.07866930825879925
2019-05-20,-0.04413397771145833,-0.03473367753291412,-0.1916672050229664,-0.03224161802179726,-0.016120799253513618,-0.06296913031658502
2019-05-21,-0.043234108372600666,-0.033766324572220174,-0.1920359277955076,-0.023516409324543464,-0.01133953751858785,-0.0616348067061272
2019-05-22,-0.048134114576195985,-0.04109829738051329,-0.19606945904041884,-0.026515926463555606,-0.011928436571301382,-0.07185999079933525
2019-05-23,-0.04976896245061535,-0.03851038025074194,-0.19637726307649073,-0.03841059940791802,-0.01660529887063389,-0.06835373423149893
2019-05-24,-0.0455243537694745,-0.03599358749283299,-0.19371046908938538,-0.036229253716933196,-0.015410096038233068,-0.06487460916326893
2019-05-28,-0.041252438391985224,-0.023617301987891248,-0.19050223302626845,-0.04519310784115882,-0.01900974776029074,-0.04779741455221653
2019-05-29,-0.04152704683057773,-0.025397360065381402,-0.19000539688141482,-0.05160061860979437,-0.02300548425289195,-0.05026606843398074
2019-05-30,-0.04205675780940388,-0.031114750525415014,-0.19116250837406212,-0.04900986807253771,-0.019975318730567126,-0.05829196437031625
2019-05-31,-0.04190563756145549,-0.027518317068695675,-0.1884133991901722,-0.06182483158758001,-0.02496151331708807,-0.0533150685306899
2019-06-03,-0.040511959883187676,-0.031334055488287826,-0.18758662844489238,-0.06421076365724343,-0.024572697212381756,-0.05871136586935499
2019-06-04,-0.038428146825322584,-0.0308182570671377,-0.18729475053163203,-0.043897471472501004,-0.013341153659370497,-0.05806358806242573
2019-06-05,-0.041750154858976374,-0.028165126769942428,-0.18953704257781323,-0.03561584271427065,-0.008176932492426348,-0.05431607034932828
2019-06-06,-0.03782582858375971,-0.02651563902221432,-0.1890846231156732,-0.029345090338869673,-0.004338378281609212,-0.05210332587582611
2019-06-10,-0.036464878554024804,-0.021209471959145243,-0.19021236713108614,-0.01513277748811781,0.0,-0.044656488649500226
2019-06-11,-0.03570260362496336,-0.021623653958925293,-0.19020146506506852,-0.015371132803946308,-0.00014802130103908073,-0.0452088300426946
2019-06-12,-0.038018346238223644,-0.019948666041156304,-0.19135509581073906,-0.017109014600365624,-0.0002268631218687034,-0.04288288985096533
2019-06-13,-0.03301966724273808,-0.016295655249070395,-0.18914546761377637,-0.013053492897556973,0.0,-0.03783620417767064
2019-06-14,-0.03281183483418881,-0.011701935377738115,-0.1900767111767594,-0.014143846620791267,-0.0003898689524994836,-0.031382056512896495
2019-06-17,-0.03145167452945219,-0.0020704285619285168,-0.18943205267213614,-0.013769139067329794,-0.0002291985932648677,-0.017773563945179816
2019-06-18,-0.024414752482325386,-0.0010696478851605074,-0.1860527485090826,-0.0034422267446035937,0.0,-0.01636281040727694
2019-06-19,-0.01978693085806038,0.0,-0.18199589380058212,-0.0011928209792597677,0.0,-0.010175243930673261
2019-06-20,-0.00872705127663631,0.0,-0.1748474019351759,0.0,0.0,0.0
2019-06-21,-0.00997194533524004,0.0,-0.17441361987006476,-0.0014536198483152685,-0.0024704131694602838,0.0
2019-06-24,-0.004395260940768142,0.0,-0.17122559851492125,-0.0026763821702494583,-0.0018895458380521202,0.0
2019-06-25,-0.0036008136531885393,0.0,-0.17027924006251427,-0.0124580204116721,-0.007303189626455486,0.0
2019-06-26,-0.0006723170798570433,0.0,-0.1676196003832029,-0.013443020196465927,-0.009486203579929686,0.0
2019-06-27,-0.0036091018188556534,-0.021027423874549034,-0.17060565179839626,-0.009944481411826245,-0.006179811901643517,-0.02954971387890626
2019-06-28,-0.00010333007340146416,-0.004125506747143071,-0.16799110469972567,-0.0048503097242579285,-0.0028877473376707208,-0.005832659389916506
2019-07-01,-0.006025488477207852,-0.020394093009377556,-0.17438870484177582,0.0,0.0,-0.029422674214863442
2019-07-02,-0.006420601591620612,-0.017089274588845238,-0.17521305695322564,0.0,0.0,-0.024674711054600507
2019-07-03,0.0,-0.003829475993254561,-0.17140748362323222,0.0,0.0,-0.005568355389283797
2019-07-05,-0.006643189270346461,-0.014605718778088694,-0.17464715452664192,-0.0011377389940794291,-0.00320194721285727,-0.021167804957772596
2019-07-08,-0.006095971785982979,-0.005123086684475253,-0.1743611607567097,-0.006625943329417017,-0.006910402330380427,-0.007428921373683117
2019-07-09,-0.004155774710292048,-0.0020142452913542996,-0.17325835050387206,-0.005387845618128884,-0.006414559455360291,-0.002965171948468237
2019-07-10,0.0,-0.00260666371647178,-0.16879279372136302,-0.0006352650099504809,-0.003329935621182556,-0.0038697355477449458
2019-07-11,-0.005520736246505842,-0.010354438778634956,-0.1719862466165405,0.0,-0.003856343783354421,-0.015192524732734136
2019-07-12,-0.0011993458084809117,-0.0035690206793957957,-0.16912968187988353,0.0,-0.0007175495245135277,-0.005395985385672986
2019-07-15,-0.0028660513574245705,-0.0109520537269443,-0.17120312352144385,0.0,0.0,-0.016118718970321466
2019-07-16,-0.009381870500513534,-0.024324029115659673,-0.17573727771948688,-0.003225468095085615,-0.002821476500659559,-0.03555893536802168
2019-07-17,-0.007095053312458965,-0.021421511958386485,-0.17458521911064306,-0.010008313503466204,-0.005109715498322509,-0.03135385779019806
2019-07-18,-0.003181171105289482,-0.010055740491769827,-0.17175160308168558,-0.006383788228849663,-0.001937970757280305,-0.01499426543894189
2019-07-19,-0.005133325040287295,-0.013036007988950216,-0.17289258356841064,-0.011903778774056128,-0.006009528307769907,-0.01932144291736393
2019-07-22,-0.005288841370411745,-0.013886953675495195,-0.17441363681825361,-0.009475974380574237,-0.004355222200010167,-0.02056942246589477
2019-07-23,-0.004760781237576617,-0.016080654052209487,-0.1744731492728221,-0.002394117748456881,-0.0007000608834932809,-0.02371556171011313
2019-07-24,-0.0034684630742025657,-0.014870828035007944,-0.1748462547608013,0.0,0.0,-0.022046074939796267
2019-07-25,-0.010092273668925178,-0.020149984475993032,-0.17951158581660498,-0.004777163139126239,-0.0035816220503385177,-0.02978831439159846
2019-07-26,-0.009231945186540802,-0.019367409259993695,-0.1802427853248837,0.0,0.0,-0.028617563506302846
2019-07-29,-0.008794404137044132,-0.021188608890990057,-0.18009522598952665,-0.0018211384448924006,-0.0007491624938069652,-0.03135408303264842
2019-07-30,-0.005790394877784211,-0.019492393793702267,-0.17788311323727157,-0.004271462720178754,-0.0020602499042722267,-0.028898575281726457
2019-07-31,-0.00797466507424538,-0.019533725827947768,-0.17898161747761898,-0.015165083866387374,-0.007685391706661826,-0.02900185959432866
2019-08-01,-0.010192051422819315,-0.018682499518763773,-0.18110508675727377,-0.0237411066355544,-0.008368044114667073,-0.027879811492353523
2019-08-02,-0.011302474955481978,-0.020917038900127194,-0.18290988895568772,-0.031091630684073612,-0.011979415782158553,-0.031099523224876302
2019-08-05,-0.011423753311280316,-0.014161624357391878,-0.18142173027906483,-0.06022973360801498,-0.026120874305009978,-0.021353481384107198
2019-08-06,-0.008234262102853829,-0.014529844054535945,-0.18172747694883873,-0.047051387024904745,-0.017502183732781007,-0.02192702142951053
2019-08-07,-0.006213673421817223,-0.006162206220202582,-0.18024483922120715,-0.04648850804646543,-0.01716189135046009,-0.009970347653429745
2019-08-08,-0.0015118454762866884,-0.0024486129543231927,-0.1796670406637313,-0.027780327082388312,-0.005815714466015254,-0.004670601908174032
2019-08-09,-0.002586191542249372,-0.005603255053364897,-0.18016569555462303,-0.03440259770275356,-0.010434372608362219,-0.009174862276564388
2019-08-12,-0.0017940183669312715,-0.012902193045342236,-0.1807307981825088,-0.046157310369695836,-0.014971284823569464,-0.01976884961728065
2019-08-13,0.0,-0.016155141019120856,-0.18185900414372835,-0.03132331198574312,-0.0074509115184839825,-0.024493129624652443
2019-08-14,-0.0040519354139527675,-0.03050050157860762,-0.18410484489838952,-0.05996501107470231,-0.022052308192487824,-0.04509924722024172
2019-08-15,-0.0012618964112515174,-0.027432612198275752,-0.18341065067692375,-0.05748142117910371,-0.017945009626367026,-0.04084650267501766
2019-08-16,-0.002364543004641506,-0.024461796329266927,-0.185349805878936,-0.04357459677916942,-0.010623218770406062,-0.036536735727039193
2019-08-19,-0.004367190918822317,-0.017769541292121493,-0.18708731295330416,-0.0320520141912366,-0.005611391868722393,-0.02691960771074975
2019-08-20,-0.0017636861694505512,-0.019338326386825533,-0.18592214376627236,-0.03946895728604549,-0.008286148866708642,-0.029220389105759415
2019-08-21,-0.003682801600658814,-0.025491976343560485,-0.18806982436064523,-0.031654285273842286,-0.004647443885149372,-0.03803962644494896
2019-08-22,-0.0069780956630906,-0.026434029438993756,-0.18944157394970118,-0.031952722204806605,-0.005732370693441791,-0.039517482964449235
2019-08-23,-0.003719629011458503,-0.02601430198337873,-0.18510478379954498,-0.05681925021423473,-0.01801491725020976,-0.03887864264188268
2019-08-26,-0.0034882698850846605,-0.023987343987267873,-0.18663969261154245,-0.046389328254370144,-0.012107663193878238,-0.03601420093773233
2019-08-27,0.0,-0.025358140188203482,-0.18497726474124676,-0.05013067274191474,-0.012596295227336074,-0.038030418060483684
2019-08-28,0.0,-0.029108701473772758,-0.18528571163701923,-0.04344220746392968,-0.008407912274825513,-0.043391827417258
2019-08-29,0.0,-0.029907473911695126,-0.18621686986194863,-0.031224132193647947,-0.001817713283322031,-0.044624387892188255
2019-08-30,-0.003887883774611356,-0.028126157938034857,-0.18935760012378844,-0.03165428527384251,-0.0019824872974412155,-0.04210222685159681
2019-09-03,-0.0021679977712252274,-0.01578228871102927,-0.18871840865949907,-0.03731684555305381,-0.004607348970498193,-0.024512574116476005
2019-09-04,0.0,-0.012400325990001959,-0.18528228666049273,-0.02638979049503032,0.0,-0.01963501335348372
2019-09-05,-0.0053718436363053845,-0.011973640206486169,-0.18688512313319927,-0.013873614876789175,0.0,-0.019067013685920786
2019-09-06,-0.0065208629831476905,-0.016619838919307073,-0.18861306181426285,-0.013111927536820556,0.0,-0.025763500247019233
2019-09-09,-0.008217289839440145,-0.015456773668988677,-0.18738731756361127,-0.012614906632996248,-0.002130480214852404,-0.024110569800914528
2019-09-10,-0.011825438652388498,-0.01624964866403944,-0.187518850214904,-0.012847148906340644,-0.005126343614382467,-0.025328021835385073
2019-09-11,-0.010505009206210891,-0.011633502046637045,-0.18646878784951082,-0.005827598145921042,-0.0012028853828385255,-0.018682963491096882
2019-09-12,-0.011425700374586012,-0.00835143557484963,-0.18625053009641113,-0.0023837930346611858,0.0,-0.014064957213776763
2019-09-16,-0.004964968857907537,-0.011125875044669442,-0.18066053659984926,-0.006125474105210582,-0.004174352041117602,-0.01805468179815828
2019-09-17,-0.007737213342459581,-0.011294831407449024,-0.18377562959549087,-0.0036089551723045288,-0.0016214440937973862,-0.01833972905425274
2019-09-18,-0.012592547974634716,-0.014082360572354014,-0.18851611360970544,-0.0030130910593902938,-0.0011166908221831306,-0.022413395721707974
2019-09-19,-0.010008348976504156,-0.012931329831660565,-0.18716422134666832,-0.0030793979113453718,-0.0009834805052199025,-0.020769286922739605
2019-09-20,-0.006142203621250175,-0.014622203039123094,-0.18558588828023548,-0.007789652675509462,-0.0016462268158641269,-0.023233673294570267
2019-09-23,-0.004081917052252471,-0.017461833246318115,-0.18528998300459298,-0.008022455920528748,-0.0012322113355797137,-0.02738991924480383
2019-09-24,-0.009503869366180084,-0.0336333551894199,-0.19007097487932412,-0.015806162296286064,-0.004058768396314916,-0.05055183472699987
2019-09-25,-0.016697508667634975,-0.03600088931246759,-0.19311636273999522,-0.009985071421791725,-0.003062482628078622,-0.05394627688608833
2019-09-26,-0.017050543125311846,-0.04022016060247291,-0.1942316613801186,-0.012047315492489385,-0.0034926648325213083,-0.060069922069832526
2019-09-27,-0.020058423763452127,-0.040897769960461905,-0.19586850731024252,-0.017369814742470235,-0.00620103011470341,-0.06104418088301544
2019-09-30,-0.02332800137947688,-0.04188111837715924,-0.1988799268130883,-0.012812593051176657,-0.0030995947816339076,-0.06250071446826644
2019-10-08,-0.02172311508022362,-0.04434620215037555,-0.1970703585857665,-0.04022234224522869,-0.014839090077532924,-0.06617720100590152
2019-10-09,-0.0207154332392826,-0.03781973899893143,-0.19707169917753453,-0.031108011056976137,-0.01034654378834643,-0.056902550418411746
2019-10-10,-0.022847526952436636,-0.037444636159699396,-0.19745722730632298,-0.024554627758269776,-0.008896956616801788,-0.056448842686925516
2019-10-11,-0.02164388784002369,-0.037953135162763774,-0.1964357386520036,-0.014442440154980751,-0.005503978292795364,-0.057213534657996834
2019-10-14,-0.020494966906692058,-0.03669880911998713,-0.19667605010675648,-0.015540149528121883,-0.005068323514539785,-0.055402669328858845
2019-10-15,-0.022958004026055412,-0.036521096065955216,-0.19738279853965301,-0.005793378873761856,-0.001080278742845442,-0.055191819303720746
2019-10-16,-0.022036919802154387,-0.038456448958211986,-0.1962862770130861,-0.007390577426095946,-0.0012667461183818451,-0.05798460546311168
2019-10-17,-0.019158382452108325,-0.035982520216997216,-0.1942781928336228,-0.004462978449936483,0.0,-0.0545090540292521
2019-10-18,-0.020342756994986777,-0.03958893566574839,-0.19473032702138937,-0.008820606419355892,-0.0022843108440774307,-0.059639546379272934
2019-10-21,-0.021066635331245198,-0.034446936762188574,-0.1952207654056629,-0.0021015120879297466,0.0,-0.05237795175420079
2019-10-22,-0.019101034631899938,-0.03681870317779934,-0.19383642218817254,-0.005361206295538268,-0.0010510181060817692,-0.05575324664329273
2019-10-23,-0.01697195083619718,-0.04328186249950461,-0.19339680718266195,-0.0024670412311936785,0.0,-0.06494496364646551
2019-10-24,-0.01257403615078001,-0.03872789305149649,-0.1897647389250744,-0.0008370819330546508,0.0,-0.05855031719631054
2019-10-25,-0.005034313446576455,-0.018830331674866696,-0.18362646973970997,0.0,0.0,-0.030266770843184743
2019-10-28,-0.0071135276408768044,-0.01018651458565134,-0.18431974775929583,0.0,0.0,-0.017950979130818112
2019-10-29,-0.008355297571469245,-0.008378905014795657,-0.18567035355357797,-0.00029702483643612165,0.0,-0.01546072300072221
2019-10-30,-0.00784971106093657,-0.012095799445380417,-0.18850859677918164,0.0,0.0,-0.02078619636518908
2019-10-31,-0.006184023918136883,-0.012384815037055463,-0.18914431149589195,-0.0026631786031925397,0.0,-0.021232749226211323
2019-11-01,0.0,-0.008232757255285272,-0.1847691876640838,0.0,0.0,-0.01525383981251982
2019-11-04,0.0,-0.003908752155714956,-0.1814794617809664,0.0,0.0,-0.009077372976684872
2019-11-05,-0.00375931406220964,-0.006703084016756122,-0.1821816350208756,-0.001106309033964692,-0.0027943482650166773,-0.013064613319440643
2019-11-06,-0.004519971213695073,-0.007167009264911206,-0.18327004074702868,-0.0008783975220081341,-0.0015229838369775761,-0.013775656352679522
2019-11-07,-0.01055396554307575,-0.00850901518131919,-0.18501580581606336,0.0,-0.002550542797911781,-0.01579080864439686
2019-11-08,-0.013415951767579926,-0.015221082811733178,-0.1868690014354103,0.0,-0.0015861006380515352,-0.02545883580018593
2019-11-11,-0.015057452497665436,-0.016008012761944523,-0.18791461289625433,-0.0019100989275344649,-0.0023223905227676145,-0.026602108055877705
2019-11-12,-0.014314128044410679,-0.015009376958523668,-0.18848117565982392,0.0,-0.000866115733126116,-0.025207208786155233
2019-11-13,-0.012702607773399044,-0.014794947705093375,-0.18919405441826398,0.0,0.0,-0.02490193941087626
2019-11-14,-0.011502394434971808,-0.015992543231098333,-0.1899495094448025,0.0,0.0,-0.026669443785182656
2019-11-15,-0.010384828052069084,-0.016717646977062017,-0.19013797318410697,0.0,0.0,-0.027677286334932605
2019-11-18,-0.011944109880084763,-0.018653470339848988,-0.19147822368062595,0.0,0.0,-0.03055437161505814
2019-11-19,-0.012338560873986548,-0.01988768615941705,-0.19302495931467478,-0.00028861576205241324,0.0,-0.03229520506898309
2019-11-20,-0.008914413434963908,-0.02404604286231382,-0.19240689819648715,-0.004006246207188702,-0.0008229420318290881,-0.038325941107338335
2019-11-21,-0.010749276200074709,-0.02939574843681969,-0.1933382597974962,-0.005608658213431372,-0.002780827785914486,-0.04603234676965062
2019-11-22,-0.0122246237766086,-0.03475929673962863,-0.195149591659859,-0.0033971264247292243,-0.0015053784105402146,-0.053798297850559895
2019-11-25,-0.010233607076425066,-0.034771556600281195,-0.19492692395765132,0.0,0.0,-0.05382634085918159
2019-11-26,-0.006828328561175212,-0.03348469399792631,-0.19427653995990757,0.0,0.0,-0.05201670986990348
2019-11-27,-0.008195247602465816,-0.029084691709192367,-0.1953242093362344,0.0,0.0,-0.04576411860727514
2019-11-29,-0.013857569924828561,-0.027086533289088166,-0.19825847947794428,-0.0037088239133453715,-0.002589152017275831,-0.042891832815200814
2019-12-02,-0.01930482607545525,-0.03505228518276293,-0.19922677323762217,-0.01217205410642841,-0.00910522762802557,-0.05431448530383254
2019-12-03,-0.014520096533080618,-0.03569079211630011,-0.19749730246632902,-0.018796855427069548,-0.009539389836561663,-0.05519189313061157
2019-12-04,-0.011971987360970049,-0.035018243871743904,-0.194616293133554,-0.012742741087185316,-0.0074426670574267995,-0.0542726201500896
2019-12-05,-0.011213868387484283,-0.031058243704013222,-0.19394882652076217,-0.010967389269566752,-0.007307350150930203,-0.048693651300733554
2019-12-06,-0.009578273168038165,-0.028105906159907046,-0.19262313638345163,-0.0019335790059887836,-0.0030984136766366577,-0.04447717451685529
2019-12-09,-0.010209149128444839,-0.030405413027267847,-0.19300749571278275,-0.005071502118052518,-0.0046610587207700505,-0.04781253538851038
2019-12-10,-0.008891320242038203,-0.030945363762892697,-0.1919809134390713,-0.006181123731629823,-0.0057931742215195925,-0.04858758427388343
2019-12-11,-0.005921128919019636,-0.030259689100484488,-0.19089097274311484,-0.0033598688168313684,-0.002451358190288966,-0.04761089148018982
2019-12-12,-0.004936602190251271,-0.026096677604495744,-0.1896486229609956,0.0,-0.00044289150616372286,-0.041741803342045136
2019-12-13,-0.0015203962911847224,-0.026413162919863287,-0.18864645965318516,0.0,0.0,-0.042119759666272016
2019-12-16,-0.0004052820980687821,-0.02750493260955167,-0.18783239974117372,0.0,0.0,-0.043768054325353134
2019-12-17,0.0,-0.031636057702565834,-0.18716562471573017,0.0,0.0,-0.04963696794065808
2019-12-18,0.0,-0.021242444619000267,-0.18479754004188031,0.0,-0.0010315887615266472,-0.034862428853805305
2019-12-19,0.0,-0.02034075175253014,-0.1833511852047931,0.0,0.0,-0.03361590480367416
2019-12-20,0.0,-0.01927799567571098,-0.1843456508097141,0.0,0.0,-0.03211964505438003
2019-12-23,0.0,-0.015399922366828411,-0.18423361896178692,0.0,0.0,-0.026586877564894196
2019-12-24,0.0,-0.01449139150311951,-0.1830218258619829,0.0,0.0,-0.025330753074733203
2019-12-26,0.0,-0.014073719853471722,-0.18239619326082668,0.0,0.0,-0.024779293931174062
2019-12-27,0.0,-0.013053016560809927,-0.18140910400268362,-0.0002481839596045754,0.0,-0.023285046744846105
2019-12-30,0.0,-0.01156937664591795,-0.17920159982753114,-0.005759780168043682,-0.003603756190589169,-0.021213322889165998
2019-12-31,-0.002097231865884175,-0.011841475868050289,-0.17920192985077732,-0.0033444555360456762,-0.0035555217832965447,-0.02160289113290137
2020-01-02,0.0,-0.011229735212457181,-0.1771611333328753,0.0,0.0,-0.020848595656714708
2020-01-03,0.0,-0.003301127494406586,-0.17001260103549076,-0.007571958504030918,-0.001886143003186791,-0.009446268354329268
2020-01-06,0.0,0.0,-0.16860463433573902,-0.0037860825642255236,-4.2722753385904255e-05,0.0
2020-01-07,0.0,0.0,-0.1677074181212619,-0.006587289829388165,-0.002302915184219545,0.0
2020-01-08,-0.004175068251089931,-0.00017299682655513848,-0.17006810896542224,-0.0012927456852174224,-5.661091261810469e-05,-0.0003300848494151021
2020-01-09,-0.005679759960494191,-0.0030152610584964767,-0.17246475885961643,0.0,0.0,-0.004456226285058262
2020-01-10,-0.0028343169010101033,0.0,-0.17107986168087286,-0.002877800443116363,-0.0008712747595337467,0.0
2020-01-13,-0.002301513805819999,0.0,-0.17056206504478366,0.0,0.0,0.0
2020-01-14,0.0,0.0,-0.16793404717026716,-0.0015243833795032247,-0.00013163241393554515,0.0
2020-01-15,-0.0003201709318606527,-0.0006764155475084133,-0.16970206668051213,0.0,0.0,-0.0010075075076674267
2020-01-16,0.0,0.0,-0.17012271858678474,0.0,0.0,0.0
2020-01-17,0.0,0.0,-0.1695714531894329,0.0,0.0,0.0
2020-01-21,-0.0005769599758027599,-0.0028144332104365066,-0.17046205774876144,-0.0019582734474884456,0.0,-0.004062728682241001
2020-01-22,-0.002676412683688123,-0.002762029352970208,-0.17208218375451567,-0.001838055194232413,0.0,-0.0039913112908992465
2020-01-23,-0.0038109354493314207,-0.006917390501218423,-0.17356566745912383,-0.0006932012988426495,0.0,-0.009951658952135567
2020-02-03,-0.007741677005029812,0.0,-0.17377444389379515,-0.02358825703248979,-0.00695296392064193,0.0
2020-02-04,-0.004880844341816681,0.0,-0.17213328978441889,-0.008706268588203891,-0.0003770056995444637,0.0
2020-02-05,-0.0023251406880754333,0.0,-0.17146344681094605,0.0,0.0,0.0
2020-02-06,0.0,0.0,-0.16944083153059097,0.0,0.0,0.0
2020-02-07,-0.0008969315192326466,-0.001645258015713691,-0.17047363764223544,-0.005330008183237811,-0.0012803004263793882,-0.002364204411945736
2020-02-10,0.0,0.0,-0.1702596527383704,0.0,0.0,0.0
2020-02-11,0.0,0.0,-0.16923741762785183,0.0,0.0,0.0
2020-02-12,0.0,0.0,-0.16644001185972557,0.0,0.0,0.0
2020-02-13,0.0,-0.00037678621644432475,-0.16543571734811535,-0.0010669111232000095,-0.0002896511031592608,-0.0005796560874858914
2020-02-14,0.0,0.0,-0.16549019955796207,0.0,0.0,0.0
2020-02-18,0.0,0.0,-0.16336555355334814,-0.0025766792730219645,-0.0009156353120203242,0.0
2020-02-19,0.0,-0.0015843375411914717,-0.16107893567155718,0.0,0.0,-0.0022643587368623708
2020-02-20,-0.0009981142806779753,-0.00412493312218043,-0.1617724967064339,-0.004108331794093534,-0.0013113024918587346,-0.005893403317295598
2020-02-21,-0.0023048616304403025,-0.005800799674168133,-0.16261459755934915,-0.014364430209149459,-0.005863167748573872,-0.00836481423636859
2020-02-24,-0.013228852965641913,-0.01816214037435493,-0.1687465430129006,-0.047053319728503906,-0.022395311730773915,-0.025977488571071294
2020-02-25,-0.028256209012042288,-0.03343877328013267,-0.17655881299211296,-0.07592968924683463,-0.038637449404885005,-0.04778215635129368
2020-02-26,-0.033162149592083745,-0.040990386123106126,-0.17910557212628797,-0.07932874729161599,-0.040892314593066414,-0.05863886841040877
2020-02-27,-0.04616785817781088,-0.05582751491750293,-0.18394133218620612,-0.12067752209313332,-0.06379211207528801,-0.07989264057721845
2020-02-28,-0.054296324567176146,-0.06442102247535808,-0.1910700152802659,-0.12437209433360708,-0.061483383446439444,-0.09211712839931407
2020-03-02,-0.04188772892027737,-0.052014190620019884,-0.1854126194293606,-0.08645154211984951,-0.03735337327711563,-0.07473193876341788
2020-03-03,-0.03532439154604072,-0.05352639110521695,-0.1766450731111583,-0.11260886360060673,-0.04981577393302039,-0.07693993962057
2020-03-04,-0.03304592987916699,-0.04841910451802656,-0.17997733094980195,-0.07530890111771604,-0.026661760679682844,-0.06988847937315035
2020-03-05,-0.03505942774252724,-0.049333175234304805,-0.18028247116247742,-0.10604733742602457,-0.04306383355599297,-0.07125213886938453
2020-03-06,-0.036862094984447924,-0.05380990579441158,-0.18499654991233327,-0.1208256263879196,-0.048689177126850836,-0.07756510721008203
2020-03-09,-0.07782854946419415,-0.08616416498496304,-0.21395076238745125,-0.1894840693147939,-0.08938135053111584,-0.12333127079057526
2020-03-10,-0.0854424703003206,-0.07668373434045694,-0.22504990622140553,-0.14754391892495122,-0.06955773298884438,-0.10989197061941913
2020-03-11,-0.11058324443345668,-0.08400104333780933,-0.23681441141512527,-0.18909987110065585,-0.10009636154178703,-0.12028305706142062
2020-03-12,-0.14675684635122455,-0.14175765048879974,-0.2525041648094086,-0.2666845489624068,-0.14979813893057614,-0.2017513563001756
2020-03-13,-0.1352718506130529,-0.122168008271615,-0.250049918002901,-0.20399620702222665,-0.1119518484392924,-0.17420624910216753
2020-03-16,-0.1647220667578283,-0.15257691174790866,-0.26470891832457555,-0.2910979002124249,-0.15802986334421742,-0.21711804444395033
2020-03-17,-0.1817943062044245,-0.14314436555907506,-0.28087835294940267,-0.25282271112401145,-0.14309533951286502,-0.20381967355217434
2020-03-18,-0.20975021041909503,-0.1539350217683898,-0.2885938958979125,-0.29065462891888627,-0.17264949379543415,-0.21910740710713061
2020-03-19,-0.19003326667716014,-0.14026642625728636,-0.27486879695013555,-0.28914719900356467,-0.17046204767886441,-0.19976252597205035
2020-03-20,-0.16767156396253335,-0.14374313489734902,-0.25580297397333995,-0.31978073223636294,-0.18067473220946506,-0.2047748331641539
2020-03-23,-0.15069363164314442,-0.14026953882580595,-0.24169164173286894,-0.3371728189633809,-0.18733980367636305,-0.19980406577494214
2020-03-24,-0.1322833243024738,-0.1184728326339245,-0.23888555423591695,-0.27711846181041966,-0.1513475906999473,-0.16907311338087805
2020-03-25,-0.12238099569717886,-0.1156549555641766,-0.23229495659013366,-0.2662967795797412,-0.14416386458106945,-0.16510023277360442
2020-03-26,-0.11481105769530597,-0.10910436539098589,-0.23454225000878492,-0.22345614912564904,-0.11568382974604086,-0.15586452760269065
2020-03-27,-0.11761753684458942,-0.11818529011481027,-0.23594165875366468,-0.24658576448897473,-0.1277055122126728,-0.1685939271693624
2020-03-30,-0.12577356600509626,-0.11678231275326179,-0.24850972015695016,-0.22211830011584477,-0.11107319842689733,-0.16661606753882796
2020-03-31,-0.13206421205801822,-0.11864590471533265,-0.25105395665916275,-0.23371304113371116,-0.11786119385140925,-0.16926662936440529
2020-04-01,-0.1424420781346165,-0.12475296272049441,-0.251347090531874,-0.2681995676108506,-0.1402447715710703,-0.17760337231727985
2020-04-02,-0.1243766971947704,-0.11788068573495292,-0.24560670630454728,-0.25131290042967114,-0.12852280370049463,-0.16822583806937919
2020-04-03,-0.11624991047700317,-0.12049356184886495,-0.23802458607184085,-0.26213458266035017,-0.13573564080575518,-0.17170318843435428
2020-04-07,-0.09829346820975837,-0.09753037313946578,-0.23507994645528907,-0.21177222809370844,-0.1041197624586977,-0.14022340083441498
2020-04-08,-0.09699198762550199,-0.08857351682992332,-0.23710732582077998,-0.18531234927932838,-0.08627971168618187,-0.12799116338668948
2020-04-09,-0.08255674786115286,-0.08074000368089607,-0.22933969836550516,-0.17291503773435557,-0.07696072777065432,-0.11719684013310883
2020-04-13,-0.08158090391888084,-0.08668427141010726,-0.22543907184128575,-0.18046681918201612,-0.0829328478886896,-0.12540623945030405
2020-04-14,-0.07525618050039129,-0.07613419387813503,-0.22210605537871797,-0.15629645619059107,-0.06577283655798527,-0.11099253916370899
2020-04-15,-0.08393688848631364,-0.08622302108621105,-0.23061831547986078,-0.1742234246038038,-0.0750143850533076,-0.12477544976468691
2020-04-16,-0.08476963426534945,-0.0774470076350382,-0.23219921094157947,-0.17023943891387294,-0.07188470931644098,-0.11272386006762392
2020-04-17,-0.08340877631253563,-0.07314255576645223,-0.23273585597593427,-0.14782336286226794,-0.0573320839233421,-0.10689653652529751
2020-04-20,-0.09163100225048193,-0.08011415612403383,-0.23781626738310058,-0.1628369521505082,-0.06677172591479763,-0.11641085007955054
2020-04-21,-0.10738699559762377,-0.09147443525195498,-0.24787344547595347,-0.1882558353389746,-0.08334001180600703,-0.13196846245785532
2020-04-22,-0.09607414594761998,-0.07884630159523509,-0.23826680734684336,-0.17023943891387283,-0.07200085434740655,-0.11467501686036952
2020-04-23,-0.09286088461815123,-0.07322323528551433,-0.23708574846089558,-0.17029910718802832,-0.07180954199990597,-0.10700836882799558
2020-04-24,-0.0896261201896561,-0.06748381732147357,-0.23591358800964735,-0.15873407630833225,-0.0637341489182971,-0.09911504785404623
2020-04-27,-0.09180250048692307,-0.05627505853496484,-0.23380854777723126,-0.1466045032038341,-0.05724648263850718,-0.08376584524518305
2020-04-28,-0.08714851557414771,-0.05828341649007396,-0.23439933191168272,-0.150528622221358,-0.058415610717021726,-0.08651642741003462
2020-04-29,-0.06799900273298276,-0.028849154220469297,-0.21920124817251618,-0.12829085659833894,-0.04323010304990471,-0.0461742497656773
2020-04-30,-0.0790409262041909,-0.041220632633481746,-0.22715287996438205,-0.13640693227298717,-0.04970565991994136,-0.06316976417541764
2020-05-06,-0.09011436731653877,-0.03919971408448053,-0.22381046082337952,-0.15492859944523873,-0.06303509561350018,-0.06027926448148291
2020-05-07,-0.07479757243142393,-0.025452027952136747,-0.21900330572945437,-0.144731425310895,-0.053988314620021516,-0.040724914379344
2020-05-08,-0.06538467601751186,-0.01937028459403345,-0.21351700887623837,-0.13058007482391665,-0.04589607786254857,-0.03209125614667141
2020-05-11,-0.07657037249480103,-0.03467363720063732,-0.21958170631472518,-0.13040161559664243,-0.046841458956432436,-0.0538551200737164
2020-05-12,-0.08150784083388418,-0.038411271180014195,-0.2220059035201395,-0.14773388525081632,-0.05703411149150672,-0.059161475575875144
2020-05-13,-0.08549431131016005,-0.03680083816361868,-0.22225986325553349,-0.1628071924127752,-0.06620411960035477,-0.05687551634238208
2020-05-14,-0.07432703383897421,-0.027874290227772547,-0.2195025535974331,-0.1527879815100769,-0.05899477351057336,-0.04424122839500033
2020-05-15,-0.06813047389991,-0.028557701409953173,-0.21765470423448086,-0.14889382062853784,-0.056674040609348,-0.045135928969600836
2020-05-18,-0.053242518920938564,-0.012884505269678104,-0.2089008634032855,-0.12296912109772984,-0.04190310924759444,-0.022886383666835486
2020-05-19,-0.054714283508483064,-0.013492118974322453,-0.2090799590851432,-0.13197729451049922,-0.04678724027767267,-0.02374925488841506
2020-05-20,-0.04198506769417998,-0.00995392808063078,-0.20513151589360967,-0.11723124526448203,-0.03695762220129384,-0.01872657120698451
2020-05-21,-0.04701216458113888,-0.019184617518000935,-0.2088560729907335,-0.12332574195490165,-0.04073124027589137,-0.031868919654370664
2020-05-22,-0.04754407931947535,-0.017743006874792466,-0.21025864087802715,-0.12166118062434772,-0.038912806778179654,-0.029784781010666395
2020-05-26,-0.04511293480904932,-0.018565520193103535,-0.2096695103249394,-0.11083934959498021,-0.032768815115601035,-0.03099130572191866
2020-05-27,-0.04074603183193837,-0.006522487682715461,-0.20621245439483393,-0.09760955898647883,-0.023721058813198748,-0.013856994842870951
2020-05-28,-0.041875825088316776,-0.006784794596572108,-0.20733144698660932,-0.09927451711353596,-0.02516438732728954,-0.014229697073595893
2020-05-29,-0.03353904022781995,-0.005273426995297981,-0.20579390489299887,-0.09526101968368617,-0.021304906498297416,-0.01207600088640981
2020-06-01,-0.026708056968691496,0.0,-0.19938527736007516,-0.09160404391188226,-0.01908571644446011,0.0
2020-06-02,-0.025121680687719916,-0.006190860701008827,-0.20023256888854368,-0.08408246859802115,-0.014846604970344957,-0.008938494384423734
2020-06-03,-0.026522414065431543,-0.0020126047266767477,-0.2001518720041181,-0.07189357441630784,-0.009249273251701995,-0.0029063872103765043
2020-06-04,-0.027532677000459138,0.0,-0.1962417616432014,-0.07433119453404935,-0.012373907965450459,0.0
2020-06-05,-0.0173327988830404,0.0,-0.19228293625352721,-0.050606632413870534,0.0,0.0
2020-06-08,-0.009274074188458603,0.0,-0.18864813329818786,-0.03913088074737481,0.0,0.0
2020-06-09,-0.01004022791060688,-0.0044148615916106415,-0.1909418693371,-0.04629563680581261,-0.0032393703750097647,-0.006328604416628969
2020-06-10,-0.0010035609051839423,-0.0012346369256525103,-0.18654280312886684,-0.05161737230642205,-0.0037961780758302144,-0.0018091491673973836
2020-06-11,-0.01188455300696123,-0.002650445739271423,-0.17104994269698315,-0.10629067288155902,-0.03759672934766589,-0.00376143262306583
2020-06-12,-0.009780660446991107,0.0,-0.16872412093708078,-0.09558788080312497,-0.03157178800614768,0.0
2020-06-15,-0.004287915035671608,0.0,-0.16616741560867043,-0.08714454721253517,-0.02645901187359756,0.0
2020-06-16,-0.00035367828400323376,0.0,-0.16196632042283032,-0.06957429885562005,-0.015952695273851014,0.0
2020-06-17,-0.0027097569672245303,-0.0010458370764366842,-0.16321519098104842,-0.07343919599505444,-0.017833733493986537,-0.0014896555637716746
2020-06-18,0.0,-0.0023415720367968573,-0.16251628770431448,-0.07308217834137964,-0.016744028076859263,-0.0032973670296507773
2020-06-19,0.0,-0.00348113135314454,-0.159994988417672,-0.07837961005617344,-0.020024357752389976,-0.0049204635564387145
2020-06-22,0.0,0.0,-0.15460517970858856,-0.07246714376155639,-0.016571232933433655,0.0
2020-06-23,-0.00024963390158028176,0.0,-0.1526412192345924,-0.06819731579069621,-0.013951969434481293,0.0
2020-06-24,-0.015810308395716066,-0.015119632694324259,-0.1616835486636321,-0.0919661207209721,-0.028509371101599568,-0.021452371245545887
2020-06-29,-0.00516949904954378,-0.014601667357248549,-0.15957418215881602,-0.09086143925630885,-0.026301882201232862,-0.02071905380541006
2020-06-30,-0.0007788287383159176,-0.006836898679283165,-0.15609869511731622,-0.07921585868648129,-0.019515035395569758,-0.009700504342596394
2020-07-01,0.0,-0.004872968842686287,-0.15534473302466278,-0.07276622912577668,-0.01600647300582836,-0.0068556950990178445
2020-07-02,0.0,-0.0029946886009932783,-0.15282051915460204,-0.06765995412635695,-0.012261017482808056,-0.004174913432347549
2020-07-06,0.0,0.0,-0.14621484402757357,-0.053266756170731955,-0.0036448787438930763,0.0
2020-07-07,0.0,-0.004303888057940908,-0.14781377958982445,-0.06303132291755809,-0.008627291508648494,-0.006207347048264977
2020-07-08,0.0,0.0,-0.1444164935098503,-0.055864682075730476,-0.0046605711801683825,0.0
2020-07-09,-0.0013545218057258168,-0.0032825022121643066,-0.1476118362482176,-0.06123978670600838,-0.006838518167496366,-0.004730051401591218
2020-07-10,0.0,0.0,-0.14481651950129015,-0.05165437358033731,-0.001487492712848426,0.0
2020-07-13,-0.0032110488359002876,-0.0045450506386861544,-0.1480098742584498,-0.05986617641136127,-0.006315146933503879,-0.006542591458555624
2020-07-14,0.0,-0.0002836943388936364,-0.14734429709568309,-0.04768283738069168,0.0,-0.00040949606800511074
2020-07-15,0.0,0.0,-0.14395433205192498,-0.03893406968183155,0.0,0.0
2020-07-16,-0.003264442409106727,-0.004971132532543332,-0.14735585856968914,-0.042098819391525266,-0.0017203473788015566,-0.007104543648467909
2020-07-17,-0.0015423606558006009,-0.0033868733726033495,-0.14611121393418092,-0.03932203746274898,-5.4493590782467294e-05,-0.004867278000304176
2020-07-20,0.0,0.0,-0.14556504873510667,-0.031558118684612335,0.0,0.0
2020-07-21,0.0,0.0,-0.14110655634485048,-0.029497653643078547,0.0,0.0
2020-07-22,0.0,0.0,-0.13891449667333178,-0.023973750324133736,0.0,0.0
2020-07-23,0.0,-0.002705020342803399,-0.1385403732029462,-0.03561903329658389,-0.006932692909596305,-0.003897722669047976
2020-07-24,-0.001298422923928455,-0.00686094994761377,-0.14005674059886042,-0.04183028735804428,-0.011022949467065613,-0.009789410184430802
2020-07-27,0.0,0.0,-0.13030185374379377,-0.034842601739120016,-0.007236621836611112,0.0
2020-07-28,-0.00039298386077513126,-0.0031123167809480323,-0.1313775047977338,-0.040964278990002656,-0.0101625077307399,-0.00444105721556054
2020-07-29,0.0,0.0,-0.12827997772267408,-0.02916920533762768,-0.0022495250359858554,0.0
2020-07-30,-0.005889166579552962,-0.004778708873178439,-0.132176562811553,-0.032633040411542025,-0.0038865373836523,-0.006718413642427534
2020-07-31,-0.002799873050837287,-0.0026069214541627472,-0.1335997647261028,-0.024988755779093652,0.0,-0.00367607038281903
2020-08-03,0.0,0.0,-0.13029332214752076,-0.018210479514686795,0.0,0.0
2020-08-04,0.0,0.0,-0.1276447397680207,-0.014418196135321804,0.0,0.0
2020-08-05,0.0,0.0,-0.12186127108550227,-0.00829681648181635,0.0,0.0
2020-08-06,0.0,0.0,-0.12082019664733468,-0.0016676365034535845,0.0,0.0
2020-08-07,-0.00886852988126019,-0.0037779178485513043,-0.12502271263263243,-0.0009510220188336804,-0.00040073051940225923,-0.005468593817455236
2020-08-10,-0.004464663183111783,0.0,-0.1220515498262652,0.0,0.0,0.0
2020-08-11,-0.02493842509411537,-0.0168981012929319,-0.1290789202347694,-0.008254918128457689,-0.006359833292219563,-0.02421682246874901
2020-08-12,-0.020370256610516058,-0.01039459398346676,-0.12593852109282333,0.0,0.0,-0.014881981697905
2020-08-13,-0.018229408911156764,-0.003111374573490755,-0.1220890431332684,-0.0018080165079339405,-0.001904649213644083,-0.0044667655625511005
2020-08-14,-0.021318528728010322,-0.004393348278840525,-0.12209887419722554,-0.001778186450656194,-0.0016940489442628381,-0.006268302454994323
2020-08-17,-0.009510006196999488,0.0,-0.1148791864954416,0.0,0.0,0.0
2020-08-18,-0.005466976228715947,-0.002296415231209492,-0.11581375510136294,0.0,0.0,-0.0033259587373903887
2020-08-19,-0.015003431592534033,-0.00996281841769009,-0.12053329654809164,-0.004163665618891255,-0.003052995362261668,-0.014300448555587542
2020-08-20,-0.012343974804123081,-0.006101253587364575,-0.121887414721216,-0.001063111568737396,-4.1313704879808455e-05,-0.008772939117459688
2020-08-21,-0.015269642373809234,-0.01065475426069129,-0.12561713972247623,0.0,0.0,-0.015291418204430363
2020-08-24,-0.010517534799593609,-0.007012360980151788,-0.12356486585577653,0.0,0.0,-0.010078061122448356
2020-08-25,-0.009659056189329829,-0.009194384820854218,-0.12249197734159722,0.0,0.0,-0.013163371428961623
2020-08-26,-0.005119910712963804,-0.0020298043514341835,-0.11997245463986761,0.0,0.0,-0.0029076648744463807
2020-08-27,-0.012491628132280774,-0.001424961327696761,-0.11935091869125536,0.0,-4.929192383484882e-06,-0.0020420839185273376
2020-08-28,-0.005011188470447792,0.0,-0.11457412478875906,0.0,0.0,0.0
2020-08-31,-0.0009125109116890906,0.0,-0.11261827107355638,-0.0036226401077145143,-0.001854931884953115,0.0
2020-09-01,0.0,0.0,-0.11367961239260638,0.0,0.0,0.0
2020-09-02,-0.0028965320214050516,-0.005756711376958323,-0.12178162223632472,0.0,0.0,-0.00834928898505427
2020-09-03,-0.011725034372323861,-0.017914810784213087,-0.11710862430634372,-0.03441415435349715,-0.02028701273307587,-0.02594242861754059
2020-09-04,-0.019080293167069717,-0.01444642982021882,-0.11463102849354634,-0.04229795100971889,-0.027257508423230492,-0.020952597299886078
2020-09-08,-0.03145547304098861,-0.02905923922237985,-0.12087739195258862,-0.0684651755795107,-0.04223457401253694,-0.04214670069841808
2020-09-09,-0.024428013599206322,-0.021139182785495314,-0.11860727099688284,-0.05007002154001683,-0.03130812189327625,-0.030620310098594006
2020-09-10,-0.028661733280882173,-0.024508793166337473,-0.11900330316974428,-0.06656406685327299,-0.040793556608989645,-0.03550756232236807
2020-09-11,-0.025777040940269225,-0.023322318367974937,-0.11765546175261798,-0.06608883610817484,-0.03989045676962755,-0.03374670995076201
2020-09-14,-0.020314451703265846,-0.013836798237253922,-0.11520120521018429,-0.05378800325166644,-0.03281023206417355,-0.02007102772710212
2020-09-15,-0.01803864301992386,-0.010915284115195933,-0.11378959817639767,-0.049007276686360735,-0.030114474224296583,-0.01575366027177505
2020-09-16,-0.012435204444265047,-0.008976741616417927,-0.10860373634840581,-0.05278153938912433,-0.032623091914233404,-0.013022937279145719
2020-09-17,-0.00927052975163245,-0.011194099643582867,-0.10635361013539857,-0.061112797786577855,-0.03753023335726424,-0.016239066242131672
2020-09-18,-0.010269514856286355,-0.012032131059759754,-0.10271026554380336,-0.07192153426811132,-0.0444214764949612,-0.01737416042941109
2020-09-21,-0.0275803170743516,-0.025280870669425526,-0.11192204376903747,-0.08225086072302845,-0.049953043383258566,-0.03658962212438155
2020-09-22,-0.029809310928066712,-0.02576327856064764,-0.11584229147290415,-0.07290403691661507,-0.044302257965228575,-0.03728948996732118
2020-09-23,-0.04209574585063769,-0.037886499250560424,-0.11863016026184103,-0.0944044899971681,-0.05730073202068975,-0.054872146593926696
2020-09-24,-0.03729100848663425,-0.031581208683267636,-0.11674837112952996,-0.0919904441192444,-0.05564673556405664,-0.045768137332991454
2020-09-25,-0.03656276011387294,-0.030956336075415924,-0.11984138092787378,-0.07731076422248928,-0.04644769893979872,-0.04482173696325775
2020-09-28,-0.028070666243314113,-0.02494297381864663,-0.11762827876536353,-0.06198533889468749,-0.03724743868747504,-0.03614154519533541
2020-09-29,-0.029621658259610606,-0.022995611762716694,-0.1172287459003224,-0.06709390687687755,-0.04004412732608276,-0.03331751574172137
2020-09-30,-0.03166786623134954,-0.024317083861470246,-0.11736887475268443,-0.06002089083521611,-0.03684738194952264,-0.03518951711734475
2020-10-09,-0.011301297536028931,-0.0014072984951799539,-0.10405997598586347,-0.026450951348426344,-0.0185222128893342,-0.002276737022644637
2020-10-12,-0.010844702581596866,0.0,-0.10688653487017696,-0.010788954549013074,-0.008481904583601985,0.0
2020-10-13,-0.013636455442826434,-0.006438478200052722,-0.10970276250873323,-0.01724473714687491,-0.011596440732647428,-0.00919008571000779
2020-10-14,-0.011601593425886736,-0.007219515093804585,-0.10801953420147081,-0.02341976489962594,-0.015266177322270202,-0.010309840647515722
2020-10-15,-0.010293917316498202,-0.005563785214486083,-0.10577091754357582,-0.02462683427504908,-0.016419571040761638,-0.007936828920929062
2020-10-16,-0.014378068396136534,-0.00891420122950104,-0.108171892309332,-0.025215834350368893,-0.017003234192144223,-0.012778309192379878
2020-10-19,-0.01708323120742683,-0.007630248092127978,-0.10603440639663742,-0.04003612385198574,-0.02674753318826817,-0.010938649399486966
2020-10-20,-0.013570580840699065,-0.0032009276337673365,-0.10235025043024681,-0.03619053474464218,-0.025206230907393823,-0.0045511799356218186
2020-10-21,-0.014552903650432714,0.0,-0.10042276339919198,-0.03801530192847791,-0.026834452126698105,0.0
2020-10-22,-0.015300420774539192,0.0,-0.0980173993181841,-0.03273844821048222,-0.02491947550876561,0.0
2020-10-23,-0.014499582301288227,0.0,-0.09954851831596545,-0.029454647412128,-0.022362419717146698,0.0
2020-10-26,-0.021123829762030644,-0.005442759957519749,-0.10292341296234109,-0.04738998761168056,-0.0323762974606876,-0.0077681872748917025
2020-10-27,-0.017059625931213684,-0.0014419500040570021,-0.10114143605017911,-0.05067415990172519,-0.033541038300469284,-0.002020441374392612
2020-10-28,-0.0361330950482619,-0.01843196753084886,-0.10876313875530141,-0.08312108000807206,-0.053520691708622725,-0.026267670043196523
2020-10-29,-0.04176639367433943,-0.014793922131421056,-0.1117069405587765,-0.07380221095137018,-0.04940550672974331,-0.021114205591304724
2020-10-30,-0.04597102110136886,-0.014985598324922522,-0.10971807296461389,-0.08345765147968331,-0.05657842574423755,-0.021385367026794833
2020-11-02,-0.03365834428775083,-0.011046825981912534,-0.10629954896531091,-0.07318469888880275,-0.049586025315205395,-0.015700499676660984
2020-11-03,-0.028118269359115433,-0.0018619633503282884,-0.1037859616885789,-0.05682095428599654,-0.040329046039308425,-0.0024426961965478
2020-11-04,-0.0204884104883003,-0.0012569788251222125,-0.10996251988031469,-0.035741772782493464,-0.024133800928572424,-0.0015299104132588948
2020-11-05,-0.0066145724248832805,0.0,-0.1018481619067596,-0.0169357489332842,-0.01258222674717091,0.0
2020-11-06,-0.013128401669057266,0.0,-0.10353338149919111,-0.01716040853312628,-0.01401053515120787,0.0
2020-11-09,-0.016613798177106176,-0.004084970379866437,-0.10568687125447307,-0.004810445900546689,-0.00918247275292261,-0.005877309569267686
2020-11-10,-0.009420857158446094,-0.0019424413170153754,-0.09808099315186136,-0.006269943879678386,-0.011153277455380306,-0.002776994640327768
2020-11-11,-0.007411399674034924,0.0,-0.09906797805100476,0.0,-0.005996558642773264,0.0
2020-11-12,-0.006726672325134575,0.0,-0.10100010712920782,-0.009700840725923476,-0.009855714142228522,0.0
2020-11-13,-0.0027923862464046545,0.0,-0.09963708413940298,0.0,-0.0018820921876400165,0.0
2020-11-16,0.0,0.0,-0.09490204957226478,0.0,0.0,0.0
2020-11-17,0.0,0.0,-0.08915059351952981,-0.005378142794016938,-0.0023918674601800527,0.0
2020-11-18,-0.0004336478352955364,-0.0007483121881580734,-0.08755978463543768,-0.017348644595218232,-0.009998771023446484,-0.0010579024461646602
2020-11-19,0.0,0.0,-0.08704757359871917,-0.01321145723650019,-0.007006335322461976,0.0
2020-11-20,0.0,0.0,-0.08258122896960518,-0.019968723323519066,-0.010572971803847975,0.0
2020-11-23,0.0,0.0,-0.08072438215470557,-0.014093851566836069,-0.007651725767895856,0.0
2020-11-24,0.0,0.0,-0.07341738640354278,0.0,0.0,0.0
2020-11-25,0.0,-0.0030530250738686204,-0.0725949266884145,-0.0015419048582938633,-0.0008389167744367043,-0.0042451370138638644
2020-11-27,-0.0014138118888999962,-0.01615186052228479,-0.07797923208393764,0.0,0.0,-0.022649022200490476
2020-11-30,-0.003989066776711625,-0.003395508131457392,-0.07717911442492631,-0.0044269233292291155,-0.003037958056014589,-0.004711901800857454
2020-12-01,-0.002578751354879394,0.0,-0.07521408089388681,0.0,0.0,0.0
2020-12-02,-0.0015260299041433,0.0,-0.07208414515340178,0.0,0.0,0.0
2020-12-03,0.0,0.0,-0.06328947097154836,-0.0002726151496803553,0.0,0.0
2020-12-04,-0.0027243872812527936,-0.0008191250255644711,-0.066600108013532,0.0,0.0,-0.0012236319331596635
2020-12-07,0.0,0.0,-0.059979974476959796,-0.0020548051826754232,-2.8985290998817526e-05,0.0
2020-12-08,0.0,-0.003864069555740035,-0.06338896992919496,0.0,0.0,-0.0055731893992505555
2020-12-09,-0.003814455398304495,-0.007858287496656846,-0.06264845415475728,-0.008969038760209602,-0.005996580114856709,-0.01133410949762903
2020-12-10,0.0,-0.007397596152590835,-0.06194987682943087,-0.009293154113453883,-0.005305965348140096,-0.010669848816683092
2020-12-11,-0.0013283448457857006,-0.010616362512026356,-0.06327277356965622,-0.01045446317835963,-0.005221444426556143,-0.015351925782012388
2020-12-14,-0.0004298436057315058,-0.00383002543242561,-0.05930226472782951,-0.014885082514888515,-0.00813774403362355,-0.005525180194184576
2020-12-15,0.0,0.0,-0.052050096947965696,-0.001566855495592323,-0.0004572563433435928,0.0
2020-12-16,0.0,0.0,-0.04900988867771017,-3.3306690738754696e-16,0.0,0.0
2020-12-17,0.0,0.0,-0.03802412022951651,0.0,0.0,0.0
2020-12-18,-0.0018111483302777343,0.0,-0.03933808730381727,-0.0039930012033846385,-0.0027543057337977572,0.0
2020-12-21,-0.004155719195731655,-0.003484302030060449,-0.04101673265176664,-0.007553910982944223,-0.004656225086095311,-0.004955943521805395
2020-12-22,-0.008092661739214968,-0.00039291703771204833,-0.04416143760541691,-0.009226543017941014,-0.005017078257163465,-0.0005595149245797293
2020-12-23,-0.001220796078772124,0.0,-0.03375712077073245,-0.008336315573051145,-0.0052954507581494115,0.0
2020-12-24,0.0,0.0,-0.034773972135415554,-0.004478248494613202,-0.002393816141016525,0.0
2020-12-28,0.0,0.0,-0.03427135867146969,0.0,0.0,0.0
2020-12-29,0.0,-0.0008595425127106981,-0.025592051924269055,-0.0019080598953572503,-0.0012264107952472125,-0.0012106830778320088
2020-12-30,0.0,0.0,-0.014987027261237018,-0.00048407514071413527,-9.849205218714907e-05,0.0
2020-12-31,0.0,0.0,-0.014296815391393491,0.0,0.0,0.0
2021-01-04,0.0,0.0,-0.007098842426066065,-0.013613725819364597,-0.008068213634216947,0.0
2021-01-05,0.0,0.0,0.0,-0.006820522107411575,-0.0049258784752216345,0.0
2021-01-06,-0.00261589711402066,0.0,0.0,-0.0008825604210206395,-0.003697382448118791,0.0
2021-01-07,-0.00019487994127220798,0.0,0.0,0.0,0.0,0.0
2021-01-08,-0.00556989214570025,0.0,-0.004763398201101721,0.0,0.0,0.0
2021-01-11,-0.016513303087691167,-0.021284737703445633,-0.017918915593293394,-0.006740866930293632,-0.004861553151866316,-0.030257381811191086
2021-01-12,-0.005263851649332296,-0.022043092682904164,-0.005467124745588303,-0.006530957493814382,-0.004800011521515324,-0.03129666460663416
2021-01-13,-0.0013598534265278905,-0.010741604225861123,-0.0043829384099738355,-0.003855627590759081,-0.0018142501590394655,-0.015251409119821924
2021-01-14,0.0,0.0,0.0,-0.00734397848121493,-0.0048303983262377725,0.0
2021-01-15,-0.011626367600566567,-0.014332637456405894,-0.013696647575330956,-0.014583131871261035,-0.008172105869553081,-0.020347308685008447
2021-01-19,-0.00477415365855971,-0.012709070486113694,-0.00856528796344247,-0.006846037693650886,-0.0032351889552179047,-0.018043196454946564
2021-01-20,0.0,-0.010259685043484845,-0.007370025649767631,0.0,0.0,-0.0145661525488896
2021-01-21,-0.005379967959537324,-0.028933560617521836,-0.013398441002886119,0.0,-5.14042969745887e-06,-0.04107641510498006
2021-01-22,-0.011055186739147627,-0.022436617674145842,-0.01782452492864106,-0.0035396703321862732,-0.0015695209001502786,-0.031815759155394585
2021-01-25,-0.005504869586219319,-0.027186234409414145,-0.019051393433889174,0.0,0.0,-0.038596546500258344
2021-01-26,-0.005272932171343392,-0.026218514794064895,-0.01576706817927731,-0.0015606874087463751,-0.0010811217522617156,-0.03718537132879951
2021-01-27,-0.015359904818659231,-0.04418498341112931,-0.026386432979718988,-0.02596322818864749,-0.015467411522835595,-0.06269135284552363
2021-01-28,-0.011284352713567425,-0.0299064577779643,-0.023263458104682444,-0.017586104807770675,-0.011390123297167154,-0.04245877890885097
2021-01-29,-0.015945090986459354,-0.03209973186005688,-0.022536546475659613,-0.03725369758972852,-0.024047024323784916,-0.04557008370985083
2021-02-01,-0.004283115312137098,-0.024103217710546132,-0.020974323676181683,-0.021228280190703885,-0.013812644400093554,-0.03411401376239398
2021-02-02,-0.0029779126414598567,-0.015849791873348007,-0.016619715064846274,-0.00738823659294241,-0.006382533918897315,-0.02225094477344447
2021-02-03,0.0,-0.005477282986070753,-0.009571559884045455,-0.006607978602947928,-0.0068628083339263846,-0.007390590509683603
2021-02-04,-0.0002691475196962001,-0.005621122791643396,-0.013526396235597815,0.0,-0.00012693470343716484,-0.007635441123606146
2021-02-05,0.0,0.0,-0.006430894386088237,0.0,0.0,0.0
2021-02-08,0.0,0.0,0.0,0.0,0.0,0.0
2021-02-09,0.0,0.0,0.0,-0.0006661094240182353,-0.00011444027617169006,0.0
2021-02-10,-0.00010133320807237389,-0.006065167057794918,-0.003488208757625122,-0.001101210918592388,0.0,-0.008530894312858028
2021-02-18,-0.00352361044966798,0.0,0.0,0.0,-0.0031153927572461493,0.0
2021-02-19,-0.0038855248680234045,0.0,0.0,-0.00176603371494366,-0.005737251404464905,0.0
2021-02-22,0.0,-0.004665454826151771,0.0,-0.00944389122082323,-0.011074369980594523,-0.006472242139207163
2021-02-23,-0.0032804635019632045,-0.02179275802192937,-0.004779434778231395,-0.008241322018282426,-0.01004126405849759,-0.030361317997309678
2021-02-24,0.0,-0.00841053627455568,0.0,0.0,-0.0038525605489145853,-0.011660720477750908
2021-02-25,-0.021430944104946503,-0.025408890881357338,-0.0118584571804764,-0.02409591336787642,-0.02376104664063261,-0.03540520839866168
2021-02-26,-0.020615450112195788,-0.03373975637173987,-0.022940011235761504,-0.02912440340714839,-0.0235006158644272,-0.04701736507898946
2021-03-01,-0.023323094694217783,-0.020883063263664847,-0.025966573465318832,-0.005589939723212756,-0.009737040671329411,-0.028556226607128976
2021-03-02,-0.021750834316382694,-0.025444280723494472,-0.02385233853089319,-0.013349820241068344,-0.01371096269112182,-0.03509227475162291
2021-03-03,-0.025275300943881307,-0.02418406822757868,-0.02099160928138699,-0.026418579241314633,-0.023690832171388232,-0.033325117810415916
2021-03-04,-0.030082602460350882,-0.033681745674648655,-0.022557499415521653,-0.03846653592525284,-0.032886005225692405,-0.04693480450398624
2021-03-05,-0.01963850922083521,-0.028718741396907776,-0.01840188491819572,-0.020777590992315242,-0.02275149908025753,-0.03982321658943366
2021-03-08,-0.02697516620244378,-0.022011372529334605,-0.02042666826335493,-0.025652683155088285,-0.02721255898128272,-0.03017367531878201
2021-03-09,-0.01278702925597941,-0.0040257904477410955,-0.009681689066603605,-0.011741413230079156,-0.016994182740171837,-0.00440156928069213
2021-03-10,-0.005095374793527507,0.0,-0.005516237109884914,-0.005589939723212978,-0.012471803514493063,0.0
2021-03-11,0.0,0.0,0.0,0.0,-0.006522350072276306,0.0
2021-03-12,-0.010219246052789788,-0.0021916534110547614,-0.0022431258415950284,0.0,-0.008508321157146836,-0.003085455443878282
2021-03-15,-0.007790232132643293,-0.004178885418521294,-0.0036921006314358795,0.0,-0.004415827698967978,-0.0059177401433216925
2021-03-16,-0.010331677819132024,-0.00363820106188939,-0.003760123953797878,-0.0012611921033117701,-0.005253527894636845,-0.005147290118950432
2021-03-17,-0.009672847674370266,0.0,-0.000730009704685175,0.0,-0.003815651189927771,0.0
2021-03-18,-0.03364088440031254,-0.007615400566166053,-0.012797104567222828,-0.014549476863423227,-0.01511597872580639,-0.010797994503894959
2021-03-19,-0.024597854267605967,-0.00659810345868439,-0.00890005438464092,-0.01637285780730502,-0.01646810934533227,-0.00935053319476209
2021-03-22,-0.023547844673464047,-0.01689189340545716,-0.014483199557023263,-0.008518759467315618,-0.01041268072030943,-0.02399733280971439
2021-03-23,-0.035036261977843375,-0.02302545078762086,-0.024252374597739212,-0.016322514744628758,-0.01329737650676488,-0.03276243904078857
2021-03-24,-0.02785157210244049,-0.028808884896775355,-0.021688584297138713,-0.021322982512130384,-0.015850748057865016,-0.04095376020948227
2021-03-25,-0.03558057406699344,-0.03084040909169994,-0.02749131018643125,-0.01581717655535997,-0.01298814386481617,-0.043844399769265574
2021-03-26,-0.023604248051235732,-0.017091500929188652,-0.018168966254172525,0.0,-0.004565794608234253,-0.024281518945375002
2021-03-29,-0.027931572354881973,-0.013496203455325428,-0.017614484788244456,-0.0005051506540708628,-0.006191586302321195,-0.019166002024316953
2021-03-30,-0.03353819459520313,-0.013721554387348789,-0.023206741501888728,-0.003156714717764575,-0.008151838995201222,-0.019524492330644683
2021-03-31,-0.03095778612756117,-0.010997487672085082,-0.01919767064791389,0.0,-0.0062357147092007015,-0.015605499834153158
2021-04-01,-0.017802069233968654,-0.0076682344199664465,-0.0173074598610351,0.0,0.0,-0.010830862393311658
2021-04-06,-0.018619564136760802,-0.005656665345991407,-0.019554035807139214,0.0,0.0,-0.007842416575391531
2021-04-07,-0.02155263076318259,-0.011710092254609283,-0.022309456269194228,0.0,0.0,-0.01659652016828106
2021-04-08,-0.014652009035803437,-0.005436810970433026,-0.019576305291807983,0.0,0.0,-0.00756440502540956
2021-04-09,-0.016740569994155297,-0.004229194076317611,-0.020378376536078435,0.0,0.0,-0.005778215933727848
2021-04-12,-0.017561809040507526,-0.0014860670337911719,-0.02084025431673231,0.0,-2.034997926825266e-05,-0.0018114248899218088
2021-04-13,-0.008614352770805134,0.0,-0.01590989253220232,0.0,0.0,0.0
2021-04-14,-0.0016349532075644602,-0.0012416431758619506,-0.009675871103298483,-0.0034151060894983543,-0.002556255838272903,-0.001789130427007568
2021-04-15,0.0,0.0,-0.006435774808966177,0.0,0.0,0.0
2021-04-16,-0.0015026799348295539,-0.0015331772199775884,-0.006209343276413426,0.0,0.0,-0.002206936787295777
2021-04-19,-0.006825782423081073,-0.015454564779295188,-0.012170642165396428,-0.0049131985326986705,-0.0034037411595080336,-0.022206588526851867
2021-04-20,-0.007841449792478139,-0.015872164138051148,-0.011061529450857477,-0.01219870395952205,-0.006680563627822211,-0.022807735445461108
2021-04-21,-0.004226569865602436,-0.015439832284797173,-0.011096541630972623,-0.0028520886878533602,-0.0007804486032092495,-0.022185492863715073
2021-04-22,-0.0035660822108892765,-0.02384571919871825,-0.010669942997968307,-0.011959206584469917,-0.006021668739319419,-0.03432446145441226
2021-04-23,0.0,-0.02167442132436337,-0.008973361350260833,-0.0012464409887281702,-7.438867974607355e-06,-0.031199108945705656
2021-04-26,0.0,-0.015845804060769852,-0.0039248858950665655,0.0,0.0,-0.02277019044090478
2021-04-27,0.0,-0.015494183121332217,-0.0018849268226167615,-0.00021562652165307838,-0.0016683997929266559,-0.02230338952393518
2021-04-28,0.0,-0.01310294247021171,0.0,-0.0005028139968820122,-0.001331088411794079,-0.018822137366668712
2021-04-29,0.0,-0.015142275517360693,0.0,0.0,0.0,-0.021757625015991988
2021-04-30,-0.003440013467760794,-0.010159399784225975,0.0,-0.006570383084715248,-0.003688109137311435,-0.014622121299581292
2021-05-06,0.0,-0.009981454233211617,0.0,-0.002356728755726123,0.0,-0.014364884295177904
2021-05-07,0.0,-0.004595318871577714,0.0,0.0,0.0,-0.006534806132597937
2021-05-10,-0.00630123534243654,-0.009851414089973698,-0.0019176785032902766,-0.00990246903552916,-0.0067573668327327585,-0.014137103265813522
2021-05-11,-0.007219029255025933,-0.010298868014649964,-0.0008438598770162953,-0.018738869019222615,-0.012734062750666797,-0.014784323962261592
2021-05-12,-0.017747647653474474,-0.029037980135129926,-0.003664640011446507,-0.03958599208760949,-0.027188802393034228,-0.04184774321063656
2021-05-13,-0.023402774364530088,-0.026991798449454985,-0.011888516274251137,-0.028049060181904673,-0.018926311093643844,-0.03888828978794434
2021-05-14,-0.013162158025501025,-0.022246864746166328,-0.00759513885337082,-0.013124249052650971,-0.009078210480191196,-0.03202549178052616
2021-05-17,-0.009416985627742402,-0.03157138713337437,-0.005246273354099995,-0.01563542009951302,-0.010971681259230315,-0.045552048077365126
2021-05-18,-0.012526553232062754,-0.03272061744207477,-0.005626737308042862,-0.02411620440518425,-0.016073287873376474,-0.04721428424420304
2021-05-19,-0.026850207610022325,-0.04642129881632462,-0.018012792593236737,-0.02667498796461465,-0.01879569871543585,-0.06699038306190253
2021-05-20,-0.02399406656858849,-0.03620227159706424,-0.017954661849418296,-0.01620389171607628,-0.010861030479393796,-0.052210098084303436
2021-05-21,-0.021050492485450656,-0.04204910660645267,-0.015901473211520245,-0.017009336720356538,-0.011206570632948387,-0.06070665036012013
2021-05-24,-0.013373903843127422,-0.03706849703373827,-0.012050255427166312,-0.006988692183861334,-0.004795815271870452,-0.053463054621082695
2021-05-25,-0.011843696575190021,-0.03908861494789584,-0.012646558039652978,-0.009191626670600028,-0.004659271739646087,-0.05638490056192147
2021-05-26,-0.01113027349459883,-0.03635911959386895,-0.010936819862838454,-0.007225432176909075,-0.003928875335105109,-0.05243713524949867
2021-05-27,-0.007528405106260072,-0.03638737116980417,-0.008321296374218412,-0.00670410628357565,-0.004311355835232122,-0.05251799192458895
2021-05-28,-0.009614487589745035,-0.042539849545107145,-0.011045645182926278,-0.004927583857926354,-0.0032779699523799444,-0.061413868520695636
2021-06-01,-0.0010105154335593447,-0.038151923755347816,-0.002390102378972303,-0.005803903043497316,-0.00387794915984796,-0.05512634246122228
2021-06-02,0.0,-0.03461454425729571,-0.002389278564783659,-0.00424054774928162,-0.0024849226040013495,-0.0500882311790708
2021-06-03,-0.007773744849154052,-0.03477476020568204,-0.007953522676504177,-0.007936274541838317,-0.005717559766460045,-0.0503164634308233
2021-06-04,0.0,-0.03831274869150547,-0.003835890404409792,0.0,0.0,-0.055393584794311
2021-06-07,-0.004658867577334136,-0.0488760013780386,-0.009543479700168889,-0.0009700523251650051,-0.000895784053391635,-0.0703624699123101
2021-06-08,0.0,-0.0485493604544841,-0.006204241615949568,-0.0007570495675526256,0.0,-0.0698972905737002
2021-06-09,0.0,-0.038426920820089694,-0.005784997029591121,-0.002247991160968632,0.0,-0.05548033042315026
2021-06-10,0.0,-0.04026173266130928,-0.003339397423739343,0.0,0.0,-0.05809364685630036
2021-06-11,-0.0022513588995312084,-0.03812978436334202,-0.005769956511101015,0.0,0.0,-0.055095281134734164
2021-06-15,-0.004176259846963237,-0.027936980546604873,-0.003607925826864422,0.0,-0.0009369625320774233,-0.04054029571033868
2021-06-16,-0.016522009066449406,-0.03857740420101052,-0.01645887555223491,-0.005583403761890704,-0.007021854034306219,-0.055733130031889844
2021-06-17,-0.023134787191469663,-0.04359126864428464,-0.024155841245023568,-0.005913368387207019,-0.005800348830090951,-0.06283624836081436
2021-06-18,-0.022784875908617108,-0.0546558632363765,-0.02731540292261936,-0.019323935363140587,-0.011596097503448921,-0.07863323450592852
2021-06-21,-0.024880055656286926,-0.06469400335999398,-0.030957752865787613,-0.00528469487130534,-0.004453732943031419,-0.09289247168195558
2021-06-22,-0.02035578275692751,-0.06177779633894709,-0.02757782558569677,0.0,-0.0005360938370433388,-0.08873913678436429
2021-06-23,-0.017608606118639125,-0.05710190172096408,-0.023418857023285722,-0.0012052396476576188,-0.002055483299051364,-0.08207952485123737
2021-06-24,-0.014002252420352135,-0.051181096030924245,-0.021007213702073924,0.0,0.0,-0.07368487751927755
2021-06-25,-0.017685555351009574,-0.059474220135585565,-0.023748753878300333,0.0,0.0,-0.08549656349799528
2021-06-28,-0.012092300566888481,-0.048551719385262704,-0.018857337058694412,0.0,0.0,-0.06990242713744677
2021-06-29,-0.010805188978704416,-0.045193944776256156,-0.017840157415566438,0.0,0.0,-0.06512018444254808
2021-06-30,-0.005706198108935134,-0.046961322938023575,-0.014457195690556701,0.0,0.0,-0.06763657719390093
2021-07-01,-0.004586629331983172,-0.05057976054763158,-0.014899114624105425,0.0,0.0,-0.07281764716925687
2021-07-02,0.0,-0.04619045060852467,-0.009937140570807412,0.0,0.0,-0.06654108514449342
2021-07-06,-0.004906899282699939,-0.04890024219429334,-0.014611247797006843,-0.001821331273691329,0.0,-0.07035531413966911
2021-07-07,-0.00636447336847723,-0.05011807361996179,-0.018251482631382654,0.0,0.0,-0.07208642516057417
2021-07-08,-0.0058358664071137545,-0.051779424040618305,-0.016252460841236993,-0.008148163383977391,-0.0038702459500515873,-0.07448579405043154
2021-07-09,-0.0012774724260609105,-0.044250019063642676,-0.011079836384329744,0.0,0.0,-0.06378375459605712
2021-07-12,0.0,-0.04411494297683749,-0.009676200802187007,0.0,0.0,-0.0635921425446413
2021-07-13,-0.0022980318624237217,-0.04758810243251421,-0.009830701741912695,-0.0034087871773823553,-0.003283856674620389,-0.06852893813238925
2021-07-14,0.0,-0.04674843638728898,-0.00972009689634512,-0.0019216132474560998,-0.0006812161836819985,-0.06729770997198581
2021-07-15,0.0,-0.053210817378052444,-0.010672406260579415,-0.005330699986512255,-0.0010655249782884901,-0.07652120260694983
2021-07-16,-0.005573435197576249,-0.059443178377130645,-0.013996114520948955,-0.013132484220776064,-0.005838615808085312,-0.08537987992768592
2021-07-19,-0.014413667398589403,-0.06660888736117532,-0.02152687993746949,-0.02770630943537644,-0.011215937347645255,-0.09552756713963717
2021-07-20,-0.010609397161694178,-0.06448946245534659,-0.018639379871532302,-0.013772947079509601,-0.0033250640344930638,-0.09251515927232734
2021-07-21,-0.006546383905298603,-0.05338595538475066,-0.015098819443854383,-0.005788280443348337,-0.0008295098331335682,-0.07673293116144941
2021-07-22,-0.0006236045799624668,-0.05366032748528948,-0.011340542335299353,-0.0037063268099534197,0.0,-0.07716087286652518
2021-07-23,0.0,-0.04879406447815027,-0.007582086617895389,0.0,0.0,-0.07020630887255419
2021-07-26,0.0,-0.03549379592001245,0.0,0.0,0.0,-0.0513397019142956
2021-07-27,-0.0008644366371846068,-0.03270822538138274,-0.0011983182512655954,-0.00455756173378985,-0.0010589548855793884,-0.04734259849596656
2021-07-28,0.0,-0.02746066710524031,0.0,-0.004965927577928131,-0.0009669137755979884,-0.039883915528533986
2021-07-29,0.0,-0.0227540604360289,0.0,-0.0008388496493005881,0.0,-0.03323197947295997
2021-07-30,-2.912041128610987e-05,-0.01792904717842636,0.0,-0.00569136701097217,-0.001812708675831054,-0.026332795194320746
2021-08-02,-0.0007880167067614297,-0.025393015537787833,-0.0010871150863692725,-0.007777283711019822,-0.0013178773585346137,-0.0370848131134649
2021-08-03,0.0,-0.0235197945753417,-0.001134260954967492,0.0,0.0,-0.03438660663443527
2021-08-04,-0.004937009002907389,-0.020328545356364858,-0.0027758680748513065,-0.0049189059079404185,-0.003054482292174643,-0.029789820755082852
2021-08-05,-0.003651612869363441,-0.016782230831763,-0.003142790102388382,0.0,-0.0007255339129407234,-0.024681574160422715
2021-08-06,-0.01202078907239601,-0.013708035598933188,-0.007283733464238162,0.0,-0.0020656609156102235,-0.020292929526705472
2021-08-09,-0.020023114745737702,-0.010823508428742579,-0.012591939680100861,-0.0008135006337048889,-0.003400956561389834,-0.0161382560790877
2021-08-10,-0.01626022684507733,-0.013246056566813325,-0.009821936467858117,0.0,-0.003396481037011845,-0.019588467283369826
2021-08-11,-0.009949597417302836,-0.010010217324301962,-0.004083418914058501,0.0,-0.0014598331820724342,-0.014927450839805179
2021-08-12,-0.012769324247894898,-0.01338563508065782,-0.006189668949082461,0.0,-5.597941553325825e-05,-0.01978974794230337
2021-08-13,-0.0058145361086638925,-0.0038133537738176404,-0.0019487994155462651,0.0,0.0,-0.0060408312283903864
2021-08-16,-0.00612587713880719,-0.007694280028456513,-0.00316275304142688,0.0,0.0,-0.011552565518673119
2021-08-17,-0.015892652923790274,-0.017117660177355276,-0.010947558498553556,-0.006555041986497923,-0.004166420096156531,-0.025126789720127385
2021-08-18,-0.019325715152493483,-0.01884831366362605,-0.01107562467069756,-0.017428433645295005,-0.010945092337803497,-0.027619898602758264
2021-08-19,-0.022477233057147217,-0.0169835022893966,-0.014372865255649514,-0.015907084482333578,-0.0091506049398421,-0.025012871346306587
2021-08-20,-0.02660587326630881,-0.009487701714940733,-0.018001267291043677,-0.008076464382787418,-0.004784154943261343,-0.014215533076190612
2021-08-23,-0.013396878703095139,-0.003351234313792917,-0.010150208224388946,0.0,0.0,-0.00529745150059846
2021-08-24,-0.009405040083339311,-0.0051872901413752,-0.007521656717488834,0.0,-0.00011535798242234829,-0.007942344817919
2021-08-25,-0.007994918959914998,-0.0007667162823362661,-0.00570351223906429,0.0,-0.0003901653694878826,-0.0015747543888777749
2021-08-26,-0.012574915230209371,-0.009124100805864788,-0.008580643983032599,-0.005903128664754842,-0.0039740383746807995,-0.013652936981592423
2021-08-27,0.0,0.0,0.0,0.0,0.0,0.0
2021-08-30,0.0,-0.002392550149421302,-0.0011093001543821535,0.0,0.0,-0.0034444328309181094
2021-08-31,-0.005316762683581722,-0.0031653596541521,-0.0045029281643641506,-0.0014816497283051122,-0.001643487988051251,-0.004514282135027026
2021-09-01,-0.003290194057444018,0.0,-0.0026711110828753215,-0.000950876037163817,-0.0011546084187455952,0.0
2021-09-02,0.0,0.0,-0.0005787235618852637,0.0,0.0,0.0
2021-09-03,0.0,0.0,0.0,-0.0002426867854011805,-0.0010996546697522591,0.0
2021-09-07,-0.010304830530343034,-0.0095876863681299,-0.007694207281157106,-0.003817333123582567,-0.004813126600377804,-0.013847594887830272
2021-09-08,-0.008325830869684081,-0.014389682935619819,-0.006986338282333748,-0.005030694822378501,-0.004451791071115485,-0.020783056102994912
2021-09-09,-0.002804706293885517,-0.012899718623968659,-0.002219477752262944,-0.009289631221539474,-0.0058848918302921716,-0.018631266593233886
2021-09-10,-0.007996128282190429,-0.020378331984955644,-0.005594764429476484,-0.01710082321380002,-0.01183567129749541,-0.02947223717546621
2021-09-13,-0.002865438669737097,-0.0179006091207079,-0.0027710460593579622,-0.014585331346190888,-0.009848307272856127,-0.025894087572448488
2021-09-14,-0.00010905414746231745,-0.01420439137094942,-0.0005787184886038022,-0.019903277759504068,-0.011542606047408976,-0.02051611741870174
2021-09-15,0.0,-0.009369114102815157,0.0,-0.011716787988391042,-0.007308074231400452,-0.013532791454752502
2021-09-16,-0.008493056771982532,-0.015396493846693393,-0.006598021961019218,-0.013283490090217454,-0.009509402362259722,-0.02227779799841001
2021-09-17,-0.017328364163324506,-0.021131350867748755,-0.011392436633441916,-0.022894970215253108,-0.01643904986714606,-0.03052074208007527
2021-09-22,-0.01706886576079425,-0.03219931263301912,-0.01464368658773707,-0.030731586537412925,-0.018998577106199677,-0.04650624500432976
2021-09-23,-0.018848980949725314,-0.027075503559585656,-0.01608695077455391,-0.018954776906561,-0.015537943854523784,-0.0391459719092061
2021-09-24,-0.02330586702047699,-0.03215370857811284,-0.019300984338964544,-0.017339031850184816,-0.015760031274456354,-0.046440514964512736
2021-09-27,-0.018496749412511893,-0.031607296527425,-0.014883190330559959,-0.02015000932466182,-0.01850386080547639,-0.0456515532346603
2021-09-28,-0.029570159678388053,-0.03777414031673898,-0.017691787670116033,-0.03989597404291467,-0.031859888908901235,-0.05455819138277673
2021-09-29,-0.031540409560030125,-0.04064064615026097,-0.019213221066519903,-0.03828008453011866,-0.030480639506929252,-0.058738062465779284
2021-09-30,-0.02860357832696958,-0.034758844464438665,-0.01340685505302186,-0.05003443118767892,-0.03706932686547282,-0.0502382509091972
2021-10-08,-0.011151468510356755,-0.004647540471927725,0.0,-0.030731586537412925,-0.027704682477961762,-0.007153234482644488
2021-10-11,-0.008735905643492026,0.0,0.0,-0.0377487015895841,-0.03290910981141193,0.0
2021-10-12,-0.004765549953015924,-0.0033977850944384436,0.0,-0.04011735350638357,-0.03261021134241249,-0.00485056916506732
2021-10-13,0.0,0.0,0.0,-0.03666397833269275,-0.02977383357141472,0.0
2021-10-14,0.0,0.0,0.0,-0.02046022948635773,-0.01901555640833752,0.0
2021-10-15,0.0,0.0,0.0,-0.012999994366199696,-0.016385344032312066,0.0
2021-10-18,-0.0008257706879446491,0.0,-0.001983491751292976,-0.010078002133043662,-0.015143404099416946,0.0
2021-10-19,-0.0014545820017463074,0.0,-0.0017001296085653594,-0.0024410245831600896,-0.011870158904350947,0.0
2021-10-20,0.0,0.0,0.0,0.0,-0.009654456408362933,0.0
2021-10-21,-0.004058457633281165,-0.008957093304801322,-0.0030129412903879826,0.0,-0.00906953864536908,-0.012613654798243057
2021-10-22,0.0,-0.011364281539158805,-0.0012274503169292794,-0.0010361382342489733,-0.008732258422338934,-0.01600362718748216
2021-10-25,0.0,-0.0016209004062893717,0.0,0.0,-0.00499228394232043,-0.0023197114756837722
2021-10-26,0.0,-0.010083154425941987,-0.0017608317385363614,0.0,-0.00397176853991521,-0.0141634474238308
2021-10-27,-0.0009675961700426061,-0.017256651601574302,-0.0037771625363660633,-0.0044302173324696215,-0.004550420639357511,-0.024265428227936425
2021-10-28,-0.002454570452812832,-0.008483106473834212,-0.0070406136221176085,0.0,0.0,-0.011983572867271919
2021-10-29,-0.003267919848784273,-0.004599618151522877,-0.007470470003238305,0.0,0.0,-0.006508103537160803
2021-11-01,-0.0028750340168840482,-0.003642208896787902,-0.00750378692530651,0.0,0.0,-0.005120088475828788
2021-11-02,0.0,-0.001482352650603369,-0.0051370434833922785,0.0,0.0,-0.0019075934041457021
2021-11-03,-0.0056797803154343685,0.0,-0.008634904896293927,0.0,0.0,0.0
2021-11-04,0.0,0.0,-0.002763651663117428,0.0,0.0,0.0
2021-11-05,0.0,0.0,0.0,0.0,0.0,0.0
2021-11-08,0.0,0.0,0.0,0.0,-0.0012038792624839978,0.0
2021-11-09,0.0,-0.0030334866729518906,0.0,-0.0033054399797713963,-0.0013754898057070086,-0.004288126094376232
2021-11-10,-0.008859223064917598,-0.006591698671101653,-0.002199093338658753,-0.011323662935438183,-0.009611501641588416,-0.009410238751949351
2021-11-11,-0.005638598971764663,-0.0054774650435504,-0.0007511923445001623,-0.011003938765202337,-0.01069025159385295,-0.007845780975528682
2021-11-12,-0.0068628672765959076,-0.006077779866289323,-0.0031285553248781017,-0.0035399275649063977,-0.005365447748941987,-0.008710041108852762
2021-11-15,-0.010170368020704479,-0.00802770543818454,-0.0035075045402647165,-0.0031987724818450802,-0.006706191501730796,-0.011517278884978666
2021-11-16,-0.01284220520170376,-0.014277957465320235,-0.006155941112977459,0.0,-0.004671435734607932,-0.020475224657278468
2021-11-17,-0.012694528482208867,-0.013463748517060892,-0.006403491479933465,-0.0024291346531977176,-0.004728161847169843,-0.019303286587084023
2021-11-18,-0.011271712457695093,-0.01759791038738534,-0.006456982039381942,0.0,-0.002443305167482257,-0.02529386161307645
2021-11-19,-0.014744736476901221,-0.017049135710033636,-0.009744662887783861,-0.001788239615495013,-0.002458029469219025,-0.0245040145315909
2021-11-22,-0.024458045687892338,-0.0240360474948077,-0.018610870761370135,-0.004598409825426364,-0.007041630059110515,-0.03456196275637169
2021-11-23,-0.027676421516171668,-0.024439379056538035,-0.020489827927255178,-0.00327848560333055,-0.007859590719217713,-0.035103302745975395
2021-11-24,-0.02419437620644127,-0.02742328606513811,-0.020344631018770598,-0.00061752059438136,-0.005049948727820164,-0.03943811515960305
2021-11-26,-0.037819179570647066,-0.039980232824333495,-0.02996784672952646,-0.022906818781878613,-0.013459444499243522,-0.0574746638596888
2021-11-29,-0.03810382296257031,-0.030274370846285592,-0.02962327505977702,-0.01092122333538792,-0.007114496573490614,-0.04354289804332523
2021-11-30,-0.04568051465437606,-0.03747919444933667,-0.035344504871688276,-0.030166402003406367,-0.016370505673847235,-0.053871605176796455
2021-12-01,-0.053660633551462666,-0.04308071340846653,-0.04203551116906734,-0.04093848960019619,-0.022184414483039983,-0.06190995640308394
2021-12-02,-0.045701392356935044,-0.04123949344208433,-0.03829692745690849,-0.026249209778553273,-0.014095605918420628,-0.059280532485806114
2021-12-03,-0.04656971032054191,-0.0515569704741945,-0.04204783329720041,-0.03472195353786178,-0.016939314358917823,-0.07397724171448561
2021-12-06,-0.047334854967285844,-0.05485765068519022,-0.04427416109975224,-0.02328990383002394,-0.011954717707588824,-0.07869152365238896
2021-12-07,-0.04024281363397819,-0.05051290162511235,-0.0403792242908968,-0.0030869083480657977,-0.0011565854964984412,-0.07248666413186666
2021-12-08,-0.04202632900688841,-0.05057105239283732,-0.04030987197269198,-0.0004471988286420814,-0.0008082132495301764,-0.07260823020028195
2021-12-09,-0.05017891760892346,-0.05725876316527989,-0.046910375551151295,-0.00719553890341551,-0.003928832335606036,-0.08212110214101986
2021-12-10,-0.04769748373788829,-0.05755785833515581,-0.047284385908629156,0.0,0.0,-0.08258677493359678
2021-12-13,-0.049264100857042914,-0.06186924698946006,-0.050308627682513096,-0.008858454780729441,-0.0035249911382227994,-0.08874450842733594
2021-12-14,-0.0564744358084156,-0.06623069241848634,-0.055595195150686005,-0.015677502700795043,-0.00835377212078936,-0.09497345037968086
2021-12-15,-0.053817633964899025,-0.05934880810668963,-0.05419001210515295,-0.0002973542953557118,0.0,-0.08514513876667285
2021-12-16,-0.05133918703327145,-0.06009737938637627,-0.050725130055218504,-0.009113181362415124,-0.004222275229107231,-0.08617595836136283
2021-12-17,-0.05368178456100414,-0.06502717519649925,-0.052540382273659425,-0.019659000470914845,-0.009755152182043259,-0.09325498266700327
2021-12-20,-0.060719757643584726,-0.0676643475562515,-0.055701408286551346,-0.030083451893827995,-0.016436311265269565,-0.09698321760005113
2021-12-21,-0.05063794137397715,-0.0605121812781102,-0.05001697465109589,-0.0128588057835618,-0.007519542361827725,-0.0867305556457807
2021-12-22,-0.04207883769759324,-0.057809818309287886,-0.04521398825538414,-0.0029885146383566985,-0.0011414598607656368,-0.08287130487226513
2021-12-23,-0.04050816860845641,-0.04963542697069556,-0.04223134498639969,0.0,0.0,-0.07119715349175393
2021-12-27,-0.031044184480427006,-0.045530157591089915,-0.036431765397333726,0.0,0.0,-0.06537325802210803
2021-12-28,-0.03389849589269711,-0.050927704702097065,-0.038745011771896154,-0.0008170482885553332,-0.0005675709231440784,-0.0730435505751259
2021-12-29,-0.03532428507775076,-0.05357282313015643,-0.03876681635666124,0.0,-0.0017666473297982543,-0.07682132763022287
2021-12-30,-0.031972208937065205,-0.05349081140569856,-0.03661878287010545,-0.0027646169613971816,-0.002184030844450846,-0.0767426979107323
2021-12-31,-0.032693445540410426,-0.05335921392281373,-0.03737950003175061,-0.005277824631396366,-0.004172800933369469,-0.07655307069917683
2022-01-04,-0.03772626572313309,-0.05047421922427453,-0.03820091133319081,0.0,-0.004828722189429757,-0.07246466087236758
2022-01-05,-0.05187659738697337,-0.06172935349553166,-0.04693054543789965,-0.01920201348560402,-0.01802705757223,-0.08841677926515612
2022-01-06,-0.054382261191253556,-0.06610567850389626,-0.05138399109916425,-0.020123485722355117,-0.019550322840850898,-0.09461955295893121
2022-01-07,-0.05811301894944443,-0.0719454182713104,-0.05382813747342752,-0.023997359363142734,-0.02315924544662762,-0.1028964517065708
2022-01-10,-0.058503019895925434,-0.07170534139108453,-0.05420934116741882,-0.0252117363998422,-0.02399255879228157,-0.10251935376555477
2022-01-11,-0.044788459115965074,-0.06626082069522166,-0.04568203573652385,-0.016333357526462255,-0.017723788144500707,-0.09476561730986599
2022-01-12,-0.04446334722429224,-0.05985463240343203,-0.046403351665308956,-0.013673929008101493,-0.01605684157653786,-0.08572381984089639
2022-01-13,-0.04916640577775189,-0.06947613235876571,-0.05090179678604223,-0.02726418065703551,-0.022974303405498442,-0.09939813341192949
2022-01-14,-0.05183651472112161,-0.06774732128743344,-0.050846126341496656,-0.02686615149373961,-0.025436980559846445,-0.09694813484510789
2022-01-18,-0.05863797455783648,-0.07018179039450623,-0.05134980988213145,-0.04410007893859269,-0.0387343172608422,-0.1003246779334035
2022-01-19,-0.05751816421182154,-0.07157631259885322,-0.05087446061295442,-0.054025684387520756,-0.04376212353734843,-0.1023764339250286
2022-01-20,-0.06115228597242883,-0.07768533547650092,-0.05428009628389219,-0.06449563522826374,-0.049220626465613204,-0.11103513622656913
2022-01-21,-0.06389613482802292,-0.09408711406218107,-0.05688379105014951,-0.08286033043637653,-0.05800184370938344,-0.13424435841851035
2022-01-24,-0.06377256044351154,-0.09390292125248967,-0.0549328188252054,-0.07896535022004636,-0.056008363311455533,-0.1340218432126603
2022-01-25,-0.06566806484764631,-0.09563037399158558,-0.05438973482926346,-0.0902104570690212,-0.06328350359215129,-0.13639565499259987
2022-01-26,-0.07372068580264679,-0.0969673990460056,-0.058560155485923304,-0.092492894913901,-0.0674256125912489,-0.13832851541083369
2022-01-27,-0.07198487415380006,-0.102701614006246,-0.06016733127671492,-0.09697395707303824,-0.06848963141894748,-0.1464935108103128
2022-01-28,-0.06639622005258528,-0.09868573662783142,-0.05951413162093333,-0.07454706310171622,-0.05412767073033964,-0.14071993155103746
2022-02-07,-0.06372123354566428,-0.07332046023803529,-0.05427479414532055,-0.06342784676299373,-0.051453550332550946,-0.10558910000991928
2022-02-08,-0.06467801430476816,-0.07156489675893396,-0.05531263549465981,-0.055721767946683265,-0.04793900639495108,-0.10319281288640259
2022-02-09,-0.05734236724893205,-0.06758371550995357,-0.05366151537874686,-0.04190118228142492,-0.03895906220321377,-0.0976439616114072
2022-02-10,-0.07121786134758423,-0.07449982325628479,-0.058985718121461805,-0.059114275493645674,-0.05294635195291686,-0.10722429454823268
2022-02-11,-0.06222996743653708,-0.07899859725193425,-0.05037593971811272,-0.07766709156699747,-0.0604884883846557,-0.11345654703841945
2022-02-14,-0.06525367913308655,-0.07853983824750899,-0.0496637425310289,-0.08068267652620664,-0.06492819190618304,-0.11278853089769447
2022-02-15,-0.0663555173479845,-0.06733612736534889,-0.048781950038800814,-0.06585687317930278,-0.05694668654449586,-0.09734027882396601
2022-02-16,-0.060524347968997305,-0.0634565808418438,-0.04387513554866296,-0.06480985086093749,-0.05553080257713949,-0.09196735266342015
2022-02-17,-0.06231705638572471,-0.07614476309890228,-0.04346104146629992,-0.08478681609759053,-0.06579654713607763,-0.10950820210298562
2022-02-18,-0.058405927306388494,-0.07697389045826819,-0.04090454466535198,-0.09071306590984407,-0.06821957170129689,-0.11069225992864062
2022-02-22,-0.05830846019271585,-0.0879769434498815,-0.04152358330469674,-0.10047097621180034,-0.07423723163124507,-0.12593581475462268
2022-02-23,-0.06085832774866895,-0.09056420533421994,-0.037143793655243895,-0.11642741115050881,-0.08597346933545891,-0.12948543704381332
2022-02-24,-0.05489215811487769,-0.08460052224279246,-0.03315301686376171,-0.103130540901616,-0.07694463461731882,-0.1212255840975609
2022-02-25,-0.052829027184692845,-0.07632649804872338,-0.0364514436787341,-0.0833419688731123,-0.06491051114969693,-0.10976551770313514
2022-02-28,-0.03181175979995998,-0.06427016653605822,-0.020814675757040324,-0.0856872498445268,-0.06211178874968293,-0.09306174171707393
2022-03-01,-0.01614893015276042,-0.058672574696841395,-0.00795340975307468,-0.09961234710158429,-0.06702843483961618,-0.08526093114232625
2022-03-02,-0.015902271940639756,-0.05763275471593621,-0.008818244068734882,-0.0830487236445262,-0.06252729295452952,-0.08379732103500426
2022-03-03,-0.014104768184888039,-0.06402023730798811,-0.009222092459042708,-0.08761366742001331,-0.06372944817375481,-0.09282968127595448
2022-03-04,-0.00016686990905945276,-0.07290983182503219,-0.0031268949252541978,-0.09502650100773757,-0.06457438435305096,-0.10534875271889366
2022-03-07,-0.00041782815067448187,-0.07998165244735445,0.0,-0.12170446355051068,-0.08260153767036549,-0.11530932179898035
2022-03-08,0.0,-0.0743906902812489,0.0,-0.12836338387700086,-0.08914465727922183,-0.10743692814399008
2022-03-09,-0.02402501494348752,-0.06554603387198044,-0.01963449177738885,-0.10499418343629552,-0.07707246492312159,-0.09498264855380845
2022-03-10,-0.03152729216458561,-0.07134501968480278,-0.021185337522091507,-0.10903561605260004,-0.08126784721414193,-0.10314955283096838
2022-03-11,-0.026712311922474363,-0.07738605324750669,-0.0167676613187685,-0.12036426408928669,-0.08834071548656586,-0.11162046852006413
2022-03-14,-0.04876536833866563,-0.08046316180964852,-0.02586620227295766,-0.12679291848518048,-0.09698594251835102,-0.11599290567333276
2022-03-15,-0.05818832065806079,-0.08025361252719021,-0.038933110141061156,-0.10759083691384896,-0.08533507594297207,-0.1156252385712514
2022-03-16,-0.052452563789758155,-0.07038198918538241,-0.041712741468053594,-0.08780226488534482,-0.07365827338843878,-0.10179850477926022
2022-03-17,-0.032098150175345896,-0.06750207486199922,-0.028886045026686014,-0.07638980331803591,-0.06733749333281136,-0.09774390583323245
2022-03-18,-0.027480553300820776,-0.0635414402366481,-0.030981424369901034,-0.06627369400340466,-0.06003959981194984,-0.09213053737919952
2022-03-21,-0.028093475597530615,-0.06427220093027053,-0.02958119325358466,-0.06654664968517898,-0.06496330413871343,-0.09316213765464876
2022-03-22,-0.031050241028463432,-0.058992464739379025,-0.030860344480924895,-0.055623996841912327,-0.0602166869231755,-0.08572836353872959
2022-03-23,-0.016152720827421474,-0.05818406888977601,-0.02117530807116952,-0.06778608226961935,-0.06529072205728104,-0.08466468333797394
2022-03-24,-0.017701619473597496,-0.0513833298448213,-0.022608779220768316,-0.05373352853057578,-0.05865108479542136,-0.07508893316580234
2022-03-25,-0.02004233244499798,-0.04942102025917816,-0.023286380378808147,-0.04911234594412717,-0.05949095601772114,-0.07225300225372888
2022-03-28,-0.03127014663362637,-0.044094280590710744,-0.032386796541723495,-0.0423485735971999,-0.05452425903359159,-0.0647551899037695
2022-03-29,-0.02648656291121776,-0.039744142289223294,-0.03425197201151642,-0.030501657002352522,-0.04545781588648945,-0.058630576922196975
2022-03-30,-0.021378611391128843,-0.04302967535154856,-0.03134592719729534,-0.03648823076922125,-0.047735742645166224,-0.06333206134322777
2022-03-31,-0.03223372694515625,-0.049227269256702844,-0.03636294658323469,-0.05131791500259586,-0.056210728398384036,-0.07205814864483429
2022-04-01,-0.031436941502527294,-0.04712839470207808,-0.03860175904103802,-0.04862927770711334,-0.05706421296178321,-0.06908299525905992
2022-04-06,-0.05827362996576546,-0.06074517913330768,-0.05084121956813836,-0.062072532270253,-0.07110202420436107,-0.08835964319914225
2022-04-07,-0.05865144481951634,-0.05774531570711705,-0.04984742604145331,-0.05734636149191197,-0.06919528550332144,-0.08410721404652588
2022-04-08,-0.05740864559852099,-0.06095469642017315,-0.046996795313732465,-0.05986709938323975,-0.07256379599168084,-0.08862192353996878
2022-04-11,-0.06841272284636701,-0.07025549684598231,-0.04899156198093069,-0.075936148115327,-0.08391391990005226,-0.10185264262828775
2022-04-12,-0.061428852427887426,-0.06726859514729466,-0.044151924503087026,-0.07935983892551035,-0.08419911961276705,-0.0976188263684804
2022-04-13,-0.05019696978851729,-0.059874596201643704,-0.03933617992012617,-0.06881540229882044,-0.07709622770097302,-0.08713560140328125
2022-04-14,-0.054834494957118785,-0.0635448259575283,-0.03507572499956557,-0.08041012935879832,-0.08732294193758106,-0.09230394948662446
2022-04-18,-0.05200279145226605,-0.06180171420537428,-0.03220731916250308,-0.08003211739940408,-0.0881524064162238,-0.0898764736666322
2022-04-19,-0.06005181718031927,-0.05982308772462119,-0.03938030650715507,-0.06518139467621475,-0.08167916062313874,-0.087034814854001
2022-04-20,-0.05129778719539424,-0.0618981608779563,-0.03869978659732909,-0.06587464355419592,-0.07927962929302623,-0.09005434966440595
2022-04-21,-0.05779422570150217,-0.06784259117290425,-0.03676770511628047,-0.0798431114197069,-0.08962199163710127,-0.09848536912282979
2022-04-22,-0.07513989153867884,-0.07558502738625894,-0.040887597778903495,-0.10509140985524656,-0.10451697938156967,-0.10942834442568261
2022-04-25,-0.07802561376625083,-0.07587965375398942,-0.04787967356130296,-0.09990320932970642,-0.09909923198841764,-0.10988897843402612
2022-04-26,-0.08090471618726713,-0.08663590247877018,-0.04637124439342899,-0.1259706471534796,-0.11223235709486101,-0.12510581410720323
2022-04-27,-0.08276380112616255,-0.08354525914543132,-0.0457712826720702,-0.12351302473159687,-0.11280521091828821,-0.1207250183987616
2022-04-28,-0.07097268182114103,-0.0793929901603797,-0.04324735973534455,-0.10137352061629135,-0.1001173832033857,-0.11491406298255424
2022-04-29,-0.08801233487961813,-0.08623399342131577,-0.04350373807235863,-0.13458287891784093,-0.12188484715142611,-0.1245317978344237
2022-05-05,-0.09641982484219369,-0.09086426910344181,-0.04710995251935479,-0.13078090380535312,-0.12304199938746307,-0.13105815569263968
2022-05-06,-0.10449096982090511,-0.0954052870068216,-0.049519173240822556,-0.13596924050234838,-0.1281847064084637,-0.13738096667617217
2022-05-09,-0.1303229193385903,-0.12120441335825793,-0.06554791695002371,-0.16363308438014101,-0.1424611863013464,-0.17326307438052868
2022-05-10,-0.12839579609390817,-0.11558871834929041,-0.06059533935254069,-0.1617006752606297,-0.14012159490990028,-0.16544781918317852
2022-05-11,-0.11712182156443318,-0.12331264225886007,-0.05504214199560631,-0.1750179712277894,-0.1460742464379522,-0.1762013610069667
2022-05-12,-0.11761444951617772,-0.12181929264058144,-0.051312562275680706,-0.1758792556813804,-0.1454356472238053,-0.17415992039015615
2022-05-13,-0.10279527160146085,-0.10986391580727817,-0.037401480204779625,-0.15617606315523247,-0.13528742943474803,-0.15755532116983484
2022-05-16,-0.09851418095230102,-0.108855466156356,-0.03473981577887797,-0.15960016247978126,-0.13590109066711475,-0.15612211931949704
2022-05-17,-0.09771528290316422,-0.10251485923688897,-0.034723815061041385,-0.1423128558245239,-0.12804456806055975,-0.14729808089008878
2022-05-18,-0.10576295436621286,-0.11428347672982087,-0.03578108685112258,-0.1768875372207659,-0.14659679638031753,-0.16368220867369232
2022-05-19,-0.10239249067590062,-0.10735454709439951,-0.03296104726010418,-0.18192880874623907,-0.14840024437152954,-0.1541101534774646
2022-05-20,-0.099957733875918,-0.11139283353901719,-0.033875780232248354,-0.18157149484802204,-0.14654095044755255,-0.15973355839454306
2022-05-23,-0.09945016964834852,-0.10886297666362688,-0.034993669431102714,-0.1662588104633611,-0.13937334805292445,-0.15621803069618145
2022-05-24,-0.09472958088829231,-0.1093083297064853,-0.034276473261689144,-0.1726233281038967,-0.1402039432732214,-0.156804554667629
2022-05-25,-0.08818676271588943,-0.10729652370321408,-0.03274684457775434,-0.16531357630769306,-0.13503528656476926,-0.15404175139221477
2022-05-26,-0.07961489108955921,-0.10440979560950392,-0.030623201057119465,-0.1486352283997019,-0.12505247630620286,-0.15009650119045137
2022-05-27,-0.07015627426841398,-0.10273791929700515,-0.03078635722367984,-0.12773502069738163,-0.11181529817832103,-0.14770035346238375
2022-05-31,-0.08214198873513323,-0.09711707895500898,-0.033589803133650564,-0.1326293632227875,-0.11852426138902761,-0.1398472493515721
2022-06-01,-0.08498251426252035,-0.10427368767140455,-0.035173801951352224,-0.13964532510458438,-0.12478749580243742,-0.14975866642475866
2022-06-02,-0.07054621388137505,-0.09733386593095339,-0.03029932219339826,-0.12326097136818259,-0.1142844414522276,-0.14022499911663144
2022-06-06,-0.07424228048058135,-0.09699298697610192,-0.02590727718242758,-0.13502393826095294,-0.12477145390647915,-0.13972715873079378
2022-06-07,-0.06460468083591098,-0.09460208823520655,-0.022649164755677575,-0.12672694341517865,-0.11831136114101426,-0.13638528249094828
2022-06-08,-0.07241912374181148,-0.10082549019038056,-0.026835569758214772,-0.13622129386576298,-0.12539898627200652,-0.14503673246838067
2022-06-09,-0.0800974791352621,-0.10748516582907786,-0.029117567331604755,-0.15676432384132166,-0.13823275594750928,-0.154292002979195
2022-06-10,-0.09467756629275792,-0.11668630115509937,-0.03274488647769136,-0.18121452137844296,-0.1565582506088693,-0.16696031837720493
2022-06-13,-0.13454626612315213,-0.14868901421518055,-0.05410502854148569,-0.21230239649505678,-0.18163070599550946,-0.2112994404029117
2022-06-14,-0.14884596072134904,-0.15247370266564664,-0.06268659600433102,-0.21467600112913487,-0.18577722573509792,-0.21650635454883138
2022-06-15,-0.13275213103174066,-0.14678961817110203,-0.05849316660762527,-0.20348018834691106,-0.17426950775027983,-0.2086772180961629
2022-06-16,-0.14264675778374813,-0.1593235972018996,-0.0607268563021337,-0.22984189268518374,-0.18812256570513097,-0.22609910417156365
2022-06-17,-0.1508622324911857,-0.16090920297906652,-0.06557525536790554,-0.22818155413298857,-0.18700783989566538,-0.22826194631990193
2022-06-21,-0.15206854073994858,-0.15642478574378582,-0.06860973834433726,-0.20875199814589052,-0.1769372860311813,-0.22213714752572078
2022-06-22,-0.1498903076199738,-0.15755267918013627,-0.07073191179442662,-0.21018656442550798,-0.1735066065157459,-0.2237363272401255
2022-06-23,-0.15328044797673912,-0.15759198696192656,-0.07663474810664828,-0.20244433208786494,-0.16683803874212988,-0.22379381746171845
2022-06-24,-0.1471673614509864,-0.15399403725236838,-0.07878077106758741,-0.1770868922310519,-0.152606411177441,-0.21874713225262687
2022-06-27,-0.15172748752559773,-0.15365950582307886,-0.07879109833062037,-0.1802303421866125,-0.156470838535131,-0.218293872457749
2022-06-28,-0.15440769772519236,-0.15942625943372402,-0.07837564378376427,-0.19698038436572063,-0.16624002432097895,-0.226349048286568
2022-06-29,-0.15849160093509995,-0.16229638230930832,-0.08456499725885569,-0.19763455203608438,-0.16387119379871307,-0.23036015285707756
2022-06-30,-0.16804787090285334,-0.16652115415565716,-0.09056316360076166,-0.20415294342089774,-0.16519626738048765,-0.23623403770895635
2022-07-01,-0.156914928161619,-0.1685536930385393,-0.08605223812947083,-0.19573577726598612,-0.1563191280938867,-0.2389213317935236
2022-07-05,-0.17285107293248203,-0.16528765552838298,-0.09420234523982118,-0.19421692085565367,-0.154120963419214,-0.23458456159299124
2022-07-06,-0.1869499733906158,-0.16654077482857177,-0.10356482374691245,-0.191495602410944,-0.15528508055589574,-0.23625618064399245
2022-07-07,-0.17357658222957206,-0.15629227711562388,-0.09495441501807977,-0.1793863515078209,-0.1497234337147424,-0.2226147575820241
2022-07-08,-0.17228154536061013,-0.15469999061412332,-0.09197990991642857,-0.1800614895822722,-0.1521751128154829,-0.22046702038009114
2022-07-11,-0.17598158213552206,-0.169468292306045,-0.1002470892594608,-0.18942804312223294,-0.15545486358880256,-0.24017032193592946
2022-07-12,-0.18664918390491525,-0.17487702369807034,-0.10624064437356229,-0.19660087452032027,-0.15918467406338388,-0.24734402015659773
2022-07-13,-0.17922637067952585,-0.17033957136733358,-0.1010073326084755,-0.20082001088554735,-0.16040166957837554,-0.24130671107106272
2022-07-14,-0.18758725215031768,-0.17108647268360322,-0.10305012383327883,-0.20276065837809298,-0.16348636030592023,-0.24233627421749349
2022-07-15,-0.1752849655069716,-0.16579169535273686,-0.09949846613510871,-0.1875294726093173,-0.1527561329657644,-0.23525988247267693
2022-07-18,-0.17278141351427434,-0.15823035524474016,-0.09435855939443327,-0.1942378912597411,-0.15795903984063375,-0.22520484118365647
2022-07-19,-0.16341794638476048,-0.14795774952777996,-0.09007391449878477,-0.1724669351876994,-0.14579340649199135,-0.21153235225850642
2022-07-20,-0.16085670017004394,-0.14518736776218355,-0.08890105338554943,-0.16719294664543793,-0.14280109808967667,-0.20784821072502557
2022-07-21,-0.15367094601534215,-0.1412323946728793,-0.08533554823297151,-0.15871239267817105,-0.13367151196128602,-0.20267988653117208
2022-07-22,-0.1529141296872608,-0.14678917252323165,-0.08693181366765934,-0.16651780857098664,-0.13472654513701776,-0.21011326335026093
2022-07-25,-0.15241156441941128,-0.1527517433235589,-0.08753866306701341,-0.16550530571649258,-0.13529890775863773,-0.2180333151495214
2022-07-26,-0.15577162555914237,-0.15721547961317373,-0.08999808106221474,-0.175378008555109,-0.14138164020089083,-0.22398069370790474
2022-07-27,-0.13904185043320993,-0.14088234546462397,-0.08005439335478826,-0.15396579618156314,-0.1272190633946948,-0.20223940948121755
2022-07-28,-0.12405287027792067,-0.12819386488358597,-0.06952682999128601,-0.14335443128468517,-0.1171733409100919,-0.185381360324122
2022-07-29,-0.11751783327396992,-0.12552472299391793,-0.06786396327681732,-0.1308655343647065,-0.10919498579390563,-0.18185507316400995
2022-08-01,-0.11611666070116666,-0.12730259222356566,-0.07067282503427297,-0.13343937912352843,-0.10869384482669409,-0.18430812651307604
2022-08-02,-0.13229450298509404,-0.130343954959663,-0.07461938688273073,-0.1391563334092728,-0.11716478714317435,-0.18848011817034072
2022-08-03,-0.1233839579569388,-0.12731299314766542,-0.07352873267985405,-0.12567590403888762,-0.10741540445160014,-0.18433152221135707
2022-08-04,-0.12655654787453263,-0.1278705159766642,-0.07468751633791038,-0.1262665477254411,-0.10597978171705413,-0.18516039047956756
2022-08-05,-0.1392394005444817,-0.12725019106444624,-0.07799791349450924,-0.12774332715614367,-0.1120468426434974,-0.18438808023696873
2022-08-08,-0.12570184749169855,-0.1227206370152436,-0.07291542906025106,-0.12875596618209295,-0.11059926726396518,-0.17827806649629896
2022-08-09,-0.13006734251631158,-0.12841544184575282,-0.07631399586146403,-0.13221574242788126,-0.11377906423924,-0.1859907079436114
2022-08-10,-0.12162065328061766,-0.11865687315266316,-0.07426362391233998,-0.11398878464661533,-0.10236646616691147,-0.17276376134593374
2022-08-11,-0.1234654578996709,-0.11773055762846685,-0.07046835541696572,-0.11398878464661533,-0.10470841621276894,-0.1715093906885483
2022-08-12,-0.11267281576394028,-0.10987745495084844,-0.0668735553468901,-0.09898956695162509,-0.09409281547971915,-0.1609056579677538
2022-08-15,-0.11890101887770776,-0.11251581168279856,-0.071507686071145,-0.09527657988505367,-0.09068952779338968,-0.1644729810958595
2022-08-16,-0.11848224676808228,-0.11241886640862109,-0.07079816815550843,-0.09350451265393822,-0.09000712086237717,-0.164379318520109
2022-08-17,-0.12622715807452956,-0.1177900258685084,-0.072743010918218,-0.09993861390803649,-0.09633961475582697,-0.1716852750962573
2022-08-18,-0.1189640810156034,-0.1176408556103945,-0.06925033829104266,-0.09732289642676728,-0.09405227612946432,-0.17162024794127906
2022-08-19,-0.13322906510395338,-0.133696764188045,-0.07557775158519164,-0.10945311773397781,-0.10453263478062635,-0.19345011031638504
2022-08-22,-0.13947146912917086,-0.1363312481610478,-0.07657118796726481,-0.12799640180547156,-0.11746315764095383,-0.1970790776636776
2022-08-23,-0.13526231868831018,-0.13481726066716437,-0.07276985458779384,-0.1301060380738127,-0.1196090453554991,-0.19495987290816374
2022-08-24,-0.13418664003594494,-0.1348811663998183,-0.0719477661311253,-0.12732146798820299,-0.1190504827969262,-0.195151415207252
2022-08-25,-0.12656830141105313,-0.13036514287737655,-0.07098586837502885,-0.11500149175829222,-0.10926808996727677,-0.1890510983430187
2022-08-26,-0.13755462292425313,-0.14528395505838265,-0.0772953334588381,-0.1449576459114602,-0.12809727288925743,-0.2093356125819993
2022-08-29,-0.14034966251896963,-0.14616076414341994,-0.07690314619130612,-0.15061134855630465,-0.13354262852217846,-0.2105430630140095
2022-08-30,-0.15162927735264786,-0.15117703267529425,-0.0801421107345931,-0.1599358251166354,-0.1393786528467833,-0.21740028293028602
2022-08-31,-0.16518174834105992,-0.1524042722472101,-0.08323297570297017,-0.1663279174768313,-0.14473549745877667,-0.21913495170367325
2022-09-01,-0.1795498010649702,-0.1513136864818847,-0.08727541785111126,-0.16371206382410686,-0.14584492299711516,-0.21774055542322424
2022-09-02,-0.1757571260558527,-0.15360355580949092,-0.08389290307889896,-0.1725301187428716,-0.14937144873337427,-0.22084231186406134
2022-09-06,-0.19101410863223622,-0.16048338141348595,-0.08981165575072025,-0.17565239403716193,-0.15509583943142558,-0.23007137564179592
2022-09-07,-0.18495819351789866,-0.15367952469741708,-0.09090726828213169,-0.16084306743632693,-0.14377336486672465,-0.2210013223056917
2022-09-08,-0.1882103384191275,-0.15261791813109105,-0.09332723289903155,-0.15535801313864006,-0.1416532352904668,-0.21964894138198765
2022-09-09,-0.17416856833953542,-0.1398146083200308,-0.08989758978116447,-0.1422363955524779,-0.13354236257660812,-0.20251679829719882
2022-09-13,-0.1838160533714842,-0.14806375604612065,-0.08981381862760907,-0.17071597453212617,-0.15378902787301796,-0.21361137517896178
2022-09-14,-0.1798967101716713,-0.1468935531992852,-0.0902840393475437,-0.16755148608675063,-0.15167136067692488,-0.21205072722595708
2022-09-15,-0.19259876719077174,-0.15219277843106382,-0.09486077873241072,-0.17700246592888147,-0.15864308256134463,-0.21924442550745005
2022-09-16,-0.19917875429593646,-0.15292665987035126,-0.09649970526943341,-0.183280991295513,-0.16223621111621556,-0.22023230116233505
2022-09-19,-0.19803755308040272,-0.15278764707954595,-0.09863022905973695,-0.17694752074674336,-0.1592883015773474,-0.22006281539964578
2022-09-20,-0.2061016688599394,-0.1579934920254219,-0.09930977237493421,-0.1863948920453139,-0.16717470749112284,-0.22700510492605674
2022-09-21,-0.20543519281776634,-0.16077216624629964,-0.09824330457367214,-0.20058729386875862,-0.1745864917434906,-0.23079359347692552
2022-09-22,-0.21796312506801607,-0.1582569490730451,-0.09856097662747765,-0.2073021125775727,-0.18374477773517572,-0.2275592919712165
2022-09-23,-0.23539375042352528,-0.1674222895569223,-0.10582354329956556,-0.22058373162349276,-0.19151281396936692,-0.2398329394477975
2022-09-26,-0.25601913971386026,-0.17041649351578736,-0.11019089620255573,-0.22829430409782203,-0.20172517138162127,-0.24379411696638786
2022-09-27,-0.26215925546711627,-0.1704914036034949,-0.10763782046600001,-0.23026429653894476,-0.20514466838034828,-0.24399536340412908
2022-09-28,-0.23490439378112637,-0.16331904220497573,-0.10545195524681517,-0.21511855835825255,-0.18858998453990194,-0.234432490378374
2022-09-29,-0.2475519088496807,-0.1653646097784538,-0.10636163068547566,-0.231514010068246,-0.2002098920016312,-0.2372397327533592
2022-09-30,-0.2572133250949016,-0.16551179576811825,-0.10466918551769933,-0.24339769295597413,-0.20838284097495674,-0.2374394202129091
2022-10-10,-0.24361468785583362,-0.16472640148237383,-0.09914795404055765,-0.23738170615480092,-0.20838400067762552,-0.236560912231093
2022-10-11,-0.24590841554031462,-0.16807781133307842,-0.09839335851746145,-0.24221123106757292,-0.2106226760619928,-0.2410162444330055
2022-10-12,-0.24458339561501863,-0.16742652093349808,-0.09681135493576742,-0.24471086238335826,-0.21116723702356865,-0.24015769056151326
2022-10-13,-0.2392643046366234,-0.16261963526383583,-0.09866451401060994,-0.22477774435525166,-0.19997591487750055,-0.23387464909652145
2022-10-14,-0.25081314232527063,-0.1691634030681195,-0.09789804457833662,-0.24244428851299915,-0.21281811846093934,-0.2425689591258957
2022-10-17,-0.24509283347905808,-0.16239459670102463,-0.09944349990485224,-0.22297742154720024,-0.20026692858919481,-0.2336012794637663
2022-10-18,-0.24651856465131072,-0.16355059259827176,-0.10500769061871307,-0.21384767016768125,-0.19374233789003603,-0.23514271634003858
2022-10-19,-0.2550998574143488,-0.16627928391709057,-0.10683568004425903,-0.21941885291072716,-0.20051188043669887,-0.23877229820352408
2022-10-20,-0.2604528192194986,-0.16812526530225136,-0.10612500094043897,-0.22596407007219776,-0.2069343687980747,-0.24135368275547064
2022-10-21,-0.2561543985492455,-0.16288665269376723,-0.1046391461136813,-0.2071539580344095,-0.19443194918619544,-0.23443616496604736
2022-10-24,-0.2550967030650896,-0.16004747187438229,-0.10455897599271347,-0.19745235462914268,-0.18873819895432709,-0.23065623331126572
2022-10-25,-0.24172990175069242,-0.1518516276271359,-0.1048109635207709,-0.18463678238834724,-0.17685888584945741,-0.2197818207311405
2022-10-26,-0.23480006597603875,-0.1472921666441951,-0.10299024823909142,-0.1907798171571412,-0.17912885199774076,-0.2137971776981309
2022-10-27,-0.23115894586591668,-0.14991733515617855,-0.10174764798996172,-0.19510108211370325,-0.17962720263634235,-0.21738207570796841
2022-10-28,-0.23197126452884853,-0.1470502530120661,-0.10544642203424492,-0.1759519712384109,-0.1692254978094191,-0.21355151407996775
2022-10-31,-0.23663715601487634,-0.14891870849777045,-0.1057173539925722,-0.1819042978843186,-0.17440157631302744,-0.21605032849549788
2022-11-01,-0.22998371887787428,-0.1464136145486158,-0.10266295425886629,-0.18548417735351685,-0.17662886150725698,-0.21273042886596372
2022-11-02,-0.2372853772026694,-0.15444295072638192,-0.10464601768042825,-0.2059254191663783,-0.18956692931288777,-0.22357895637674907
2022-11-03,-0.24309286533519903,-0.15458392916113273,-0.10608733998731201,-0.2141018341886498,-0.19595510294344964,-0.22387019953342235
2022-11-04,-0.2291338463469893,-0.14190146708836804,-0.09651009170272351,-0.20279034375530747,-0.1898070050957319,-0.20696808560480695
2022-11-07,-0.23082450103321417,-0.14313000277810162,-0.09749185690106776,-0.19516467418324113,-0.18634640090216714,-0.20860199740964425
2022-11-08,-0.2294315978622986,-0.15033390333591445,-0.1000063798533446,-0.19082216647968164,-0.18154371071087372,-0.21828216160093317
2022-11-09,-0.24278719875263732,-0.16802747471398305,-0.10751779593117616,-0.20749295687191394,-0.1905160774299699,-0.24212789097347398
2022-11-10,-0.2130942023083705,-0.15034501072102202,-0.10615828169625718,-0.16394137655451724,-0.15674887633242152,-0.21850261514844305
2022-11-11,-0.2083803147564568,-0.1507268172781011,-0.10654450861204157,-0.15584966017732627,-0.1525505439099042,-0.21898909721230897
2022-11-14,-0.21675964581057605,-0.15475745707144728,-0.11131542069874922,-0.1630304576055377,-0.15770472825727377,-0.2244052691870212
2022-11-15,-0.20736273217406476,-0.1529750071922259,-0.11006028518569178,-0.15589194141413887,-0.1508935235796136,-0.2220908883175482
2022-11-16,-0.20769940530695752,-0.15630645357250472,-0.11285327365793918,-0.16233121718353138,-0.15230364558232534,-0.22658864698469938
2022-11-17,-0.21753618378680595,-0.15984673540848093,-0.1169966702353582,-0.1648944405688546,-0.15616932330784183,-0.23142939761921466
2022-11-18,-0.2215303170304198,-0.15945189747970334,-0.11962481719426687,-0.1611028144869553,-0.15506528352696247,-0.23090838480349452
2022-11-21,-0.22237334036372514,-0.16605684738658844,-0.12235306520115408,-0.16415312316721853,-0.1571225924998152,-0.239801878472776
2022-11-22,-0.2111984379086672,-0.1602380806874485,-0.12024060720243057,-0.15290515671768634,-0.14838385638955376,-0.2320858259276205
2022-11-23,-0.2045810756811075,-0.15307690908798177,-0.11692752585017185,-0.14756716759152166,-0.14332890367318862,-0.2225732555111577
2022-11-25,-0.20676970928846627,-0.15355625960866803,-0.11694714300916542,-0.14775787571440768,-0.14354950155306312,-0.22322986511300136
2022-11-28,-0.2147311004271173,-0.16184471516867605,-0.12203549040715245,-0.1613571146793794,-0.1516437109369434,-0.23437684694933936
2022-11-29,-0.21398691159653038,-0.15778642503899631,-0.11937623705456157,-0.16279753633156668,-0.1539531619224147,-0.22904869659301474
2022-11-30,-0.19440613827886544,-0.1471627781510363,-0.11358549863170453,-0.13642500636261234,-0.13493854287319318,-0.2148386149617202
2022-12-01,-0.18325659912913794,-0.1431408052601475,-0.10947117313741073,-0.13706045045789816,-0.1315411406788689,-0.20953018534616252
2022-12-02,-0.17876970471604603,-0.1417742921830225,-0.10745764413483971,-0.13805613613768586,-0.1314291220088567,-0.2077417009723872
2022-12-05,-0.19787199934667887,-0.1494345112586145,-0.11429812989620813,-0.1535618435599697,-0.14430057331698787,-0.21804257270624383
2022-12-06,-0.20044144229537209,-0.15242985706979373,-0.11492349429490778,-0.16576307828102177,-0.14950278810401674,-0.22215239324327352
2022-12-07,-0.19483405240290952,-0.1537974058258761,-0.11555542995939783,-0.16718232527193877,-0.14730110377943006,-0.2239892907372023
2022-12-08,-0.19377951761480927,-0.14985655118877284,-0.11574624535867672,-0.1606579423431007,-0.14536883950127877,-0.21891651704324833
2022-12-09,-0.20297413039565426,-0.15034788735649196,-0.11636190456021878,-0.1669280931652427,-0.15173034937253205,-0.21954941847571763
2022-12-12,-0.19907776354578388,-0.14699752625895568,-0.11924734729516917,-0.15491743039562156,-0.14500880007801387,-0.21512226856806016
2022-12-13,-0.19058354837165015,-0.1427502431725386,-0.11820322645639669,-0.14852036777731403,-0.13803816826043624,-0.2094487581907427
2022-12-14,-0.19062757898366078,-0.14468162652935357,-0.12044245782099372,-0.1539643663812843,-0.14035118261940127,-0.21213551749111237
2022-12-15,-0.19810922303925171,-0.1517593589716818,-0.11944918064959298,-0.1746597722151143,-0.15210646878976597,-0.2216739494795501
2022-12-16,-0.20610564282167,-0.1562870153799435,-0.11911989812927792,-0.18440386111437657,-0.1588527017142417,-0.2277377535047319
2022-12-19,-0.21345235685155006,-0.15872448590189447,-0.11967667661617154,-0.19131994123384788,-0.16585662758762665,-0.23105587120988458
2022-12-20,-0.21224374455391282,-0.15273470013734136,-0.11543497362685518,-0.19021327581814307,-0.1677183623272911,-0.2230834661313339
2022-12-21,-0.20554093352700142,-0.15200632330735553,-0.11622014680380333,-0.17810497811520576,-0.16001375405385765,-0.22214874437715215
2022-12-22,-0.21420845239211483,-0.15802579328943955,-0.12012344544055154,-0.18983015742918208,-0.16716777548673423,-0.2303998153436878
2022-12-23,-0.21259498513008535,-0.15409978650617218,-0.11853984634456605,-0.1851698255493882,-0.16593267981539206,-0.22515596629539403
2022-12-27,-0.21667492770458585,-0.15456622049092683,-0.11915941570071031,-0.18838319954714922,-0.17074684208986568,-0.22581025472364757
2022-12-28,-0.2261112815788564,-0.1606571218295888,-0.12371684055586263,-0.1984699639132036,-0.1776277589410461,-0.2340611117728223
2022-12-29,-0.2172485387768347,-0.15564541537967425,-0.12285850118305963,-0.18404198547241302,-0.167283381125508,-0.22740949344361772
2022-12-30,-0.21909128378355702,-0.15254331279707134,-0.12080405191265364,-0.18619145189137476,-0.17000780095826085,-0.22342564590098501
2023-01-03,-0.21923916788786013,-0.1547840733489294,-0.12140619018528676,-0.18961745761629512,-0.16950462590682014,-0.22646821179048082
2023-01-04,-0.21680960186300247,-0.15134709561313953,-0.1208116391933648,-0.18336106011111963,-0.16311123523079918,-0.22194280615374018
2023-01-05,-0.21944092582294084,-0.15403046193154135,-0.12019125557739929,-0.19268179195643487,-0.16929997342445902,-0.22559526226167947
2023-01-06,-0.20591847115769657,-0.14874040568053626,-0.11921884418820683,-0.17416832943361082,-0.15363822571688623,-0.21858861186574152
2023-01-09,-0.2016972785525104,-0.14525734219186592,-0.11682353797471423,-0.17463648689629008,-0.1530581941239979,-0.2139756647286336
2023-01-10,-0.20398000309634612,-0.1417171071746346,-0.1159152207450087,-0.16884824685379352,-0.1516652095493386,-0.20937028330686258
2023-01-11,-0.19405741843571667,-0.13549677208742872,-0.11491463474751074,-0.15833594669051043,-0.14304862073060343,-0.20113967630706786
2023-01-12,-0.1803770253932211,-0.12324899376856013,-0.10509595287772866,-0.15527161235037068,-0.1381231971197454,-0.1850427994097109
2023-01-13,-0.17941896621408526,-0.1146273970837769,-0.10257615616743643,-0.15199457819734408,-0.13795507328944268,-0.17360094063449294
2023-01-17,-0.18022841645346566,-0.10794276581081363,-0.10197460019033411,-0.15354795407154798,-0.13998003943151405,-0.16473316678176309
2023-01-18,-0.1812847744391185,-0.11905754814372693,-0.10595891106733912,-0.16691168450490135,-0.1435130428364163,-0.17959663547567983
2023-01-19,-0.17784637646607038,-0.11677246486883963,-0.10061981362302963,-0.17297642068700503,-0.1478827750873416,-0.17659170364835064
2023-01-20,-0.17535038230186872,-0.10204749176585426,-0.09720475351598634,-0.15756984608404356,-0.14074280305220943,-0.1570383420475896
2023-01-30,-0.1755665086476368,-0.09188444179890032,-0.09200517653945883,-0.1475470142161649,-0.13620403224257271,-0.14391897612140514
2023-01-31,-0.16564374841997542,-0.08524141267282814,-0.08009808771072069,-0.13501311263027127,-0.12680623711204697,-0.1350739540649858
2023-02-01,-0.15804282311334128,-0.07427454870577088,-0.0661403502594542,-0.12582024578130713,-0.118726242071021,-0.12014434385926498
2023-02-02,-0.1585396408362727,-0.07271539807243643,-0.0620725058310575,-0.11309475095806942,-0.11115963944806728,-0.11815508139750963
2023-02-03,-0.17542450233437634,-0.07926269717840473,-0.07960538759507396,-0.12252169653837297,-0.12064450065999488,-0.12715878352578225
2023-02-06,-0.18079923680641474,-0.08386289469596997,-0.06713094233161332,-0.127884332697913,-0.12689157027457787,-0.13355320303643659
2023-02-07,-0.17472518060852626,-0.07934792540252356,-0.061205577519616194,-0.11647827118899456,-0.12082970066618826,-0.12731237203924795
2023-02-08,-0.17287591150161163,-0.0796596532008933,-0.03128233236446709,-0.12613929550063763,-0.12541120322961308,-0.12773378701195004
2023-02-09,-0.18153185723914,-0.08686792266404708,-0.024210889807043334,-0.13371499014867727,-0.13155209894762865,-0.13769345065488092
2023-02-10,-0.1830113364634922,-0.0905960965047482,-0.016464963184231074,-0.13169332064033912,-0.131985839780425,-0.1428085156851887
2023-02-13,-0.17846512968273187,-0.08725500106435069,-0.009579544063302747,-0.12150041062502404,-0.12500057720358693,-0.1385102109441606
2023-02-14,-0.17837113472124266,-0.08234517196041147,-0.008478776250555597,-0.12190463558952758,-0.1267978886405603,-0.131749156787624
2023-02-15,-0.17877287785873086,-0.06866530019228223,0.0,-0.11905320531945751,-0.1260939026684874,-0.11306126251011928
2023-02-16,-0.18751330266261712,-0.08184503050848735,0.0,-0.13118274576939248,-0.13456964956617035,-0.13132003762438316
2023-02-17,-0.1871733396343781,-0.07937171648996588,-0.023696287427324103,-0.13335331876389667,-0.13493184436794392,-0.12796352065764027
2023-02-21,-0.1953968997956066,-0.08263651880275658,0.0,-0.15073894120974574,-0.14916664973798088,-0.13256509936598715
2023-02-22,-0.19869825698849986,-0.08514775389090778,-0.01664584642017153,-0.15190926678071603,-0.14927566021894467,-0.13607246646983417
2023-02-23,-0.19327991542260947,-0.08494567336540326,-0.014876870648216078,-0.14739811072999875,-0.14523790746421972,-0.13585238771484487
2023-02-24,-0.20214404597626656,-0.0927282061877609,0.0,-0.15650587041951702,-0.15280083500340835,-0.14669607689916564
2023-02-27,-0.19940863732340686,-0.08918791414433347,-0.005041076839955139,-0.15363306123099418,-0.15003762948948118,-0.14184491637856422
2023-02-28,-0.19756157491318171,-0.09026811089306808,-0.01571569555633101,-0.1567611918978543,-0.1514046528253491,-0.14332121682046584
2023-03-01,-0.1958869904979793,-0.08715088058809795,-0.01187405325560753,-0.15999574055688537,-0.1560713946553488,-0.13903426443968758
2023-03-02,-0.1970831302197268,-0.0880202915968632,-0.0031362831058874274,-0.15346271074064743,-0.15351197429414298,-0.14029628680025474
2023-03-03,-0.18477893829040826,-0.08992533791819124,-0.013370168560095985,-0.1398863485801347,-0.14261502452088248,-0.14295938473496328
2023-03-06,-0.19101358655365497,-0.09129875111590968,-0.020708348914935226,-0.13929025803537665,-0.1428587760353064,-0.14488209587597678
2023-03-07,-0.20130669105105814,-0.0972553353053971,-0.029931211748955855,-0.15248404649274883,-0.15078984000494577,-0.1531037145121601
2023-03-08,-0.20388365509080086,-0.09986431678340812,-0.029195878409234655,-0.15110074876598145,-0.15006107693643678,-0.15655781225434784
2023-03-09,-0.20896266317923928,-0.10855306373984186,-0.016932962075449587,-0.16676271293300782,-0.15742227061783076,-0.16862785773241906
2023-03-10,-0.1988278678226325,-0.11217684285490814,-0.005570549322035934,-0.17878583539077186,-0.15843061324042496,-0.17363643701680842
2023-03-13,-0.19266101323271667,-0.08977780037328953,0.0,-0.17995636521892477,-0.15494603472753177,-0.14340178320155528
2023-03-14,-0.19672789888545195,-0.08645940389353823,0.0,-0.1664009053767721,-0.15006452850716467,-0.13888359827056396
2023-03-15,-0.19430963162598336,-0.08845905180677593,0.0,-0.17161450187869076,-0.14820429972780969,-0.14174245085511838
2023-03-16,-0.19623191558748176,-0.0808742730570291,-0.058473641515854435,-0.1570805139600946,-0.14258974757753418,-0.13134358032376103
2023-03-17,-0.18952232475302633,-0.06840659196797716,0.0,-0.16693646770973214,-0.14442054980182195,-0.11437332441147463
2023-03-20,-0.18888821966962777,-0.06533499761990902,-0.029030973408965655,-0.15892597760551597,-0.14100457965310687,-0.11027501359954828
2023-03-21,-0.1860946709397222,-0.056898689618764764,-0.02226605991817876,-0.1478822683386537,-0.13739082480625886,-0.09878881321697297
2023-03-22,-0.1813446686227912,-0.06482373735891489,-0.003989571474889986,-0.16240794979848794,-0.14157972198447932,-0.10965674119757307
2023-03-23,-0.1788512701128101,-0.05750971549333095,-0.00030626369447661617,-0.16014348658568334,-0.1381877571159501,-0.09980078756199806
2023-03-24,-0.1792805151393554,-0.061680156230616845,-0.0010804378334413611,-0.15463228736861467,-0.13475348268263898,-0.10557868614933363
2023-03-27,-0.18462515699704984,-0.06751449488831152,-0.014696919613523596,-0.1530514729462057,-0.13816783728044058,-0.11363476726454569
2023-03-28,-0.18169719951327923,-0.06609544494101183,-0.02762593249801648,-0.15495263071676857,-0.13952890783172156,-0.1117499763514056
2023-03-29,-0.1778820411972033,-0.05604267835219512,-0.018734187088243037,-0.142670237808469,-0.13271645996277215,-0.09795813592417968
2023-03-30,-0.1727773894826481,-0.05386543446084324,-0.012639300294784772,-0.1376502771157213,-0.12915254133366338,-0.09514548432554415
2023-03-31,-0.1629166832706811,-0.047098413444910614,0.0,-0.12549568111804543,-0.11989547049584837,-0.08588882824780664
2023-04-03,-0.15844615795815664,-0.05035868295167678,0.0,-0.12216336135424288,-0.1162249830647697,-0.09049589968679117
2023-04-04,-0.1565556640423852,-0.048394649876878915,0.0,-0.12703373770354875,-0.11688828616879654,-0.08786855402788452
2023-04-06,-0.1547236204592749,-0.051667703895291406,0.0,-0.12592291905846298,-0.11461617218463038,-0.09261790817216409
2023-04-10,-0.15831576778507472,-0.04401343383534584,-0.004829118008520039,-0.12502588959790495,-0.11759761135897173,-0.08203965594806373
2023-04-11,-0.15362422832342337,-0.03971172101541465,-0.0007848362438221956,-0.12479092575210726,-0.11759804207265989,-0.0761179327337973
2023-04-12,-0.1519652528513502,-0.04007654417435347,-0.0002432785186941011,-0.12835814127598,-0.1187200628402354,-0.0766902962528343
2023-04-13,-0.14969946966250447,-0.03367746945495931,0.0,-0.11678050373361881,-0.11290338369612984,-0.0678493211673249
2023-04-14,-0.15563242584591142,-0.03571312048344799,-0.007357530047956695,-0.11893793618270465,-0.11594983002676895,-0.0707801162344025
2023-04-17,-0.1618521577737032,-0.040700142752313706,-0.017699239836572844,-0.11577644350934169,-0.11628280673852376,-0.07776243402436456
2023-04-18,-0.15782310069459737,-0.03177096962410175,-0.007444691460457342,-0.11519968931120972,-0.11536516759364357,-0.06527815124889602
2023-04-19,-0.16279595592645435,-0.03892575403251053,-0.015825901295963174,-0.11534920556892392,-0.11620275068617869,-0.07536083920055003
2023-04-20,-0.1630577130042442,-0.04318724652207673,-0.012588129586929453,-0.12017689216705207,-0.11708949876829366,-0.08144544226359463
2023-04-21,-0.16675423441057968,-0.04799217899112607,-0.01774592497781935,-0.11949317529092862,-0.11753069740964528,-0.08821915767838562
2023-04-24,-0.16100776059252875,-0.04614464618872549,-0.009410081210895926,-0.11857483499764532,-0.1152679605915552,-0.08574217697017694
2023-04-25,-0.16101084913668728,-0.044059304234457364,-0.0048557287925729,-0.13256652009625325,-0.1202292143308018,-0.08291264484721528
2023-04-26,-0.16722880161346376,-0.04594074836427664,-0.007768524170374991,-0.13624042595520713,-0.123835668941081,-0.08564564304517996
2023-04-27,-0.16430321504252565,-0.03887932384294235,-0.0002160249806744119,-0.11904469460351352,-0.11576525728342768,-0.07583143708469997
2023-04-28,-0.1565452553150417,-0.03672622934039105,0.0,-0.11152557919507333,-0.10859311928927606,-0.07288949350200213
2023-05-04,-0.17125859813992528,-0.041684361467900444,-0.029956984392889074,-0.13459574712035005,-0.1198323648815236,-0.08008795773505373
2023-05-05,-0.1637581128319998,-0.03830387711232386,-0.015942588870102248,-0.11857483499764543,-0.11212330774305423,-0.07545618784841224
2023-05-08,-0.1694033242230899,-0.04546053048362142,-0.028166178794346686,-0.11833993923757524,-0.11416821732423454,-0.08554682955289816
2023-05-09,-0.17122321319170675,-0.046279239901388936,-0.03262686547794813,-0.12220611919114888,-0.11692555759592049,-0.08677012217344704
2023-05-10,-0.17019309956847095,-0.051483952850359005,-0.03230907257714832,-0.11810483922032233,-0.11180459720688674,-0.09412654859187342
2023-05-11,-0.17435562350469536,-0.05694871642788324,-0.033464028163269655,-0.11964275963437077,-0.1114043752763525,-0.10194853694661843
2023-05-12,-0.18014956277713023,-0.059172419868265824,-0.04032946577061147,-0.1207964722878172,-0.11424923177121515,-0.10510281492833762
2023-05-15,-0.17891207515421392,-0.05654931248109207,-0.04379202045446473,-0.11776291269653316,-0.11321163062638873,-0.10150092321152249
2023-05-16,-0.18609008823159223,-0.059713454269387345,-0.05105500483292247,-0.12365866010284121,-0.117907522297506,-0.10591922772392393
2023-05-17,-0.17880062099615568,-0.05306187731912959,-0.03742275038840004,-0.11302074177221633,-0.11265041044191038,-0.09668295031388696
2023-05-18,-0.18169410566620625,-0.051711860945736876,-0.03488919670648871,-0.10447645956395635,-0.10969313993447705,-0.09490460899688735
2023-05-19,-0.18291043426193043,-0.05083490887939279,-0.03527729122309764,-0.10577948421793448,-0.11180370969325082,-0.09357144353071456
2023-05-22,-0.18375934732040744,-0.04932767331139587,-0.0414376028861293,-0.10541631494714743,-0.11223013027724182,-0.0916648377515712
2023-05-23,-0.18430351678594925,-0.052219737718497306,-0.04518359712987707,-0.1154560320754604,-0.11770042775235856,-0.0957200946448139
2023-05-24,-0.1911595611563145,-0.060327004583968225,-0.051704202581718595,-0.1218643288388146,-0.12245398541149766,-0.10718576595581297
2023-05-25,-0.1920691921865726,-0.053955749117700846,-0.032611819350518045,-0.11425976584229103,-0.12006237643527706,-0.09837289894352896
2023-05-26,-0.18197504064738035,-0.04556021692094736,-0.022982615831576902,-0.1027888867207386,-0.11251202954249662,-0.08662760558554983
2023-05-30,-0.18193341137207764,-0.03957424268329324,-0.015853077173167307,-0.10244723253985943,-0.10958250862409535,-0.0783515674605626
2023-05-31,-0.18530640913697471,-0.04325942851178288,-0.023187129681271235,-0.10742423113851896,-0.11125660871294041,-0.08363227998631839
2023-06-01,-0.17570666201873564,-0.035933850087751296,-0.009906833451295505,-0.09894381334270719,-0.10520195394061671,-0.07356611582809203
2023-06-02,-0.17361278030500915,-0.034037286232344366,-0.012054768875898514,-0.08591356680292594,-0.10025190320659261,-0.07105404235932578
2023-06-05,-0.17746110712704166,-0.03993725447945684,-0.018922197747691327,-0.08766520831577462,-0.10140730802453823,-0.079280610259161
2023-06-06,-0.17103182950869356,-0.03097057212383869,-0.009704950358270903,-0.08567846678567326,-0.10000226592656203,-0.06688024312102847
2023-06-07,-0.1759574971385126,-0.03666369860059171,-0.01873384165127634,-0.08883995945903622,-0.10447120337657056,-0.07486352017537756
2023-06-08,-0.16840000579564474,-0.03183887729190382,-0.008817498371288202,-0.08332882832769528,-0.09881665128190853,-0.06836003878019126
2023-06-09,-0.1712655395630417,-0.03051930415319637,-0.010923086597635745,-0.08168414949283809,-0.0991060135216627,-0.06650148272387502
2023-06-12,-0.17139109233553307,-0.029054652791048907,-0.005673619635859328,-0.07335317986901313,-0.09354731539270822,-0.06459505034315571
2023-06-13,-0.17177262409203808,-0.027503625599281212,-0.006963435569752319,-0.06724384753535972,-0.09240484200061405,-0.06241465848713457
2023-06-14,-0.17093038887811052,-0.031874514260355036,-0.0075563122727588805,-0.06613302889027384,-0.09126894229845861,-0.06850826401808274
2023-06-15,-0.1584081171805739,-0.02548873470916202,0.0,-0.05455539134791276,-0.08162671434713276,-0.059633366328442405
2023-06-16,-0.1620157752941429,-0.026418220528444558,-0.015284637238241694,-0.05777571008988458,-0.08507682212919743,-0.0612359878365738
2023-06-20,-0.16318316563298285,-0.020919940911953483,-0.009311317727448531,-0.06266406107126543,-0.08694329704516668,-0.05367738785023357
2023-06-21,-0.16132713621225192,-0.019618966662028337,-0.011093665930843821,-0.06746676020738007,-0.08948559009484813,-0.051944045894218194
2023-06-26,-0.17199697065148567,-0.024095973115122682,-0.025339867140236616,-0.07497110101294036,-0.09364184563626565,-0.05829571118809873
2023-06-27,-0.17053680020711637,-0.016279526340959083,-0.013239738499455256,-0.06482973189338548,-0.08881860481406534,-0.047545845037004986
2023-06-28,-0.17044471751426016,-0.019860683458775896,-0.013299629314403982,-0.0643578978014182,-0.08711947100669404,-0.052606734095119845
2023-06-29,-0.17520914959023204,-0.017029100916039708,-0.018126955619872986,-0.06067017053977042,-0.08855030714239831,-0.0487772391178648
2023-06-30,-0.1666012615776441,-0.01269761809307135,-0.006913084751826726,-0.049585609836373945,-0.08118140967822896,-0.042838768644049674
2023-07-03,-0.1658165284424652,-0.006552792648326311,-0.0036952422945871755,-0.04849194879463237,-0.0821413398823756,-0.034269545606299134
2023-07-05,-0.17126134946507998,-0.010409475286112913,-0.013049244267299365,-0.04990711064189601,-0.08471656572094577,-0.039897257722532276
2023-07-06,-0.18098067052002254,-0.01623172245839266,-0.014700490287813839,-0.05734683809200536,-0.09200665802971442,-0.048161889424042315
2023-07-07,-0.17701183675949272,-0.012741614490019981,-0.008309135923015853,-0.05972677469874621,-0.09384492353567941,-0.043378249237275734
2023-07-10,-0.17425658958741652,-0.011769751005263784,-0.013166197162709503,-0.05734683809200536,-0.0905955674345501,-0.042112932162790884
2023-07-11,-0.16845267043470213,-0.007627203786361503,-0.005804209521578119,-0.05134358332188538,-0.08635064073727605,-0.03635860158434745
2023-07-12,-0.1562554866137994,-0.004257175558517345,0.0,-0.0437107647484255,-0.0783764247948795,-0.03162366668584227
2023-07-13,-0.1439035786420143,0.0,0.0,-0.03612077209759901,-0.07092272181067916,-0.017801479747670212
2023-07-14,-0.15199402173532173,-0.006717562158985113,-0.011305501077999547,-0.03672128821464826,-0.07310172727181508,-0.027408048689000597
2023-07-17,-0.15075703122889084,-0.0038703735258757144,-0.0071957150359140964,-0.03337657684843054,-0.07055130378536534,-0.023468217330622432
2023-07-18,-0.14401670435772196,-0.0012073115585767846,-0.0027409668487677896,-0.026193873019847547,-0.06596553208421896,-0.01970744074476838
2023-07-19,-0.136531382585108,0.0,0.0,-0.024028474540637612,-0.06345099722120418,-0.013767745741753656
2023-07-20,-0.143181416727845,-0.007942023980229695,-0.010306454550142674,-0.030503359145542364,-0.07014333581757337,-0.025149864439056868
2023-07-21,-0.1426007349895977,-0.008017140586695004,-0.007571325701565823,-0.030503359145542364,-0.06983816338122029,-0.02526809998877866
2023-07-24,-0.1394935010118188,-0.00933737272635815,-0.009193967229550681,-0.02617235792993977,-0.0682032112600911,-0.027368250479874345
2023-07-25,-0.13868331545356216,-0.008065645963833412,-0.009662072169374203,-0.02351381452603729,-0.06734751427216568,-0.025624997707943464
2023-07-26,-0.13776393625468086,-0.0067091884797998436,-0.007258592265163122,-0.023363685496775033,-0.06600194342376409,-0.023744119991666923
2023-07-27,-0.14870698319240727,-0.010417890477335434,-0.018452621884987086,-0.029838774358862397,-0.07376222537607313,-0.02913263879249295
2023-07-28,-0.13988244169898467,-0.0047524594774467355,-0.00539510412044053,-0.020340611107534823,-0.06707051429373778,-0.02119546953405327
2023-07-31,-0.1363244546671828,-0.002588799251360574,-0.0004736282286104121,-0.018475198343939292,-0.0655395522117257,-0.018101597694530347
2023-08-01,-0.1457754729697237,-0.0034639641040105085,-0.006734782976026588,-0.02128400694855903,-0.06932800020038588,-0.01941857351246079
2023-08-02,-0.1596718679184912,-0.014312925537996346,-0.026124376192414922,-0.034898565202231,-0.07784878370628256,-0.035085367590905525
2023-08-03,-0.16573872231915587,-0.014176620283667285,-0.03169808194665824,-0.0376646159699453,-0.08216861640490902,-0.03504760525036166
2023-08-04,-0.157702517856249,-0.014820792693458595,-0.027488417728392833,-0.04201699610400078,-0.08074083731196591,-0.03605169117316975
2023-08-07,-0.15865192848831722,-0.015429209491058304,-0.025840330049492488,-0.03365511555986511,-0.0768645099568418,-0.036844631193507116
2023-08-08,-0.15791925042859378,-0.014009315947986267,-0.02570574327508579,-0.03785750283611322,-0.07738628827252358,-0.03493882588825925
2023-08-09,-0.1567654832276112,-0.016128747258421394,-0.02482825744392947,-0.04428969768983981,-0.08082566839831806,-0.03815857690235969
2023-08-10,-0.16422737381097385,-0.016517774229251825,-0.031207283095791793,-0.043946545622954525,-0.08348692275529024,-0.038798420889749274
2023-08-11,-0.16513052727746225,-0.016182399973319828,-0.026218488459979317,-0.044504099645915396,-0.08576245887680023,-0.038366059950824205
2023-08-14,-0.16881621490611476,-0.017473000045940212,-0.03086284120766758,-0.039229702589288595,-0.08333668591621024,-0.04037108089230179
2023-08-15,-0.1768225314948889,-0.020042638701034843,-0.03781036189421938,-0.05042170257076928,-0.09043440098382849,-0.044076199153599616
2023-08-16,-0.18300463212147033,-0.022647399662674594,-0.04109737519563772,-0.05738973210036635,-0.09582376858659702,-0.04795509196610237
2023-08-17,-0.18670517323943447,-0.0305257143472204,-0.05012450331640805,-0.06457236784322185,-0.1003964006278164,-0.059341953840088
2023-08-18,-0.18383701869941382,-0.033213670958677666,-0.048265740266377755,-0.06412204884116246,-0.09904321864141985,-0.0633043884517136
2023-08-21,-0.18435920901181135,-0.027175541479630416,-0.04265018741509885,-0.058033006054320824,-0.09783522926457766,-0.05468970838667453
2023-08-22,-0.1827013003289707,-0.027408596353231784,-0.04146740534388493,-0.06058451869450432,-0.09913607460546547,-0.055137381986164025
2023-08-23,-0.1696656473353917,-0.022622288820121406,-0.03302003510258733,-0.05012164876942726,-0.08920615156011236,-0.0483038503963904
2023-08-24,-0.17666428424927882,-0.027565187749208464,-0.04200161755314158,-0.06328588802103985,-0.09809584898135204,-0.05561535821814445
2023-08-25,-0.17284978640929094,-0.02632819813751197,-0.03173477882320275,-0.056682321391053225,-0.09444111860210824,-0.053876064941724255
2023-08-28,-0.17188294754247924,-0.027840780798422338,-0.03426642988000872,-0.050700309367930685,-0.09000646296561221,-0.056093573957335496
2023-08-29,-0.16147123952784292,-0.018403774794196415,-0.02165402768399971,-0.03697858417908473,-0.07954587955102566,-0.04260756497472018
2023-08-30,-0.16255897772606864,-0.01931421219193641,-0.025209402859133867,-0.033011977777364976,-0.0773190314733746,-0.04402793553600437
2023-08-31,-0.1621472761543703,-0.024665617870526457,-0.029531862546590792,-0.03442707153890123,-0.07738580731957856,-0.05172584648724943
2023-09-01,-0.16435315940289186,-0.027319094979606495,-0.031039513189048074,-0.03262606787357414,-0.07860905602040458,-0.05562147551413965
2023-09-05,-0.17150532540688734,-0.03016666914137134,-0.03202071366672754,-0.03680687197418675,-0.08323060138606186,-0.059893491371902585
2023-09-06,-0.17501149803073268,-0.036734547758752734,-0.03953678546046391,-0.043281960836274225,-0.08787952274904032,-0.06921663909155118
2023-09-07,-0.1740799025793931,-0.03550085989352281,-0.033820486405923944,-0.04621938338024845,-0.08831463203086076,-0.06760507152980832
2023-09-08,-0.17193447474374468,-0.037183563740076364,-0.028195810068118887,-0.04478270644307658,-0.087412872734138,-0.0699767825082298
2023-09-11,-0.17049783450996325,-0.03360781465285212,-0.022694474568140888,-0.03850077679006758,-0.0844359056788907,-0.06500763141067423
2023-09-12,-0.16831859478581668,-0.03204473269575936,-0.020651615802855128,-0.04377517384669438,-0.08695223782370731,-0.06284906649894495
2023-09-13,-0.1677695567820603,-0.03079511358100273,-0.017792620457216413,-0.04266020197222753,-0.08588387916211138,-0.061146427475169296
2023-09-14,-0.16500386099267805,-0.026944609565035083,-0.012410058886727526,-0.03440562453472107,-0.08197104187043924,-0.055888777445055604
2023-09-15,-0.16826311174874986,-0.025923630508006945,-0.01279327472269376,-0.04603943280231659,-0.0897725802173811,-0.0545431824962922
2023-09-18,-0.16582713523409176,-0.024899299456801582,-0.005509076400741941,-0.045479904293256435,-0.08910053093049564,-0.05309715428170403
2023-09-19,-0.168392891997589,-0.023520793895133507,-0.006298580981222934,-0.047459564907691876,-0.0915624511019465,-0.05128018884502694
2023-09-20,-0.1711589137441063,-0.02128233087204301,-0.00786678172270383,-0.05621641075738337,-0.09685603219940686,-0.04814683318261104
2023-09-21,-0.18484973526424875,-0.027726924800108743,-0.022446413740463855,-0.07181573605505753,-0.108492239298283,-0.05738161268518782
2023-09-22,-0.1817090004698224,-0.028117184170101006,-0.024321519942276937,-0.0739026997761223,-0.10828360073683418,-0.05753812319328566
2023-09-25,-0.1926622763628234,-0.030305153379863503,-0.0381829313342702,-0.0700084004170678,-0.10870488183061267,-0.06113799115106744
2023-09-26,-0.1978861991419414,-0.031874541730528505,-0.04319688206416128,-0.08367116336584968,-0.11665491189980837,-0.0635360948069118
2023-09-27,-0.1981275988310991,-0.035902863005969565,-0.03800946026252694,-0.083305338751688,-0.11804528274733672,-0.06925565015870527
2023-09-28,-0.19163545012653727,-0.031271377482662066,-0.023032124791462105,-0.0779909072872581,-0.11402571412705398,-0.06284203875552108
2023-10-09,-0.20808678916175127,-0.026889355039874996,-0.04122001458808344,-0.06987924179189287,-0.10977996887273456,-0.057377393007129185
2023-10-10,-0.20644078541303945,-0.024889440212699787,-0.04112536473248507,-0.06503814230543636,-0.10768726940065931,-0.054677923656004435
2023-10-11,-0.20038499339144222,-0.0245720863379032,-0.03863275593219162,-0.06120825204465019,-0.10353896343483615,-0.054277058653781074
2023-10-12,-0.21131888813268418,-0.025248154707422255,-0.04318328918932535,-0.06693160638878515,-0.1102535032794375,-0.05532294310686536
2023-10-13,-0.2011550810230529,-0.02823048127576866,-0.04695561154244787,-0.07157900198034328,-0.11068241701319248,-0.05957665903301057
2023-10-16,-0.20017955778768115,-0.015712917236871626,-0.0349283149087809,-0.0618106745620709,-0.10714576523415398,-0.04203381646495552
2023-10-17,-0.2014201081113114,-0.009220753039739016,-0.03054807904222334,-0.061853772827614395,-0.11062404378895463,-0.033103792448601954
2023-10-18,-0.2024251076205823,0.0,-0.02389523423351192,-0.07435465283564302,-0.11946111709040452,-0.013822405038073304
2023-10-19,-0.20661318194693912,-0.004190657080839433,-0.02817407755952106,-0.08248769724946103,-0.12585762820404944,-0.019818027248125758
2023-10-20,-0.20714672527357358,0.0,-0.030801285098034925,-0.09376221713274013,-0.13034019154349097,-0.013566382257432785
2023-10-23,-0.2049540014595007,0.0,-0.026707710733813506,-0.09533281869601562,-0.1296160013405817,0.0
2023-10-24,-0.19952321576289922,0.0,-0.012552521525373783,-0.08851226285230629,-0.12506271955270176,0.0
2023-10-25,-0.20667222211362835,-0.0029934923040835226,-0.016832345498922763,-0.10159398220212035,-0.13567044155361352,-0.004327787433503261
2023-10-26,-0.20532976309327922,-0.00634491228686318,-0.02271927252315864,-0.1123521399276105,-0.1392344406395637,-0.009328772697779653
2023-10-27,-0.20303078413657238,-0.010255461081406403,-0.024055067903648086,-0.11637566599756755,-0.14101099838505005,-0.014893469123368419
2023-10-30,-0.2029240188189112,0.0,-0.016264151459429943,-0.10581128025270359,-0.13608422808803244,0.0
2023-10-31,-0.20536964988307638,0.0,-0.01708449426390679,-0.10019543327238056,-0.13358454069281533,0.0
2023-11-01,-0.19533867975668373,-0.001812393247845434,-0.008357938212004035,-0.0905994308305541,-0.1240491313429245,-0.002716827993145654
2023-11-02,-0.17942834201612556,0.0,0.0,-0.07317118671925471,-0.1118079193733531,0.0
2023-11-03,-0.1721164886817821,0.0,-0.003361464719792484,-0.06471534787109101,-0.10420729725668454,0.0
2023-11-06,-0.17678556291843373,-0.0005019688227397845,-0.004501359033995511,-0.06256377079457498,-0.10502006867039293,-0.0006927782133800964
2023-11-07,-0.17949110560929826,-0.000504328669488241,-0.008847981887047496,-0.059895831560269785,-0.10146162823636229,-0.00076105378044522
2023-11-08,-0.17952946035361983,-0.0016273849100941762,-0.011553621954707771,-0.05920728059749014,-0.09962857861544527,-0.002399395742030186
2023-11-09,-0.19047104173923757,-0.0010730378256795792,-0.01836688232724215,-0.06654433477044397,-0.10739739061260478,-0.0017321241987708902
2023-11-10,-0.18286989217977667,0.0,-0.0005838444214202321,-0.05197786995980336,-0.09859391604104562,0.0
2023-11-13,-0.18092444020373544,-0.001568463524121988,0.0,-0.052881435650206976,-0.09930999071560509,-0.0022314631503936866
2023-11-14,-0.16130765139464076,0.0,0.0,-0.03450673184014352,-0.08337975067549219,0.0
2023-11-15,-0.1654250194112291,0.0,-0.0048929791398305555,-0.032462730213167035,-0.08499194624725925,0.0
2023-11-16,-0.17044139876315167,-0.007250521600169368,-0.02056339047940292,-0.03127933218250578,-0.08163161115672002,-0.010580212509361364
2023-11-17,-0.16273581859120412,-0.004814879422184393,-0.01192822878680555,-0.030074555233391753,-0.08070264608018352,-0.007149786577411388
2023-11-20,-0.15466476726786338,0.0,0.0,-0.022608274349535717,-0.07588495497110737,-0.00018909475789297137
2023-11-21,-0.15807944798381957,-0.006475655958611326,-0.009261895057389058,-0.024738540593326253,-0.07665017122501594,-0.009556939814152732
2023-11-22,-0.15643181249935512,0.0,-0.002415069637899836,-0.020973263687991572,-0.0745913137820432,0.0
2023-11-24,-0.15939682025645197,0.0,-0.007687973403348702,-0.020370704999115752,-0.07610512103104505,0.0
2023-11-27,-0.1549876728453622,0.0,-0.0017629658392928071,-0.022134874285834605,-0.0744089300891344,0.0
2023-11-28,-0.14834894426298628,0.0,0.0,-0.02116683141143505,-0.07225912642965526,0.0
2023-11-29,-0.13995675901799332,0.0,0.0,-0.021855246202759693,-0.070756216417448,0.0
2023-11-30,-0.14637894767771564,0.0,-0.007396417164970415,-0.018003908937793356,-0.07032497084892142,0.0
2023-12-01,-0.1356154635970962,0.0,-0.00833299839193491,-0.012194562319754576,-0.06351645676451334,0.0
2023-12-04,-0.14101741557761605,0.0,-0.003781984528897331,-0.01737990324473737,-0.06801866343640461,0.0
2023-12-05,-0.13788908449906734,0.0,-0.002646259045516519,-0.017573539053908238,-0.06549415019035587,0.0
2023-12-06,-0.14269594490177395,-0.0033529927941945425,-0.01107306403547681,-0.02153258793986912,-0.0661861462283222,-0.0050267310801188625
2023-12-07,-0.14181915914103904,-0.0012894918517996068,-0.013700122406726023,-0.014066511313195584,-0.06250405870590026,-0.0022149439432957996
2023-12-08,-0.1423902902413544,0.0,-0.00492669355782871,-0.00982769817270468,-0.06253129327809626,0.0
2023-12-11,-0.14591730123791313,-0.007418420614978105,-0.005539961545790506,-0.005976428993465843,-0.06030362333853245,-0.010712904808221735
2023-12-12,-0.15108440202119655,-0.0076659174652513595,-0.016798594387691934,-0.001436472679992029,-0.05692648801780409,-0.011220053107524053
2023-12-13,-0.12584351770181956,0.0,0.0,0.0,-0.04351608911712135,0.0
2023-12-14,-0.10329194527694951,0.0,0.0,0.0,-0.03849983208226837,0.0
2023-12-15,-0.10560498274101482,-0.002514052217181484,0.0,-0.0016465278742889833,-0.03976996662862731,-0.003749832345129822
2023-12-18,-0.10500790096344237,0.0,0.0,0.0,-0.037371122661425504,0.0
2023-12-19,-0.09530049043341693,0.0,0.0,0.0,-0.033128554482098505,0.0
2023-12-20,-0.09278072441499696,0.0,0.0,-0.013857226495829433,-0.03932143805594768,0.0
2023-12-21,-0.08906766670789679,0.0,0.0,-0.004506684927037319,-0.03447352511297541,0.0
2023-12-22,-0.09026778190976126,0.0,-0.00014036446909959643,-0.002506221249557128,-0.033668103675250416,0.0
2023-12-26,-0.0843333243940303,0.0,0.0,0.0,-0.030973565368824008,0.0
2023-12-27,-0.07621385645749712,0.0,0.0,0.0,-0.026915504555065417,0.0
2023-12-28,-0.084519324919757,-0.003932724861810399,-0.012056191634510216,0.0,-0.028176020591800355,-0.005801117568781322
2023-12-29,-0.09159892355515697,-0.007504791083039808,-0.018363860665400744,-0.0028949025292678288,-0.03083211575949063,-0.011212154007695041
2024-01-02,-0.0987632328600534,-0.004216697574448425,-0.02657968563081259,-0.008474991449703762,-0.03553419642263134,-0.006361146411911434
2024-01-03,-0.10135652755092284,-0.014757067884736519,-0.030886699044123334,-0.016572599634504193,-0.03933159709778644,-0.02176921852148339
2024-01-04,-0.10929935541020563,-0.01151927557214183,-0.039203223771028695,-0.01974029181881598,-0.043511551805723414,-0.017372497948580423
2024-01-05,-0.11042329324869271,-0.010047082406767771,-0.038095247846192115,-0.01839750027883902,-0.04413614267704369,-0.015236209474798534
2024-01-08,-0.10782334057098597,-0.0031510304316977322,-0.03874130053365943,-0.00438433669040017,-0.03467682580445275,-0.005203369024073146
2024-01-09,-0.11304013923248546,-0.0070661932563942376,-0.04903262046359602,-0.005894861471978374,-0.03571865551011688,-0.011055950101812817
2024-01-10,-0.11572960628870832,-0.006137220587007719,-0.04893529979528177,-0.00027265742544857474,-0.033042964737614144,-0.009688868989350397
2024-01-11,-0.11009880504424363,-0.008308385585797051,-0.04339260981342119,-0.0007131142072962504,-0.03124878126521413,-0.012948535728077082
2024-01-12,-0.10853222090370573,-0.017746675309809445,-0.04654905909002449,-2.0958390850145392e-05,-0.029799458043655802,-0.02679586060216599
2024-01-16,-0.12432705652795972,-0.019043121613418923,-0.06426713874143375,-0.0036921147591564285,-0.03507750079097871,-0.02885854648761499
2024-01-17,-0.13264153457267847,-0.025498282337846123,-0.0773829535932592,-0.009230353012689152,-0.039554090308345224,-0.038301164226343776
2024-01-18,-0.12953629460824745,-0.025643742451056495,-0.07690370649565936,-0.0004196306205922484,-0.035260491212227074,-0.03861113911891356
2024-01-19,-0.12345691559591465,-0.01967499246029447,-0.06262480259743186,0.0,-0.02795313681791156,-0.030087587286719564
2024-01-22,-0.12131813052410712,-0.025380699502738913,-0.06618024202192097,0.0,-0.02553879401840209,-0.038347405552999425
2024-01-23,-0.1243772832443637,-0.023717841517046034,-0.08095978894622702,0.0,-0.024778984895121536,-0.035987191212783265
2024-01-24,-0.12328207693290905,-0.02126657847268043,-0.08367960808196939,0.0,-0.02521653784266864,-0.032555072772902593
2024-01-25,-0.11420213801806833,-0.02085846444702988,-0.07136769428607626,0.0,-0.020337763867801062,-0.03215061652001838
2024-01-26,-0.1126834863934062,-0.017050831594615956,-0.06590880071440786,-0.0012703890598785295,-0.021780074571949304,-0.02658184100996952
2024-01-29,-0.10519537787548239,-0.01318588944264365,-0.05167399277780238,0.0,-0.014765227628414146,-0.02112705839186546
2024-01-30,-0.1020599783970767,-0.012094637585540524,-0.05223653329986433,-0.0007734241306918133,-0.014707141085879227,-0.01966358097941734
2024-01-31,-0.10383212362725192,-0.015025968481680474,-0.049954606301310656,-0.017078200454521353,-0.02129272407811833,-0.023778057610335135
2024-02-01,-0.09513171434731327,-0.004956969686641943,-0.03368873348067891,-0.004213480713313067,-0.011182328701321409,-0.009598442598394263
2024-02-02,-0.11214799450338708,-0.005948275808788983,-0.050626761145948995,0.0,-0.010045748639531893,-0.01114030596308202
2024-02-05,-0.12440088766218826,-0.010995347525539989,-0.06435496208595881,-0.003641248501646932,-0.016018461797930095,-0.0184429950056213
2024-02-06,-0.11627519499823791,-0.007210008763547271,-0.05568039369825206,-0.0007485868844673282,-0.012204413855793184,-0.013089517748982926
2024-02-07,-0.11395486579804726,0.0,-0.04553584650647158,0.0,-0.007885679681652102,-0.0014939581045662065
2024-02-08,-0.10999448199348982,0.0,-0.03641585579257067,0.0,-0.008879391455987484,0.0
2024-02-20,-0.11271120670014956,0.0,-0.03413715465577338,-0.003130439072271396,-0.013868550047255068,0.0
2024-02-21,-0.1141939389116664,-0.0015865330906121855,-0.037439489786781355,-0.0022274898301997137,-0.014541913747890822,-0.002342823529234428
2024-02-22,-0.11164975859797166,-0.0029904332034030867,-0.03665928007143182,0.0,-0.001987628121630447,-0.004590272676760931
2024-02-23,-0.11074604240163788,-0.0031000663808281592,-0.03894194793871519,0.0,0.0,-0.004758349720671795
2024-02-26,-0.1074045444534848,0.0,-0.02985964655774742,-0.0036624892391069475,-0.0028309317871676454,0.0
2024-02-27,-0.10476103261204783,0.0,-0.025711025095874973,-0.0018115411386341318,-0.0025420903089630187,0.0
2024-02-28,-0.10167780903708068,0.0,-0.018907537538263908,-0.0031308986326343824,-0.001973921582075766,0.0
2024-02-29,-0.09566003367048004,0.0,-0.011837492759112944,0.0,0.0,0.0
2024-03-01,-0.08347994315086049,0.0,0.0,0.0,0.0,0.0
2024-03-04,-0.08022849500565588,0.0,0.0,-0.0010724195040114903,-0.0015320961397186084,0.0
2024-03-05,-0.0816872448634186,-0.013537274617467898,-0.010107102099543797,-0.011055734964710684,-0.0050829489882352474,-0.019570827590531747
2024-03-06,-0.0723043305513128,-0.004375481374314094,0.0,-0.006044535122030736,-0.0010986844292455444,-0.006458740205116498
2024-03-07,-0.06739506414550167,0.0,0.0,0.0,0.0,0.0
2024-03-08,-0.06789708003923,0.0,0.0,-0.006002298291439279,-0.003308015452644919,0.0
2024-03-11,-0.0659538779369806,0.0,0.0,-0.006856918410041657,-0.004325373892763107,0.0
2024-03-12,-0.06867016730744935,0.0,0.0,0.0,0.0,0.0
2024-03-13,-0.06422836551867295,0.0,0.0,-0.0015675798339611635,-0.0018259601570685957,0.0
2024-03-14,-0.0740146190036135,-0.003552406105473249,-0.008661887060339879,-0.003541142353678639,-0.00595445898565361,-0.005310650407161055
2024-03-15,-0.07338241934919887,-0.005296302287678412,-0.008703416868506397,-0.010383447810855762,-0.010746628743475428,-0.00785109763004943
2024-03-18,-0.07113119141160529,-0.0038124988351508904,0.0,-0.004502096113550014,-0.00766710749133237,-0.005844791709206709
2024-03-19,-0.07275505317256636,-0.019414483935012328,-0.010513993324395066,0.0,-0.0032018716001602776,-0.02824943822629533
2024-03-20,-0.062331797127669786,-0.004954071232273538,-0.0003377571223177611,0.0,0.0,-0.00755142688794419
2024-03-21,-0.0617662936346407,-0.00878556702981137,-0.001346193735170309,0.0,0.0,-0.013244724211218584
2024-03-22,-0.06426089009942038,-0.014816565447010155,-0.004685616832070916,-0.0018957077933817734,0.0,-0.021853737134433837
2024-03-25,-0.06154244788224206,-0.0033939299373911824,0.0,-0.00465335255032806,-0.002716637022302404,-0.0055093347327239695
2024-03-26,-0.06522099219492883,-0.007078928101550308,-0.006653228514122311,-0.006491782388292067,-0.0032474697332453006,-0.01112476637402271
2024-03-27,-0.054474324781345174,-0.0009863579634658004,0.0,0.0,0.0,-0.0025179814835701864
2024-03-28,-0.047073047197762063,0.0,0.0,-0.00019091284867500669,-0.0004959730811670005,0.0
2024-04-01,-0.05654616965195858,-0.003907417209334629,-0.009450641889278133,-0.0019305678975631846,-0.005156915063595391,-0.005933185249158868
2024-04-02,-0.05489992535094956,-0.007402499472181523,-0.005087634152538989,-0.008276393280948757,-0.009810488809320006,-0.010988950887829918
2024-04-03,-0.04666358709992291,-0.003985376308710875,0.0,-0.007187006972372845,-0.008691051217240231,-0.006036119704452836
2024-04-08,-0.04233811540970989,0.0,0.0,-0.008505800982093081,-0.011642465308594474,0.0
2024-04-09,-0.0409491937728057,-0.0042454509884204406,-0.004760735479357403,-0.007359002693858918,-0.009387217807851789,-0.006197288072636642
2024-04-10,-0.055842493507560986,-0.005005195027685927,-0.008902546826767499,-0.017298181427500836,-0.020601496477686165,-0.007310298994545161
2024-04-11,-0.055868816911525454,-0.004187314759068306,-0.015156023455591416,-0.00988206702584371,-0.016703818813899818,-0.006240715836446364
2024-04-12,-0.05865230825278622,-0.011637066281172781,-0.013091484992250213,-0.023548580413734754,-0.023291621257906847,-0.017251942213308724
2024-04-15,-0.06387056951594206,-0.014892226744859682,-0.013131157131898163,-0.0357817761044491,-0.033128474826982446,-0.021969938013000956
2024-04-16,-0.07152526358678257,-0.016063778161457765,-0.01632826929818465,-0.03754028822615396,-0.035708271296584715,-0.02374798419591717
2024-04-17,-0.07432289096839317,-0.019609759687831407,-0.022283675719842244,-0.04323638535857566,-0.0366680073441652,-0.029034762342049825
2024-04-18,-0.07543089455736496,-0.017770772992448225,-0.01823065207610708,-0.04520520789112015,-0.03920434000980233,-0.026451945196822146
2024-04-19,-0.07207714647157526,-0.01823520956099889,-0.01865687014928985,-0.0535389530973549,-0.04369479550876787,-0.0272397892177485
2024-04-22,-0.07159136526114818,-0.014348574722367169,-0.010528901674067725,-0.04482290175879411,-0.038424428561621204,-0.021679118299848033
2024-04-23,-0.06504387073041651,-0.011146776231750866,-0.004766038145989415,-0.033488119473608746,-0.031117261675281616,-0.017052309691418688
2024-04-24,-0.07009812264437953,-0.014029412417841836,-0.009928099880594066,-0.033946754712781524,-0.03257846677548226,-0.0213332417706259
2024-04-25,-0.07077536575857213,-0.012705088932951303,-0.00843302846623295,-0.037616797496116794,-0.03626228663658693,-0.019574989076770244
2024-04-26,-0.06630764210351703,-0.014517738195775398,-0.004261871553672969,-0.028499342734924826,-0.029734583664238423,-0.022315974824669516
2024-04-29,-0.062064764507767545,-0.010579671109989586,-0.008113238987282556,-0.025058707652734213,-0.026103560651546176,-0.01664654295395318
2024-04-30,-0.08094006478414872,-0.02080064617788402,-0.02225664040611197,-0.04050307067012304,-0.03719095563505459,-0.03153249522007817
2024-05-06,-0.05652020032151395,-0.005202936302959094,-0.0209359914688928,-0.012615321659924184,-0.014566108993828153,-0.009557686471518112
2024-05-07,-0.05700059303926186,-0.007419189081456223,-0.022732861890939926,-0.011525875296976129,-0.012896260682162541,-0.012720790891617706
2024-05-08,-0.06125064364129029,-0.010125576903248779,-0.025382422144955674,-0.011430328791080635,-0.013937202710412433,-0.016722084804148718
2024-05-09,-0.05110689864051743,-0.004882365342060657,-0.01848743908012951,-0.005734111549914989,-0.009324733724741963,-0.009367431163752271
2024-05-10,-0.05557819869881686,-0.010057511774040906,-0.025416223691597573,-0.004453512120803804,-0.0098211356795328,-0.016949248860833266
2024-05-13,-0.05171782428706517,-0.005419013674047846,-0.018628687612161743,-0.004319771034298814,-0.0092759061892701,-0.010352543074885312
2024-05-14,-0.047291964775187156,-0.0029319501859937924,-0.015834144918105864,0.0,-0.005384631601571321,-0.0067905218286015145
2024-05-15,-0.03110258111498121,0.0,0.0,0.0,0.0,0.0
2024-05-16,-0.034516159880187636,-0.0037966982463952803,-0.005239584192464508,-0.0020574118243179562,-0.0020048855308045788,-0.005718422200835072
2024-05-17,-0.027524349852918628,0.0,0.0,-0.0006229405569766477,-0.0023536370991168454,0.0
2024-05-20,-0.022265440531254788,0.0,0.0,0.0,-0.0022436907781151483,0.0
2024-05-21,-0.020936885932645533,-1.3949940980695352e-05,0.0,0.0,0.0,-7.967664498798044e-05
2024-05-22,-0.0319437487286347,-0.005932105892633044,-0.011816059938228762,-0.0028793330278348295,-0.0022557949646855313,-0.008553532003005015
2024-05-23,-0.044426882897722675,-0.013487657873445968,-0.025383598431087173,-0.010162515336516353,-0.00807285047438322,-0.019489507527594818
2024-05-24,-0.035739555700346703,-0.00869328073554998,-0.012537356382398612,-0.0036131206669721694,-0.0035845190182457465,-0.012784521353495948
2024-05-28,-0.03222229121169384,-0.005492742370134529,-0.011298635354197617,-0.002916820647755225,-0.0053464641251416145,-0.008254271243471223
2024-05-29,-0.04525416456820952,-0.010643941902819365,-0.021606433519124724,-0.009898978551050153,-0.011484656173974983,-0.015619559829469942
2024-05-30,-0.046239828083850076,-0.012913089970890246,-0.029336437452806452,-0.016467057901816573,-0.013546774655876281,-0.018879599197485386
2024-05-31,-0.04308256910898234,-0.015286413272915134,-0.026011638020915773,-0.0075088767017988944,-0.0062980158829469834,-0.022426356525290347
2024-06-03,-0.041217283169918795,-0.012546284343361691,-0.028315149116450833,-0.006699640792916073,-0.003208622315930776,-0.018543119927319385
2024-06-04,-0.045322724476273946,-0.01324930197086105,-0.03203349807588496,-0.00558932134990886,-0.0003504780022973719,-0.019636455816872456
2024-06-05,-0.03394093664599451,-0.0051141725364624024,-0.01736932480671982,0.0,0.0,-0.007981671179500771
2024-06-06,-0.028748180059870232,-0.0026781916685097995,-0.01488467364280821,-1.86865340957576e-05,-0.00018173209769212217,-0.004563950182785104
2024-06-07,-0.05188301220506397,-0.009166324718688945,-0.035372253735494685,-0.00123425145328937,-0.005128957694141123,-0.013985174612010542
2024-06-11,-0.0454963943233051,-0.009465269025302536,-0.028657208777570276,0.0,-0.0005965166768990837,-0.014497543977386229
2024-06-12,-0.03498755730211467,-0.002065600009428681,-0.016114777795622315,0.0,0.0,-0.0039037946184701244
2024-06-13,-0.03397976994301821,-0.007978945746763944,-0.016291959507707454,0.0,0.0,-0.012545677033282354
2024-06-14,-0.03124871262284512,-0.005477270566069503,-0.010858963515182896,0.0,0.0,-0.009151580318616181
2024-06-17,-0.03151021150604183,-0.0024070493425746298,-0.008242011167825858,0.0,0.0,-0.004792166451847657
2024-06-18,-0.02369281459662287,-0.00573797974276713,-0.0034125130457670627,0.0,0.0,-0.00981020439216107
2024-06-20,-0.018913478745711032,0.0,0.0,-0.002716659090159168,-0.002645827050102967,0.0
2024-06-21,-0.026016688848780167,-0.0010076026627826584,-0.0037817512599794822,-0.004053622425973291,-0.0033699954625769912,-0.0017018952454594949
2024-06-24,-0.02335531596712226,-0.00754117104586538,-0.00948465672306198,-0.007291204591363565,-0.0049910837409831155,-0.011270341398216144
2024-06-25,-0.025726058730114687,-0.005113014825299578,-0.004857067059186315,-0.003468428876758356,-0.0023466739726343278,-0.007810186175453149
2024-06-26,-0.03184243150262012,-0.005651059807396774,-0.009246232694983592,-0.0022244916102399648,-0.003980892099631705,-0.008464643735350497
2024-06-27,-0.026212062577612105,-0.0033424073350381,-0.0039876909363042445,-0.0006517553056938352,-0.0021517321805428757,-0.005210975845775012
2024-06-28,-0.03343034047275795,-0.0035528874674267685,-0.009851061522471727,-0.004584283451807947,-0.006625748678547594,-0.00577784026070205
2024-07-01,-0.0333760883560249,0.0,-0.005607327921816951,-0.0025355332089318505,-0.008356917294353616,0.0
2024-07-02,-0.02698119682451272,0.0,0.0,0.0,-0.0028480177698999576,0.0
2024-07-03,-0.014196286163294825,0.0,0.0,0.0,0.0,0.0
2024-07-05,-0.007861223552562024,-0.002397505798738986,0.0,0.0,0.0,-0.0036518601508712667
2024-07-08,-0.015134235164718568,-0.006864171423023313,-0.007848640065536538,0.0,0.0,-0.010201374249854234
2024-07-09,-0.01841373660110346,-0.0007767594230871921,-0.00698428855097466,0.0,0.0,-0.001460090676778103
2024-07-10,-0.012224130239234632,0.0,0.0,0.0,0.0,0.0
2024-07-11,-0.0006562721039448105,0.0,0.0,-0.00862232977088917,-0.0027052285154754996,0.0
2024-07-12,0.0,0.0,0.0,-0.002369408320780919,0.0,0.0
2024-07-15,0.0,0.0,0.0,0.0,0.0,0.0
2024-07-16,0.0,0.0,0.0,0.0,0.0,0.0
2024-07-17,-0.004568425677526133,-0.005425376258660908,-0.0032537290457070878,-0.014021014500708362,-0.008144016603252036,-0.0077491282796803285
2024-07-18,-0.015703861663714402,-0.008654942319458514,-0.015045121813377027,-0.02159842781009913,-0.013848333271670121,-0.012494735024337844
2024-07-19,-0.02728495079077009,-0.0075352564627568785,-0.025476822345703365,-0.02809558707017279,-0.019024027474276783,-0.011070278849888537
2024-07-22,-0.023860867386958584,-0.00190640453353641,-0.021031804623937167,-0.018075349216904457,-0.013340242900977906,-0.0031408843456399715
2024-07-23,-0.027361444497406184,-0.0034624103800199313,-0.025247563133943496,-0.019615559517152326,-0.013980409042662845,-0.0054353145243136725
2024-07-24,-0.03757937762376462,-0.007558456863363094,-0.03529566402713624,-0.04183350892174287,-0.02828640685910533,-0.011288603364063565
2024-07-25,-0.03711579676978172,-0.01227689200269122,-0.038944610104095556,-0.04682571971565652,-0.030431175245865805,-0.01802887424654953
2024-07-26,-0.027879341348305164,-0.002094306682309033,-0.020458661257749866,-0.03615058754753819,-0.02210556679368736,-0.0037440217656832253
2024-07-29,-0.029484541601848324,-0.002441981249301395,-0.021855524965673778,-0.0355839587041783,-0.021097500582211604,-0.004305207028469482
2024-07-30,-0.02798176869059732,-0.004310721996601763,-0.023552902544540455,-0.040470273109557864,-0.023219750612774703,-0.007045800640280153
2024-07-31,-0.001683588867548269,0.0,0.0,-0.024873232043160165,-0.010882510028222936,0.0
2024-08-01,-0.012126533576857779,-0.0039051267986942584,-0.007139815195043364,-0.03868223199425935,-0.017597347076979908,-0.005686006302355162
2024-08-02,-0.01928155884631133,-0.014337642530010353,-0.020067561713765225,-0.05658016317801784,-0.022335448324976248,-0.020890249526250626
2024-08-05,-0.021805735966489936,-0.02729641309140174,0.0,-0.08405617321056402,-0.03864449586693541,-0.0397867082421145
2024-08-06,-0.03190868992692364,-0.023219671233296713,-0.009119751867347814,-0.07561151837790192,-0.03709871501668438,-0.03387566636077333
2024-08-07,-0.03693882079770994,-0.027927601789594192,-0.01863059025830205,-0.08179021226847871,-0.04230485784057059,-0.040830025751964594
2024-08-08,-0.01845857109820037,-0.0020558843182895137,0.0,-0.060563641567226045,-0.030584076662776294,-0.003371986841189778
2024-08-09,-0.009980410637034254,-0.000971229719514688,0.0,-0.05642093049326935,-0.026451740159784576,-0.0019613673478908744
2024-08-12,-0.0013149703938568624,-0.001483054112701776,0.0,-0.055925379749438564,-0.025034924619535825,-0.0027405433133709245
2024-08-13,0.0,0.0,0.0,-0.040399527668840696,-0.013809640596015527,0.0
2024-08-14,-0.003468940317369773,-0.003568858368833805,-0.0049731607768489505,-0.03737199981947659,-0.011429931387572534,-0.005287161944072638
2024-08-15,0.0,0.0,0.0,-0.020872566281990412,-0.003908094553594865,0.0
2024-08-16,0.0,0.0,0.0,-0.018677129008080606,-0.0017870600328584452,0.0
2024-08-19,0.0,0.0,0.0,-0.009294265438888782,0.0,0.0
2024-08-20,0.0,-0.0026172445832576274,0.0,-0.010905332066124318,0.0,-0.003718229552581498
2024-08-21,0.0,0.0,0.0,-0.0075062243235904935,0.0,0.0
2024-08-22,-0.00822460797906377,-0.0018531347819097377,-0.004834067416012111,-0.015296095727673542,-0.006547621050286723,-0.0026786426208043057
2024-08-23,0.0,0.0,0.0,-0.004832978109164721,0.0,0.0
2024-08-26,0.0,-0.002558127671331234,-0.002989823075441156,-0.007205389871137502,-0.0019211618603346414,-0.0036697618404581966
2024-08-27,-0.005833538003419347,-0.012125402036664013,-0.01494975666980669,-0.005842043172681999,-0.0012629521261235954,-0.017534689036605378
2024-08-28,-0.013385027327816434,-0.013697108374960298,-0.019225950408861325,-0.011613451790918217,-0.004946614146810746,-0.01989811871901992
2024-08-29,-0.009581670550838806,-0.01197126594982012,-0.017848161067890445,-0.011524964546886785,-0.0055886855830658,-0.017400828487600717
2024-08-30,-0.01747736424220092,-0.00922865918838367,-0.02850720586529265,-0.0020889864540220016,-0.0012940757377973844,-0.013705629202463432
2024-09-03,-0.02175036010196396,-0.005800667962527761,-0.007273849508320218,-0.022625234676930894,-0.01099213628242901,-0.008927299788537346
2024-09-04,-0.01796148457070823,-0.001473607176939562,0.0,-0.024625512114380244,-0.009840527118424869,-0.0026803202643899127
2024-09-05,-0.016415085702906507,-0.005388558697604573,-0.0006535430300556033,-0.026997812990082415,-0.010315725938587872,-0.008387575602075037
2024-09-06,-0.0306829590769091,-0.016387548482737935,-0.01819591242143126,-0.043373608335719904,-0.01957121085377722,-0.024408613080121544
2024-09-09,-0.023911949020483436,-0.011043049533218996,-0.009704363878142108,-0.032663103447243214,-0.012561833391545374,-0.016779004042069334
2024-09-10,-0.02449204981211317,-0.009058071821174796,-0.005105157484724843,-0.02844953604629885,-0.00829798320172137,-0.01402032652022267
2024-09-11,-0.020277930614301276,-0.008599102853191765,-0.002589854890716503,-0.018482412716703367,-0.002601974397663631,-0.013367429514402618
2024-09-12,-0.008746521889250958,-0.0029322247619198993,0.0,-0.010214843258375073,0.0,-0.005215958053830461
2024-09-13,0.0,0.0,0.0,-0.005045436203857112,0.0,0.0
2024-09-18,0.0,0.0,-0.00011769529090077668,-0.006125468480632779,-0.0020815996323078068,0.0
2024-09-19,0.0,0.0,0.0,0.0,0.0,0.0
2024-09-20,-0.0034629632831385537,0.0,-0.005666702020762804,-0.0017285076847672887,-0.0011575424580780869,0.0
2024-09-23,-0.0039355387622922455,-0.0004058712247998475,-0.006279439236145934,0.0,0.0,-0.0006439117962764307
2024-09-24,0.0,0.0,0.0,0.0,0.0,0.0
2024-09-25,-0.01354592554985179,-0.005837552214830288,-0.017856496029518443,-0.002205694933809399,-0.002948597696527999,-0.008411575993794718
2024-09-26,-0.010176361553652535,0.0,-0.00837198107449133,0.0,-0.0008601437617342667,0.0
2024-09-27,-0.0067199844475688275,-0.0011050795401658098,-0.003408419779201033,-0.001450290876500726,-0.00014660713362835143,-0.0016520556863200975
2024-09-30,-0.011805980222443835,-0.005593667418970161,-0.011228844867130494,0.0,0.0,-0.00821081819215086
2024-10-08,-0.018416953569304284,-0.00412118698809838,-0.021921455636435994,-0.0010281399297682459,-0.0072975426590145,-0.006630925291806866
2024-10-09,-0.02591351131183739,-0.008831986976065243,-0.03251842938581617,0.0,-0.004617997661659712,-0.013501304168158423
2024-10-10,-0.01805938741676283,-0.009140361769121363,-0.02804284504260468,-0.0017499469303221549,-0.005714993218551512,-0.013958666962484712
2024-10-11,-0.012853611828293587,-0.0032620715227970054,-0.021328088018637392,0.0,-0.0019845391142633284,-0.005619810068983377
2024-10-14,-0.01586534138277418,0.0,-0.018112377077260433,0.0,0.0,0.0
2024-10-15,-0.02140690528793021,-0.00032021907757195933,-0.021705629954403283,-0.007769767135678229,-0.0027380716946251438,-0.0006075411151622578
2024-10-16,-0.015416005417567602,0.0,-0.011849265645545337,-0.0034571007460072467,0.0,0.0
2024-10-17,-0.021531978732476587,0.0,-0.019423118652439064,-0.0033713945698621295,-0.001986302366274284,0.0
2024-10-18,-0.016469358730984318,0.0,-0.012887105043986047,0.0,0.0,0.0
2024-10-21,-0.03056646259288609,-0.0028207286087731376,-0.0331419781245369,-0.0016419785948884602,-0.004015024628755026,-0.004120543222085327
2024-10-22,-0.021841010619234935,0.0,-0.027241342928433054,-0.0021725346501064724,-0.004704812787241663,0.0
2024-10-23,-0.034236208946562985,-0.008094472796039476,-0.04209096635441589,-0.011290151674728466,-0.011155112388364419,-0.011717286260818582
2024-10-24,-0.028459368972308163,0.0,-0.03179283166673519,-0.009151798207965856,-0.008996916436765034,0.0
2024-10-25,-0.03095294414493277,-0.00240996464836829,-0.03550693471823918,-0.009493716857603918,-0.010060825630259784,-0.003574953678551207
2024-10-28,-0.03747473431263315,0.0,-0.033955723939192106,-0.00643183054336538,-0.009091924501762105,0.0
2024-10-29,-0.03433866736979618,0.0,-0.030597431291049082,-0.004823926315623117,-0.00794945931756108,0.0
2024-10-30,-0.03113436708837347,-0.004477053908697792,-0.02999362235630676,-0.007834647671043693,-0.010353707720950012,-0.006543845360387657
2024-10-31,-0.039412806020961866,-0.018309634160335264,-0.043380930377266536,-0.027284061442386154,-0.02241094434223323,-0.026374357179736352
2024-11-01,-0.05094099168545996,-0.020210658350903743,-0.05582673111472036,-0.023178687690373234,-0.022251040752886087,-0.029255651381648984
2024-11-04,-0.04111095973463741,-0.022752119665604975,-0.04938985115905281,-0.025282646341395765,-0.02144477679035872,-0.03304607753614508
2024-11-05,-0.031420675242286644,-0.018007640292157734,-0.03706962736633279,-0.013496760691981025,-0.01413033229665317,-0.02620288232916812
2024-11-06,-0.033302556600601996,-0.0024543733977109294,-0.030322182895119565,0.0,-0.003363957018649111,-0.0038834758365530186
2024-11-07,-0.019861921052533593,0.0,-0.016774409468562457,0.0,0.0,0.0
2024-11-08,-0.021884960699667166,0.0,-0.016367665507069917,0.0,0.0,0.0
2024-11-11,-0.025792529228172434,0.0,-0.009361854146186177,0.0,-0.00048724693982560296,0.0
2024-11-12,-0.04095488111034373,-0.006131113564327273,-0.02569099628442395,-0.003106540640482547,-0.004819859104437829,-0.008695692719321246
2024-11-13,-0.048302962712878816,-0.005231082113221874,-0.03071388096316463,-0.0026222256567841606,-0.004770148193334767,-0.007452993920189166
2024-11-14,-0.049843956551960944,-0.012465871672618034,-0.030816675331406862,-0.009035436234415384,-0.008741037557696285,-0.01788208367519084
2024-11-15,-0.05299482491857943,-0.007164342557992476,-0.03001765704951731,-0.021728368333016723,-0.016353867153096835,-0.010421851956670669
2024-11-18,-0.04088275364975691,-0.004520337853800127,-0.022518000817959294,-0.01771994225346818,-0.013033110825243388,-0.006677395569380518
2024-11-19,-0.03579575348518749,-1.0623979663337835e-05,-0.01597747718144671,-0.014129295205938308,-0.01000948394770762,-0.0002836884861594502
2024-11-20,-0.037306097851294906,0.0,-0.01690386864377913,-0.013795259699309392,-0.01038121468947284,0.0
2024-11-21,-0.031839343338379233,0.0,-0.011214271521222452,-0.008501062854469166,-0.007343018003536206,0.0
2024-11-22,-0.024878400082675833,0.0,-0.002239653916904949,-0.00542810305480268,-0.005213115275630731,0.0
2024-11-25,-0.02326326468820572,-0.012597114826457978,-0.005015595949820928,-0.0020542714360216596,0.0,-0.017989688533155856
2024-11-26,-0.027929665627389078,-0.015104130706899532,-0.010662704251548139,0.0,0.0,-0.021648246699780493
2024-11-27,-0.025319090758763818,-0.011117958897179925,-0.007671406798520408,-0.0030299196377362447,-0.00029694994968409993,-0.01606612064634838
2024-11-29,-0.015719502041123934,-0.0031715676460146724,0.0,0.0,0.0,-0.005024970970940346
2024-12-02,-0.018538064138178822,-0.006300589748204466,-0.001730304910479319,0.0,0.0,-0.009559714011314502
2024-12-03,-0.015689008565697105,-0.005928713247523976,0.0,0.0,-0.0008582806516110875,-0.008663346400197502
2024-12-04,-0.009058755314948375,0.0,0.0,0.0,0.0,0.0
2024-12-05,-0.012255151325412661,-0.0032591341225626236,-0.005296536742231073,-0.0016455104221653194,-0.0010321590864569297,-0.004769453531895285
2024-12-06,-0.012513915506909279,0.0,0.0,0.0,0.0,0.0
2024-12-09,-0.012638530486117627,-0.0005789344466791135,-0.0033253389735502514,-0.005149516166978119,-0.004477240337864119,-0.0008681480488298421
2024-12-10,-0.014560071508237571,-0.002377465354087338,-0.006736988909321062,-0.008242677781282182,-0.007048347570604241,-0.0035835660690208826
2024-12-11,-0.008697928991200587,0.0,0.0,-0.0005756272261505657,-0.0036116247802916446,0.0
2024-12-12,-0.021473116424103877,-0.0053731204372975405,-0.012252486719826927,-0.005725451599746356,-0.008214565537621454,-0.007738590314731897
2024-12-13,-0.02696423961384864,-0.002496005241756083,-0.012625547359079392,-0.005922806570553996,-0.01017522523014791,-0.0037901839017098204
2024-12-16,-0.02576673817101982,0.0,-0.005044763452260237,-0.0016781850328700942,-0.007498070765563081,0.0
2024-12-17,-0.02978398770192414,0.0,-0.006204394466729268,-0.005791305080375064,-0.009970658429261703,0.0
2024-12-18,-0.05131519278900565,-0.009486976868270935,-0.018892097359042626,-0.03542218656157503,-0.030815789733805388,-0.013635458994294525
2024-12-19,-0.06135243704237314,-0.014893545415449516,-0.034649078726026517,-0.03571837312109538,-0.032758014865476914,-0.02152668082547815
2024-12-20,-0.054504897588954604,-0.013651003573196818,-0.03439566831194729,-0.024136379373580263,-0.02436737660768551,-0.0198456103746264
2024-12-23,-0.05703421474364978,-0.015904045660219412,-0.035642703699516054,-0.018292679168211978,-0.022576586242002095,-0.023182549742778225
2024-12-24,-0.04822816311265443,-0.008647186783755978,-0.024097036560330354,-0.0073809320784529175,-0.015807047161236487,-0.012777099023404626
2024-12-26,-0.048697028643403084,-0.010320586226705841,-0.025905529667371807,-0.00731477039120676,-0.01547323964277647,-0.015303326156340002
2024-12-27,-0.054974357535526375,-0.014559435795354347,-0.03133623920843143,-0.017764413025633696,-0.022763104806724277,-0.021546479438889876
2024-12-30,-0.052169555713501126,-0.018062221433814196,-0.032406571410056095,-0.0289733740303052,-0.02723321198091222,-0.026682428389166013
2024-12-31,-0.051013889089674413,-0.01551577994539921,-0.029132534704027657,-0.032505832810238444,-0.030071084977602247,-0.023253644331546086
2025-01-02,-0.04334000030849028,-0.010450708716066348,-0.018849561493322398,-0.03488303045184149,-0.031291236897307506,-0.016135024640748452
2025-01-03,-0.04438848173718113,-0.006029971695610148,-0.016729949846143843,-0.02281591948821282,-0.024662155077646797,-0.009837539627746805
2025-01-06,-0.04415633813075526,-0.001168360227564058,-0.01914555729861611,-0.017186833824238246,-0.02165391583049625,-0.002988550867009665
2025-01-07,-0.05151634968350205,-0.011797507845427102,-0.03048692757160454,-0.028296552298040067,-0.030099027839944115,-0.01835277230655985
2025-01-08,-0.05077934865132627,-0.01462898154257053,-0.028445248402622192,-0.026876747146263646,-0.028573555391366412,-0.02247678349348725
2025-01-10,-0.049275374566502106,-0.014555228805676834,-0.02587103651949907,-0.041733847148010206,-0.04032198035628776,-0.022553184724581232
2025-01-13,-0.04889285383881359,-0.01651974991497651,-0.02643054197787842,-0.040248291251144486,-0.04009981502050575,-0.025478796645923896
2025-01-14,-0.04496393732411508,-0.011225017780491564,-0.021787370047682275,-0.03892752315915926,-0.03917951310945067,-0.017921715692779006
2025-01-15,-0.024421446969000504,-0.003092191792846921,-0.004356049434682929,-0.021445427395253902,-0.024635185601389553,-0.006208023976793542
2025-01-16,-0.024785266470084166,-0.0045742947876074025,-0.007129187388244529,-0.02332754247344071,-0.024843986070276824,-0.008419153074536334
2025-01-17,-0.022987142942084593,0.0,0.0,-0.013521846198734089,-0.018652028515248276,-0.00017494288057606777
2025-01-21,-0.01630511959078662,0.0,0.0,-0.004492111451622871,-0.01191959980437829,0.0
2025-01-22,-0.01916246669734034,-0.0010426075040383953,-0.0024533701618505432,0.0,-0.009560609199878445,-0.001574930969813093
2025-01-23,-0.02086397472767798,0.0,-0.003003452789012706,0.0,-0.007281088826244564,0.0
2025-01-24,-0.018347611566202127,0.0,-0.0027125161482874915,-0.002919267584524987,-0.008251195676901357,0.0
2025-01-27,-0.025906821855196105,-0.011670555739193622,-0.0160915273941431,-0.017023345261007572,-0.014276552203708937,-0.016818144101068966
2025-02-05,-0.006716672569302751,-0.010675428984245783,-0.004727921097392174,-0.009069203543742965,-0.006149467181756796,-0.015859624495241476
2025-02-06,-0.008078749856524459,-0.011058918368608173,-0.00774831674718679,-0.005625321058705501,-0.004544863859363479,-0.01652208206571537
2025-02-07,-0.015600039726465176,-0.014040099168409093,-0.015686890479529536,-0.014727287517441678,-0.011338820655217186,-0.02093907426030317
2025-02-10,-0.006871542580147549,-0.008551279457908012,-0.0035457904512655736,-0.008036202102481016,-0.007397866160133826,-0.013001907038167615
2025-02-11,-0.007548211349484135,-0.012855842443147303,-0.0052065685251696525,-0.007281532340926544,-0.007963852994270493,-0.019396967830908274
2025-02-12,-0.018740581906069864,-0.00716254398293481,-0.01434977818394012,-0.01047984606124941,-0.0126083244722347,-0.011177967876467299
2025-02-13,-0.00408695957844829,-0.0006604955712082861,0.0,-3.2762914992878756e-05,-0.0033899598261177832,-0.0018558066325554678
2025-02-14,-0.001552326502886725,0.0,0.0,-8.185625490475523e-05,-0.0017620098598819522,0.0
2025-02-18,0.0,0.0,0.0,0.0,-0.0021208751115011637,0.0
2025-02-19,0.0,-0.0005509621855132041,0.0,0.0,-6.236602155229587e-05,-0.0008390133470679295
2025-02-20,0.0,-4.6187732976821216e-05,-0.0031956711013289008,-0.004160219154492384,-0.0017710547515854547,-0.00021724723003713198
2025-02-21,-0.010217552420387133,-0.011930137622153447,-0.020361116883248265,-0.021193226355398997,-0.009735397784114697,-0.017441874610265473
2025-02-24,-0.01269282856120657,-0.02008313012946783,-0.024609318889485254,-0.02564708653678227,-0.011579140819706235,-0.02929077412250891
2025-02-25,-0.013206098070124184,-0.027673128082238763,-0.028703594782973907,-0.03049287422985225,-0.011364900951246093,-0.040306526363299455
2025-02-26,-0.015615725397453484,-0.03261478613730051,-0.03404073389156215,-0.030003370982742972,-0.009963838575025474,-0.047526439479138594
2025-02-27,-0.023930226986398906,-0.039006025824110724,-0.04136253681125679,-0.04548633533561586,-0.01979566008903455,-0.05680927136000968
2025-02-28,-0.01600808089768735,-0.03595252017034112,-0.02994683671341436,-0.030590754572149215,-0.00858519991126272,-0.052563689931801605
2025-03-03,-0.01736291194106776,-0.035489781203954185,-0.03207973327401803,-0.0475746185306577,-0.017567318330764192,-0.051993460264637914
2025-03-04,-0.025015857649982265,-0.03639533147081386,-0.040675836695869605,-0.05884842355788944,-0.025736887546906617,-0.053358460259006035
2025-03-05,-0.021178178922675484,-0.021605396367030183,-0.029420378002889214,-0.048733140009503906,-0.021741285567892676,-0.03231255183990267
2025-03-06,-0.027089039104704615,-0.021823128970847372,-0.03859942189465093,-0.06561912362571543,-0.03231153612530502,-0.032632760429923025
2025-03-07,-0.023451376227536902,-0.022174539166175733,-0.03146421180021186,-0.06038201763470752,-0.0295985501159719,-0.03327022249887279
2025-03-10,-0.03062389072679761,-0.038134518206987544,-0.0422382290799963,-0.0854094322534007,-0.04220214464812122,-0.05602352931417931
2025-03-11,-0.030241503625320187,-0.03120097598002769,-0.040503721301033746,-0.09301211523075015,-0.04828586383812605,-0.04625838879228705
2025-03-12,-0.028587412412223623,-0.024370368882772775,-0.03554879674204847,-0.088199123544487,-0.04650085823200967,-0.036577378949487094
2025-03-13,-0.029989777356973613,-0.029112066588634966,-0.04111949482931587,-0.10035405472364045,-0.0523738127085156,-0.0433259837071871
2025-03-14,-0.019716406766617234,-0.014721009106341887,-0.019798002469393894,-0.08177100467470033,-0.04234783013060006,-0.023038497838603345
2025-03-17,-0.013071048430724153,-0.01282093998874101,-0.015205070904782958,-0.07469021480876781,-0.03766906524053848,-0.02029025376172444
2025-03-18,-0.013375530575555072,-0.013527092930697981,-0.016484163793800244,-0.08469147385051512,-0.04334707743913646,-0.021370533985077156
2025-03-19,-0.0013768109833316444,-0.005443077034179011,0.0,-0.07472290927994985,-0.03602017811897573,-0.009868359118384573
2025-03-20,-0.0032249231101286746,-0.01031420832899832,-0.0033152389100199464,-0.07739857606439793,-0.03707784958917848,-0.01683321074949995
2025-03-21,-0.010138009002409132,-0.010750497798906578,-0.008963362065441127,-0.07709427379690448,-0.037224906687061354,-0.0175916500568567
2025-03-24,-0.008555933411186989,-0.002408538848026831,-0.005408368932556473,-0.06056640632932486,-0.029378013231426525,-0.005644796214168801
2025-03-25,-0.0050680938942073706,-0.00018261877292691242,-0.0001967871113053299,-0.05830825403401052,-0.02732476591282207,-0.0025386378324016023
2025-03-26,-0.009936856710883402,-0.001728387219879668,-0.0032249244091204776,-0.06955037994630808,-0.03514104542431007,-0.004786530338552586
2025-03-27,-0.006327398364140535,0.0,-0.000689803875277506,-0.07202145244680558,-0.03699106020863607,-0.00167380249402449
2025-03-28,-0.005397403886576613,-0.005174576007889842,0.0,-0.09070918572490361,-0.04528728773349289,-0.009170506858285021
2025-03-31,0.0,-0.008449323763026428,0.0,-0.08460537164069404,-0.04038756083601436,-0.013967135990918922
2025-04-01,0.0,-0.0047499132235757635,0.0,-0.08201997002668382,-0.03741286853060688,-0.008664716408484319
2025-04-02,0.0,-0.004254760300848814,0.0,-0.07621050771873839,-0.034122206217100715,-0.007991597657769356
2025-04-03,-0.02813731659844887,-0.01722924675937476,-0.03218528055322223,-0.12173562966302365,-0.05879980938824181,-0.026714428280482205
2025-04-07,-0.09684508539359216,-0.04953585853517439,-0.1198252741791147,-0.17462467356296651,-0.09561923093239455,-0.07352808309197822
2025-04-08,-0.11806284841763193,-0.05876069967522102,-0.153412351049367,-0.1875522908467666,-0.10568856774368807,-0.08696395100856469
2025-04-09,-0.06261357887528884,-0.01122125658530082,-0.07048011711632962,-0.10222962078474862,-0.05323345148564762,-0.018418039233070616
2025-04-10,-0.09461400967521294,-0.02131250337968915,-0.10575329364359287,-0.14156919246686894,-0.08035945048240756,-0.03300781061129854
2025-04-11,-0.07780994553912735,-0.008332889996346848,-0.08538318015547319,-0.1262522388605266,-0.07286535048299991,-0.014493314782214384
2025-04-14,-0.06797830501122526,-0.00380166764479406,-0.07236363823601821,-0.11777553722499079,-0.06450539457601567,-0.008007722622010882
2025-04-15,-0.06780722567559583,-0.0038966629998701263,-0.07370340197883507,-0.12024671126111308,-0.06492921539706742,-0.00828537365767923
2025-04-16,-0.0625190850043309,-0.005931401965304506,-0.07383562144151512,-0.13980176184616133,-0.07557356828688444,-0.01126754677797226
2025-04-17,-0.0572215681141669,-0.0034314583339714044,-0.06746538740314167,-0.13857460228495766,-0.07589184180583175,-0.0077311693426964645
2025-04-21,-0.07116964162586681,-0.0018731714239939024,-0.08663636909817463,-0.15907870635491161,-0.09084776643306569,-0.0054854595561215636
2025-04-22,-0.05749039910119291,0.0,-0.06407163137411409,-0.13719980992531033,-0.07680373175491206,0.0
2025-04-23,-0.05081755628438478,0.0,-0.05406218522469841,-0.12383030960242714,-0.06799082003436141,0.0
2025-04-24,-0.033903686108471054,0.0,-0.034347214156020045,-0.10538788639382013,-0.05433159185626024,0.0
2025-04-25,-0.030509554488453827,0.0,-0.02682960125797662,-0.09892402698410752,-0.04881234500313969,0.0
2025-04-28,-0.024793979232765606,0.0,-0.01681511741610786,-0.09858043042982056,-0.047061964753389085,0.0
2025-04-29,-0.024972016418107756,-0.0006626746505363768,-0.014443474003515977,-0.09290205061347823,-0.04215794441593135,-0.0009891204230375594
2025-04-30,-0.034933330148958386,-0.0024724243887633834,-0.02649798453396013,-0.09254200528797529,-0.041330240263523166,-0.0037409909961100274
2025-05-06,-0.03154010108587901,0.0,-0.02027251574670874,-0.08557087389681539,-0.04086401128945849,0.0
2025-05-07,-0.03499275494614296,-0.00014702421456325165,-0.02072402200537793,-0.08172541517916965,-0.037425398386489506,-0.0001572381030870984
2025-05-08,-0.03257701306780458,0.0,-0.01503055786473928,-0.07532684317619665,-0.036333007554476104,0.0
2025-05-09,-0.02703672265855117,0.0,-0.01030654859860014,-0.07650526563750137,-0.03679973374532408,0.0
2025-05-12,-0.026347275718192842,0.0,-0.0077833050505634604,-0.045985992145203824,-0.019857463918153462,0.0
2025-05-13,-0.016346755424946013,0.0,0.0,-0.03968580816265155,-0.016144319547089614,0.0
2025-05-14,-0.022782778922277647,-0.0006153933445939286,-0.0028543049873934745,-0.038458343994573596,-0.016767844939729826,-0.0009164063455836535
2025-05-15,-0.019923100978861075,-0.0014684242182001483,-0.002746567566566993,-0.03376191520556848,-0.011348231721816426,-0.002171434330556332
2025-05-16,-0.01862403624086595,-0.000585989423926847,0.0,-0.02764175388576784,-0.007348693684554042,-0.0009863083266729022
2025-05-19,-0.01769217627785069,0.0,0.0,-0.02657806668047502,-0.006874715758128147,0.0
2025-05-20,-0.014839243874102515,0.0,0.0,-0.02985086447430907,-0.009429758689100454,0.0
2025-05-21,-0.028160348172330485,-0.0030650254781048325,-0.010405353656943617,-0.04619881081476218,-0.02239505602223746,-0.00442556565955643
2025-05-22,-0.02597712166074373,-0.00026696255605984653,-0.005263617809665777,-0.04582221518241869,-0.02075474805712174,-0.0004896587250272644
2025-05-23,-0.02418880485303898,-0.006808544727407995,-0.0074617527596786415,-0.05233542090577881,-0.023801977216728942,-0.009947455603334321
2025-05-27,-0.016461325521483272,-0.0010076897976339927,0.0,-0.03263283905791148,-0.009751506512018948,-0.0018019165830804873
2025-05-28,-0.024142103288974037,-0.00479685189293233,-0.007309589020963347,-0.03822938116067376,-0.01434013182131788,-0.00725639642326803
2025-05-29,-0.019638445884271105,-0.005210821286032674,-0.004178585361890641,-0.03443296414980135,-0.010371952073193413,-0.007914934194806933
2025-05-30,-0.02182381364849817,-0.009820160998170069,-0.006216654023068924,-0.035512897055060555,-0.009952550155954532,-0.0145872705857224
2025-06-03,-0.01282301853481127,0.0,0.0,-0.02454887721906096,-0.004922248125110884,0.0
2025-06-04,-0.005689355545219987,0.0,0.0,-0.02481073759539265,-0.0021846571285535354,0.0
2025-06-05,-0.006927588860590084,-0.00455555175975586,-0.003738737684719884,-0.029523615155613414,-0.006263611019552973,-0.006628404971502411
2025-06-06,-0.009858140046085762,0.0,-0.006341559317127987,-0.01955789358254245,-0.0032767651891552063,0.0
2025-06-09,-0.0028730502113865075,0.0,0.0,-0.01867433057562584,-0.002018377529651505,0.0
2025-06-10,-0.0004404305082075233,0.0,0.0,-0.013110279872796227,0.0,0.0
2025-06-11,0.0,-0.0008859501176504692,0.0,-0.01592505046320558,-9.484344675658729e-05,-0.001312859486355511
2025-06-12,0.0,-0.005619157355964299,0.0,-0.01201389819632126,0.0,-0.008117851124281428
2025-06-13,0.0,-0.010891335297769977,-0.004084199239798192,-0.02305985728152582,-0.008223383193758815,-0.015760400502740635
2025-06-16,-0.002413062588536019,-0.005568572805208727,-0.004762497776466534,-0.013764880045812777,-0.0036609288789820615,-0.00820973337697628
2025-06-17,0.0,-0.012597911110179272,-0.002020565149884579,-0.022192539974575376,-0.006899131874941067,-0.01831143763220966
2025-06-18,0.0,-0.012999310768256112,-0.0028244872543631283,-0.02233976663051984,-0.006738644413573303,-0.01886588815850032
2025-06-20,-0.0006518963321865412,-0.01673985556469515,-0.0040229118463099844,-0.024635893249505325,-0.007893686687373891,-0.024539150874893778
2025-06-23,-0.0061329670565059,-0.009018313217821206,-0.0023794487664298147,-0.015001685491371375,-0.0006180089252942889,-0.013576235115757673
2025-06-24,-0.00863442929239644,-0.0065425632944206,-0.0010672862581436737,-0.004120214118325527,0.0,-0.010125684094545728
2025-06-25,-0.007729453188890734,-0.004413598434850452,0.0,-0.003562174324483358,0.0,-0.007110133241240102
2025-06-26,0.0,0.0,0.0,0.0,0.0,0.0
2025-06-27,-0.005890757800741109,-0.0010551197253306777,-0.00421496506740926,0.0,0.0,-0.0015889104834463375
2025-06-30,0.0,0.0,0.0,0.0,0.0,0.0
2025-07-01,0.0,-0.0023181278940013206,0.0,-0.00032361685086557124,-0.0009358616182740809,-0.0032798717900579533
2025-07-02,0.0,0.0,0.0,0.0,0.0,0.0
2025-07-03,-0.0019488578154973624,0.0,-0.0029532540742782665,0.0,0.0,0.0
2025-07-07,-0.010300040472421057,-0.003102451843140841,-0.011329999740784635,-0.007452075252634249,-0.005757611095810633,-0.0046448435159670565
2025-07-08,-0.007720331734026309,-0.0009526506201491536,-0.004691415336663729,-0.007995792718993977,-0.0066704472368210865,-0.001605960231207293
2025-07-09,-0.0006504107915671353,0.0,0.0,-0.0020469538021195,-0.0010291767624491799,0.0
2025-07-10,0.0,0.0,0.0,0.0,0.0,0.0
2025-07-11,-1.857850911124448e-05,0.0,0.0,-0.003515339984414667,-0.003961059744012063,0.0
2025-07-14,-0.0036522739649972324,0.0,-0.0042051107350635775,-0.0016138871400004362,-0.002977827089842733,0.0
2025-07-15,-0.012109144728406962,-0.0031001590294827963,-0.008653224658887959,-0.005880318297373788,-0.007101218912930807,-0.004506250556783553
2025-07-16,-0.007943234708831737,-0.0018984141988916958,-0.007877185933917508,-0.002556655831301713,-0.004006753976201538,-0.002848896319465277
2025-07-17,-0.001833509907838815,0.0,-0.0008143526022068581,0.0,-0.00043989819227407967,0.0
2025-07-18,-0.0010375497802802558,-1.695085197250812e-05,-0.0006721427141158642,-0.0007322815495488522,0.0,-0.00012984946892691251
2025-07-21,0.0,0.0,0.0,0.0,0.0,0.0
2025-07-22,0.0,0.0,0.0,0.0,0.0,0.0
2025-07-23,-0.0020797514276016393,0.0,0.0,0.0,0.0,0.0
2025-07-24,-0.006086187045747149,-0.0038009794177169542,-0.005604338226192218,0.0,-0.00037805644628596813,-0.00549913131483537
2025-07-25,-0.007620804443087326,-0.004036086098411773,-0.005249657594769475,0.0,0.0,-0.005972474606176892
2025-07-28,-0.01088765524005697,-0.0063844761771665315,-0.01117522675856042,-0.00025120694888725037,-0.0010193493193244585,-0.009404502103968149
2025-07-29,0.0,-0.0066103950569084136,0.0,-0.0028879574282389964,-6.776413043807494e-05,-0.009801346178840875
2025-07-30,-0.011378465884781974,-0.009782811423872051,-0.011861161998257486,-0.004143700861949484,-0.0021941657909727574,-0.014460893237298933
2025-07-31,-0.019609908309763613,-0.01689372677658718,-0.023086671933844616,-0.007879275397585594,-0.004146562508264728,-0.02468078453230793
2025-08-01,-0.018592362561014486,-0.02448389526502137,-0.02661705240190171,-0.024140628504832118,-0.009354063119710432,-0.035790554861329205
2025-08-04,-0.00946335331992254,-0.014799566454611113,-0.015247653870869793,-0.009307766091470548,0.0,-0.0218916285362587
2025-08-05,-0.011897671856815895,-0.017799436719955097,-0.019617122981962942,-0.014330739826312944,-0.0033194668374652014,-0.026256703838414275
2025-08-06,-0.013037526453087978,-0.014279991151478821,-0.01993587756440096,-0.006780742652026883,0.0,-0.021225534156662063
2025-08-07,-0.009294546606907539,-0.00949621915308796,-0.014864016474904096,-0.00761262898025139,-0.0007950659278522787,-0.01437124830911174
2025-08-08,-0.0094645225240505,-0.007256469172892022,-0.014336045304067846,0.0,0.0,-0.01131184668877705
2025-08-11,-0.011469789893906568,-0.0076292278099864275,-0.015625708165474816,-0.0019776540337530513,-0.001060634961268514,-0.011877011062631171
2025-08-12,-0.008083141008206285,0.0,-0.008990809266254618,0.0,0.0,-0.0006909641174173142
2025-08-13,0.0,0.0,0.0,0.0,0.0,0.0
2025-08-14,-0.008124788091409596,-0.008579129876829295,-0.007770655444556129,0.0,-0.0012329617727162567,-0.012344584229237565
2025-08-15,-0.01359005232954158,-0.009601813166141171,-0.012177566350926705,-0.0023413520331987403,-0.0034324609174396503,-0.013982387568860943
2025-08-18,-0.0151349274562812,-0.009956754987885619,-0.013647815565288934,-0.002558422771497315,-0.003937358341340236,-0.014614465034090363
2025-08-19,-0.018534745557236,-0.01744539293934244,-0.017251959127209227,-0.00796984376182519,-0.006197127295952232,-0.025391398089365302
2025-08-20,-0.013280488066856222,-0.015423009860212944,-0.013727033088621998,-0.010605579399017961,-0.007201699117058591,-0.02252455097589745
2025-08-21,-0.013269643626504513,-0.016495168965952378,-0.014619588123099825,-0.014574818086951491,-0.010755402758724442,-0.024138205137179236
2025-08-22,0.0,-0.0027080899862529373,0.0,0.0,0.0,-0.0044504969792256155
2025-08-25,-0.0058799300262981635,-0.011080782525124455,-0.008437630946701802,-0.004400924130794515,-0.003438914084538558,-0.016610796470560407
2025-08-26,-0.004625666732771205,-0.008778698986217415,-0.00726506590296383,-0.0002323844397909003,0.0,-0.013310065825365092
2025-08-27,-0.0018997160845819483,-0.008385355976408215,-0.004727930337651509,0.0,0.0,-0.012801002200045764
2025-08-28,0.0,-0.005298957234369239,-0.0013297245575925043,0.0,0.0,-0.00838825403373078
2025-08-29,-0.0032563657194033535,-0.00802636112722388,-0.006567682347254911,-0.005963766656904346,-0.003922961508864176,-0.01256869757369361
2025-09-02,-0.000170184467334078,-0.003351901233658916,-0.0032129378491614347,-0.013329813570800986,-0.009540746754689744,-0.0058131480336776065
2025-09-03,0.0,-0.002808433067228888,-0.00041543000038846145,-0.00798238669644169,-0.00495370967522335,-0.005132740862393792
2025-09-04,0.0,-0.004721716551382649,-2.1137101090307198e-05,0.0,0.0,-0.007909348764441604
2025-09-05,0.0,-0.0010348312635208856,0.0,-0.0028961426730533812,0.0,-0.002715218904862704
2025-09-08,0.0,0.0,0.0,-0.0004466967457088522,0.0,0.0
2025-09-09,-0.004905763513634143,-0.002294602097748011,-0.004849893606564626,0.0,0.0,-0.003393958433706268
2025-09-10,0.0,0.0,0.0,0.0,0.0,0.0
2025-09-11,0.0,0.0,0.0,0.0,0.0,0.0
2025-09-12,-0.0008462672176220432,0.0,0.0,-0.00033461472176832263,-0.0013494928357662417,0.0
2025-09-15,0.0,0.0,0.0,0.0,0.0,0.0
2025-09-16,0.0,0.0,0.0,-0.001376746979403265,-0.0005841291320435316,0.0
2025-09-17,-0.006892370954306282,-0.0034245956072807004,-0.005930409889543742,-0.0026175790407962918,-0.002190949095563721,-0.00490269565484891
2025-09-18,-0.011412024529577458,-0.0011522720404366638,-0.010229857631141037,0.0,-0.0006919402244889294,-0.0017061911802134233
2025-09-19,-0.01438742174821217,0.0,-0.014800119332411654,0.0,0.0,0.0
2025-09-22,-0.014618782501078287,0.0,-0.01597941278738446,0.0,0.0,0.0
2025-09-23,-0.00721651012893354,-0.00010158453758213337,-0.008509901289216137,-0.0054435731762725315,-0.002204629572468475,-0.00024839368499729453
2025-09-24,-0.009893209252256452,0.0,-0.012305142422785909,-0.008607819505660808,-0.005184489033458695,0.0
2025-09-25,-0.010486848133222204,-0.003739311776985166,-0.0168242883963714,-0.013181460858202598,-0.008816271399059272,-0.0053809978448090545
2025-09-26,-0.006565483955162432,-0.000161371359243212,-0.014166763450701447,-0.007527967942692948,-0.005588036049512191,-0.0002808269941969588
2025-09-29,-0.0023682097868391594,0.0,-0.011219238022500355,-0.004738783148283243,-0.00275438109075421,0.0
2025-09-30,-0.004116837261586959,0.0,-0.013374700921001126,-0.0009897405775038948,-0.0006483761926551201,0.0
2025-10-09,0.0,0.0,-0.0035690202752993727,0.0,0.0,0.0
2025-10-10,-0.01081251921194204,-0.020963314886855433,-0.020010525096894716,-0.027027784753554496,-0.013772124534745966,-0.03043239603031911
2025-10-13,0.0,-0.009146409604231076,-0.003842362468597038,-0.01209853996482746,-0.004586397031025591,-0.013384477958338081
2025-10-14,-0.002490351763393628,-0.009716846169542048,-0.0074840569964562675,-0.013305369762943275,-0.0042776058741686995,-0.014215764160328659
2025-10-15,0.0,-0.008420150481730504,-0.007796008525527753,-0.008924786256277684,-0.0020982476080946277,-0.01241765498697589
2025-10-16,0.0,-0.013104707413587602,-0.009235458743860003,-0.0156742638696723,-0.004295280769824772,-0.019277365911607114
2025-10-17,-0.007248461939111439,-0.01921547608010432,-0.014404745924202822,-0.010087034406736861,-0.0015970823051693062,-0.028194158123489244
2025-10-20,0.0,-0.008872274409331693,-0.004192972093806424,0.0,0.0,-0.013398095797559018
2025-10-21,-0.010297568146205527,-0.02046489011972863,-0.008160521012808841,-1.4979984718666017e-05,0.0,-0.030125475008043523
2025-10-22,-0.0057497276699391975,-0.0225422286961523,-0.004750158428398099,-0.0052137698960389445,-0.0030267374245956935,-0.0330987464823832
2025-10-23,0.0,-0.013409035868862551,0.0,0.0,-0.0008155434801389028,-0.020061940580927917
2025-10-24,0.0,-0.0109358812661986,0.0,0.0,0.0,-0.016567475261273557
2025-10-27,-0.00045870958402471906,-0.008974760770039558,0.0,0.0,0.0,-0.013732773358165584
2025-10-28,-0.0029551299807318854,-0.00959220636289082,-0.002793951537385486,0.0,0.0,-0.014695008828709555
2025-10-29,-0.010240342682914516,-0.010555267503151944,-0.01178843336334301,0.0,-0.002267142187041382,-0.016124524092745673
2025-10-30,-0.015316335103650158,-0.014774363260400936,-0.021696217804700324,-0.010998212886887737,-0.009480470822032738,-0.022217723992993932
2025-10-31,-0.013036247905325204,-0.013133796835701372,-0.019448023831808547,-0.007754089214926929,-0.007361870906516188,-0.01989191834523507
2025-11-03,-0.013756472722971091,-0.015097335162567393,-0.019691383705962573,-0.005891944636111868,-0.006433396732289154,-0.02294045931359534
2025-11-04,-0.024256037777711126,-0.029080192325592447,-0.032195972266207074,-0.017675744157777173,-0.013012907398921358,-0.04318912075022607
2025-11-05,-0.025725644616395593,-0.02006048105602143,-0.033673342524116356,-0.014271505490220937,-0.012861350825401408,-0.030372746677935103
2025-11-06,-0.02345222446618833,-0.02551065113233386,-0.030547816978479303,-0.024847711253068394,-0.017194438340459084,-0.03815084058727769
2025-11-07,-0.021171089097709372,-0.02323203849065092,-0.02836755392641277,-0.023887739283962706,-0.016453695369271992,-0.034903664635180354
2025-11-10,-0.009216782954322711,-0.011602017884683069,-0.01725950354478567,-0.008656172074077984,-0.007845790617227233,-0.01827446073368777
2025-11-11,-0.0022637075485326674,-0.015160412210194263,-0.011372396498947168,-0.006386649712187831,-0.005249743263308182,-0.023417316818993283
2025-11-12,-0.003680070637578692,-0.012902905216499061,-0.017093804618851682,-0.005833786274482944,-0.004835693079646486,-0.02020018058212325
2025-11-13,-0.017150607687541952,-0.023222144299193892,-0.03183243480552378,-0.022330926103698467,-0.015889354163571068,-0.035130718201737854
2025-11-14,-0.02379665709173795,-0.03015105248931005,-0.038464267022082055,-0.022491041099293452,-0.01664342694257981,-0.0453281373366089
2025-11-17,-0.03018340451726398,-0.037100524644562594,-0.04596498994835019,-0.031597940475993735,-0.021657409521850912,-0.055413055411598466
2025-11-18,-0.026558783652781526,-0.0353328793748382,-0.04308259074687071,-0.039730148792065045,-0.025880632362178302,-0.05280807633135798
2025-11-19,-0.032462109588019206,-0.03877720118436612,-0.05239984866974101,-0.03602030947428425,-0.02394169878413477,-0.05781819737585059
2025-11-20,-0.039173511525936955,-0.04514734902686923,-0.05933645620413741,-0.05071364258742961,-0.0318152376713523,-0.06705058487278737
2025-11-21,-0.035688225584084354,-0.04535627004873055,-0.05638561612480408,-0.041257523789282935,-0.02482339207020612,-0.06751924147329968
2025-11-24,-0.02679467223889176,-0.03791677272382421,-0.04858848378749214,-0.027146312795773064,-0.015736437145355442,-0.0569362277840777
2025-11-25,-0.022300829019961332,-0.0369553650102834,-0.043997733291315955,-0.017995704897293074,-0.009215755359165745,-0.055589443190692034
2025-11-26,-0.010314707826355685,-0.02999298864292288,-0.032124692728016435,-0.011216396493553327,-0.004817530770979572,-0.045678290483556094
2025-11-28,-0.004658056345600126,-0.024646789852384332,-0.030713951105462822,-0.005819156933517755,-0.0022789440721272536,-0.03810588593317343
2025-12-01,-0.012888880551978121,-0.02897969157362501,-0.04506939792722686,-0.010358111906739853,-0.0071550622992403445,-0.04443193255740996
2025-12-02,-0.011641187693172461,-0.02284187055755782,-0.042445232037306324,-0.008525136259297295,-0.005722908744429489,-0.03570803892518515
2025-12-03,-0.003040518553489746,-0.01633008636899025,-0.03091659175255923,-0.005091818410926874,-0.0028345013505010064,-0.026432323710729344
2025-12-04,-0.006424849097758645,-0.016735452819472862,-0.03427710054272215,-0.004364390137777896,-0.003628031041984281,-0.027005893342726628
2025-12-05,-0.007718306863818358,-0.018713650923560365,-0.03977142938637557,-0.0024732561287067467,-0.0033104236826084765,-0.02994160849552241
2025-12-08,-0.01401297914048738,-0.016578396801758544,-0.04348921995658861,-0.005470027262629573,-0.005935970339315255,-0.026999008517393897
2025-12-09,-0.010582344939841226,-0.009373649710461174,-0.037111157285802276,-0.006328401600001032,-0.007027595458382385,-0.016591240620312253
2025-12-10,-0.0003858405068621895,-0.00582637293247823,-0.029098518513891225,0.0,-0.0017866375312314275,-0.011578398762171704
2025-12-11,0.0,-0.0009376210315710232,-0.024547992673066732,0.0,-0.0003441762607764298,-0.0047054625165596775
2025-12-12,-0.012084028526404778,-0.007953786260450735,-0.03819828400412295,-0.01075200956203659,-0.007902513769697195,-0.014829215368323823
2025-12-15,-0.013397243686380067,-0.009804327234522736,-0.042482456833562665,-0.012246614892592711,-0.008476381016807255,-0.017535058327345365
2025-12-16,-0.01608099623962489,-0.009709225057343063,-0.043312450202188546,-0.014945426674193296,-0.008997193738230491,-0.01743778761635162
2025-12-17,-0.011052215887460748,-0.008920419386789225,-0.041803887538630735,-0.02578453799632996,-0.01562282324665254,-0.016408432400065287
2025-12-18,-0.00972082901656135,-0.010826211912290828,-0.03757095568145696,-0.018427885740394445,-0.010155333075320794,-0.01924012882103998
2025-12-19,-0.006784990650197331,-0.004074823184241905,-0.03611292489665463,-0.009531510695433565,-0.00567836229491514,-0.009729550519709251
2025-12-22,0.0,-0.00017183020555366912,-0.03070400241820559,-0.0033610716184149236,-0.002365146724890854,-0.004253330220680862
2025-12-23,0.0,0.0,-0.028792898792576516,0.0,0.0,-0.0031422721105558438
2025-12-24,0.0,0.0,-0.024471150988487733,0.0,0.0,-0.000901308859588057
2025-12-26,0.0,0.0,-0.025010971083797795,-0.00010148328648673655,0.0,0.0
2025-12-29,-0.009782898357815317,-0.008602827403725088,-0.029390166676124152,-0.0036647138336153295,-0.001578853731049823,-0.012452681348573802
2025-12-30,-0.005927289925374946,-0.006424810293032324,-0.026352496780708168,-0.004881444088456033,-0.0027245150004393537,-0.009275790822987351
2025-12-31,-0.01971362515983599,-0.011818493507640193,-0.036647556133602266,-0.012254173667216484,-0.00849509096480272,-0.01720095488171436
2026-01-05,0.0,0.0,-0.011776274879354398,-0.0038529791403285607,-0.0025690362455207394,0.0
2026-01-06,0.0,0.0,-0.01021544378959971,0.0,0.0,0.0
2026-01-07,-0.005840835459732796,-0.007040067499873626,-0.017441561085071,-0.0032235029947706995,-0.0012022904572938087,-0.010171311642661718
2026-01-08,-0.0032562255047677846,-0.004364417522200625,-0.01342675842325225,-0.0033246875925543318,-0.0024585023272748474,-0.006483577101839444
2026-01-09,0.0,0.0,-0.007993104225829106,0.0,0.0,0.0
2026-01-12,0.0,0.0,-0.0017195165101729915,0.0,0.0,0.0
2026-01-13,0.0,0.0,0.0,-0.0019994282038833244,-0.0007153468841126776,0.0
2026-01-14,0.0,0.0,0.0,-0.006904999995133276,-0.0028587716331667234,0.0
2026-01-15,-0.004973710263728948,-0.003719464574531539,-0.006057314082430487,-0.004200427369372428,-0.0020459750490313677,-0.005310107958170551
2026-01-16,-0.011131291695945844,-0.004630354639623024,-0.012383888175730218,-0.0050348497433597705,-0.004071736873308085,-0.006677262394483741
2026-01-20,-0.014510282000861241,-0.008698851631324445,-0.023982262493367656,-0.02528910346138391,-0.017878927951544887,-0.012628127360808317
2026-01-21,-0.00269864211031412,-0.006382394203821917,-0.016165906031553545,-0.014039886451307715,-0.010050223162542893,-0.00942386089373104
2026-01-22,0.0,-0.003849563500154418,-0.018015405432897258,-0.008890093477427308,-0.006977960740224276,-0.005881095249825163
2026-01-23,0.0,0.0,-0.007192490044419797,-0.008530398148661744,-0.006102740215516045,0.0
2026-01-26,0.0,0.0,-0.0034537544935627773,-0.0034956368912376634,-0.0024833668244456097,0.0
2026-01-27,0.0,0.0,0.0,0.0,-0.0005353031854512524,0.0
2026-01-28,0.0,0.0,0.0,-0.00010073765791240863,-0.0009250835781388078,0.0
2026-01-29,0.0,-0.008687863439734156,-0.0030544854677615474,-0.002084889209802876,-0.0017141141427348128,-0.012265737405204313
2026-01-30,-0.042875214579274346,-0.0395523021207983,-0.02775355743463581,-0.005061204981587797,-0.0037650195547390686,-0.055979647991905024
2026-02-02,-0.05897556020194339,-0.04954501092874686,-0.039615785431976636,-0.00011506557765050829,-0.0015768780595838416,-0.07036365052958304
2026-02-03,-0.043835644618456904,-0.045339889350164975,-0.029315735838535417,-0.008569511106614303,-0.00628110134110349,-0.06445672348702813
2026-02-04,-0.04407848665701963,-0.04739297121331043,-0.030919801937748792,-0.01337184064947583,-0.009249641447366619,-0.06742694417449269
2026-02-05,-0.06071536651277731,-0.07074284066288794,-0.04014678950441397,-0.025694205400104586,-0.014319086079930932,-0.10071923240691472
2026-02-06,-0.04061812984186708,-0.049664723150726564,-0.015082923876868382,-0.0070021958863660805,-0.003089269436551856,-0.07086817396349909
2026-02-09,-0.030734885256290534,-0.04577729468962777,-0.010032237889972317,-0.0022141942632427636,-0.0001294352323356618,-0.06537012927585117
2026-02-10,-0.029089818350904517,-0.04805429324024679,-0.005644303740936385,-0.0048454901899744884,0.0,-0.06853932116457073
2026-02-11,-0.026718420312823565,-0.04617340852664442,-0.007474007475737787,-0.005075532901326341,-0.001263345351126155,-0.0659519548056573
2026-02-12,-0.037183852951959806,-0.055969831686279226,-0.011639638636336658,-0.020446029910328845,-0.00803873070749539,-0.07997969616716838
2026-02-13,-0.02723634518685647,-0.046764692032658206,-0.0011277071664406169,-0.019755813332324346,-0.006040640173701317,-0.06711428551517518
2026-02-24,-0.012152332828322066,-0.04598913117133474,0.0,-0.01170405310316247,-0.00032846133892883156,-0.06630467078426583
2026-02-25,-0.007104023875915466,-0.0389953331399997,0.0,-0.003364496263951189,0.0,-0.05638544000321366
2026-02-26,-0.0038306589439782712,-0.0408640043726296,0.0,-0.008900203031929954,-0.0022324904935118184,-0.05909214080756375
2026-02-27,0.0,-0.03959273832963739,0.0,-0.013659460371627907,-0.0034691798293015053,-0.0574051530552766
2026-03-02,0.0,-0.0369275994979954,0.0,-0.013098637291011905,-0.005523895778338228,-0.053658203692317774
2026-03-03,-0.013288298478195348,-0.048784845749539896,-0.009176663203144364,-0.021797630338963758,-0.011246045647747782,-0.0706641260980655
2026-03-04,-0.00794770334266759,-0.03955898118066026,-0.0003006951063851959,-0.014895995222612202,-0.007878189873374186,-0.05745637957333405
2026-03-05,-0.01148338609979449,-0.045746116608087584,-0.0007672982583327714,-0.02038854134347834,-0.01243161018329697,-0.06631692828193414
2026-03-06,-0.0034275962166562257,-0.05041141968824947,0.0,-0.033228391639712584,-0.020459958091026964,-0.07306760747326901
2026-03-09,-0.002679998559076857,-0.050365927526844434,-0.005850882042765848,-0.024759529747061637,-0.014102266736721436,-0.07302605469222623
2026-03-10,-0.0006663856766894183,-0.04528703027474634,-0.003124572821231464,-0.02632684496730997,-0.016317013588833196,-0.06579175309727359
2026-03-11,-0.0015722648921597804,-0.04609873949996379,0.0,-0.02754887501065817,-0.018852873262190095,-0.06713699955887609
2026-03-12,0.0,-0.04919836632842467,0.0,-0.04231547673588121,-0.029069076042888442,-0.07162515072429432
2026-03-13,-0.009940251436963865,-0.05281672537571869,-0.006535753554431922,-0.04773611792620924,-0.03276303210467324,-0.07691320763408316
2026-03-16,-0.003215145191501456,-0.04242400848292094,0.0,-0.03804504910231221,-0.02513407977491,-0.06208695695071742
2026-03-17,0.0,-0.04412589578883508,0.0,-0.03551457927744184,-0.022906531615221715,-0.06453675392983482
2026-03-18,-0.004963313866904739,-0.051825898344843524,0.0,-0.04897265277719365,-0.03285983477948773,-0.07553983186630542
2026-03-19,-0.014912156272471,-0.05987862094828833,-0.01196563592020361,-0.05131632898177352,-0.03432139741675677,-0.08700043999567064
2026-03-20,-0.03323279492211595,-0.06359507610929782,-0.02104785779225904,-0.06491653190757019,-0.04607433182082998,-0.09239839045354337
2026-03-23,-0.04108742868957094,-0.059505775907492175,-0.03316104750866544,-0.055098103797111664,-0.03889853498923368,-0.08659090297729344
2026-03-24,-0.03872759029149919,-0.058877604521392235,-0.03124005839346211,-0.058269969140138045,-0.04212681897699111,-0.08573320672649543
2026-03-25,-0.029045213114792023,-0.05431561164971277,-0.02370637740429904,-0.05302188209431091,-0.036905522676718205,-0.07929562431773574
2026-03-26,-0.039859802743204886,-0.06317551841715918,-0.030157883478087122,-0.0699336918025556,-0.05029887220402096,-0.09205773736939393
2026-03-27,-0.03380772775052243,-0.06292212730757962,-0.021624236651609174,-0.08579310696163622,-0.059872066202017016,-0.09182490464744864
2026-03-30,-0.02489535587977776,-0.06639707104900294,-0.012450614167936136,-0.0888497298391141,-0.058991558894314844,-0.09686367230272941
2026-03-31,-0.015788868719263216,-0.04949142591804956,-0.015851341761040083,-0.062364481759143886,-0.04224891276064047,-0.0731525392547967
2026-04-01,-0.01636984421743848,-0.04692500373868802,-0.01916833484175018,-0.05529993288873225,-0.03825351324938375,-0.06928960956825714
2026-04-02,-0.008623996589325666,-0.052939757757393235,-0.00909095619729372,-0.05444919054329078,-0.036846167825366205,-0.07796592511816014
2026-04-07,-0.003681730902065028,-0.04434823339846505,-0.0011472918532224874,-0.0495617779214903,-0.033890981032209,-0.06589156982117816
2026-04-08,-0.004849505331171122,-0.04164902909061541,-0.011040678000835413,-0.02535449219199226,-0.01820926515560506,-0.06204577509314002
2026-04-09,-0.000794804980450925,-0.037086832697909466,-0.006578642389523548,-0.01973166813424765,-0.01488405428963191,-0.0555608246206033
2026-04-10,-0.0019543275020025286,-0.03449632827662119,-0.00702139785539635,-0.020380404500170646,-0.015926030400312152,-0.05204594055551648
2026-04-13,0.0,-0.029989876791675862,0.0,-0.010807231460292055,-0.00921315395007416,-0.04559618248637021
2026-04-14,0.0,-0.021827771258013495,0.0,0.0,-0.0005775330422652658,-0.03409930447478926
2026-04-15,0.0,-0.015567353179518628,0.0,0.0,0.0,-0.025325987458714616
2026-04-16,-0.0013102706251794105,-0.015348797177606732,-0.0007185562743204921,0.0,0.0,-0.02511238824540596
2026-04-17,0.0,-0.00622265108876674,-4.878941598940312e-05,0.0,0.0,-0.012279511488725747
2026-04-20,0.0,-0.009811745536019933,0.0,-0.0019997769579219726,-0.0015952815350732674,-0.017475612213870728
2026-04-21,-0.0034564342663023773,-0.014320629140187502,0.0,-0.00853356226100399,-0.007307566200466242,-0.023959545368695934
2026-04-22,0.0,-0.004996921576213453,0.0,0.0,-0.0006962109076101841,-0.010757949728436578
2026-04-23,0.0,-0.009910005838853708,0.0,-0.0038807172806204493,-0.003697507201056438,-0.017785322118543445
2026-04-24,0.0,-0.007006448667509879,0.0,0.0,0.0,-0.013767959618561254
2026-04-27,-0.00019209371502537653,-0.008543497210239726,0.0,0.0,0.0,-0.015939247758624542
2026-04-28,-0.002150781408618796,-0.01565507822637502,-0.00021313219493168667,-0.004865980739709008,-0.0033835801970293344,-0.02608110275518727
2026-04-29,-0.002545788138550442,-0.017394893619587348,0.0,-0.005019862695094135,-0.005263332492655204,-0.02855359155577908
2026-04-30,0.0,-0.011390474443057186,0.0,0.0,0.0,-0.020106546987484708
2026-05-06,0.0,0.0,0.0,0.0,0.0,0.0
2026-05-07,-0.0037967972464468813,-0.0026254165195465085,-0.006249755103082677,-0.0030660889376450395,-0.0030607230257554408,-0.0038502039409739064
2026-05-08,0.0,0.0,0.0,0.0,0.0,0.0
2026-05-11,0.0,0.0,0.0,0.0,0.0,0.0
2026-05-12,-0.0017486322136585075,-0.008212578579724905,-0.003260548134842667,-0.0015148976832113359,-0.0022486321425512212,-0.011847292981496005
2026-05-13,-0.004132358749738274,-0.004819470255903124,-0.006557480662230275,0.0,0.0,-0.006988750201958105
2026-05-14,-0.008161455258138939,-0.00632892617404357,-0.007959589132172873,0.0,0.0,-0.009222581583773981
2026-05-15,-0.025213244975225035,-0.016209533850117808,-0.01974570988021973,-0.012029288059682064,-0.010443652721043861,-0.023523003521979446
2026-05-18,-0.02586107800866022,-0.021553662222304815,-0.02088121411314947,-0.012724338736395113,-0.011033341332630453,-0.03130216038777078
2026-05-19,-0.035249274139888764,-0.027876763333040677,-0.027661256835534664,-0.01930046761159787,-0.016536067678612487,-0.040409427480993076
2026-05-20,-0.030105385965378928,-0.01965742754081745,-0.029807433525692262,-0.009249249337889953,-0.0077959953374459046,-0.028629440896607794
2026-05-21,-0.028786917090955932,-0.0159261406465544,-0.028459436949619166,-0.007284462341773934,-0.006348334547119805,-0.023316109694404563
2026-05-22,-0.029593961573255334,-0.018925481890237794,-0.02863858470588676,-0.003381535921788359,-0.0036346084068118456,-0.02789885835804562
2026-05-26,-0.023093532524381954,-0.01039369805236734,-0.022169373341873966,0.0,0.0,-0.01563370978209999
2026-05-27,-0.030347004650481124,-0.014597991068268201,-0.028504277629692987,-0.000173263723814987,0.0,-0.021641345177741855
2026-05-28,-0.022705768081350497,-0.011456591935259497,-0.02112611458965652,0.0,0.0,-0.017265217130581823
2026-05-29,-0.0254263997741887,-0.011517080342722141,-0.026109286902808115,0.0,0.0,-0.017358701237371488
2026-06-01,-0.021569567093946418,-0.014446080675866169,-0.01843362659929182,0.0,0.0,-0.02170653007372836
2026-06-02,-0.020519213290001725,-0.019967200323245837,-0.01905206886744515,0.0,0.0,-0.029719672869602753
2026-06-03,-0.026700252229553523,-0.025681808599704814,-0.024910317954173977,-0.00701716271996522,-0.00523434784036092,-0.037981952682821896
2026-06-04,-0.028233699274665458,-0.025038058212832337,-0.029259884425648752,-0.00326504372855263,-0.002470722836310002,-0.03709132126938541
2026-06-05,-0.0546977480221843,-0.040384242746448584,-0.05622492423490144,-0.02899014462040661,-0.020052823982542156,-0.05932707450429897
2026-06-08,-0.04980861840173667,-0.03126904492824889,-0.048153444792260136,-0.026791562315509276,-0.019154157459409404,-0.046155509000297745
2026-06-09,-0.05567736187196948,-0.040431601727103805,-0.05402060805791653,-0.02964835443508218,-0.019771497894735424,-0.059552316777103376
2026-06-10,-0.06442888709274697,-0.05089515813781753,-0.06409921522960527,-0.04494652348113026,-0.02934980992695979,-0.07467338585117411
2026-06-11,-0.04986627786119158,-0.04187097935972939,-0.050234017858947544,-0.028713615736302378,-0.01683985603685545,-0.06158601649087936
2026-06-12,-0.04969002039301418,-0.037298665792095176,-0.049973778573983885,-0.023460697605488967,-0.014358776917477223,-0.055114966181350034
2026-06-15,-0.04311623190696545,-0.023191712296735556,-0.04187452239195366,-0.0062403943767073144,-0.0035825281195325243,-0.0347335013844281
2026-06-16,-0.04920347653652157,-0.031079047749256072,-0.052146942829985554,-0.012164767280430255,-0.006128753528351294,-0.04622669818567371
2026-06-17,-0.06246528541261365,-0.03782422810560315,-0.06538376312145011,-0.024500749874616923,-0.015661155505775404,-0.05588426314937722
2026-06-18,-0.05577566579535054,-0.03448847508205066,-0.05291482239219192,-0.014358503868900474,-0.008124711112349137,-0.05126152663913586
2026-06-22,-0.06276469773115234,-0.03383626702636411,-0.060687475514715095,-0.01746024695386128,-0.011512881379793338,-0.05041451524182894
2026-06-23,-0.07636872309773624,-0.04647114591322021,-0.0764370553615984,-0.031728701259159164,-0.019583486121392824,-0.06860978999385137
2026-06-24,-0.08148975838705641,-0.055400354158911314,-0.07828395780248754,-0.032177495362245345,-0.01727206772276413,-0.08154592948847805
2026-06-25,-0.0732699128433516,-0.05347044111082888,-0.06759539148640525,-0.030778375505872257,-0.01617699824174401,-0.07892207568526444
2026-06-26,-0.07516406492498395,-0.052678268221508784,-0.07262624462649103,-0.03778713898403063,-0.019375207705933706,-0.07781786585710204
2026-06-29,-0.07125865067431503,-0.04788720942495639,-0.06359409361046686,-0.021934862264548327,-0.009717591002681325,-0.07086103731761972
2026-06-30,-0.07356798293450917,-0.04176417922413933,-0.06558141946729812,-0.014318849756139174,-0.007215276769749979,-0.06195789073819813
2026-07-01,-0.08005019631543875,-0.04143795472020706,-0.07495122942298449,-0.015651987107163534,-0.008985726540398198,-0.06165021250874847
2026-07-02,-0.07888323317812052,-0.04354837411311496,-0.0796911168481923,-0.016945470345426594,-0.009388231429579008,-0.06489694250701494
2026-07-06,-0.06663401467554442,-0.033363895180307135,-0.05509215613476792,-0.008365967887437042,-0.003950667895983084,-0.05050208337810802
2026-07-07,-0.07390817657858917,-0.038999739281172174,-0.060744102718223614,-0.013078104064990548,-0.008820597809825248,-0.0586149010396354
2026-07-08,-0.07217313532098968,-0.042473764274872594,-0.04175431875792168,-0.01612710960283681,-0.011463603853256954,-0.06365257926687706
2026-07-09,-0.0705340710411686,-0.03885121420145632,-0.04400896071224203,-0.0077983729699474535,-0.005587737024233763,-0.05862662649933603
2026-07-10,-0.06875891096494446,-0.03579313014301333,-0.03805075886578724,-0.0035218666991865266,-0.0033404247306602075,-0.0544631686755741
2026-07-13,-0.06823536781637052,-0.041178932412319735,-0.027727396255006975,-0.011151043403889505,-0.009383312819786105,-0.06214714562785084
2026-07-14,-0.06031775701368258,-0.03451077011132031,-0.019443510450277923,-0.007639998804723214,-0.006166129416273147,-0.052730463770224945
2026-07-15,-0.05855949815960382,-0.03613579193892413,-0.018312304080837394,-0.003706650018938551,-0.0028201193229219212,-0.05513848517265163
2026-07-16,-0.06519442143376097,-0.04119009644779614,-0.023475923551630418,-0.009105181928385053,-0.006335378302524175,-0.0623943748418504
2026-07-17,-0.05846441601603436,-0.04044887143618747,-0.015226274042784427,-0.01891226588122963,-0.011756475044710002,-0.06140756492460442
2026-07-20,-0.06123042190060224,-0.03981061490852189,-0.018231297221508846,-0.02049608829541394,-0.013977468420893091,-0.06055339483403477
2026-07-21,-0.05369423354702141,-0.03394091758248585,-0.018023030864485423,-0.012325725827748935,-0.01000894707695199,-0.05221301545076218
2026-07-22,-0.05077687952207888,-0.032290723442255365,-0.012379292330464087,-0.013474160620962183,-0.011587712047711363,-0.04993348321137725
2026-07-23,-0.05469521371374597,-0.0393036091625758,-0.013619550501591582,-0.025657018576053625,-0.020003386084120334,-0.059945386529125955
2026-07-24,-0.05596160948040041,-0.03992555321007263,-0.014274669247571259,-0.024667119471945886,-0.018646777454483288,-0.06098648426238751
2026-07-27,-0.06460809444450666,-0.03971481893729489,-0.026830097174054046,-0.024455846235725942,-0.017465852572779106,-0.0608001054796663
2026-07-28,-0.06596842055916863,-0.040380115385493465,-0.024981838480416685,-0.02211964558430002,-0.014874401039198903,-0.061725204611399076
2026-07-29,-0.06565064644110918,-0.042785512942786874,-0.02656893969701446,-0.03716672575748592,-0.025610808109550964,-0.06521375747252978
2026-07-30,-0.05811644640645164,-0.030746590508488603,-0.022735578263131995,-0.021024109862082252,-0.015686927755813707,-0.048128666928553665
2026-07-31,-0.062092374577956244,-0.03592152722818098,-0.02082830797355506,-0.013975611509221997,-0.012526117193946251,-0.05570407466490079
2026-08-03,-0.06427226073990788,-0.03318600501550095,-0.0265195026343219,0.0,-0.0032857201805588376,-0.05183529991324176
2026-08-04,-0.0575382288363272,-0.024139608442806715,-0.01716625854743048,0.0,0.0,-0.03893998274228039
2026-08-05,-0.05319958444292028,-0.020839428068260002,-0.017993975526247707,-0.0019965624761277834,-0.0009566321880347672,-0.034281369766485326
2026-08-06,-0.05395941308897734,-0.02201133631403429,-0.019148192556372456,-0.0035911788254113786,-0.003443868833818753,-0.036016762877693065
2026-08-07,-0.046096289784829714,-0.013974624709692351,-0.012016500781557138,0.0,0.0,-0.024677249762814824
2026-08-10,-0.04036334954076348,-0.013926369035835884,-0.008101078092792258,-0.0002974431285415191,-0.0019104566390395483,-0.024691788836353368
2026-08-11,-0.03987360550604735,-0.013942443320996922,-0.005816969065057909,-0.003491692719646222,-0.0033848143476549186,-0.02481170974018576
2026-08-12,-0.03576720229452279,-0.010087131809159544,-0.0006197890937212902,-0.0009958291494267524,-0.0014904192653019122,-0.019392903567052033
2026-08-13,-0.03471733365443208,-0.009141922955298809,0.0,0.0,0.0,-0.018114967002166082
2026-08-14,-0.03477609005016158,-0.008207978384385584,-0.00043457464261864587,-0.0019797506799418274,-0.0022961429550550916,-0.01688307614436768
2026-08-17,-0.03129131626031589,-0.001800606004886518,0.0,-0.006697753998849976,-0.006004894368083491,-0.007759653432974578
2026-08-18,-0.03801950239513918,-0.012966542493972666,-0.007869903547909285,-0.013408250641831931,-0.009706399245345665,-0.023776352440958326
2026-08-19,-0.020815925786071943,-8.934162082840924e-05,0.0,-0.011338593528294028,-0.0065572704647439695,-0.005429574792894298
2026-08-20,-0.017731199529641306,0.0,0.0,-0.019643179220491414,-0.013202878236312166,0.0
2026-08-21,-0.013113379200548003,0.0,0.0,-0.015632313992595237,-0.011520788124890768,0.0
2026-08-24,-0.013951727180062212,0.0,-0.0008480044323297964,-0.018524815552192653,-0.012480923368237251,0.0
2026-08-25,-0.011426472404578836,0.0,0.0,-0.015388079980071079,-0.008472947001006648,0.0
2026-08-26,-0.013137328115212066,-0.0006570972529650332,0.0,-0.015169488572404743,-0.009138410672882125,-0.0010559532565915797
2026-08-27,-0.007794460720345064,0.0,0.0,-0.008716047244375913,-0.0055931529359213306,0.0
2026-08-28,-0.020730263169872143,-0.012009761751875292,-0.01273713823497824,-0.010965753199996708,-0.008557634248527735,-0.017196241767492015
2026-08-31,-0.01870245447582719,-0.010103679467136195,-0.009098914440814565,-0.013922518588332378,-0.01082343101055172,-0.014539856650871097
2026-09-01,-0.020294905011323694,-0.016931671756982625,-0.006854507223329032,-0.020697279060052587,-0.016219837189086816,-0.024547630619100924
2026-09-02,-0.016333963123101314,-0.01428506882380598,-0.005753498098980403,-0.016352194727739078,-0.01326204138553333,-0.020574432448484226
2026-09-03,-0.00933274650153959,-0.005125647913576947,0.0,-0.0060549583948737995,-0.006636108848200983,-0.007396834788726325
2026-09-04,-0.011264006882069966,-0.009261983664945794,-0.002379947995807985,-0.009885853438984182,-0.009070334881888575,-0.013542558319554865
2026-09-08,-0.00949926518423283,-0.010868311657667884,0.0,-0.015323737493035838,-0.01272864919915051,-0.01590006634127472
2026-09-09,-0.008441951271589643,-0.009480551499804979,0.0,-0.01990023453544465,-0.016596453830215463,-0.013901370666077106
2026-09-10,-0.013427895903876164,-0.0141731201276879,0.0,-0.025775222746532322,-0.023215424559485442,-0.02071285594166572
2026-09-11,-0.017808719795702643,-0.012229192138946576,-0.005470808667449534,-0.017470637054335048,-0.018944894417978086,-0.018079797651925356
2026-09-14,-0.021929385539632862,-0.014216600166564342,-0.010713168379151483,-0.021854342610528876,-0.021925935784146033,-0.020888502821391097
2026-09-15,-0.01858862630755742,-0.016244015116377075,-0.0032366863409167834,-0.026340854561044735,-0.025097287133707513,-0.02386085498008017
2026-09-16,-0.027014870157971327,-0.0174738084718562,-0.012986322424140218,-0.030634575025345723,-0.02806697852065987,-0.025740881174023733
2026-09-17,-0.019630465957418908,-0.014729579530371573,-0.012750516099417686,-0.019643179220491636,-0.019224894320813424,-0.021842645343824407
2026-09-18,-0.022402993357623857,-0.00611028958863713,-0.013855564758343819,-0.01838150013485984,-0.020392286995742692,-0.009446706435126462
2026-09-21,-0.015411603380336203,0.0,-0.003857718204850813,-0.003161512935711097,-0.00973298814143353,0.0
2026-09-22,-0.01671934341755832,0.0,-0.012178390482105561,-0.003316155147827793,-0.009783254317124124,0.0
2026-09-23,-0.029272845362458,-0.007329529763690168,-0.015386131510305878,-0.010494432683718191,-0.01825708919694935,-0.01070860758057679
2026-09-24,-0.035707606878648934,-0.007011005409924498,-0.02269017858025324,-0.011306343626479642,-0.020886632657702187,-0.010242483708653882
2026-09-28,-0.052848777929060176,-0.015453834187982407,-0.04188068810120915,-0.013329671003020072,-0.02278954778715203,-0.02254008860043144
2026-09-29,-0.05855086613105964,-0.014598350788903924,-0.04934811411637541,-0.015146756324540211,-0.024225777120497338,-0.021437151715344216
2026-09-30,-0.060163451127775214,-0.015837227873475523,-0.05202631950741654,-0.01717008370108064,-0.02604303794712992,-0.023325344688190586
