date,"proposed v2 (post-hoc, walk-forward)","current liquid mix (constant, hindsight)","proposed v1 (pre-declared, walk-forward)",SPY,60/40 SPY/IEF,"current mix @15% (diag., hindsight)"
2007-05-31,1.0,1.0,1.0,1.0,1.0,1.0
2007-06-01,1.0037554454328306,1.004479918558277,1.0011468556757395,1.004956931814799,1.001251085114776,1.0064173987091787
2007-06-04,1.0065835702559018,1.0049835886380947,1.0013098103026092,1.0050876578365735,1.0019678138431678,1.007036137741876
2007-06-05,1.0021874147107344,1.003768730785829,0.9995208414955957,1.0011088976890552,0.9983038189099256,1.0052603885087277
2007-06-06,0.9978932242630058,1.0002510610170066,0.9989786581118139,0.9903469489931929,0.9920427282584402,0.9999770481612821
2007-06-07,0.9838307338085199,0.9923479982310254,0.9941331196136983,0.9724760623958141,0.9773432871150798,0.9885649641268189
2007-06-08,0.9829288772913563,0.9931609387806135,0.9925374992218463,0.9851292756023536,0.9856722494621004,0.9896544737172243
2007-06-11,0.986332274238807,0.9954961956796948,0.9925254406935933,0.9868248063141234,0.9856580798660479,0.9928537677470732
2007-06-12,0.9756966783348767,0.9900774555753902,0.9894723400785195,0.9760633549455179,0.9764032741270051,0.9852939697964316
2007-06-13,0.9864249502167566,0.9958061824716993,0.9904647635173803,0.9906734088138751,0.9864454348364429,0.993283156510506
2007-06-14,0.9905079575089989,0.9985511805282712,0.9914529466348962,0.9969997667535163,0.9903392888832437,0.9970987518089361
2007-06-15,0.9964782278403768,1.0016934625890874,0.992684710111161,1.0026727787712872,0.9954613169403637,1.001330001927539
2007-06-18,0.9956316769599378,1.0019400950341038,0.9921347349670738,1.001493402705275,0.9945577653488012,1.0015772949475583
2007-06-19,0.998925737746257,1.003501649149432,0.9937423594767266,1.003982738765572,0.9979658800571762,1.0038357702144347
2007-06-20,0.9895187709267589,0.9975070144434741,0.990605115519598,0.9900304357176453,0.988318156180289,0.9950348253899057
2007-06-21,0.9898736284388967,0.9991374896053371,0.9907650243110028,0.9955323671590935,0.9911279892859086,0.9973932049453981
2007-06-22,0.9882680855835332,0.9965026941714004,0.9911699982475713,0.986165279324919,0.9866864971927498,0.9932309246742891
2007-06-25,0.9857866487667721,0.9936243185449437,0.9897394559461973,0.9814487697153841,0.9851327503382679,0.9891792558760942
2007-06-26,0.9758949409635893,0.9868894331626674,0.9866515639114123,0.9713616230601834,0.9791788373791327,0.9793024023899192
2007-06-27,0.9811526953717514,0.9914300282349023,0.986946268517128,0.9851829158993317,0.9874227155323753,0.9859697031959538
2007-06-28,0.9816557006587876,0.9932193474328448,0.9871908418060346,0.9850526872048135,0.9870987780833704,0.9883969653369029
2007-06-29,0.984378851256048,0.9929110542894694,0.9879167272679961,0.985379360165749,0.9893546997684788,0.9877796468972733
2007-07-02,0.9928419729068237,0.9984376578493276,0.9899178307725538,0.9942884095964548,0.9953241210842755,0.9956317415308915
2007-07-03,0.9916956385014594,0.9992781897214148,0.9885927641587989,0.9978908351041139,0.9963185696541417,0.9968358000275291
2007-07-05,0.9892538964202425,0.9987892813256124,0.9874583238169414,0.9968426113403823,0.9934822766856007,0.9961074505172103
2007-07-06,0.9932118725643841,1.002607417377391,0.9884073729153545,1.0020828775980282,0.9957085395907666,1.001455725233997
2007-07-09,0.9949789920668268,1.0035961773645434,0.9891398358555884,1.0028690809442025,0.9976029760812503,1.0027720410310457
2007-07-10,0.9960884947338992,0.999933303941762,0.9892859563600919,0.9885892523743287,0.9916948668320601,0.9973871166516091
2007-07-11,0.9960614484794399,1.0021604249325653,0.9886829939487553,0.9955982274972376,0.9945456781739672,1.000595330436793
2007-07-12,1.002340392795065,1.0087812028118954,0.9893469692269148,1.0113193104571787,1.0028894722586197,1.0100738141726573
2007-07-13,1.0040618620284232,1.0094858206978428,0.989270893978016,1.0143325452590886,1.0055864413388218,1.0110014698563976
2007-07-16,1.0014728640905177,1.0080222588987175,0.9871630499618466,1.0142013219100567,1.0070750455784,1.0087734077104735
2007-07-17,0.9991434465595695,1.0075417248322611,0.9865262387444179,1.0136770679346891,1.0059266402336848,1.0079078914502524
2007-07-18,1.004433293165293,1.0094305079653174,0.9888401568945041,1.0118435644325463,1.0062429113674498,1.01070709418738
2007-07-19,1.0077731614918313,1.0117584296142168,0.9901137543911027,1.0157732312751484,1.0085611035158262,1.013980917300952
2007-07-20,1.0069010098736058,1.009419543018499,0.9904916845220569,1.005489000932772,1.0043251350302032,1.0104294255306765
2007-07-23,1.0056937597593052,1.010195127317181,0.9888632282359957,1.0085677408390712,1.00603304754996,1.0115177136083202
2007-07-24,0.998621121035059,1.0041620125845327,0.9879954179065226,0.9910780911073684,0.9965747123326856,1.0027864593040223
2007-07-25,0.9998600422551326,1.0030593303455297,0.9873559476734559,0.9931091045771929,0.9983373136980073,1.0011017643194469
2007-07-26,0.9871746317141827,0.9914280557079148,0.9835346526856773,0.9695929852416706,0.9873550902921118,0.9841991767405374
2007-07-27,0.9812961650652633,0.9848595883483685,0.9823684220004625,0.9505314261448767,0.9766562672313429,0.9745342427454989
2007-07-30,0.9854731909287714,0.9906846188337731,0.9825073454486957,0.9654005875140015,0.9845845706022728,0.9832414974637302
2007-07-31,0.9855995914301874,0.9881000324622816,0.9833579081864531,0.9545269533256229,0.9796870812427991,0.9790169591341299
2007-08-01,0.9856133337915824,0.9898087794280352,0.9818361689227638,0.9591776736437645,0.9814652310815929,0.9815848911540429
2007-08-02,0.9888608404322238,0.9921137642277112,0.9814528223994825,0.9668418419040692,0.9864706067291396,0.9848131925214053
2007-08-03,0.9800826800447727,0.9851138150791812,0.9816280379164186,0.9419499022361174,0.9736660322540412,0.974884553077186
2007-08-06,0.9792864066368706,0.9892598001580131,0.9785829538929129,0.9577369876277048,0.9818161470445845,0.9804246722547013
2007-08-07,0.984417580088036,0.9931578121753644,0.9786767885737346,0.9679555707721897,0.98806113406,0.9859465004047921
2007-08-08,0.9890312154599499,0.9991787180432892,0.9805126109329116,0.9814487697153835,0.993655953228649,0.9947615139111862
2007-08-09,0.973316043149359,0.9863393017013455,0.9771972886754197,0.9523650717405215,0.9779367701125187,0.975950658413754
2007-08-10,0.9735538474571988,0.9875846259244814,0.9785025031552639,0.9479111509225517,0.9746221503136517,0.977495093172924
2007-08-13,0.9737639495537533,0.9875090559170167,0.9779682728945838,0.9513174873975486,0.9773391007799815,0.977277222773089
2007-08-14,0.9685427755659567,0.9824028373672679,0.9772967784146946,0.9367754252698647,0.9698128142244204,0.9699955748123776
2007-08-15,0.9621931819642725,0.9768718996929171,0.9763791153811354,0.9238709197051637,0.962580256430001,0.9619441426631254
2007-08-16,0.9585291849318599,0.974274471121303,0.972178365658652,0.9308145318171852,0.968380279412927,0.957720510910216
2007-08-17,0.9656981493816138,0.9799443256165898,0.974673183058922,0.9479111509225517,0.9791944196008524,0.9656362104874442
2007-08-20,0.9665992922469475,0.9809134248631116,0.9744845988563653,0.9474526862385773,0.9797694346212861,0.9666899947643606
2007-08-21,0.9675148498164144,0.9803058643240325,0.9748446722508978,0.9493521211256152,0.9826534721404752,0.9658875550504011
2007-08-22,0.9729660488056804,0.9853133661948154,0.9755737723436859,0.9606189990805829,0.9883061965091846,0.973088228734044
2007-08-23,0.9731176094985711,0.9845757040078021,0.9746047140373245,0.9597673616767705,0.9879246800441177,0.972256023909213
2007-08-24,0.9833857180703548,0.9909932763845669,0.9768102066910397,0.9716238566179931,0.9953688195393163,0.981565272125835
2007-08-27,0.9792245841310845,0.986483810497162,0.9751059726760778,0.9625840811655122,0.990897694399764,0.9755217134024065
2007-08-28,0.968953061432585,0.9788637289764233,0.9736988973373594,0.9414262876815082,0.9799162048395239,0.9641459376848156
2007-08-29,0.9783058746419967,0.9871903407164436,0.9743533149842919,0.9598985139790511,0.9897675250694192,0.9758847518252576
2007-08-30,0.9781343476238161,0.9850986462005037,0.9740247383822842,0.9573434596741115,0.9901944661822449,0.9727859790844171
2007-08-31,0.9847271322792917,0.9907380683309945,0.9757499178064742,0.9667764078464305,0.9960966015251446,0.9809750086424996
2007-09-04,0.992570919672193,0.9964689699947961,0.9774780019794722,0.9765364552601903,1.0013883225234346,0.9891287820063199
2007-09-05,0.9917840490454652,0.9933653126955452,0.9778462628798847,0.9680863678407154,0.9986368025008316,0.9845752432472306
2007-09-06,0.9938704340833229,0.9970560747485177,0.9796385776290101,0.970313896623708,0.9991581384143247,0.9898752254763596
2007-09-07,0.9965796696310149,0.9936530235322117,0.9829822379147942,0.9568198451195026,0.9950952321015699,0.9847317434724566
2007-09-10,0.9987078704088581,0.9930355732761326,0.9829615727702994,0.9549854890563482,0.9948646854731102,0.9837375681930688
2007-09-11,1.0057044910784492,0.9988420786894739,0.9851692683252965,0.9661212857557859,1.0008924695569357,0.99247886515698
2007-09-12,1.0067587419076418,0.9995600288030807,0.9848071008880468,0.968610479722581,1.0014332194932654,0.9929471876557904
2007-09-13,1.003537714935768,1.0006209197893063,0.9824044228380988,0.9754227974388201,1.0032672999954133,0.9945436488610293
2007-09-14,1.004284457378574,1.0007862165063144,0.9825373591282834,0.9753576475681854,1.0037498186798306,0.9945345495411959
2007-09-17,1.0076834796838794,1.001210390485015,0.9842446883874018,0.9701168839832829,1.0007477465915602,0.9949597067310877
2007-09-18,1.0209209638242502,1.0129872836701206,0.9877358562081134,0.9986771805437888,1.0179759155351167,1.0121309197275863
2007-09-19,1.0226785749232652,1.0155195306989049,0.9875984323392474,1.0045721426115732,1.0201939211767825,1.0156062497659015
2007-09-20,1.020799908298587,1.0177902558196201,0.9875528914843323,0.9974976623842747,1.0113036790260164,1.0191025645415943
2007-09-21,1.025182119734549,1.0186940666364492,0.9874383166554636,1.0001897658718246,1.01496484015076,1.0202355857908052
2007-09-24,1.0234574564225447,1.0182337750299832,0.9855992130948719,0.9983468841985544,1.0143486630582434,1.0192314549168735
2007-09-25,1.020124777296529,1.0175209061086754,0.9848915560795469,0.9963723528957468,1.013175511898641,1.0181181393188696
2007-09-26,1.0222320389527468,1.018471867880818,0.9846550005083263,1.0016372723759772,1.0165725849286076,1.0198747094063452
2007-09-27,1.0338695132914117,1.0225219091475768,0.9882895215388141,1.0075610794246537,1.0215188778589446,1.0256135113905676
2007-09-28,1.0343499085798453,1.0231480130020403,0.9891290418911062,1.0042045467220826,1.019577153621563,1.0266711460771203
2007-10-01,1.039425419447574,1.028177884553157,0.9900081786330577,1.0155245676467717,1.026960824685895,1.033561963026992
2007-10-02,1.0323813692509567,1.0238442943560409,0.9867975980002679,1.0141426372937594,1.0269979113576178,1.0274848677186812
2007-10-03,1.0295461005787891,1.0224393735242092,0.9850083252103837,1.0121021746060566,1.0254618631374945,1.0253441542361206
2007-10-04,1.035330523160237,1.025080950505673,0.9869764574258013,1.0136815438799993,1.027156369616802,1.0287701534883469
2007-10-05,1.0383616449713373,1.0302334652668248,0.9874749327783471,1.025726170617776,1.030882129641657,1.0366891360398178
2007-10-08,1.0305519911948229,1.0268456986481658,0.9852348622577499,1.0202628886088523,1.0290180503860695,1.0311401295987144
2007-10-09,1.0355925907212913,1.0315140684268267,0.9852126930129846,1.0298717485365594,1.0336029558022388,1.0381868494396311
2007-10-10,1.0381880700689896,1.0322605716101212,0.9858410843056226,1.0281608006798304,1.032950819911648,1.0389328730616465
2007-10-11,1.0390844754034652,1.032250970572467,0.9862111405639977,1.0232248987033168,1.0299927261446162,1.0389928395585493
2007-10-12,1.0424876978078097,1.0358055594532685,0.9876549078509437,1.0288849802124125,1.0320745283745285,1.0440824646832294
2007-10-15,1.0426606634802582,1.0337366724646235,0.987947356857753,1.0201973835044629,1.0271722931594989,1.04120389917713
2007-10-16,1.0393975100265453,1.0301873681798221,0.9881515621306741,1.0121021746060563,1.023363608908977,1.0357701316782673
2007-10-17,1.0424278568156111,1.0305252120057105,0.9877464195727084,1.0151956211898052,1.0277367011272331,1.0360864303739672
2007-10-18,1.0494012425037684,1.0325601991567768,0.9912718379929133,1.0115097157497628,1.0270530592341465,1.039044073770534
2007-10-19,1.0416943091289996,1.022105449149678,0.9910698915282096,0.9850521898775556,1.0144493124790404,1.0234604277373147
2007-10-22,1.040518003951422,1.0222847345966792,0.9876475215512757,0.9907777054442894,1.0171561082109941,1.0238617738817657
2007-10-23,1.0439881588662903,1.026522976438566,0.9891637826327913,0.9988074802850576,1.0219501892139902,1.0300315722338074
2007-10-24,1.046190764143461,1.0261189554608166,0.9898275137590407,0.9969644565182854,1.0229259102238282,1.029267069331401
2007-10-25,1.0538195192713027,1.029036623727838,0.9923805737131162,0.9993340077564563,1.0240277719281554,1.0335950494038295
2007-10-26,1.0653102431340244,1.037393366972019,0.9961706205572157,1.0110489775697575,1.0301393359692628,1.045935984007623
2007-10-29,1.0732372826276657,1.0406353961228125,0.9979685476400013,1.0144052260853245,1.032525784264396,1.0503023332405312
2007-10-30,1.0616486723124428,1.0356139899936896,0.993648724261402,1.007363143176466,1.0286750833020077,1.0431388225811185
2007-10-31,1.0715073878937436,1.0428833088624496,0.995900627843034,1.0178281164532963,1.0322675938202073,1.0536480733160916
2007-11-01,1.0615951149182614,1.03186622008153,0.995277773417547,0.9940033700315837,1.0211402479761151,1.0372022267407632
2007-11-02,1.0740336709820122,1.0375532874074695,1.0008755090876387,0.9951217169385173,1.0229489953406037,1.045285199661225
2007-11-05,1.0689516696460597,1.0346344466866286,0.9997205598291246,0.987553177605011,1.0178528299580218,1.0409752530848464
2007-11-06,1.0842359926723593,1.0448881177334457,1.003650151370664,1.000847800879259,1.025207107889605,1.0560179045913203
2007-11-07,1.0740641410926435,1.0366720516675194,1.005203972690183,0.9734685144600373,1.0100672063464151,1.043692971658782
2007-11-08,1.0740753724634708,1.0360842778241852,1.0070056331662722,0.9685328966705276,1.007995987900766,1.0430777778374933
2007-11-09,1.0732112866346726,1.0316170082747016,1.0092394990509044,0.955237989209276,1.0024074477860963,1.036170859703772
2007-11-12,1.0567548240067584,1.0191592799220446,1.0018894115349564,0.9457609210046082,0.9973766165987292,1.017690704503059
2007-11-13,1.0608413478071625,1.0297448585693214,0.9987432940009154,0.9745872876474766,1.0127592133663519,1.0333068781232257
2007-11-14,1.0674831847053448,1.032107939746986,1.0007793134912375,0.9718894293730986,1.0114117680843249,1.0369383035722108
2007-11-15,1.0567271885282021,1.022299625052132,0.9959077783190018,0.9578704844727667,1.0052355406704034,1.0222765213541094
2007-11-16,1.0578851846026143,1.0221590994898548,0.9954863051324248,0.9595158561783556,1.0062367689902028,1.0220624947297163
2007-11-19,1.0552150209299236,1.0155064277880856,0.9959441607687535,0.9461554436127145,1.0011486295027805,1.0121021223032867
2007-11-20,1.0677424548694334,1.0234366826057582,1.000203176701105,0.9519474589383512,1.0035448003372873,1.0236496158040413
2007-11-21,1.0631884870918202,1.015689729088517,1.002796287248721,0.9324665108706135,0.9950257574722958,1.012099371145688
2007-11-23,1.075233924918208,1.0249707506996195,1.005091201498684,0.9485906420487769,1.0035621320061494,1.0256231449590758
2007-11-26,1.0719228403161944,1.0173009740665884,1.0074634700050542,0.9276616191028786,0.9966642061951861,1.0145980793444034
2007-11-27,1.0664954108677784,1.0186908561731205,1.0019217910543239,0.9383234629266318,0.9991295352717385,1.0162896019935947
2007-11-28,1.0702304104499032,1.02768329000872,0.9973507971036586,0.9683351025158423,1.0158710456735196,1.0293965888757333
2007-11-29,1.0706919629778262,1.0243237721728375,0.9956431313738594,0.9686641910663103,1.0184749913249498,1.024714001877089
2007-11-30,1.0680092172507631,1.0251270032041362,0.993121029200726,0.9784047006235547,1.0249719785833422,1.0258067800726316
2007-12-03,1.0709580010639383,1.02447440678621,0.994497399254386,0.9719551476177407,1.0225381183013749,1.0249278411983145
2007-12-04,1.0704471721369737,1.0241699544516407,0.9958330771274355,0.9632674798630404,1.0174531595563312,1.0243950186292168
2007-12-05,1.067437039119804,1.0285460718619246,0.9917670070286341,0.9793923215087132,1.0260384523913062,1.0307502838045646
2007-12-06,1.0760429973780739,1.0359649975852339,0.993221641605538,0.9934104848947841,1.0326886565866484,1.0414464742193947
2007-12-07,1.0699608479544884,1.035001740970529,0.9911255689166282,0.9932129038803518,1.0299347976786133,1.0397071224605139
2007-12-10,1.0740713891575375,1.0404790562887125,0.9935382097412313,1.00091344807715,1.0338350889642487,1.047897656243604
2007-12-11,1.0696036409259404,1.028705700112218,0.9917243880632816,0.9734685144600371,1.0221270764059356,1.0302759441678757
2007-12-12,1.079134807678294,1.035797415239152,0.9948425178671776,0.983077587527997,1.024737927411626,1.040662694481688
2007-12-13,1.0657543660878883,1.0298798941071874,0.9894686862108393,0.9810370537935432,1.0204493602344082,1.03188656989654
2007-12-14,1.056332419054599,1.0237773061371713,0.9889563600927865,0.9685983307281659,1.0114567016449059,1.0232567595909876
2007-12-17,1.052651321755623,1.0179630480251813,0.9886151071610441,0.9547773931227724,1.005165107482448,1.014617965423998
2007-12-18,1.058600405386023,1.0225220257952905,0.990570167235287,0.9601081729411473,1.0093140534777758,1.0212390541349645
2007-12-19,1.0652884183084426,1.0228597062028344,0.9908217068713636,0.9601081729411473,1.0125553279161685,1.0215567503984055
2007-12-20,1.0658945710320629,1.024975063815232,0.9896209696798189,0.9661630612453527,1.015703503884509,1.0244594572483443
2007-12-21,1.0717479215581707,1.0328717993173835,0.9920133329577964,0.9800905689771928,1.0214983649272522,1.0359335703128039
2007-12-24,1.074731347418675,1.0365105031883008,0.9910778713431688,0.9873688823330088,1.024899074551221,1.0412032259719417
2007-12-26,1.0775855822227598,1.0401065139122396,0.993080228892999,0.9894862176052552,1.0243041140882636,1.0465821180233883
2007-12-27,1.0770696205171717,1.0353811150670367,0.9934228498452633,0.9770473524463757,1.0191868346730055,1.039538366109249
2007-12-28,1.0824882790650374,1.0364696281306665,0.9957194061122085,0.9745995076886421,1.0209010926180362,1.0411220683893236
2007-12-31,1.0827430120313035,1.0333745384957025,0.9957715906574766,0.9673874099047253,1.0182506037438432,1.0366846016801148
2008-01-02,1.0957233240479058,1.0357367229701586,1.000665669701731,0.9589181398624901,1.0158045666707987,1.0397765520137001
2008-01-03,1.0989771319066035,1.0364523774097314,1.0027741116260631,0.9584551992332045,1.016354600807186,1.041063768839292
2008-01-04,1.0874061565563091,1.0273189207012685,1.0015866825411597,0.9349669302240603,1.0025973829036405,1.0278276471224848
2008-01-07,1.0829164809034613,1.0263222705641422,0.9998700041581076,0.9341728406885291,1.002844712224518,1.026017326651269
2008-01-08,1.083550206002774,1.025549013754189,1.003637970486254,0.9190874840562192,0.9942072169604182,1.0251343449686823
2008-01-09,1.0843942451936741,1.0278969083761225,1.0022139852938143,0.9287473555511188,0.9996521017368826,1.0288011128796832
2008-01-10,1.0858624565887043,1.0344492310816473,1.0047895697214926,0.9348344990802624,1.002373166407009,1.038175856309913
2008-01-11,1.0879093716527484,1.0314825210938392,1.0061300633843577,0.9272920339043604,1.000231119718387,1.033676355431308
2008-01-14,1.0978357966893282,1.0365651994592024,1.008295625990061,0.9347684256018653,1.0051402032964938,1.0407274479830901
2008-01-15,1.0870313430788139,1.02526177478975,1.0060867111951735,0.9141910840732421,0.9948596768455051,1.0243284649515167
2008-01-16,1.0757064904763332,1.0203059724750887,1.0024053128254882,0.906317683131347,0.9890913542507124,1.0170977896345954
2008-01-17,1.0697419237371277,1.0120677444028108,1.003958906191178,0.8828296983092067,0.9776276872172729,1.0052508235912812
2008-01-18,1.069963403276586,1.0124613535359572,1.0075571358452333,0.8737649144003864,0.9712945418725464,1.0055657144931702
2008-01-22,1.0696607195079908,1.0090286640714132,1.0094821840721002,0.8648992034877689,0.9703767634138519,1.000368072003721
2008-01-23,1.070412316533443,1.0150957574893826,1.0063317287794336,0.8856744102178287,0.9815313968592247,1.0087859994541564
2008-01-24,1.0772007764712113,1.0232392333114082,1.00980265804597,0.8931510150555865,0.9824144061058626,1.0204827007422075
2008-01-25,1.0840181108360711,1.01913683247111,1.011678948936884,0.8802489250804181,0.9781513085128457,1.0149171915348354
2008-01-28,1.0917909864043136,1.0269925535504714,1.0128781785955467,0.8948051255115441,0.9857996636289387,1.0261836391218104
2008-01-29,1.0929777908519367,1.02824361988946,1.0122047267334917,0.8992381585847303,0.9869140719743029,1.0276658767338602
2008-01-30,1.0889886946640877,1.027643833043569,1.0145465266531313,0.8926218588544024,0.9825485452760612,1.0266182060310194
2008-01-31,1.0987558286109862,1.0326155306666502,1.013234193348316,0.908898101126381,0.9949579076777743,1.033860329653161
2008-02-01,1.0993956344582123,1.0348224141598432,1.0097714434981517,0.9235205881761569,1.0058541463943618,1.0371080996089308
2008-02-04,1.0944085677179014,1.0311224382605562,1.0081508969628206,0.9118756704593067,0.9959857746235756,1.0316279408827245
2008-02-05,1.0818886482256804,1.0186077511524037,1.005535454662345,0.8874611649578371,0.9827468733793346,1.0136687827442001
2008-02-06,1.078963064543892,1.0183751700837933,1.0071537238355575,0.8803152116990683,0.9773426223734936,1.012991111273139
2008-02-07,1.07773505698828,1.023173152485175,1.0067945592699548,0.8861376350341178,0.9766835593049181,1.02004936447052
2008-02-08,1.0902602489135993,1.0235853074870762,1.0107381407271374,0.8804474297026134,0.9762757091030565,1.020643906195591
2008-02-11,1.0963105499010202,1.0266102745542216,1.0111093012292394,0.8849463941606949,0.9801182263246383,1.0249450703499505
2008-02-12,1.0902438658703066,1.026259833430281,1.007863868110185,0.8931510150555867,0.9846639073936997,1.024513677389065
2008-02-13,1.0915819878068804,1.0309498018759997,1.0064070816324278,0.9022815882558002,0.9889739664104241,1.0312469611035568
2008-02-14,1.0875172993690798,1.0287425530479777,1.0060451426386348,0.8943416875550021,0.9815837512419948,1.0279472939751553
2008-02-15,1.088289565836268,1.0273268311572872,1.0055807326495938,0.8941431829328071,0.9822966600004794,1.0258825754649574
2008-02-19,1.0984439791624345,1.0339849664342955,1.0093886146658764,0.8966575984961945,0.9811071804276473,1.0355474643561802
2008-02-20,1.1054210715323602,1.0372690146434962,1.0117737412814525,0.8993041610163762,0.9824902405228633,1.0404866848321344
2008-02-21,1.1045824274406837,1.0341915119651874,1.0119907583576577,0.8918278403656222,0.9816196072972273,1.0356701666690642
2008-02-22,1.108821522950548,1.0373811539552373,1.0119766361412852,0.8973193989814297,0.9841164912184703,1.0403049147403942
2008-02-25,1.112074159575609,1.0416417298773775,1.0106480677091656,0.9086336651192908,0.9889282989739698,1.0466546392075684
2008-02-26,1.1265386893710991,1.0480011522181094,1.0150671386505068,0.9154482563315606,0.9943809567815164,1.055649543461938
2008-02-27,1.1300464303645068,1.050838660554986,1.0172021886545608,0.9145221619327373,0.994705132834451,1.0596886752740855
2008-02-28,1.1395548804303148,1.0501075848823207,1.0210828405437644,0.905589809167715,0.9934548376851292,1.0586206314605753
2008-02-29,1.133927187042078,1.0422937076028818,1.0224576323465882,0.8854098321172365,0.9844535486368611,1.04716731618958
2008-03-03,1.1382345897433859,1.0443259752505576,1.0237645716672785,0.8832924257982389,0.9820400848439743,1.0499771000016076
2008-03-04,1.128101394635462,1.0390197180902192,1.0203717631827098,0.8799180603611759,0.9783088629073275,1.0422275900276037
2008-03-05,1.14048560210897,1.0475648413318919,1.0260189951834793,0.8854757635021314,0.9803193247411032,1.05478160112507
2008-03-06,1.133508228776181,1.037726736055723,1.0245998778415015,0.8671485436233074,0.9712262626214984,1.0402479218152425
2008-03-07,1.1286737024229028,1.0339614256141187,1.0250610093225534,0.8582163329517871,0.9666170360735958,1.0347484413318768
2008-03-10,1.1313462204224185,1.027680166338943,1.0249156537869215,0.846902137860677,0.9618978235248752,1.0255695363849295
2008-03-11,1.14406709679371,1.0400079604237757,1.0228780663651411,0.8773377844596442,0.9778936059485117,1.0435611865114551
2008-03-12,1.1530352087405606,1.0390999168234127,1.0251945119087233,0.86913373193876,0.9769463219430636,1.0421475469749015
2008-03-13,1.1541183065520995,1.0432760490678006,1.026267322015172,0.8710524204953093,0.9761375225341249,1.0483246717245436
2008-03-14,1.1493677099204824,1.0378949052460524,1.024995148891375,0.857554603513303,0.9712238380032343,1.0399584576123488
2008-03-17,1.1293527709639235,1.0324530861863437,1.0195407508409446,0.8488875393163825,0.9674440945980521,1.0320915718418058
2008-03-18,1.1441301297336675,1.0415612001176149,1.01543496706273,0.8841525177654164,0.9882278720525935,1.044960586684374
2008-03-19,1.1192231444322849,1.0249841606968386,1.0083487124155248,0.8622525699208362,0.9770561987392509,1.0206761889072182
2008-03-20,1.1088219588206245,1.0222117689936039,1.0036005609027707,0.8782237374441727,0.9885815656379082,1.0167126961034143
2008-03-24,1.111890729889101,1.030433954894031,1.0005796402695548,0.8957776134387473,0.9931978760934967,1.0290472820100696
2008-03-25,1.1222267191080426,1.0369516265215852,1.0042607941894555,0.8966418971642313,0.9951673390427584,1.038812240233224
2008-03-26,1.1291707393675239,1.0367939339907108,1.007595257691732,0.8856707868335294,0.988152982522035,1.038324940155109
2008-03-27,1.1298743885829379,1.0359068951335941,1.0082707608293298,0.8828782232401154,0.9857677000336947,1.036942554296969
2008-03-28,1.1217468303356328,1.0288336068984547,1.0069737135791392,0.874433819560718,0.9817009245437788,1.0269532700257633
2008-03-31,1.1145253529886197,1.0262425824982604,1.0046126463010128,0.8774920269559885,0.9844320806330175,1.0227414597011744
2008-04-01,1.1139803532237382,1.0321445800614477,0.9986026917325118,0.9083445048428649,1.0017565423795012,1.0315321148449932
2008-04-02,1.127071423831754,1.0377126385425075,1.0023057658802295,0.9089426474392358,1.00086648745737,1.0395911405325595
2008-04-03,1.1325879672923307,1.0387804680032933,1.004279591786157,0.9112032840081777,1.0023881718210483,1.0411340566777372
2008-04-04,1.1408473533361063,1.0407424485563732,1.0066302732407313,0.9102061428583897,1.0046903426878913,1.043806319960358
2008-04-07,1.1441050108644786,1.043409723076292,1.0077337075401867,0.9106715701239588,1.0024181728357973,1.0478244372382692
2008-04-08,1.1400191686201908,1.0408499314848674,1.0056850978421394,0.9097408576863227,1.0018344748260035,1.0438666850284506
2008-04-09,1.149182330692673,1.0417716678320244,1.0090687326756043,0.9031581630692013,0.9997305603625817,1.0451980655781195
2008-04-10,1.1455623168851108,1.041484361205319,1.0073836919462196,0.9044216584883555,0.9990296680752527,1.04477905108786
2008-04-11,1.139731902670015,1.033468640506372,1.0073261786049752,0.8868678535405318,0.9888946086610599,1.0331698079144698
2008-04-14,1.1373382039655289,1.032594164314772,1.0062967826001834,0.8838751512496507,0.9858891697215395,1.0317301450526843
2008-04-15,1.13925564920692,1.035479756892169,1.007572790252214,0.8859365727288879,0.9855099284483883,1.0359058284404943
2008-04-16,1.15216114760628,1.0482038372364058,1.0104050825226418,0.9099404280097824,0.9990386659903078,1.0545749555733692
2008-04-17,1.146406099308955,1.0466825501782344,1.0072903470567836,0.9112699258605828,0.9990285791262768,1.052369624176851
2008-04-18,1.146521089824726,1.046601253876966,1.004316133383518,0.9207781835889238,1.0050408103168962,1.0524968642540686
2008-04-21,1.1465648099229138,1.045406807010088,1.003352901677822,0.9212440371349987,1.0053978179911927,1.0505930092416507
2008-04-22,1.146917196329427,1.0438316402851329,1.0027129821522267,0.9171879070756794,1.0029690334402288,1.0482264899887066
2008-04-23,1.1399280533866087,1.0410519115892778,1.0004951897137229,0.9157249834265678,1.0015966564029721,1.0441986530396121
2008-04-24,1.1274601309996615,1.0386824950493079,0.9949795463738041,0.9197146847737349,1.0012656451430237,1.0406823533052352
2008-04-25,1.1343841462104498,1.0426000848281187,0.9956076156146989,0.9282256592587863,1.0064772453831112,1.046351914593049
2008-04-28,1.1382815428825102,1.0438800055031723,0.9966893576527437,0.9284250874887437,1.007301371583486,1.048443971449189
2008-04-29,1.1260572558967201,1.0381877525413816,0.9921625837205722,0.924767955982842,1.005528967720553,1.0397853289849481
2008-04-30,1.1300589987123628,1.0383248252198976,0.9944390234671648,0.9193156862203178,1.0030484912378477,1.0403965434814677
2008-05-01,1.1249255841380548,1.0386658489984844,0.9900026483294696,0.9383322727237512,1.0154524395932898,1.0406030922107607
2008-05-02,1.1296496045131899,1.041555698693063,0.9912001089104551,0.9409251949469545,1.0139005057484372,1.0450595990842102
2008-05-05,1.137541319162934,1.0437564148217973,0.9944576910491381,0.9364039928558212,1.0115272724932804,1.0481685123040394
2008-05-06,1.1433907274740613,1.0477960150379826,0.9958739771449833,0.9445160398342065,1.0155740106684041,1.054214390598544
2008-05-07,1.1362905746184342,1.0401743210669623,0.9936056341439589,0.9276937322343142,1.0061410401588686,1.0428622554973794
2008-05-08,1.148398398536794,1.0422099857668663,0.9978220842477485,0.9252998830073135,1.0071468146626719,1.0459903712321836
2008-05-09,1.1530583272276549,1.0417551826816887,0.9982241180134954,0.9235707471823374,1.0064661947199898,1.0451559136027009
2008-05-12,1.153557659290026,1.0461521550980135,0.9976285849333683,0.9339437859634198,1.0125795211237707,1.0515452090052742
2008-05-13,1.1460326837377564,1.0433133969456554,0.9935747072396381,0.9340765723409724,1.0093264448724033,1.0475768964950067
2008-05-14,1.1418172647621871,1.04269239105243,0.9932200761391492,0.9360048522089022,1.010453311348723,1.0466685617637688
2008-05-15,1.1573608947910508,1.0493289833532613,0.9980161962047308,0.9477076019810374,1.0203262112425424,1.0563258696794162
2008-05-16,1.1652779633535457,1.053922721613381,1.0023542134023706,0.9485720988467745,1.0202150771169154,1.062924738387354
2008-05-19,1.16825545699462,1.0551230341813986,1.003290587445085,0.9511652342102309,1.0228155197490976,1.0646592604451968
2008-05-20,1.1765919474357742,1.0564032929670306,1.0066677556807238,0.9434523278787647,1.0189849725825264,1.0666874191916607
2008-05-21,1.1810009651839746,1.0540470953207375,1.0080493712362144,0.9274943040043566,1.0075902480007506,1.0632529177231473
2008-05-22,1.1714484797268168,1.0536659041746521,1.0056765252595752,0.9276268772416564,1.0050590794013927,1.0624409652329772
2008-05-23,1.1701964428769576,1.050221050498778,1.0061575117493176,0.9151930564020957,0.9986797213630252,1.0574215967248246
2008-05-27,1.1590011842445318,1.0478797324418379,1.0011850425984041,0.9219751792491749,1.0011789658484693,1.0539958100064868
2008-05-28,1.1559494951773555,1.049567471831022,0.9986944190866395,0.9262308085852027,1.0009857527521127,1.056279958625263
2008-05-29,1.141532766963652,1.0451449422215235,0.9938847659513457,0.9308850812408924,1.0021819173434312,1.0500056607532666
2008-05-30,1.149533316531237,1.0479816969749978,0.9960737095348013,0.9332124307089903,1.005006318633678,1.053964092083094
2008-06-02,1.151446423286775,1.0456049891996306,0.9966921878547526,0.9235707471823376,1.001165434510386,1.0501621554888054
2008-06-03,1.1433633205963392,1.041807712952929,0.9939425292661621,0.9181851903189692,0.9998110877985478,1.0446092147676407
2008-06-04,1.134837251089937,1.04152698093309,0.9926577719241885,0.9177196209598982,0.9980315409929825,1.0442799968838588
2008-06-05,1.150837415228339,1.049498064876304,0.9925283770614667,0.9360713519678051,1.0077640452559984,1.0561790487424008
2008-06-06,1.157497180225759,1.0439042660960038,0.9976441167970641,0.9062167967449773,0.9919849981611791,1.047915631936345
2008-06-09,1.154477113748782,1.0418645614549609,0.9934305960556259,0.9084110046017674,0.9904919110749254,1.0447514819595805
2008-06-10,1.1409223417490213,1.035432857097033,0.9873642764148388,0.9038893762301285,0.9851677137977514,1.035092939828613
2008-06-11,1.1472960927008742,1.034221087520077,0.9899314651869322,0.8905913427118344,0.9769905237873013,1.0330616630219074
2008-06-12,1.1382900621961651,1.0323733596468134,0.9851989337692625,0.8939820489016194,0.975670179650272,1.0306130336710244
2008-06-13,1.1415007145263276,1.0368036420702786,0.9860172844122844,0.9052855159333337,0.9820497049574908,1.0368259484566555
2008-06-16,1.1471304717813897,1.0408158570980126,0.9888071426565807,0.9058177271448092,0.9824396926593899,1.0426745082950462
2008-06-17,1.1508836500169994,1.0399960312916012,0.9900688477938001,0.901429169337727,0.9809441691473197,1.041556788987405
2008-06-18,1.1575169652848076,1.0393790055522605,0.9922935461861354,0.8926521247703132,0.9774442006566734,1.0404798346922763
2008-06-19,1.1478873462822294,1.039758656953047,0.9910422627249671,0.8937826917184126,0.9758645205584848,1.0411155594960653
2008-06-20,1.1459269698005603,1.035253192803442,0.9914426069848746,0.8792753004051995,0.9683387885960342,1.034356926780551
2008-06-23,1.1425242058481182,1.0306398790135742,0.9874199233696694,0.8784062565474006,0.9675925944226813,1.0276027591592212
2008-06-24,1.1442031988681118,1.0290834296390823,0.9883910809578633,0.8766690213928147,0.9685952863598737,1.0253240287607137
2008-06-25,1.1472281635422086,1.0314908901752138,0.9889536819833484,0.8808122547688162,0.9712262700175561,1.0287521053330686
2008-06-26,1.1565552341520018,1.028763768531266,0.9959758679077392,0.8568888954567647,0.9580320832593213,1.0247629613069373
2008-06-27,1.1634202927445862,1.0295023480029475,0.9980144586794474,0.8522111063265055,0.9569962328586284,1.0256671057698616
2008-06-30,1.1585954363815612,1.0292303561823613,0.9971863873854893,0.8552182311078325,0.9591936469598363,1.0255183333264057
2008-07-01,1.1655263379869212,1.033372123468747,0.9987199382509847,0.8578912230193729,0.9599512785037333,1.0313771747760048
2008-07-02,1.1667894066845856,1.028952919871655,0.9989771050651866,0.8431900161695283,0.9509768187599918,1.0249753571682287
2008-07-03,1.1650967722919952,1.0272204873005728,0.9980163395440567,0.8440587047935721,0.9516927938706706,1.0224631929271613
2008-07-07,1.1556216273312774,1.02146837073114,0.9950909549766586,0.8354384604055374,0.9476853835525412,1.0142017996750545
2008-07-08,1.1561605701500428,1.0261965467661822,0.995003016464273,0.8502731641004443,0.9586306387540879,1.0212083861712864
2008-07-09,1.152910365204073,1.0215164396522822,0.995891491940628,0.8339012218549167,0.9494504525866488,1.014345785027537
2008-07-10,1.1652864025039347,1.0268531061615338,0.9994171843892611,0.8373094055454388,0.9518752423172425,1.0217355856815111
2008-07-11,1.1612901784304384,1.0281817080743285,0.9997587081659997,0.8275530525627292,0.9416789796945643,1.0234063190077132
2008-07-14,1.1647118365341302,1.0267931588622436,1.0016161654335969,0.820068774675867,0.938698490498047,1.0213850759463943
2008-07-15,1.1509090282633871,1.0219159334978223,1.0013127002508218,0.808507976312159,0.9323183480295608,1.0142377252611965
2008-07-16,1.1488160325270764,1.0276509322706766,0.9998943399482708,0.8283552414278704,0.942131170602597,1.0224540338998345
2008-07-17,1.1416125149215834,1.0289189034323971,0.998286408482727,0.836641139805866,0.9458698811620654,1.0248674039775707
2008-07-18,1.1357211820373572,1.0299145309422633,0.9973698016438595,0.8418533425968808,0.9480652673557995,1.0258073477179392
2008-07-21,1.143604972222436,1.032565841468548,0.9988119704219112,0.8423211854519824,0.9492547532665736,1.0299674271633512
2008-07-22,1.1368175950380959,1.0327034420932146,0.9957423316533583,0.8518772576437227,0.9543732535919972,1.029997237786179
2008-07-23,1.1254570520953349,1.0297643381244759,0.9904604066703423,0.8564880496878226,0.9568634003680163,1.0255727590182826
2008-07-24,1.1226471509520208,1.0236737128505666,0.9910175998003992,0.8387128630639932,0.9481826035268757,1.0168352043142934
2008-07-25,1.1155360426716776,1.0245652194140582,0.9907198590850219,0.8385121559925183,0.9458168272400689,1.0180387458894076
2008-07-28,1.116458601076995,1.0199965291709978,0.9909448298385792,0.8262166631770854,0.939729417871876,1.0114128134641922
2008-07-29,1.1162079600415242,1.024526362075732,0.9883218723281774,0.8438582108623504,0.9505078108933973,1.017966499578622
2008-07-30,1.1277034739562626,1.0290302183852318,0.9879188312291898,0.8588938347689852,0.9613696569701206,1.0243997785343564
2008-07-31,1.1267797552267842,1.026058016911719,0.9885586338785994,0.8475336013832501,0.956783331985985,1.0200940077156664
2008-08-01,1.122802815723718,1.0227130747108986,0.9883462745186641,0.8430565903712169,0.9539418728334078,1.0153741220949815
2008-08-04,1.1052910426369995,1.0159811381989092,0.9845114344770683,0.8352378243808136,0.94838520534781,1.0055562798041475
2008-08-05,1.1050079009291578,1.0200152284984012,0.9814890510522432,0.8577574419873067,0.961682726566102,1.0112968367557977
2008-08-06,1.1035136568435406,1.0223471888305211,0.9823114788963033,0.8615665424935219,0.964392864594786,1.0148262326579593
2008-08-07,1.1043953237665856,1.0155945383724236,0.9813690646677701,0.8487364228770808,0.9592672301516175,1.0048212777842747
2008-08-08,1.100946307932733,1.0161575434944135,0.9797515314708916,0.8645066701886894,0.9697750284820819,1.0057130330376882
2008-08-11,1.0920513318569869,1.0137386959008066,0.9730088151073818,0.8734614026802654,0.9739714845235894,1.0021251386489418
2008-08-12,1.0896235469507611,1.0092353014375406,0.9717889270079527,0.8643732443903778,0.9704671349064133,0.9958631895326086
2008-08-13,1.0959724222880478,1.0107555358710603,0.9725008114945484,0.8591612547396159,0.9661111508982011,0.9977250776000114
2008-08-14,1.095589716843063,1.007806172780166,0.970464005175059,0.8656431340171188,0.971675308256682,0.993543083244025
2008-08-15,1.0890993234104254,1.0020224460964753,0.9675196371832104,0.8698527961052719,0.9759613449461653,0.9851019599996962
2008-08-18,1.088191174513578,0.9996754261500214,0.9677993526993243,0.8579582201055326,0.9688608478814071,0.9819464419429913
2008-08-19,1.0868319223808818,0.9988879811205313,0.9686266269676511,0.8486024997515121,0.961958677020105,0.9804750778956933
2008-08-20,1.0932819550085586,1.000340651130509,0.9694078823645776,0.8525455944300465,0.9657599024712267,0.9825692755090419
2008-08-21,1.1064742894354247,1.0052237910698079,0.9726796384765782,0.8540156938010056,0.965929694123002,0.9895362985274156
2008-08-22,1.0998919370600322,1.00655543516875,0.9709203790002644,0.8663780416090962,0.9731727762043969,0.9913731557391194
2008-08-25,1.093961063901893,0.999710062043938,0.9689500721110533,0.8488029226359832,0.9638334964682022,0.9815563488741573
2008-08-26,1.0962562970293321,1.0013397014191545,0.9695626472757873,0.8512759179435587,0.9656388146189362,0.9838236001554103
2008-08-27,1.104467997984112,1.0045536521953427,0.9713660686538051,0.859562100508558,0.9718166199438977,0.9884621005608876
2008-08-28,1.106612726691606,1.010056932831359,0.9733632407660551,0.8699864350438365,0.9783122313650101,0.9964075327207268
2008-08-29,1.0979123882449553,1.0056807146335371,0.9708465986517297,0.8606310699235712,0.9714974378162707,0.9902516123998861
2008-09-02,1.0854942414913813,0.9982631380058431,0.96484741779859,0.855285228193992,0.9699922927704339,0.9793602040612175
2008-09-03,1.0828160408756167,0.996662525585852,0.9633058436391072,0.8545498943215084,0.9704539828732743,0.9770665313534678
2008-09-04,1.0649053994585898,0.9852945133015197,0.9579989498976252,0.8288225869557154,0.9549918745646501,0.9607995461317316
2008-09-05,1.061228017586439,0.9842088246072052,0.9589715577407528,0.8314287238745982,0.9558847880961198,0.9591626781852298
2008-09-08,1.0711271273084069,0.9895440529818742,0.9609003061025715,0.8486024997515123,0.9675597334308225,0.9667841353115018
2008-09-09,1.0470315851166883,0.9735539002130952,0.9542854755062883,0.8234097481399767,0.9522856313410649,0.9439845339213779
2008-09-10,1.0429474200708193,0.9704925365633732,0.9510649602705338,0.8267515741650978,0.9535455996969738,0.9394409663035193
2008-09-11,1.04189003013846,0.9710575292961791,0.9494785868645002,0.8387128630639933,0.9609489834153456,0.9403259333538695
2008-09-12,1.0451376456993824,0.9782818681550561,0.9530293827785999,0.8425885343758622,0.9616108208137216,0.9504970944830593
2008-09-15,1.0311873162464809,0.9662106623344735,0.9525207742629713,0.8024937977962562,0.9419580731470791,0.9328175833942061
2008-09-16,1.0248669003064408,0.9673490284100676,0.949058619909797,0.8159255412998656,0.9499212314440368,0.9342834768169369
2008-09-17,1.0321388709914658,0.972231272582027,0.9607593511099024,0.7792389884107815,0.9286505721570845,0.9396642165472153
2008-09-18,1.0361360866567262,0.9787696126070142,0.9560573152754497,0.8023601588576919,0.9395991716143077,0.9500591531865982
2008-09-19,1.0639755550816075,0.9981474094387642,0.968199023092002,0.8342251239925644,0.9541144228943508,0.9790627514881727
2008-09-22,1.0671747874051742,0.9981964657801444,0.9706867851425687,0.8153388372304,0.9404941834184143,0.9789658615914322
2008-09-23,1.049370897880008,0.9912497520778479,0.9655292835915645,0.7967883174132943,0.9279300663868885,0.9678237253015183
2008-09-24,1.0437575827476584,0.9880882811403308,0.960596516789298,0.7993424481104711,0.9306628928710988,0.9644203459320078
2008-09-25,1.052314445593798,0.9926488524638644,0.9605939398698955,0.8118437633634482,0.9379525680661969,0.9705430272738691
2008-09-26,1.0508020027985967,0.9933355205483316,0.9594555633769952,0.8122470247219232,0.9379637140344007,0.9708826419230386
2008-09-29,1.0128898780643976,0.971193536816928,0.957668812412367,0.7485982298417795,0.9002637769741257,0.9375982680627555
2008-09-30,1.0124948729209893,0.9737305793070941,0.9478509384304722,0.7795822863114422,0.916036571245851,0.9425965462040324
2008-10-01,1.0185351503450224,0.9752708552750272,0.9520437317040855,0.7800528999898317,0.9189517147918722,0.9448139423547096
2008-10-02,0.9821353676226731,0.9514130248720555,0.9390226691477446,0.7517566131559101,0.9010687079956657,0.9114093929353708
2008-10-03,0.978240154867738,0.9481770760472443,0.938727266714217,0.7416079400143741,0.8953188832784212,0.9068568691053647
2008-10-06,0.9575897347171023,0.9330388750260428,0.9352652070847282,0.7038355085835474,0.8717054294531306,0.8856384355610983
2008-10-07,0.9432859946937099,0.926214513025026,0.9323375505105518,0.6723133440220789,0.8491926182843859,0.8761151868171412
2008-10-08,0.9230659543080978,0.9231321629676214,0.9248941258158544,0.6553761538258769,0.832457038939935,0.8720820931904745
2008-10-09,0.8899700438967019,0.908057787584652,0.9207233842760059,0.6096055633584612,0.7964684940535114,0.8503475543432023
2008-10-10,0.8542657502768358,0.8884101173672537,0.9067178514194045,0.5948187806970797,0.7817449058670843,0.8224089785684708
2008-10-13,0.8925451328283481,0.9215618155993303,0.8974502700301906,0.6811850939085283,0.8401552885719009,0.8704010699216252
2008-10-14,0.8917918997998768,0.9190058451842682,0.90275674760713,0.6711035599466539,0.8313530542274788,0.8661978405164265
2008-10-15,0.8554320774843772,0.8918647573593866,0.9002706658163193,0.6050349837754077,0.7877075786547737,0.827948844223834
2008-10-16,0.8552381785629797,0.894967852161577,0.8928241980063923,0.6302391739138484,0.8055597558395093,0.8324645237045778
2008-10-17,0.8439299397833714,0.8879463244391181,0.8860544679211513,0.6264751880944958,0.8051792316650281,0.8233478022407446
2008-10-20,0.8756072570928288,0.9060895657524763,0.8926600779617431,0.6641136253530033,0.8320870546124557,0.8480244440092857
2008-10-21,0.8592213886505375,0.8955371837519498,0.886408361277367,0.644286466467815,0.8219524125548643,0.8331804102887463
2008-10-22,0.8364431183989888,0.873355070068642,0.8781937550801845,0.6092020178129822,0.800027568587028,0.8024359033587165
2008-10-23,0.833758336137751,0.8734957303753629,0.8716467046755869,0.6162595178668001,0.8054990175972091,0.8021757127534536
2008-10-24,0.8001186160077298,0.8622135726110247,0.8663122892860683,0.5850059100239777,0.7818941964610394,0.7866860088208185
2008-10-27,0.7822459569789277,0.8530153699706272,0.8623748548218719,0.5642379500625164,0.7670455564221952,0.7732117781777772
2008-10-28,0.809161558608846,0.8795084830391916,0.8597517224315889,0.6301719636874359,0.8105547558543515,0.8105471499417544
2008-10-29,0.8217597662434474,0.8817986174914624,0.8620535384757793,0.6256013841043823,0.8078697647478137,0.8141462218878016
2008-10-30,0.8217261544169934,0.8897275843887608,0.8604446191189227,0.6472435032897118,0.8203172644244353,0.8248408120739904
2008-10-31,0.8202161336856839,0.8905666338239454,0.8580069536715796,0.6508057873830762,0.8220505164415489,0.82642148754584
2008-11-03,0.8229818394911825,0.8910810491054406,0.859616146534781,0.6526878158161279,0.8240024855957208,0.8271992897944094
2008-11-04,0.8560693724683442,0.9090458084501819,0.8760378919062206,0.6748674747192556,0.8447544807676804,0.851285809762979
2008-11-05,0.844759563056365,0.8922499111364846,0.867854559003028,0.6465044749861782,0.8250237978793385,0.8285062366393043
2008-11-06,0.819767398690271,0.8749063682964691,0.8604428698059375,0.6106806427940571,0.7968598420772443,0.804654069156427
2008-11-07,0.8240182791703584,0.8846097956945003,0.86125857535385,0.6308442080450627,0.8109397595784471,0.8177361644937169
2008-11-10,0.8261229667836099,0.8826515066745182,0.8633525660659874,0.6225769949625709,0.805012295977406,0.8151611291083378
2008-11-11,0.8154534195973664,0.8703963338557579,0.8594416808770263,0.6033545860215931,0.7916834042824547,0.7986375030996348
2008-11-12,0.7991423517427426,0.8529399453973304,0.8525697121953123,0.5768062268782778,0.7736278045606823,0.7750343888903419
2008-11-13,0.8081143207018221,0.8734083474668926,0.8574041921371988,0.6127644439998483,0.7984391057137311,0.802630643765459
2008-11-14,0.8064769617825946,0.8604972900238508,0.8589430682301904,0.5821832581315303,0.7785665712899956,0.785222869833451
2008-11-17,0.8007685630453573,0.8553041380744452,0.857025490508642,0.5744539400005912,0.7741357159165205,0.7780867231452963
2008-11-18,0.8011856431604223,0.8587477950660638,0.8515124685772174,0.5852750706400068,0.7849652244202163,0.7830635617551073
2008-11-19,0.7928039631967283,0.8394330596644789,0.8492363580621493,0.5477711248810753,0.7602220113491336,0.7570890754814323
2008-11-20,0.7867663996488495,0.8217756004739193,0.8495277905891908,0.50710819191063,0.7363508458246901,0.733081772343996
2008-11-21,0.7972068675359385,0.8435549912743268,0.854842234656865,0.5344635000514011,0.7538536373128479,0.7625124974660222
2008-11-24,0.8120894506694817,0.8668934209197195,0.8527520336965178,0.5714966189916905,0.77865322295694,0.793911860835913
2008-11-25,0.8248768823378919,0.8668425958644664,0.8583234389080111,0.5757308632556778,0.7877950629534058,0.7937761595623414
2008-11-26,0.839562808825957,0.876417744938144,0.8611019785601598,0.5979776258150914,0.8067960409416645,0.8065520292796081
2008-11-28,0.8403246263388092,0.8775567360612442,0.8608620121010144,0.605505313266793,0.8131851878521363,0.8090259991453626
2008-12-01,0.8280173086377833,0.8422654397155238,0.8533974065601273,0.5518711618324906,0.774369877423255,0.7609300440478388
2008-12-02,0.842486255004094,0.8554556351534758,0.8588846465769545,0.573109628902215,0.7932132389383744,0.7783354363972765
2008-12-03,0.8498480439945676,0.8600613251506938,0.8608630479353184,0.5868878318869032,0.80483452884905,0.7849629482675049
2008-12-04,0.8447158866783281,0.8507804856835119,0.8590913291563217,0.5733114371983298,0.7959698142180113,0.77266285183236
2008-12-05,0.8384559748536754,0.8579954822197337,0.8550794904768569,0.5909880109318203,0.8066856268172502,0.7823268782814612
2008-12-08,0.8508367412567838,0.8727278846675862,0.8578592624756457,0.6116217280573341,0.8220669598159224,0.8019943986864015
2008-12-09,0.8516838353469728,0.8663421615489976,0.8583431891929372,0.6015401230487086,0.8167450567329172,0.7935718703986739
2008-12-10,0.8609378167065014,0.8759833571431503,0.8651558073382456,0.6056396626728671,0.8197370092555587,0.8062892780840006
2008-12-11,0.8659956208716777,0.8704225787737495,0.8689378004096482,0.5910550790647309,0.809990944066024,0.7991684041440309
2008-12-12,0.8710340712273328,0.8745894666826166,0.8700790131716352,0.5981123304549204,0.8166111779586405,0.8046185765714475
2008-12-15,0.8688860493884415,0.8736464906824034,0.8702687628451485,0.589778120286269,0.8106222804498969,0.8034209915665899
2008-12-16,0.9046930953232403,0.8912376589458518,0.8861677888544461,0.6175360858881318,0.8383154187367519,0.8267868385872945
2008-12-17,0.9201036550086329,0.8905738754562816,0.8947166685260518,0.6115543046906686,0.8358127005506153,0.826094079900302
2008-12-18,0.9208229484982559,0.8810443244144565,0.8944539587145579,0.6001284241070424,0.8289230111049919,0.8135261601831182
2008-12-19,0.9114566139297835,0.8780078466420703,0.8876511786952804,0.5975470114574951,0.8257015202200567,0.8092625313846994
2008-12-22,0.9049819092957386,0.8754846029317574,0.8879527748816334,0.5898905872930459,0.8186328672348344,0.8054896675167482
2008-12-23,0.8981987178782075,0.8684443133080341,0.8846833942446979,0.5837923959941272,0.8135457769860909,0.7963870254223566
2008-12-24,0.8975836100406914,0.8716603153194039,0.8855741067896663,0.5871801182203714,0.8159301069823037,0.800367203910757
2008-12-26,0.9064822567415508,0.8774493725085301,0.8906582087382386,0.590568231203746,0.8204931724742367,0.8081213054066535
2008-12-29,0.9064821290598702,0.8769340446589146,0.8904634034756755,0.588874227997122,0.8198885201149806,0.8084926866530792
2008-12-30,0.9103124169586455,0.8842346712653165,0.8882740675859142,0.6028319661214977,0.8316216435148084,0.8172226103974874
2008-12-31,0.9151874542849514,0.8911884669054387,0.8901343375394704,0.611437219645079,0.8347287245970447,0.8271948654057727
2009-01-02,0.912168610310668,0.9005654236680117,0.8863147704940939,0.6298671731257978,0.8450469295858202,0.8397730877927553
2009-01-05,0.9020505471497466,0.897996161586105,0.8834274165322761,0.6291218927081793,0.843860219651567,0.8363077960871506
2009-01-06,0.9097231374320957,0.9028485420206197,0.8885406830287547,0.6333225318589603,0.8470979327298167,0.8427842526802091
2009-01-07,0.8925849236573514,0.8894354656093899,0.8817682150943622,0.6143506337618836,0.8316255609252657,0.8242266123540304
2009-01-08,0.898417056647467,0.8928041930396103,0.8867574046189503,0.6168580156969256,0.8345605387901386,0.8291042557674732
2009-01-09,0.8943778659021349,0.8857152024557243,0.8858297726345635,0.603645380373291,0.8252626144553253,0.8193432325550657
2009-01-12,0.8814657496998158,0.8719949440984608,0.8789345526305724,0.5891453068754271,0.8154525051591814,0.8009739120574088
2009-01-13,0.8851784044623043,0.8735157196102006,0.8795359942210484,0.5902291605847673,0.8165775194427074,0.8026226499832144
2009-01-14,0.8799999330426227,0.8621906007607357,0.8759304718173878,0.5716639696135875,0.8032345004847924,0.7872827760388645
2009-01-15,0.8820358711626732,0.8638040388646505,0.8776607993081684,0.5718671633213461,0.8031295845854096,0.7893913505040889
2009-01-16,0.8824377817299118,0.871092665661857,0.8810344479733482,0.576338987920559,0.8037089010456708,0.7994213168558221
2009-01-20,0.8673978044128163,0.8573280942809083,0.8817043023623503,0.5459164849705203,0.7782811668866272,0.7813937693532642
2009-01-21,0.8611153247893776,0.8695145774964155,0.8778495265560977,0.5694957648676503,0.7946467478453302,0.797291997966005
2009-01-22,0.8512027615775369,0.8662866394188942,0.8790527238732624,0.5606873886830611,0.7852631051444774,0.7928717036428977
2009-01-23,0.86303716667545,0.874046118138963,0.8880253789975628,0.5631267078306792,0.7873290359668843,0.8034027176221548
2009-01-26,0.8621802095100202,0.8771138847425053,0.8890120336075434,0.5669886315962366,0.7896791776572895,0.8076062429881955
2009-01-27,0.8685597784018816,0.8779879233398629,0.8870321502784684,0.5727481785566825,0.7965315551376649,0.8089187113610058
2009-01-28,0.8710773018959687,0.8868245884191996,0.8877765511762364,0.592126428545901,0.810303526381428,0.8209692122494288
2009-01-29,0.8575020791570335,0.8818923425771452,0.8909225069065803,0.5728835581406455,0.7903057014919512,0.8143173574361913
2009-01-30,0.856614357401193,0.8802252938584114,0.8959703793414513,0.5612294398695455,0.7806152616133925,0.8118034981529185
2009-02-02,0.8569027289005545,0.8755132036941201,0.8926291112532766,0.559535472186297,0.7817346475858321,0.8053044815247932
2009-02-03,0.8500608948233663,0.8797267164653589,0.8908978014652141,0.5673952676753824,0.7855823949309267,0.8112122456219374
2009-02-04,0.8492714574985996,0.8797785095845823,0.891449359795742,0.5646172686659161,0.7816770220635735,0.8110844121730546
2009-02-05,0.8567141321679643,0.8860467644317062,0.8935852000655048,0.573019186388237,0.7894160225082085,0.8196141406945096
2009-02-06,0.8644311028507926,0.8941549479665662,0.8957752494939402,0.5893487137234389,0.8011589445891749,0.8309377039350022
2009-02-09,0.8661342048152129,0.8925201912889514,0.8958727074376491,0.5901615951246001,0.8012091375117757,0.8283518132157127
2009-02-10,0.8652689144127887,0.881300760184588,0.896976973823923,0.5631267078306792,0.7827806733206267,0.8133833017208577
2009-02-11,0.8708637563837329,0.8858885212812424,0.8994833083889819,0.5664468290733806,0.7879652456027295,0.8195956406842858
2009-02-12,0.8680467237188146,0.8872444368196675,0.899740269832122,0.5668535361992774,0.7882053090565455,0.8214119644730353
2009-02-13,0.8551827508318731,0.8852312996292402,0.8966397857670371,0.5607548830964775,0.7806358249705576,0.8184516210750202
2009-02-17,0.8527308316453125,0.8759258118755017,0.8984941361527581,0.5367692868305812,0.7658763912801974,0.8059804455137481
2009-02-18,0.8481822673975414,0.8771641471329091,0.8982465364343317,0.5354818486563518,0.7624871438619977,0.8075736105080403
2009-02-19,0.8427771600004019,0.8732334246218821,0.8968188103599579,0.529722443789408,0.7559283746265725,0.8023060060097811
2009-02-20,0.8453954829277706,0.8731300875406554,0.8995648420099687,0.524572833185993,0.7525237575124113,0.802166982385283
2009-02-23,0.8407844675313093,0.8638412102582376,0.8990788054823123,0.505804341936928,0.7371582479229535,0.7897842805782725
2009-02-24,0.8417629483807315,0.867842846180687,0.8922650177327728,0.5249796113586409,0.7519702849943617,0.7953425761306222
2009-02-25,0.8344221776155669,0.8632921967888582,0.8877651858829426,0.5208464666212763,0.7456774723784447,0.7893754722628357
2009-02-26,0.827874640335502,0.8580406094203358,0.8867638229219915,0.5123768413452863,0.7378156440461313,0.7822722480389169
2009-02-27,0.8199657381525807,0.8530136420114744,0.8860311219699314,0.5009259878286958,0.7279759822649088,0.7753445635284866
2009-03-02,0.8089305485748222,0.8372847764047923,0.8808225926716974,0.47836281856386137,0.7112234912096357,0.7544023635329549
2009-03-03,0.8050970147820901,0.8342057972271852,0.8789391887649661,0.47477165396623,0.7077182642921809,0.7503983286829894
2009-03-04,0.812415683257545,0.8407898402290842,0.8790764050478445,0.4860192782516862,0.7160308515314068,0.7590928153381679
2009-03-05,0.8174622911427446,0.8332796461688268,0.8843065328452934,0.466166791199779,0.7021464267753356,0.7491117092845438
2009-03-06,0.8177554465612993,0.834635200981004,0.8841160999041935,0.4669795305074383,0.7014535508040929,0.7509641133169762
2009-03-09,0.8090829686481427,0.8281329438379655,0.8795358157095117,0.46149127556555064,0.6967925414014543,0.7423760954441931
2009-03-10,0.8083961336636211,0.8401540527506216,0.8740796656263017,0.48900075515591496,0.7186305692110952,0.7582509056093357
2009-03-11,0.8099432531932457,0.8424119538982173,0.8751778137852371,0.492185248151025,0.7234941627380171,0.7612322918058164
2009-03-12,0.8310864241046081,0.855736809759388,0.8844950986605382,0.511563675757121,0.741232238586703,0.7789541880803753
2009-03-13,0.8306743101578214,0.8589266571455201,0.8845117706717307,0.5155613698637717,0.744499936835842,0.783229082827662
2009-03-16,0.8276195372551934,0.85724607957108,0.8839284821584334,0.514002923857988,0.7414591557464603,0.7810713707124648
2009-03-17,0.833690495929542,0.865244227829978,0.8851329191081665,0.5297224437894079,0.7546053287578124,0.7914453052045829
2009-03-18,0.8639954052352523,0.8749289590651324,0.9008801759648178,0.541579933385144,0.7749735746091564,0.8041719936941332
2009-03-19,0.8703837664110978,0.8753525455057342,0.90456137439116,0.5348721254395737,0.7680968718632722,0.8049190745505954
2009-03-20,0.8653848489659179,0.8693253969071931,0.9011356711361355,0.5234826207924415,0.7581657211131032,0.7968337951850558
2009-03-23,0.8781201725264116,0.8887427650161006,0.9041258976013821,0.5610837585066926,0.7899243942190335,0.8224128279023939
2009-03-24,0.8732422475946877,0.8792707667124686,0.9002740556962927,0.5500285288228485,0.7798486458901629,0.8099662634357491
2009-03-25,0.8707717962230093,0.8848281486619098,0.90185879605178,0.555828856618348,0.7830998489385723,0.8171797830623418
2009-03-26,0.884785080641063,0.891477480777468,0.9081651229628448,0.5671572255362755,0.7937562263167928,0.8260232289172798
2009-03-27,0.8766031642226852,0.8825089165426963,0.9020116844556555,0.5569207741339227,0.7846437777982743,0.814116376663872
2009-03-30,0.8646408333129197,0.8697671164207434,0.8968755935684831,0.5376767669806517,0.7691409017228846,0.7973513129100875
2009-03-31,0.8679066632325909,0.8729029096798676,0.897645540599423,0.5426583875414109,0.7740052809865259,0.8016215386912546
2009-04-01,0.8749849361951866,0.879118347132639,0.8996360062632182,0.5531674453272147,0.7837572880765924,0.8098622623053547
2009-04-02,0.8804637200632364,0.8869037581352573,0.899111383246559,0.5693407763804209,0.7955730955779697,0.82044417624718
2009-04-03,0.8760462699792625,0.8889536700136667,0.8973354531566029,0.5750052983114518,0.7968850386599601,0.8229843157108474
2009-04-06,0.8667947004360991,0.8812555319294489,0.8920506049250636,0.57050114744055,0.7923231125035411,0.8127768633078757
2009-04-07,0.8612565336005168,0.8758107341972907,0.8917332725727087,0.557194126508259,0.7817066926845165,0.8055117328918967
2009-04-08,0.8682777538805443,0.8791816052375573,0.8931147346589436,0.563199246563414,0.7883565547196462,0.809879255351968
2009-04-09,0.8735845638466966,0.8910831563621008,0.894655520643603,0.5855823833613041,0.8057118437243871,0.8259529244374892
2009-04-13,0.8808129471283326,0.894527189067304,0.8983123525435295,0.5857190417867844,0.8076288344777403,0.8303525771998871
2009-04-14,0.8756310445876505,0.8880438506325343,0.8954995801500064,0.5756190356696592,0.8005604278224411,0.8218315255248815
2009-04-15,0.8766808948330967,0.8915701314709851,0.8962876445218131,0.5817608851970454,0.8061059691412744,0.8265361829751929
2009-04-16,0.8729851875929336,0.8931343303290834,0.8939275388419593,0.5902911843983591,0.8121846199581322,0.8284285082253204
2009-04-17,0.8651484977890744,0.8927072647365937,0.890586344395153,0.5942491278478451,0.8130963305117954,0.8281824681444715
2009-04-20,0.8573881286064524,0.8814901712609766,0.8884621499071144,0.5693407763804207,0.793901636997276,0.8130856358428938
2009-04-21,0.8583906499432297,0.8878519925428597,0.8894775475859474,0.5804642819919418,0.8022317083537288,0.8216382260033382
2009-04-22,0.8582678113047001,0.8880225097306422,0.8909243847243676,0.5769158164916401,0.7984558301998522,0.8216712068082191
2009-04-23,0.8658985200841667,0.8940444354302715,0.8951263934567992,0.5825796279551613,0.803238459320438,0.8295760608189479
2009-04-24,0.8703164773594609,0.900547922414322,0.8988320478145192,0.5913828532503054,0.8095825732168052,0.8382532072657929
2009-04-27,0.8651736333347272,0.8960358497867298,0.8957529259196135,0.5857873887612122,0.806048058325262,0.8322973603087411
2009-04-28,0.8574081074624244,0.8929092009794957,0.8940360892365957,0.5839446491814437,0.8029923193413329,0.8280603960801638
2009-04-29,0.8636292154162578,0.9021536048676128,0.897404951371393,0.596364651427942,0.811981982925147,0.8404595483188406
2009-04-30,0.8598311577491579,0.9000657921362899,0.8949367590536319,0.596569337117471,0.8116191254842103,0.8376793166264128
2009-05-01,0.8608515811341538,0.9025373491373964,0.8940090069282716,0.599776742689767,0.8131945238237636,0.8409192547007361
2009-05-04,0.8742307710054865,0.9163561516897567,0.8987602097367846,0.6201812274732935,0.8301632476049812,0.8600105954490447
2009-05-05,0.8717425362647085,0.9157145299933954,0.8971539351418001,0.618065526276319,0.828366611825176,0.8590747172423326
2009-05-06,0.8810896849062364,0.9235799957640863,0.9011968990697975,0.6287794473685292,0.8372513556956548,0.8697779282419422
2009-05-07,0.8728664405897397,0.9197584441545346,0.9008416930252121,0.6200445335244374,0.8274095190172605,0.8646100753728481
2009-05-08,0.8834997063096701,0.9293202537502995,0.9044859084871809,0.6345118544701066,0.8396013538721311,0.877471263388002
2009-05-11,0.8836545985055265,0.9226399372839259,0.9035404226224606,0.6226377399346448,0.8329331186633084,0.868505045490469
2009-05-12,0.8882164458114685,0.9241077153202135,0.905876080513408,0.6207953555886312,0.8312206125879965,0.8702186178027227
2009-05-13,0.8832053822011471,0.9145836265669117,0.9034762508016032,0.6051676280594576,0.8199587876113471,0.8575426854887092
2009-05-14,0.8885852469766662,0.9173688383244966,0.9051572199239981,0.6103542540201251,0.8242273289591052,0.8612408907463196
2009-05-15,0.8840932988246518,0.9151174854386783,0.9051056534617887,0.6053726689827413,0.8193612866276165,0.858196312870058
2009-05-18,0.8880315401522648,0.9230486932968899,0.9061466802661143,0.6225696061004697,0.8314870107595705,0.8687168245472452
2009-05-19,0.8894005050392013,0.9253363084451016,0.9080352742549394,0.621818855083027,0.8304224686698486,0.8718775864244461
2009-05-20,0.8968725192344346,0.9253290334410034,0.9117829045056681,0.617656154897261,0.828032447509315,0.8721381946716666
2009-05-21,0.8860087078432054,0.9246129790297197,0.9118864331141576,0.6087847602445664,0.8172450326478639,0.8709663418287831
2009-05-22,0.886580795307847,0.9254701893250835,0.9138717198536732,0.6074876597122061,0.8143090729476407,0.8720575688026919
2009-05-26,0.8862248500548997,0.93322777503307,0.9141339063201925,0.6230472534072048,0.8248897431089053,0.8824781565544597
2009-05-27,0.8794828770455594,0.9287457003960593,0.9141446186732123,0.6119236057021817,0.8122290957814227,0.876417165634661
2009-05-28,0.8896192314041123,0.934270969974279,0.9148432771361623,0.6204539759502464,0.8208261541872051,0.8839559116649992
2009-05-29,0.9092194319257352,0.9434433429338017,0.9203798708061763,0.6314409297064135,0.8333252189589512,0.8962989897014755
2009-06-01,0.9075322127636708,0.951492721013616,0.9209443580912342,0.6467270644569494,0.8399893092895132,0.9076694058192845
2009-06-02,0.9141425134855006,0.9541297512779445,0.9240189072706096,0.6472727745511083,0.8415180742628353,0.9113090326125499
2009-06-03,0.9053436007844688,0.9454412502464925,0.918456222924971,0.6390840681284323,0.8370446251577275,0.8991710690986361
2009-06-04,0.9070108474750351,0.9527871647536005,0.9213708363058192,0.6450892947537138,0.8379609836620512,0.9093103477930162
2009-06-05,0.8992600661415256,0.9481596444483471,0.916641586318817,0.6452256334688149,0.8348153922235824,0.9029952181469072
2009-06-08,0.8950522935952423,0.9456806034752635,0.9149778421272027,0.6425642932244325,0.8310628249118474,0.8994997106521426
2009-06-09,0.9006064233298033,0.948494808067081,0.9174457429285606,0.6458399036776546,0.8350459707209983,0.9034562907504042
2009-06-10,0.8962406449865038,0.9483919964046512,0.9185437977080653,0.6442023471146721,0.8318117499356422,0.9032414691214768
2009-06-11,0.9021002897914661,0.9497974864269444,0.9186032909963928,0.6470682309550814,0.8362744198679357,0.9053985962233904
2009-06-12,0.8989820860880049,0.947057539223293,0.9143342504566015,0.648842410420169,0.8393975005718723,0.901326482353265
2009-06-15,0.8901069119493044,0.9353598746337999,0.9099478678858696,0.6339660022824457,0.8290802719974203,0.8851790933665563
2009-06-16,0.893536146762354,0.9321902819929351,0.9106824536396522,0.6253670719197002,0.8240992536807171,0.8807313393526263
2009-06-17,0.8913010477499833,0.9332059445064942,0.9103906575237601,0.6247532990381172,0.8227358959175076,0.8821329106402143
2009-06-18,0.8866703565599701,0.9339829041454406,0.9088245223018975,0.629325370602941,0.8223714869532691,0.8832774185011453
2009-06-19,0.8919115786913656,0.9354387918856574,0.9099501401842258,0.6316450470219346,0.8257070403860509,0.8852141940437601
2009-06-22,0.8821834209938041,0.9227971428858406,0.9058060158366349,0.6127035569342707,0.8124631422261605,0.867763823452839
2009-06-23,0.8898510827180476,0.9235343809647586,0.9076425205790899,0.6131844013447991,0.8139044449453325,0.8687810241817707
2009-06-24,0.8874765833970433,0.9269841971498712,0.9074314377238584,0.618468361354288,0.8168454724987051,0.8735423961377334
2009-06-25,0.8998082848475166,0.9344221804993099,0.9098000985259925,0.6319194295741598,0.8315907366175468,0.8838086551874683
2009-06-26,0.8991863758933725,0.934142378072637,0.9096729764723356,0.630272139606295,0.8307251094670622,0.8834220759146368
2009-06-29,0.9013802418909137,0.9355386063466097,0.9093528490714669,0.6361744905361797,0.8360936223697266,0.8853481242367198
2009-06-30,0.8977077880272644,0.931225301477244,0.9087890680692469,0.6310275086625504,0.8311395735376118,0.8794684020862901
2009-07-01,0.8989104843882512,0.9352357385281336,0.9108573720915677,0.6336351375632036,0.8329871506665999,0.8849638249556527
2009-07-02,0.8885533962120948,0.9240669735776492,0.9070897443547634,0.6163410795369065,0.820423085971214,0.8695671867209461
2009-07-06,0.8817903190438364,0.9225469008281405,0.9039569474409025,0.6162727325624787,0.8205898030707865,0.8675511212434946
2009-07-07,0.8776274259269868,0.9156525608247886,0.9032425534932199,0.6043314788473554,0.8124764324874975,0.8580906660225394
2009-07-08,0.8792265508376822,0.9122846403265961,0.9003116017139384,0.6039196208320137,0.8160115589217493,0.8533979225465786
2009-07-09,0.8750677079720295,0.9134448739565589,0.8992781160624267,0.6050862795296031,0.8149479990209446,0.8550606445329031
2009-07-10,0.8765397872437695,0.9118863955288649,0.8996759186793912,0.6036451672330375,0.8159052619699402,0.8529217959891509
2009-07-13,0.87866167072657,0.9196313452688148,0.8989287222200483,0.6183313121716777,0.8262978102799081,0.863476884101409
2009-07-14,0.8758450013832385,0.9225722807144711,0.8999196284470881,0.6218314303579479,0.8268209835323029,0.8675119299166822
2009-07-15,0.879906616861823,0.9351902334700009,0.9037596373127592,0.6400172672023524,0.836853974503725,0.884967540030151
2009-07-16,0.8853432890255566,0.9353530732080025,0.9053437453982908,0.6389881550146305,0.8380261915894461,0.8850483822771887
2009-07-17,0.884711496206139,0.9383922227967755,0.9052586806900602,0.645988036153416,0.8413151946551152,0.889218172640739
2009-07-20,0.8943972866972586,0.9444998096648259,0.9096278731777344,0.652850726016089,0.847951994722343,0.8977399170448142
2009-07-21,0.8991443150293738,0.944466422624094,0.9085666840641354,0.6558703550255857,0.8540517079848674,0.8976937238335799
2009-07-22,0.8979377512672689,0.9458943083502209,0.9092323282559851,0.655733163749473,0.851958108627566,0.8995814474298257
2009-07-23,0.8992647018892583,0.953715783207035,0.9100763547382753,0.6702137704375726,0.8601657869546823,0.9103844789563929
2009-07-24,0.9019606392252117,0.9555114686715029,0.9102939214502211,0.6729585906143383,0.8630335494765886,0.9129189803164609
2009-07-27,0.9007149128996931,0.9578611321868761,0.911041566380002,0.6749486101088563,0.8630618974413293,0.9161419896574599
2009-07-28,0.8980289739912698,0.9535314602748919,0.9077240775603233,0.671791860869998,0.8612293525104902,0.9101297144548212
2009-07-29,0.892243914109622,0.9494353934906432,0.9041921287803866,0.67014506822939,0.8601484570051046,0.9045089120030786
2009-07-30,0.9052153499451484,0.9543720686886952,0.9078924278396742,0.6771450204149266,0.8670042438251621,0.911211223833841
2009-07-31,0.9178466482580114,0.9581059474633509,0.912281631055209,0.6781056435347188,0.8710957312397454,0.9165534038889067
2009-08-03,0.9214579742403656,0.9660334278480925,0.9139051280749612,0.6892918123805907,0.876015280794246,0.9274815367872493
2009-08-04,0.9206168154460179,0.9692034316409066,0.9145280530412593,0.6910761515310663,0.876393732502432,0.9318129867737847
2009-08-05,0.9189556139020487,0.969120929808282,0.9155530730450685,0.6890858478495444,0.8729052622823933,0.9317720531313343
2009-08-06,0.9133236479869931,0.9657893367504554,0.9129361952665669,0.6855171695485934,0.870154663937933,0.9271411270911069
2009-08-07,0.9127742761472537,0.9692803673444605,0.9120176393218706,0.6945074254156518,0.8748222793708578,0.931992922172077
2009-08-10,0.9144309356111627,0.9665796663197782,0.9105229745934872,0.6930665262593391,0.8758963537621969,0.928238114413598
2009-08-11,0.9137883190674445,0.9618596085451125,0.9099569316885077,0.6844196393396925,0.87160817588837,0.9216773534535082
2009-08-12,0.9135834827151045,0.9667596883377919,0.9099484336288779,0.6917624631453843,0.8763093340744952,0.9283394005195971
2009-08-13,0.9236110993662211,0.9714786277998785,0.912167104296719,0.6970468494353791,0.8830656390268893,0.9350460058178228
2009-08-14,0.9160016756953953,0.9660849171129005,0.90845378356881,0.6916938319839525,0.8800128845652491,0.9274008315575681
2009-08-17,0.9106386274166282,0.9534641936639506,0.9054229752265823,0.6746744406968846,0.8692716373053679,0.9100064295053588
2009-08-18,0.9150458522149191,0.9573168641138833,0.9081863747033532,0.6800271739613073,0.8721705543625943,0.9152126922009542
2009-08-19,0.9210149194462623,0.9597235956541262,0.9101192785267873,0.6859979429123709,0.8780758662524192,0.918705560615526
2009-08-20,0.9254758273436622,0.9627286246518338,0.9104468050584829,0.6930665262593393,0.8844438639981552,0.9228077554732329
2009-08-21,0.9252892037322197,0.9717318556462583,0.9122654551034232,0.7066547147085728,0.8913523080526832,0.9353950170075849
2009-08-24,0.9300661409073214,0.9698334019276934,0.9108954674146666,0.7065857283133862,0.8934456625385911,0.9327553078504404
2009-08-25,0.9294641361579007,0.9713215497333828,0.9102032262171457,0.7079586357290258,0.8954237423670584,0.9348233150170304
2009-08-26,0.9311901825874376,0.9713597703963092,0.9105620684311518,0.7080270537502047,0.8959365664845521,0.9348019709626512
2009-08-27,0.9308690595055404,0.9726113098330749,0.9106033075940125,0.7096053573228829,0.8961950283592343,0.9365411602019763
2009-08-28,0.9333493491212173,0.9744107133450741,0.9111651005950632,0.7094683791870231,0.8968944120454324,0.9389677804340291
2009-08-31,0.9272396754097982,0.9708293842724321,0.908288740926215,0.7031544544288005,0.8930563707835961,0.933991957909094
2009-09-01,0.9219558963102362,0.9647999407871192,0.9086892806707199,0.687644948693232,0.882164332312964,0.9257751291395488
2009-09-02,0.9288570099051798,0.9676211269234177,0.9120793679416727,0.6850370356055749,0.8821327268956136,0.9294162616586151
2009-09-03,0.9313337336743022,0.9738698349041572,0.9138571002497313,0.6907330667706585,0.8851825381973338,0.9381502375951695
2009-09-04,0.9290813068346735,0.9789769300052208,0.9137964149387914,0.7004095632052839,0.8904052067636116,0.9452884767740379
2009-09-08,0.9335358275072131,0.9831342654024704,0.9157814009020925,0.7064485370372734,0.8941862716286946,0.9510982942369728
2009-09-09,0.9361528006290772,0.985197339869831,0.9166289316204922,0.7118704698371355,0.898630545824448,0.9542081834069066
2009-09-10,0.9453129482033578,0.9898655836750605,0.9175132224896231,0.7191447335281463,0.9068334456267407,0.9606574885639599
2009-09-11,0.9462146081587424,0.9908618278988734,0.9185197208988594,0.7190075422520338,0.9077846056876089,0.9621252543197057
2009-09-14,0.9418443295598078,0.9911717132059801,0.9167696366970064,0.7225075893915531,0.9083400244136681,0.9625575088366345
2009-09-15,0.9475882245920049,0.9956566255546233,0.9196927266305154,0.7255272894478009,0.9098982777082769,0.968826099165185
2009-09-16,0.9556027026600037,1.0033681681188573,0.9226329521907066,0.7365075648093773,0.9179918353487628,0.9796048068107908
2009-09-17,0.9576308894131098,1.0011780060488042,0.921594143827641,0.7354093951797177,0.9189149520704528,0.9764677038562611
2009-09-18,0.9514898017590846,1.0001265780848196,0.9194146748008702,0.7358781616425819,0.9173555939633553,0.9750733742920448
2009-09-21,0.9465179730131175,0.9979322990539848,0.9169594682497816,0.7340162394400531,0.9157026050439849,0.9717792814113256
2009-09-22,0.9538193342937356,1.0027017459382925,0.9205037115517029,0.7382918329131017,0.9198990003427838,0.9786721282849293
2009-09-23,0.9483735317839154,0.9975817544776023,0.9182553098435523,0.7321548145647809,0.9160047305797477,0.9713643719445763
2009-09-24,0.9416597603999187,0.9899267021278415,0.9148492221903612,0.7240872428524996,0.9108343074697052,0.9608150505850113
2009-09-25,0.9419474090461744,0.9865762816905514,0.9137798612962185,0.7202257098440725,0.9093387380283566,0.9559807738264748
2009-09-28,0.9496728115609233,0.992794422484888,0.9146909080487214,0.7331201978168878,0.9197903710184226,0.9645961419838723
2009-09-29,0.9483333865743954,0.9920775130363624,0.9147159009294084,0.7309136278254297,0.9179526167138483,0.9635938310931111
2009-09-30,0.9555767212099481,0.9942204349424055,0.9186763652505914,0.728086464464296,0.9160668676716501,0.9665949048579552
2009-10-01,0.9528423705509218,0.983624601436253,0.9174288513635783,0.7100206966290216,0.9051854933974971,0.9518463969371739
2009-10-02,0.9473773670861925,0.9818062079084522,0.9171405036060195,0.7067107705950836,0.9025277341870322,0.94927763809053
2009-10-05,0.9582562956752997,0.9902439279815346,0.9206120163747714,0.7172609999730715,0.9104527410772429,0.9610392085302755
2009-10-06,0.9599876767023685,0.9995391490444187,0.9234773826474632,0.72753507063006,0.9170152440401229,0.9743251406891424
2009-10-07,0.9655555284361541,1.0007290046221509,0.9239602820058745,0.7295346814359581,0.9208715566259175,0.9758493582497308
2009-10-08,0.9693599287953588,1.006039755990323,0.9270473605914409,0.7351200217630389,0.9237354039754234,0.9835070788642195
2009-10-09,0.9630291214271891,1.0077246127365858,0.925786227445484,0.7396020770943905,0.923578803674096,0.9858088149795114
2009-10-12,0.9690081303575582,1.0099806722305562,0.9281557989228687,0.742497942663707,0.9268389700733962,0.9889951074092146
2009-10-13,0.9743609022682315,1.010022666678737,0.9307580807036683,0.740981165577364,0.9265291461518138,0.9890542715687186
2009-10-14,0.974196862845755,1.0165803896093295,0.9308460083013428,0.7537375386663041,0.9336530842110234,0.9983951534037571
2009-10-15,0.9733615360320209,1.0149762084774252,0.9298220156398884,0.7564953603984964,0.9345416272349706,0.9961290424771226
2009-10-16,0.9757160037935558,1.012780085025617,0.9303089857914825,0.7508412468164819,0.9319441652297911,0.9928704795827944
2009-10-19,0.9856758931870231,1.0176086839988285,0.9338338846708919,0.7570473226067402,0.9371857310629336,0.9997688350578128
2009-10-20,0.9834347449201936,1.0135183358550024,0.9317850161146799,0.7530481009949439,0.9350020415792937,0.9940689575873637
2009-10-21,0.9837488849904371,1.0119758507314314,0.9330201262824984,0.7462901340431927,0.9290650164115937,0.9918899721754043
2009-10-22,0.9841355607178369,1.0156430769406786,0.9326836276333986,0.7538754404099265,0.9337172193674539,0.9970698908830279
2009-10-23,0.978456697105304,1.0114235369048745,0.9314032384519675,0.7452560485829031,0.9254202339046307,0.9911095248094135
2009-10-26,0.9656343855153914,1.004473704917764,0.9278204741351512,0.7371886900108746,0.9172617396886252,0.981292204270334
2009-10-27,0.9676027034708504,1.000574560288146,0.9277539351372918,0.7338094933947461,0.9178134359982172,0.9757843627483763
2009-10-28,0.95782550288534,0.9904425733967944,0.9238613933670242,0.7199498353100771,0.9084645371147148,0.9614724343481552
2009-10-29,0.9676265319452597,1.001784420451488,0.9285935081218402,0.7353958252502834,0.9183744362530148,0.9774149527315128
2009-10-30,0.9614430420214162,0.9906989416788509,0.9272908896372224,0.7140888335892537,0.904990855298122,0.9616004131191944
2009-11-02,0.9670269351936644,0.9947232312984658,0.9301830465723708,0.7193295261274053,0.9080234572128734,0.967267355555762
2009-11-03,0.9718679765075101,1.0015735990747476,0.9345694286784442,0.7216048693737971,0.9089202668560683,0.9769278038764558
2009-11-04,0.971362820400077,1.003310331061737,0.9360554228688687,0.7234667915763259,0.9093439718973373,0.9794546475763066
2009-11-05,0.9752822509067506,1.0092020789866867,0.9356800019900479,0.7367748426865058,0.9195430540578067,0.9877632453479381
2009-11-06,0.9736316296577543,1.0100551218587814,0.9357180158421844,0.7387056091907193,0.9220823735900774,0.9888883551429263
2009-11-09,0.985636773999621,1.0191209461962336,0.9381029470043111,0.7555303323801444,0.9350346413803249,1.0016728389768368
2009-11-10,0.9822257629350457,1.0178832758704779,0.9373127609854054,0.7556682341237667,0.9354173055746042,1.0001605757819074
2009-11-11,0.9889558692716588,1.0216302830116408,0.9397304425829954,0.759529696085443,0.9393853239274367,1.0054445563486374
2009-11-12,0.9782977494058702,1.0149129576533735,0.93564586022047,0.7518067011153398,0.9336315856582822,0.9959714430390563
2009-11-13,0.9829320550383219,1.019289551822234,0.9377192717980297,0.7558750512158248,0.9370032603673069,1.0021432848109908
2009-11-16,1.002776760017989,1.0294474608497248,0.9429522598674851,0.7668385595441736,0.9472845571586508,1.016467856962962
2009-11-17,1.0066920604078395,1.0301687129417096,0.9436075763165445,0.7677349564010938,0.948759692784884,1.0174848332724802
2009-11-18,1.0054175353351937,1.0305423967940721,0.9440126591603653,0.7672524779152933,0.9474803034247655,1.0180116810781932
2009-11-19,0.9991774003382357,1.0252598088169813,0.9426148978079059,0.7572541396987984,0.9403138220782632,1.0105619402809545
2009-11-20,0.998467929645964,1.0246454901094768,0.9434304139170012,0.7545649491280378,0.9382293722293991,1.0096955670208574
2009-11-23,1.0038246105460185,1.0308329504384919,0.9457478617611268,0.7641493689734132,0.9450013830141131,1.0184211647458978
2009-11-24,1.0033496467275873,1.0308235386486777,0.9450333245035921,0.7653218535045817,0.9477582866352845,1.0184077823124762
2009-11-25,1.0142298030755643,1.0351680229333682,0.9493774100891847,0.7680110440753423,0.9510332079216942,1.0245343856927482
2009-11-27,1.005709209029015,1.024883957035292,0.9460877365851746,0.7555303323801448,0.9432096492633205,1.0099536138389575
2009-11-30,1.0108453937064221,1.0276047942568862,0.9475176298678284,0.7580817633007849,0.9457359981059102,1.0137986598915039
2009-12-01,1.0159698528704362,1.0361500179041334,0.9507606726959869,0.7674590818670984,0.9506690835481364,1.0260470912478075
2009-12-02,1.0165190185013,1.0384558091590586,0.9530408700459858,0.7671144340781694,0.9496370284065122,1.0294339583069345
2009-12-03,1.009044051575173,1.0350145220784361,0.9524626197473304,0.7611154595669728,0.9433947077227974,1.0245011636017218
2009-12-04,0.9982023175730835,1.0319177853089554,0.944873315535683,0.7654594000144495,0.9438758755685684,1.0198982088524717
2009-12-07,0.9954618833844502,1.0295547504609814,0.9438526769938311,0.7642873417637867,0.9440168237693087,1.0166746700818037
2009-12-08,0.9874347139230136,1.022195697188774,0.9403834862566274,0.7558059227271365,0.9389723527710268,1.0061262428078395
2009-12-09,0.9811828116808964,1.0224500856022987,0.9383690320802716,0.7586335123687761,0.9403554757816173,1.0063268000731844
2009-12-10,0.9761016573090381,1.0236219953107277,0.9376068739484872,0.762908537467817,0.942292095717349,1.0081705341796598
2009-12-11,0.9769197944500068,1.023181657128171,0.9357687819091532,0.7661489797793117,0.9428846393259048,1.0075393150917789
2009-12-14,0.9836676449412161,1.0273041682671311,0.9382136777824809,0.7713896012707124,0.9468073647917845,1.0135301664310683
2009-12-15,0.9801296998252647,1.0257137893763066,0.9382823709115788,0.7678042269832847,0.9429416666359527,1.0112504534018598
2009-12-16,0.9872297860031399,1.0291273646592387,0.9417990479402314,0.7689762852339473,0.9438189791369439,1.0160613692586915
2009-12-17,0.9815176785184334,1.018514835277925,0.934580710290089,0.7597362289904974,0.940162326637899,1.0008494677658726
2009-12-18,0.9836601214461789,1.0224874129343176,0.9368045484724674,0.7640347705641076,0.9415467446864341,1.006543596733096
2009-12-21,0.9751468160845267,1.02333606611628,0.9335478195676516,0.7717991147432722,0.943569353956407,1.0077596941130682
2009-12-22,0.974614575588395,1.0243166383583304,0.9327138566756868,0.7745719983866689,0.9440153930257779,1.0091650437660185
2009-12-23,0.979981046998135,1.0267320490382188,0.9340901066213207,0.7760972300363767,0.9449937956959468,1.0126270650637692
2009-12-24,0.9810396844589921,1.03146215102196,0.9371477781374904,0.7797715548560119,0.9464405263422659,1.0193250203987614
2009-12-28,0.9848819180639666,1.032693791707968,0.9382117971177704,0.7814351855765986,0.9467080799031343,1.0211718955929472
2009-12-29,0.9853142825332936,1.0299966194916303,0.9367210679145068,0.7803260037005395,0.946832618362011,1.0172727690485672
2009-12-30,0.985887477305001,1.0283528068803822,0.9354306219145447,0.7800488503250267,0.9472787156016845,1.0148343217658842
2009-12-31,0.9815944925171646,1.0258400643103718,0.9362720460899123,0.772561446381122,0.9399045598351835,1.0111509183521497
2010-01-04,0.998272138311471,1.0368995035374038,0.9415903370700587,0.7856642434277654,0.9504025748373934,1.027151977345101
2010-01-05,1.0030041819346978,1.038005952560509,0.9415504142771443,0.7877438528752498,0.9535759028932782,1.0288180232286779
2010-01-06,1.0050859094160922,1.0418861939644155,0.9447562350293922,0.7882983727665284,0.9524527630485786,1.034374747144281
2010-01-07,1.003736675734743,1.0421897721598228,0.9433378352325127,0.7916262736284604,0.954882013855329,1.0348093624483927
2010-01-08,1.0070791326813893,1.0448831822140516,0.9447454594767584,0.7942604740139743,0.9572716279873179,1.0386664738701759
2010-01-11,1.0053543363857402,1.0470839503298266,0.9462615232324141,0.7953695848432825,0.9583357586217393,1.0418178432069898
2010-01-12,1.0014826712557963,1.039685161634144,0.9421330216106903,0.787952090902327,0.9556369537723917,1.0312219616082314
2010-01-13,1.0005630292884669,1.0451963279149916,0.9430988959448221,0.7946068979716776,0.9586700175176914,1.0389509230871032
2010-01-14,1.0057445781203043,1.0463042601808676,0.943299704411683,0.796756488468862,0.9620219143572863,1.0406192175618525
2010-01-15,1.0012045197232011,1.039969254747379,0.9415188162555859,0.7878134786911951,0.9571911054105497,1.031546754617386
2010-01-19,1.0069973739303788,1.046360403004702,0.9426438122680912,0.7976570060373381,0.9636972164115234,1.0406989507562272
2010-01-20,0.9974467490750827,1.0363315452925488,0.9376443462211993,0.7895465220874741,0.959092569841788,1.0263365068592245
2010-01-21,0.9887408531737527,1.0265616376739004,0.9353297945924495,0.7743641155933465,0.9494103808889431,1.01234492789595
2010-01-22,0.9786929357962006,1.0184823126991263,0.9349448005190529,0.7571023127919873,0.9371487220885822,1.0007744056307848
2010-01-25,0.9788863248267152,1.0208613039322405,0.9349553675107531,0.7609843072646921,0.9391340303947622,1.0040991732723161
2010-01-26,0.975190218797582,1.0177142237487609,0.935034347140479,0.7577954448943977,0.9375702089934925,0.9995921081436204
2010-01-27,0.9702686476880547,1.0175209107724472,0.9323632544919792,0.7614001438980877,0.9393099013666942,0.9992334556420546
2010-01-28,0.9655501590764993,1.0124228348867046,0.932454492391336,0.752665087960494,0.9328064647662361,0.9920139756069474
2010-01-29,0.9639098938116586,1.0080491428754828,0.9319423931890517,0.74448462296093,0.9283071618811763,0.9856734913230428
2010-02-01,0.9743872430975664,1.0172399447864389,0.9361838598134292,0.7560620462643637,0.9356951183355929,0.9988094745792712
2010-02-02,0.9850258680222754,1.0220753735420918,0.9380636025470582,0.7652130809288549,0.9431575029773857,1.0057584170479719
2010-02-03,0.9742632354722257,1.019265921262498,0.936637968891266,0.7614001438980875,0.938538685925313,1.0016076419751043
2010-02-04,0.9555928201834786,1.000239694323874,0.9288096260201284,0.7378990864737696,0.923996178714822,0.9745777678050765
2010-02-05,0.9521637244031711,1.000208367827277,0.9277551255463707,0.7394242470767263,0.9263285380980768,0.9745330614176975
2010-02-08,0.948027849900506,0.9963355692840316,0.9260381900887843,0.7340860783962513,0.922005907646494,0.9690304875655993
2010-02-09,0.9544574325399037,1.004023518948631,0.9286760066896389,0.743306525736435,0.9268913948121086,0.97995211965992
2010-02-10,0.9502744682891022,1.002993136875384,0.9284648068593987,0.7418504225754159,0.9247751929253283,0.9784880354158239
2010-02-11,0.9565511926949241,1.010223823157649,0.9314616323672777,0.7496149798948333,0.9301325664992369,0.988760077803539
2010-02-12,0.9556020387970087,1.0093241814329672,0.9307654948760383,0.7489912604681153,0.9305285600408331,0.9874817525911697
2010-02-16,0.9731123754923644,1.0193872415025207,0.9358140222394602,0.7607764955181203,0.9401672216059007,1.00177696078047
2010-02-17,0.9690077060741946,1.0203871640154614,0.9354656553384212,0.7643814076620633,0.940892451509409,1.0034362028380732
2010-02-18,0.9724238017480435,1.0239231153388122,0.9368339116237299,0.7688871926082372,0.9429489258144763,1.0083000005696128
2010-02-19,0.9739549058593459,1.0237774299884939,0.9349602328794142,0.7704817658868864,0.9443476146658947,1.0082521416812884
2010-02-22,0.9701708035577373,1.023600567564024,0.9340321371814968,0.7706206622850221,0.9441638113387513,1.0078408056462482
2010-02-23,0.9660069101574985,1.0164799519697485,0.9311447936916798,0.7612617448272085,0.9399549605741753,0.997883974937553
2010-02-24,0.9695362085081362,1.0191257291492313,0.9297101608384605,0.7682633310880174,0.9453986862492676,1.0014830999279776
2010-02-25,0.9674242203964962,1.0195215742707258,0.9296458517773049,0.7672237039811526,0.945976217065925,1.0020451883386456
2010-02-26,0.9758092503648378,1.0219509469706003,0.9318589413544576,0.7677088822434897,0.9469084508520592,1.005499614867644
2010-03-01,0.977758560173942,1.0259973898322854,0.9317561551708501,0.7756813223562296,0.9532016562491301,1.0114457391181457
2010-03-02,0.984268962294575,1.0306479987874655,0.9346983986026162,0.7778302023859044,0.9550017808860276,1.0180123004498416
2010-03-03,0.9879217649040889,1.0330242720919731,0.9362769821624332,0.7785234055350659,0.9551375045415169,1.0214901421329234
2010-03-04,0.9877468790113124,1.0327903025778378,0.9344869246059694,0.7808810209190746,0.9575523400285735,1.0211553585077389
2010-03-05,0.9915907410150915,1.0392497314961269,0.9351416089311559,0.7920422523553579,0.9640115732194584,1.0303888775123986
2010-03-08,0.9888437115352235,1.0383941394439677,0.9340688062852125,0.7921807935197388,0.9631094185801189,1.0291647651935025
2010-03-09,0.9878112383763806,1.0387144170417817,0.9338772475499462,0.7934979292358713,0.965046943488426,1.0296222393567425
2010-03-10,0.9873289181254079,1.038732737205972,0.9322133432432912,0.7970337839378766,0.9670357272427075,1.0295668130589994
2010-03-11,0.9898030987959511,1.0403617797972988,0.9320786028267287,0.8003613295660538,0.969163446788404,1.0319764554929298
2010-03-12,0.9910634240879433,1.0395988767387145,0.9313041246023895,0.800430742241746,0.9698009602036906,1.0308855084077915
2010-03-15,0.9874499497687032,1.0393027781682118,0.9310602140300677,0.8006381277078117,0.9699544363884347,1.0304611994771773
2010-03-16,0.9991808362133335,1.0448424032533938,0.934547773903549,0.8070166339626612,0.976140368272517,1.0383797777736095
2010-03-17,1.004305239910821,1.0458801981782582,0.933877169584281,0.811799643331099,0.9801409591180618,1.039862952545039
2010-03-18,1.0009178088267654,1.046349745145554,0.933604374335439,0.8113842329782092,0.9788281519004879,1.0405338321903241
2010-03-19,0.9921907953478996,1.0405608271740137,0.9294495549393108,0.8072768071646936,0.9752859474211263,1.0322581295172089
2010-03-22,0.9956058490700119,1.0425025664662957,0.9293838805938881,0.8115926130987883,0.9797363712795457,1.0349515226538917
2010-03-23,0.9962402430178113,1.0459878919803554,0.9302483987368685,0.8173009353517886,0.983165265976166,1.0399334980817736
2010-03-24,0.9797034628380713,1.0406889216952866,0.9256484150747168,0.8133331164039185,0.9764600937803747,1.0324394763137126
2010-03-25,0.9757231823753623,1.0405934807071493,0.9260705707713396,0.8120105100879619,0.9740994695326289,1.032140146608597
2010-03-26,0.9798251110059416,1.0431318264467153,0.9289850064537545,0.8115230583295937,0.9746179693860061,1.0357684247081
2010-03-29,0.9866229267345178,1.0472300491096493,0.9296635081518663,0.8166745161485338,0.9778861295715814,1.0417884999658522
2010-03-30,0.9879801713413061,1.0466779257189343,0.9286543576725149,0.8172312384890924,0.9786750904045954,1.0409988881452221
2010-03-31,0.9915910894140548,1.0467734106309348,0.9303332232376574,0.8144463479447827,0.9774771037997124,1.0409789668171956
2010-04-01,1.0001644995639953,1.0525300485479605,0.9326866038324355,0.8200156317061453,0.9806773179306563,1.0492961203283553
2010-04-05,1.0005684725649122,1.057404250463704,0.9326820968838212,0.8266982180551231,0.9819841940917233,1.0565054490040044
2010-04-06,1.0036195204519982,1.0581779386578702,0.9337628329196028,0.8286471725275837,0.9845267615851659,1.0576228924197701
2010-04-07,1.0090365943353208,1.0579826293891832,0.9368942833113858,0.8239137537913193,0.983527875698181,1.0573402943178551
2010-04-08,1.008829753478145,1.0588319491641622,0.9362714832261417,0.8267679859645704,0.985145436964851,1.0585670384862877
2010-04-09,1.0142447858258041,1.0630746141112546,0.9376197531934377,0.8321978049537898,0.9894932560023254,1.0646966899036425
2010-04-12,1.0161173437624809,1.0623514894456958,0.9372269087081221,0.8335199849892407,0.9914970843843496,1.0636507366159729
2010-04-13,1.0176594548980074,1.062019573589649,0.9368507035261961,0.8341465462859975,0.992692746349786,1.0631707849116294
2010-04-14,1.0234790173587112,1.0679055263558834,0.9376642205459675,0.8436137389922813,0.9984586827518152,1.0716747801979092
2010-04-15,1.0272426392014624,1.0693265961784673,0.939236715643158,0.844309784011481,0.9996171542740815,1.0737276466264012
2010-04-16,1.0168722678408189,1.058974751098993,0.9361262617829647,0.8308750565443312,0.9923084535589246,1.058770304274255
2010-04-19,1.0123230502731395,1.059200581444185,0.93438053469205,0.8340074367476087,0.9936003769763295,1.059011342544851
2010-04-20,1.0194719322528267,1.0628944705902938,0.9353042129127321,0.8414558360252339,0.9991392065875628,1.064432228854792
2010-04-21,1.025204811241229,1.0643443384172169,0.9371654146719176,0.8399244233081923,0.9993069330240201,1.0665267043453581
2010-04-22,1.023328690144846,1.0642197261855402,0.9357543215048862,0.842430171167962,1.0001915814216384,1.0663463009965435
2010-04-23,1.0283446644378098,1.0690377781359974,0.9377868570535292,0.8479294738796245,1.0030560146890892,1.0733073295528024
2010-04-26,1.0266477242856684,1.0674022740088485,0.9374790408505846,0.8447273257668999,1.0010132955295492,1.0708590008604075
2010-04-27,1.0223859086057003,1.0599999347894595,0.9403788663979286,0.82474905044241,0.9903069541538155,1.0602473953988383
2010-04-28,1.0211740974471093,1.061542000835937,0.9391062943639437,0.831014023989218,0.9928029017196288,1.0623909692213327
2010-04-29,1.032431262055171,1.0675698185937947,0.9406346806832747,0.8413163712530903,1.0008789121467296,1.0710999394733765
2010-04-30,1.0332125668784788,1.0626555754177913,0.9424842825240104,0.827046133994597,0.993012177574719,1.0640865996921929
2010-05-03,1.0386865259703169,1.0684243152453408,0.9420919855818648,0.8377663072008921,0.9996942238862258,1.0723921162529695
2010-05-04,1.023713088950601,1.054722997723644,0.9399727911434967,0.8180666061869342,0.9881812251521467,1.0525442424721858
2010-05-05,1.0157526086613415,1.0501958761906114,0.9393673106918053,0.8131937937252773,0.9862079617412797,1.0458715121622162
2010-05-06,1.0116949880706805,1.0421346345843145,0.94441048910804,0.7861847319253321,0.9711419343661182,1.034057078305425
2010-05-07,1.004506222574269,1.0400382869547249,0.9445083582945785,0.7744900104360558,0.9616192378282982,1.0310069217410338
2010-05-10,1.018460025614589,1.055422323308458,0.9418185082850823,0.8085993424338996,0.9831174999061302,1.0533875743540921
2010-05-11,1.02258565973437,1.0599506931408378,0.9464483172635312,0.8063022588817127,0.9819458698021639,1.0599753242793257
2010-05-12,1.0297153584216088,1.0660901578501216,0.9479629662459282,0.8175792965220682,0.9890598498700729,1.0689069896039418
2010-05-13,1.0245563646074778,1.060541949393088,0.9473502328405181,0.8074162008900865,0.9828362343013495,1.060920844222144
2010-05-14,1.0181223672855972,1.0540687928311434,0.9473902643046512,0.7927979055986175,0.9748962671015077,1.0514168254289435
2010-05-17,1.0079881638693213,1.0516025278837202,0.9450157583103822,0.7932153052605345,0.9743187840202695,1.047827593397222
2010-05-18,1.0076537975041646,1.0457500757545424,0.946215758342755,0.782425861472049,0.9694883257417896,1.0393988164529044
2010-05-19,0.9965080889243814,1.0388236732102485,0.9406843859219091,0.77797051971906,0.966630014883472,1.0292353645180774
2010-05-20,0.9819214588741464,1.0239113936338484,0.9405567543998697,0.7485945354107295,0.9494197088416934,1.0075396921948052
2010-05-21,0.9886312484595557,1.0279429252977377,0.9390137065964217,0.7595237281583624,0.9575129790175999,1.0134045884979987
2010-05-24,0.9853357184676205,1.0266415601748813,0.9415243020301339,0.7497783163753015,0.9504923458183475,1.011510048259996
2010-05-25,0.9831832382756477,1.026980227462224,0.9405856037826712,0.7505439872104469,0.9524490835598929,1.0120023486825662
2010-05-26,0.9841704788769703,1.0256545738872995,0.9432162679763205,0.7460191617350145,0.9483547026370739,1.009987318819059
2010-05-27,0.9965120371931037,1.0390781867270802,0.9413620788734379,0.7710097142933049,0.962449567224964,1.0296884470377445
2010-05-28,0.9945440006468823,1.0348719072337007,0.9436644212266669,0.7613335730924343,0.9572975101814302,1.0234889185946818
2010-06-01,0.9858910292101385,1.0293620730750983,0.9439293480042819,0.7485254069220411,0.9481294076373702,1.0155702277785827
2010-06-02,0.9939901320141783,1.038094314598581,0.943047743343692,0.7680165857219178,0.9606481898697805,1.0280347339167584
2010-06-03,0.9931283075064394,1.0370179446701644,0.9414091270537691,0.7706616562603292,0.9621078816794921,1.0266531451665686
2010-06-04,0.9820985833937076,1.0232288984828413,0.9431686912951845,0.7435831107379407,0.9469577043679694,1.0066736038936668
2010-06-07,0.9833916209808741,1.0227435013541024,0.9458546523775652,0.73432458233924,0.9415404158181805,1.0060578082904368
2010-06-08,0.9849302379270878,1.0255786265590663,0.9439358316485262,0.742190381278782,0.9462786546605602,1.0100487170827523
2010-06-09,0.9842278590519121,1.0235092481536245,0.9441926664128857,0.7382228465179158,0.9433263668646764,1.0070749035039657
2010-06-10,0.9892162909980006,1.03297083196959,0.9400744575436856,0.7598020893286417,0.9560186036115045,1.0206702192365822
2010-06-11,0.9977260035935854,1.0356770158739452,0.9424394526047631,0.7634912629192288,0.9612349416452064,1.0245585584703938
2010-06-14,0.9973630743485711,1.0353864378956867,0.9426808602642698,0.7623081924221666,0.9600128183366369,1.0243059039614497
2010-06-15,1.0087498276400702,1.045556131439154,0.9439143580222314,0.7796411130212414,0.9718927703475545,1.0389187875169883
2010-06-16,1.0104548223523333,1.0441461357349766,0.9434861603008247,0.779362964991215,0.9727556686091523,1.0368925248683234
2010-06-17,1.0169409980828021,1.0466228279888965,0.9464139932025444,0.7806156613042226,0.9755156189172394,1.040451102710012
2010-06-18,1.0172625918165918,1.0488231191976178,0.9468980447586509,0.7814620412484635,0.9753702001042305,1.0435297562446242
2010-06-21,1.0122577460668158,1.044439012122041,0.944187174399869,0.7792241396398302,0.9733931504677271,1.037312151163584
2010-06-22,1.010919203914415,1.03997295725576,0.9458603012806882,0.7663545890766036,0.9659938342311472,1.030811721495405
2010-06-23,1.0074370402899053,1.0376591003198332,0.9452113886084419,0.763976583275068,0.9656432428169969,1.0274865882077109
2010-06-24,1.0006077262297193,1.0331558442196807,0.9453406262433045,0.7513171179544436,0.9557624885797776,1.0210154611198425
2010-06-25,1.0110386325314558,1.0376191730721922,0.9484710165109526,0.7544644890221746,0.9587554742787089,1.027428608913649
2010-06-28,1.008566966606778,1.0337212361336012,0.9465791599786723,0.7520866253141409,0.9597246840206274,1.021826670689723
2010-06-29,0.9945669191854756,1.0219010916650424,0.9469671817751929,0.7288658473223784,0.9438974780463258,1.0048416591170164
2010-06-30,0.9939770537559969,1.0197552376531749,0.9475388155634358,0.721941559926619,0.9392321229589088,1.0016785772643801
2010-07-01,0.9815187300426406,1.0111844750226215,0.9396839187330237,0.7187241367624368,0.9365552515348936,0.9895273081531754
2010-07-02,0.9768811162920858,1.0089928098483587,0.9403425931796159,0.7148073293817593,0.9328284404000207,0.9863990906712793
2010-07-06,0.9771338451774554,1.0058265109915416,0.9357420709875982,0.7194932888883794,0.9373918060448727,0.9819597616345661
2010-07-07,0.987090100337722,1.0168908204208864,0.9353195725491391,0.7421546447630468,0.9538997935358807,0.9977497728555265
2010-07-08,0.9921535788039842,1.0210806440669187,0.9362018745672984,0.7494988895037578,0.9587272835894981,1.003647903444831
2010-07-09,0.9955497982539622,1.0249623927295948,0.9381352706031029,0.7550938921889698,0.9621103687568063,1.0092683874349329
2010-07-12,0.9906141761300377,1.0227193773333136,0.9357132493111584,0.7555836174433687,0.9631225990286795,1.0059851778706366
2010-07-13,0.9992871853473324,1.0309292359573359,0.9381096727713674,0.7669841343369006,0.9701710654899253,1.017701490094116
2010-07-14,1.0033479457015424,1.0322026220696379,0.9388461375786309,0.7669141532872005,0.9719670849197086,1.0195184569650761
2010-07-15,1.0068893891581565,1.0316671860859112,0.938276799610787,0.7671242385298027,0.9740602107947477,1.0187539682166467
2010-07-16,0.9931042272006884,1.0204020357042702,0.935385331308476,0.7460017552810282,0.9597379758128792,1.0026765962526625
2010-07-19,0.9902822468846986,1.021148353219537,0.9336124577806015,0.7504078616355988,0.9621929355046746,1.0038216726148845
2010-07-20,0.9963013016672018,1.0245473085279548,0.934342807009346,0.7587310595578507,0.9690834177994212,1.008672094175813
2010-07-21,0.9963624083075987,1.0189741734068496,0.9338675872706617,0.7488693442434606,0.9637872418710394,1.0007180437160865
2010-07-22,1.0079972404380135,1.0299851662295874,0.9361930381373894,0.7655853659039098,0.9747488536536311,1.0164319871075416
2010-07-23,1.0076363312991965,1.0333466618974074,0.9355953858789118,0.7722298001476197,0.9787148631259738,1.0211479716137424
2010-07-26,1.0105422330424696,1.0361466480227022,0.935147269050072,0.7802730738710713,0.9848753334398841,1.0253047889507876
2010-07-27,1.0027951422410308,1.0326440741991039,0.9323501257252038,0.7802029507278692,0.9835210700176892,1.0203057345008313
2010-07-28,1.003182683301235,1.0303119936015015,0.9332366859721012,0.7751676543467562,0.9812050148869347,1.016896247289782
2010-07-29,1.0061149266027647,1.029835475077641,0.9346655852988006,0.7713903117382221,0.9790438776772259,1.016296764302151
2010-07-30,1.0146628623595868,1.0313137749248495,0.9361994561379271,0.7712509180128296,0.9811265485229023,1.0183277278790899
2010-08-02,1.0250418622605904,1.040812910412317,0.9375184894274075,0.7886662528430233,0.9932056508223542,1.0320365171600925
2010-08-03,1.0290602228959234,1.0408036819428184,0.9397809803736734,0.7848894075617461,0.9921618842177564,1.0320229063072561
2010-08-04,1.0295619231870299,1.0430179796490682,0.9396800774799989,0.790135215465967,0.9945311458269711,1.0351991829344964
2010-08-05,1.029985493949884,1.04142149487522,0.9399624629392158,0.7892956560098185,0.9957702961409741,1.0329084821701013
2010-08-06,1.030160972194698,1.0402574304879044,0.9402621165952155,0.7860781617988853,0.9958888173158227,1.031238158190189
2010-08-09,1.0309071665353666,1.0413674124330472,0.939749517037457,0.7902748933783634,0.9990101494160392,1.03282950148886
2010-08-10,1.0297137782635934,1.0386575749994407,0.9409692495533539,0.7860083228426872,0.9977559891967791,1.028859297009721
2010-08-11,1.0157501000915203,1.02580093808809,0.9387110128643135,0.7644663085294666,0.9835615234916335,1.0103323382869758
2010-08-12,1.0104815183144211,1.0257876340688667,0.9385932461721005,0.7597801358825936,0.9789626022985853,1.0103129038325913
2010-08-13,1.013147923168474,1.0250347960606945,0.9387717017053113,0.7575417369467033,0.9789705188893353,1.0092325050913555
2010-08-16,1.0213483566417236,1.0267608891755966,0.940447026902488,0.7571923290254595,0.9816049335492744,1.0117901077975993
2010-08-17,1.0259633689784486,1.0316690179758128,0.93983876520098,0.7664944801292526,0.9866619292796521,1.0187485931907383
2010-08-18,1.025599845638937,1.031642494037522,0.9397364730503142,0.7678935327492471,0.9873213323222856,1.018792528566775
2010-08-19,1.0212209187090864,1.025595847156078,0.9396542677034174,0.7545345411186255,0.9789227533182379,1.0101175915370917
2010-08-20,1.0173401854733417,1.023787800394469,0.9388956038704487,0.7520866253141408,0.9757467551043127,1.007441000629053
2010-08-23,1.0150911178160145,1.0231331696422858,0.9387080130561712,0.7492188232114554,0.9740891358780607,1.0065831988238005
2010-08-24,1.0151061793322125,1.019257901336472,0.9403133003148568,0.7380980884232219,0.968788183464258,1.0010233379260576
2010-08-25,1.01974812309561,1.02419328697352,0.9418372196461129,0.7409658905259073,0.9691381905934717,1.008020926170617
2010-08-26,1.0248006287447036,1.0220718432406282,0.9434226755894565,0.7359998647269849,0.967186663446553,1.0050594969675153
2010-08-27,1.024640251268912,1.028529994648524,0.9417035190539188,0.7474005947607697,0.9712300466783452,1.0143240382003624
2010-08-30,1.0255435496436638,1.023317268777363,0.9428348168424571,0.736559215797329,0.9660199256103073,1.0067623952236273
2010-08-31,1.0280751829295187,1.0241798034752811,0.944448205621684,0.736559215797329,0.967799336502789,1.0080836850734214
2010-09-01,1.0355892032589509,1.0349375709520219,0.9439369576203694,0.7585910974584503,0.9823808987457736,1.02346770422284
2010-09-02,1.0384287075902532,1.0400598167835982,0.9447690563258764,0.765655204860108,0.9863472875111602,1.0307110131778716
2010-09-03,1.0403222906022773,1.044290883864407,0.9445079055423499,0.7755867591306962,0.9919872694145707,1.0367614057160555
2010-09-07,1.0434547580144595,1.039646645315488,0.945193225115995,0.7668441011907493,0.9881055495715901,1.0302000932813373
2010-09-08,1.043477385286064,1.0426385770936981,0.9447488725188512,0.7722298001476197,0.9912957944533107,1.0344784378363903
2010-09-09,1.0379007254838901,1.0430009545777168,0.9438420353165239,0.7757969154200496,0.9910972828751888,1.0349963404454523
2010-09-10,1.041007278343794,1.0444848971378857,0.9444660267151364,0.779713509660474,0.9930901103590797,1.0371181575894353
2010-09-13,1.0518481041205319,1.0494332378553026,0.9468721714861247,0.7883863996909737,1.0017262054636922,1.044193656516641
2010-09-14,1.0568644358330619,1.0530832835232498,0.9486770453129282,0.7878967454833258,1.0032559560927958,1.0493315728504142
2010-09-15,1.0548182627933245,1.0557168658948168,0.9492749352788616,0.7909042254984074,1.0042976743103529,1.0530974303163803
2010-09-16,1.0507245537048313,1.0554449762382936,0.9492985416213554,0.79069449548956,1.0028031760513312,1.0527082646624168
2010-09-17,1.0497157072296817,1.0542546080739772,0.9476107257778723,0.7909897657865689,1.003895897643308,1.0510871420759156
2010-09-20,1.0606142918946766,1.0607406329463098,0.9493676623627149,0.8030843383902737,1.014603776028218,1.0603614962052275
2010-09-21,1.0677665350917571,1.0607813265204442,0.9528571109491945,0.8014671011980669,1.0168869963455567,1.0604192998895487
2010-09-22,1.0691229962132773,1.0583658563811165,0.9523583876500891,0.7975292639791038,1.0143688567648506,1.056964621980885
2010-09-23,1.0663202593439616,1.0552022145956588,0.9517293974421356,0.7910599599765218,1.0098160246082726,1.0524400305945056
2010-09-24,1.0734766278407597,1.064922484562444,0.9524420658605697,0.8073737149330096,1.0207614861905068,1.0662587585823047
2010-09-27,1.0752724591387244,1.0632275038817676,0.9520666846782175,0.8035063560910034,1.0206840300953244,1.0638337858733498
2010-09-28,1.083851981484789,1.0670766278064343,0.9556460884071151,0.8063186706811855,1.0241912283328785,1.06941948058909
2010-09-29,1.0841085172194347,1.068145170916973,0.9553620020707554,0.8049125844328454,1.0221447155805259,1.0709472021786988
2010-09-30,1.0818278444394467,1.0654764471350364,0.9540648611594659,0.8025216481226342,1.0197696279347794,1.0671418102411951
2010-10-01,1.0864078055664146,1.0693029825607103,0.956452107812889,0.8058967950739577,1.0225617079972975,1.0727096921155688
2010-10-04,1.0835400436836997,1.0661317795064469,0.9562521698573199,0.7998495798188562,1.0193968112867764,1.0680075438354535
2010-10-05,1.1010804470192428,1.0775347059994882,0.9614415788114893,0.8159523969717303,1.0317564200621892,1.0846867896746193
2010-10-06,1.1094387008545559,1.0783175622500574,0.9638794145164262,0.8158819185947733,1.0343453651910093,1.0858256889299083
2010-10-07,1.1007153553089808,1.0746820540670412,0.9616907788594923,0.8148974237666571,1.0340081523094993,1.0805350789057553
2010-10-08,1.1158057009277926,1.0803989853130496,0.966456505142359,0.8194678612562087,1.0376576772796238,1.0888538868791704
2010-10-11,1.1154272180321456,1.081056920135023,0.9666964178127526,0.8202414182807111,1.0386605746293367,1.0898104196695078
2010-10-12,1.113534739381287,1.0820291589997928,0.9658819878010066,0.8227729561110811,1.0393926531101099,1.09122490339896
2010-10-13,1.1242131050134085,1.0889145041107926,0.9704712435686342,0.8291715685964536,1.0442711089290435,1.1012439557583118
2010-10-14,1.124692061957979,1.0910449022016293,0.9740351561486033,0.825936952118538,1.039451228716556,1.1042574065609998
2010-10-15,1.1149639796705288,1.089619877095427,0.9710399026137883,0.8276245255941997,1.0389625378576879,1.1022697383342446
2010-10-18,1.1220533863385898,1.0919359780117848,0.9713938797546912,0.8317029643333217,1.0440128300086724,1.1055527130043674
2010-10-19,1.1054701713664792,1.0798113564713314,0.9654182124199963,0.8208039664548488,1.0371071719345983,1.0879952558371244
2010-10-20,1.1167767068610912,1.0862343268239076,0.9671042535617367,0.8288201003194318,1.0429708401505526,1.0973414485499984
2010-10-21,1.1084028695134769,1.0830846636820042,0.9651752786288766,0.8306482753152524,1.0420936136140573,1.0927578027885467
2010-10-22,1.1130561206011542,1.0845111306119608,0.9651635037912288,0.8321953183175064,1.0433971512839015,1.0947469119127333
2010-10-25,1.1191664321802157,1.0873573350318766,0.9672769197697966,0.8346562356774176,1.045149378843716,1.0989740133242039
2010-10-26,1.1152259191753857,1.088794885426632,0.9671048494466427,0.8347971924313312,1.0425312375263511,1.1009792264616713
2010-10-27,1.106549420675799,1.0857805864070815,0.964095475356125,0.8324061140276182,1.0383545361188797,1.0965925589181795
2010-10-28,1.1125768873869688,1.0884733905320108,0.9669605439398546,0.8325467155477771,1.0408154199060389,1.1005970448797084
2010-10-29,1.1187840203103452,1.0920513144808328,0.968570626775296,0.8331797420988717,1.0431058059515392,1.1057238585117264
2010-11-01,1.1192320436070502,1.091289721447497,0.9682308441284617,0.8334613003729444,1.0426188295361933,1.1046025767638077
2010-11-02,1.1297643674410132,1.0952556573122154,0.9691105473666533,0.8400708506619305,1.0489810769628956,1.1106152869020869
2010-11-03,1.127163860876565,1.0972392939277107,0.9690159698138135,0.8434457134262502,1.0528709073775928,1.1134437253567206
2010-11-04,1.1500126411410707,1.113262815136483,0.9754071155094064,0.8596889900057809,1.0684600963420308,1.137015480481885
2010-11-05,1.1479520090915705,1.11575763953226,0.975515107436496,0.8629233933434437,1.0691112224625017,1.1406852702537755
2010-11-08,1.1528507463516662,1.1188051642223056,0.9771891103015568,0.8613062271979879,1.0680233767562273,1.1451674776017697
2010-11-09,1.135831962083664,1.1126492585859193,0.9734222623380151,0.8551185525162294,1.0598183551548828,1.1361112427007527
2010-11-10,1.1465088877148104,1.1212263975785473,0.9777895769984364,0.8585639647042569,1.063973404913431,1.1487286802734777
2010-11-11,1.1437307895902447,1.1198731048940394,0.9774909999625273,0.8553293482263414,1.0610777001959852,1.1468268803707833
2010-11-12,1.1193438539660832,1.110787156853731,0.9707979019482645,0.845203765278869,1.0499996869692778,1.1332815026460017
2010-11-15,1.1075189590228784,1.1096921103780333,0.9682064929909731,0.8440084747406408,1.0437662497562334,1.1316696043099685
2010-11-16,1.0980112990318418,1.100362456536197,0.9633290615596277,0.8308593552123685,1.0369375097584,1.1179444667783678
2010-11-17,1.0957022222824548,1.100486960210449,0.9630972370276673,0.8312810887260943,1.0360688856488502,1.118127244894077
2010-11-18,1.113003736057574,1.1104535953545944,0.9655554157476558,0.8435161918032071,1.0442856047949716,1.132878167137238
2010-11-19,1.1143275715807357,1.1126779640873248,0.9655515082593046,0.8458366497364616,1.0468756330046076,1.136150041133677
2010-11-22,1.1202806770212665,1.1165670711140834,0.9682869953148854,0.845133500042165,1.0485494922533218,1.1418702182883964
2010-11-23,1.1165854464692908,1.1130901846525065,0.9694411918812438,0.832898468011803,1.0402058518470145,1.136755018127584
2010-11-24,1.1208770632154674,1.1202721907674493,0.9695659874470209,0.845203765278869,1.0450029053158103,1.1472306031921877
2010-11-26,1.1194107464236487,1.1134954417159721,0.9683185744600702,0.8353595274652161,1.039386454612571,1.1372605709229116
2010-11-29,1.1227636044813794,1.1139260644529339,0.9674685057877167,0.8378909232020844,1.0421773049805985,1.137892846175785
2010-11-30,1.1223225194564077,1.1158392038904643,0.9686547992632527,0.8331797420988718,1.0393562136230794,1.1407095984834628
2010-12-01,1.1293020254683934,1.1241158779493665,0.9682765207056916,0.8508995122569488,1.0471515122038746,1.1530946396257882
2010-12-02,1.1345268057453046,1.127623070664344,0.9674839964364821,0.8617985101354216,1.0542848450595874,1.1583034047039111
2010-12-03,1.1409376818628887,1.1328630663866985,0.9716599539166818,0.8641189680686758,1.056064342624863,1.1659936142720477
2010-12-06,1.1477790954751141,1.1346206287232015,0.9724231083410723,0.8632045963837617,1.0579409116165066,1.1686952649511555
2010-12-07,1.133791994301731,1.1318107261090133,0.9687994111074919,0.8636972345549501,1.0514808488484155,1.1645213679770228
2010-12-08,1.1273350015215176,1.1309751024997272,0.964968065460065,0.866861230562407,1.050392185108255,1.1632798643629114
2010-12-09,1.1287470043947279,1.1327975046925138,0.964178253804499,0.8702367327474853,1.053772173881899,1.1658939989245836
2010-12-10,1.127209412951082,1.1351609026726501,0.9631143211303821,0.8752993821277198,1.0541470193411584,1.1694039546590254
2010-12-13,1.1353587939799692,1.1371135066090041,0.9652069280428429,0.8758620013486085,1.0558482073883093,1.172303113628528
2010-12-14,1.1270910326976715,1.1370111553028979,0.9633742879590744,0.8766354873263599,1.052201998981731,1.1721507024709696
2010-12-15,1.1219924801291774,1.1337003101947118,0.9642431948775612,0.8726273848706929,1.047580448070788,1.1673250251549543
2010-12-16,1.1264183367083969,1.1353351368607967,0.9636420424300479,0.8776901763444291,1.05371716085641,1.169752844706981
2010-12-17,1.135833190128322,1.1362975105161492,0.9640419608237139,0.8786301959064414,1.0578348347338309,1.171089643654958
2010-12-20,1.1397718788610682,1.1386548914154075,0.9653393494644829,0.8807505861889794,1.0593791984822352,1.1745901679352004
2010-12-21,1.1460790400568788,1.141154010008062,0.9656983511329515,0.8863347187212937,1.064412801058009,1.1783017074693212
2010-12-22,1.1462632436648899,1.1421188743749853,0.9658349479722786,0.8890914747522216,1.0653662538002657,1.1798267040726889
2010-12-23,1.142918537591285,1.1397309135867575,0.964051914365913,0.8878191695359477,1.063005615863601,1.1762795370349013
2010-12-27,1.1439390381347523,1.1375218357706594,0.9628097955205125,0.8881730534025023,1.0648070141678683,1.172996969399799
2010-12-28,1.1436919668762218,1.1433592821055882,0.9651974510826322,0.8894451454785232,1.0615567389486342,1.1815745374478297
2010-12-29,1.1523969335321527,1.1451959202986617,0.9663563035561087,0.8900812980866599,1.0664835622652409,1.1843943407635713
2010-12-30,1.1469275703350055,1.1430067313193963,0.9646356960669127,0.8886676808827175,1.0646121824119148,1.1810501704256673
2010-12-31,1.159393093204026,1.1456224068710994,0.9677845962998538,0.8888797554343469,1.0667570852881607,1.1850356186282585
2011-01-03,1.1593615007510172,1.1482168103370474,0.9662036607789934,0.8980688001106044,1.0720547495197579,1.1888378721591806
2011-01-04,1.1517721240205705,1.1424149806131896,0.9622171214522951,0.8975742436771399,1.0726990401374477,1.1801179733838107
2011-01-05,1.1489642076957765,1.1441696414982623,0.9626564972751809,0.9022393864857273,1.0714651189644664,1.1827546516772416
2011-01-06,1.1454462751888295,1.142024503432897,0.961951176203639,0.9004720985554835,1.0723758042512332,1.1795303735774323
2011-01-07,1.1453406690465378,1.1402430926482645,0.9617695257508054,0.8987050237654922,1.0739226053104962,1.1769485775705977
2011-01-10,1.1521789882541702,1.1417211400012162,0.9631727946249395,0.8975742436771399,1.0745639179447133,1.1790729120283487
2011-01-11,1.1567746263269483,1.1441067491547108,0.9644965533796571,0.9007552198580772,1.075171757403126,1.1826578071119356
2011-01-12,1.161271213052859,1.1484679652553278,0.9659017494609671,0.908883962822939,1.0797967342789794,1.189307684001902
2011-01-13,1.1605280839176066,1.144069370120514,0.9641326211735975,0.9073996541017869,1.0815934599384114,1.1826966879626053
2011-01-14,1.1587290139493105,1.1446256907981445,0.9614516213180067,0.9139733968282873,1.08514460001129,1.1835323695249245
2011-01-18,1.1597586404648577,1.146840124646707,0.9626422154481676,0.9155282549731472,1.085218323983009,1.1868587911559372
2011-01-19,1.1553998940878523,1.1412209341895967,0.9616009217851863,0.906551284848519,1.0798456960035987,1.1783174832781715
2011-01-20,1.1382170166327747,1.1345090649334597,0.9559846693462565,0.9053495290559531,1.0756598707868836,1.1682298710391852
2011-01-21,1.1433043277494117,1.1348580340570593,0.9552689690007192,0.9073996541017871,1.0785459803013442,1.1688497678359242
2011-01-24,1.1421967547472798,1.1362532697394163,0.9542907413488126,0.9125598506710958,1.0823073967629844,1.1709453516687747
2011-01-25,1.142282036874979,1.1353082153826628,0.9537110244955598,0.9130541229175565,1.084801183582633,1.1694287412578697
2011-01-26,1.1490546056754447,1.1406991123406576,0.9568438804291896,0.9165886277312933,1.084753639934108,1.1776260848681257
2011-01-27,1.1444452555884237,1.1373444409463593,0.9520613271574908,0.9188506141885037,1.0879744022548825,1.1724880927982202
2011-01-28,1.1469376175559376,1.134293519043455,0.9555676796310273,0.9028049896701562,1.078376134819217,1.1679983652445016
2011-01-31,1.1523856451947523,1.1375067700534602,0.9558758825944071,0.9095907359015346,1.081573339500528,1.1728271251745817
2011-02-01,1.1613383289111796,1.1454947230293295,0.9570141848038194,0.9241524069324848,1.0899508814010388,1.184792803275526
2011-02-02,1.1610755981828642,1.1444276585645405,0.9560748703313742,0.9223851900489917,1.0876728000798046,1.1831939226547015
2011-02-03,1.1585952236886419,1.148022802925,0.9569220787989826,0.9244347467208183,1.0866844636869575,1.1885790775205722
2011-02-04,1.152561584253099,1.1484606965915354,0.955157671085789,0.9270504039043301,1.0859148426735716,1.1891397940895625
2011-02-07,1.1552572704792314,1.150504778804447,0.9539601320099333,0.9328464688947721,1.0898651561551835,1.192295538208745
2011-02-08,1.1582017043428985,1.1569748269286715,0.9556463123862926,0.9370877467871049,1.0899785280400982,1.2019873441763986
2011-02-09,1.159945399977719,1.1542473945152698,0.954825911170495,0.934967143364314,1.0908694595368806,1.1978063256731144
2011-02-10,1.1526355208463521,1.1540824701047536,0.9535668986540523,0.9353207430438648,1.0897349832268228,1.1976537723343559
2011-02-11,1.1580569613746081,1.1544690264957587,0.9524190373544974,0.9409048045294279,1.0956606613667321,1.1982325188841763
2011-02-14,1.1628549502579588,1.1574087767108319,0.9533798003148959,0.9431669330801403,1.0974131182785196,1.202635347963278
2011-02-15,1.1603770536997005,1.1566372917229866,0.9539206466331953,0.9401978183105795,1.0962661654657107,1.2013844229987798
2011-02-16,1.1647288825745417,1.161023824468515,0.9547823156575362,0.9461356215691956,1.0999010011691857,1.2079551703605231
2011-02-17,1.1716243347682795,1.164347710167499,0.9565178716220197,0.9489630691173332,1.1034902502438302,1.2129340824627246
2011-02-18,1.1759203103643492,1.166623508127859,0.958461911010191,0.9509419342719498,1.1048099807156333,1.216437903418303
2011-02-22,1.174993688093952,1.1594850220922437,0.9595788771517961,0.9318570718408392,1.0953088947483847,1.2057432688579708
2011-02-23,1.1823301906844275,1.159500804894259,0.9621508354299753,0.9261311299935997,1.0901604097334439,1.2056717101837249
2011-02-24,1.1803089071377604,1.1562470734657746,0.9617089448897975,0.9254949773854628,1.0908162997447217,1.2007972482413685
2011-02-25,1.1974461046101068,1.1648637341591042,0.9642734801275827,0.9353915056078256,1.0992641404506565,1.2137047938734384
2011-02-28,1.2000303406778368,1.1682057892082058,0.9634136804432074,0.9411874995515163,1.1032047952452075,1.218812324331436
2011-03-01,1.2054175124888185,1.166954289501179,0.9684055481752878,0.9254949773854629,1.0926707854130198,1.2169148319084622
2011-03-02,1.20386777981529,1.1691696776639386,0.9691679108340937,0.9274744109140873,1.0917414599217565,1.2201740197907827
2011-03-03,1.2048431408491822,1.1729916418133324,0.9668007351214417,0.943449343915225,1.0999917125979641,1.226065751731766
2011-03-04,1.212333734286268,1.17450553071078,0.9698891160502379,0.9363806184747546,1.0981470344770192,1.228261605571377
2011-03-07,1.2074940690425837,1.173230290831421,0.9704574632291763,0.9290295532459512,1.091887464535903,1.2264261437117125
2011-03-08,1.2071105550825818,1.175435043375069,0.97025050322832,0.937158438304315,1.0965624081665153,1.2297678937623242
2011-03-09,1.2099331460536646,1.1746734108580004,0.9696363873037054,0.9358155126175826,1.098176037395529,1.228613073639201
2011-03-10,1.1999743482512053,1.1631449717045856,0.9670203252587894,0.9184975828829613,1.089738794033924,1.2111375068412373
2011-03-11,1.1990319719165943,1.1659562331658755,0.9666604682037813,0.9248590379175793,1.0931706798410905,1.2153001111032036
2011-03-14,1.1981249464873391,1.163819184062057,0.9676846375140369,0.9192748343385141,1.0902383882178515,1.2120600157651926
2011-03-15,1.1815169879153762,1.1537142183649634,0.9622903130924664,0.9087425087417694,1.0844415486508137,1.1966437781617874
2011-03-16,1.1819045458553965,1.1470448794444041,0.9642519526620316,0.8919192775341146,1.0763996632139738,1.1865338381165231
2011-03-17,1.1953103472894884,1.1531878386843724,0.9662669366905328,0.9037237662536312,1.0833278532258148,1.1958453138929257
2011-03-18,1.2025788265304518,1.1582389921398764,0.9680213214393867,0.9070108152337584,1.0853555857119792,1.2035018405324842
2011-03-21,1.2097618444897842,1.1667746467811753,0.9679035201083902,0.9210672017718488,1.0929202068916906,1.2164399579703904
2011-03-22,1.210057981813786,1.165599918951156,0.9669444350726636,0.9178727267082281,1.090910136272926,1.2148560382559035
2011-03-23,1.213056146596505,1.1693022970012996,0.9678954408539521,0.9204996092783926,1.0921894312222884,1.2203693785957488
2011-03-24,1.2146836204404594,1.1708774473415267,0.9672512577821027,0.9293028700969121,1.096106337061516,1.2228554076543463
2011-03-25,1.2137428389541862,1.172466875354711,0.966086397141019,0.9321425376862156,1.0969191735970192,1.2252644787109581
2011-03-28,1.2089901851990852,1.1708799546791067,0.9651227766326593,0.9298706046838703,1.0954634338766411,1.2227596068672921
2011-03-29,1.210672539514192,1.1737582940852125,0.9650481959743673,0.93611802968319,1.0985782621541291,1.2272210086499986
2011-03-30,1.2180446178591176,1.1773216518272736,0.9657615972548265,0.9425784528419014,1.1046374302136177,1.2325236162046322
2011-03-31,1.2256183087729928,1.1826439343952013,0.9693307832597602,0.9413004638855506,1.1026017422481889,1.2406914296567615
2011-04-01,1.2308110369071965,1.18277182723661,0.9688216833787116,0.9452763821630308,1.106337312357583,1.240886111124367
2011-04-04,1.2379070264904906,1.1844880633645398,0.9706512767632555,0.9460571859561315,1.107884161483031,1.2435014291759943
2011-04-05,1.2393447468467802,1.1878463530940033,0.9733315017174693,0.9459152345477044,1.105550149063501,1.2486200139009305
2011-04-06,1.2363278169225076,1.1902357287658363,0.9734699230003808,0.948897066685688,1.1057440217856447,1.2522617372953115
2011-04-07,1.236752563831066,1.1903321781965808,0.9743223735498566,0.9464833954151681,1.1040949416779324,1.2523082064546407
2011-04-08,1.245113187746432,1.1924652818842933,0.9770151502519353,0.9432171631330734,1.1005158844182903,1.25565977191272
2011-04-11,1.2348004395707761,1.1872469308653242,0.9745515513297072,0.9403780639177777,1.0990911848327207,1.2477055450963155
2011-04-12,1.228574498813098,1.1817379290364043,0.9728242405247118,0.9333491957045984,1.0966231433879907,1.2392081314430767
2011-04-13,1.2348957475703053,1.183353642737018,0.9735331630980727,0.9332782200003847,1.0982852038231345,1.2416706844965162
2011-04-14,1.2403059263841683,1.188698602434849,0.9756714742626484,0.9339886875100307,1.0973105573938857,1.2499177514446398
2011-04-15,1.2521696691624293,1.19214705663643,0.9780006020485169,0.9373959475927904,1.1029381317075928,1.2550733671900103
2011-04-18,1.248231922090011,1.1899021241714633,0.9781625148359728,0.9268889146393889,1.096647151788885,1.2517513845921397
2011-04-19,1.2543721853251182,1.192974649386972,0.9784407765633606,0.9322135133904296,1.1009602857944276,1.2564343745470363
2011-04-20,1.2642638155494133,1.2012192939466355,0.9793642364013164,0.944921574688714,1.1081324848293914,1.2690008130419985
2011-04-21,1.2702479575184413,1.20642623287735,0.979622227823445,0.9497489172297535,1.1118579655796286,1.2769371360171722
2011-04-25,1.2707483065048506,1.2052416937379187,0.9800030568020517,0.9487549021370081,1.1127284154411439,1.2751309649011868
2011-04-26,1.2739437804635534,1.2042145168547609,0.9795881836113217,0.9569193105708542,1.1203682991520645,1.2735651287227434
2011-04-27,1.2825048744038383,1.214729431281259,0.9827088491383814,0.9631664513831701,1.1234749323193383,1.2895919175800916
2011-04-28,1.2864626460203488,1.2171103454542371,0.983604300790629,0.9662904480698337,1.127382214652659,1.2932207721255045
2011-04-29,1.293205732003318,1.2194041867020768,0.986582711154649,0.9685621679319264,1.1298797432381056,1.2967239351019197
2011-05-02,1.2825058588323524,1.2106724188852211,0.9843622104817519,0.9670710387226819,1.1286968655093321,1.2832327588350918
2011-05-03,1.2744045662459942,1.2039679024119871,0.9827904890720935,0.9635921635149501,1.1274605154731596,1.2728739486629865
2011-05-04,1.2622271286522977,1.195573014227842,0.979723308970239,0.957202858153954,1.1241396871508942,1.2596938702664184
2011-05-05,1.2310183046569452,1.1809488290096322,0.9730434644846806,0.9485417618841143,1.1203319675044663,1.237099013281561
2011-05-06,1.234680064731508,1.186196669699098,0.9754064062105867,0.9527302520404807,1.123503485851485,1.2452070122856578
2011-05-09,1.2539810334286439,1.1949947802434917,0.9791150913818043,0.9564222675011061,1.1267590771093634,1.2588001575276118
2011-05-10,1.2586734698983362,1.2000987001970225,0.979681238108361,0.9645862496544466,1.130266997506013,1.2666857654615151
2011-05-11,1.237175481644881,1.188292150180429,0.9756404498366537,0.9544343083623662,1.1247920916357266,1.2484442323343239
2011-05-12,1.235944728928061,1.1891770180813768,0.9758449504522815,0.9589776770398004,1.1269648667710954,1.2498112888430521
2011-05-13,1.2347683881977733,1.1861783817661478,0.9735844564515796,0.95159442763281,1.1235718863194468,1.245283007076716
2011-05-16,1.2267741021045109,1.180322420310226,0.9724442793403383,0.9455600007928819,1.1204510445039941,1.2362351194323349
2011-05-17,1.2291312055187955,1.1788825850723916,0.9710016703208044,0.9454181914779566,1.121694700624479,1.2340104160969891
2011-05-18,1.2379233118716824,1.1857022712250649,0.9727854241299395,0.9538660764481514,1.1249699166902154,1.2446518040717434
2011-05-19,1.2362215045853342,1.188220122370112,0.9724611712100326,0.9561382225907497,1.1270394684520368,1.2483321488336871
2011-05-20,1.2364974437263008,1.1868040389780625,0.974341131739255,0.9485417618841142,1.1228260297573125,1.246248866117374
2011-05-23,1.2269793015705994,1.1810286297347072,0.9734238655630814,0.9375377569077157,1.1157474621967205,1.2373252563968797
2011-05-24,1.2372451612493138,1.1838583126166902,0.9756003938334596,0.9367571662548678,1.1156807171393441,1.2416970167942385
2011-05-25,1.246543690146403,1.1897580447582252,0.9770214196854531,0.9398810208480294,1.1179152474850045,1.250812087709005
2011-05-26,1.2529412375255453,1.1911009911043702,0.9772765809068613,0.944211178225819,1.1234876553011843,1.2528867992797468
2011-05-27,1.2594585129923181,1.1948753265259013,0.9795700325968824,0.9478320048419783,1.1259746139136122,1.2587181033997477
2011-05-31,1.265985305069999,1.200007751850669,0.9789959451559157,0.9576999722704531,1.1335909553323402,1.266651180618635
2011-06-01,1.2547032594819563,1.1871905553651192,0.9794365206575242,0.9361890053874042,1.122051042178383,1.2470971277645344
2011-06-02,1.2501461911617788,1.1869203589355592,0.9797278584913054,0.9351949902946587,1.1186152109436767,1.246682612696913
2011-06-03,1.250682226790193,1.1856427372299314,0.9810318546615429,0.9258948284998928,1.1137985804081054,1.2447231489057424
2011-06-06,1.2413764590861054,1.1815809514773299,0.9815911163587736,0.9160982630561371,1.1065589083165455,1.238493687069565
2011-06-07,1.2463979673561925,1.1820992222839934,0.9818378081071736,0.9155299600951715,1.1070022297667186,1.239185909235386
2011-06-08,1.245389998289026,1.1781605237867367,0.9795219101139955,0.9116964195066244,1.1052677643565396,1.2331454150462962
2011-06-09,1.250408247504539,1.1827857485460633,0.9801374789579612,0.9186536725948311,1.1083737496389479,1.24034094768578
2011-06-10,1.2384691040295077,1.1739759433842434,0.9777712718600771,0.9058747776858354,1.100757271545107,1.2267277231962475
2011-06-13,1.2321895633216489,1.1708602476443215,0.9764601326182356,0.9065848899617263,1.1002727350350756,1.2220515375928702
2011-06-14,1.2382990432368226,1.1785262431180774,0.9781475008881768,0.9180858669611225,1.10481714667004,1.2337054408450132
2011-06-15,1.2296955896774533,1.171306083013337,0.9779571478059157,0.901757405327185,1.0981153727552904,1.222632529022648
2011-06-16,1.2282794093048082,1.1701929291530875,0.9764932692436908,0.90374500923217,1.1007975038641646,1.2209252626285947
2011-06-17,1.2288219118891177,1.172826702002619,0.9776909433315262,0.9064420149455367,1.1023834389667981,1.2249642466237345
2011-06-20,1.2277845926554511,1.1738131851047615,0.9764160944221046,0.911079449521248,1.1049712198643529,1.226476760837634
2011-06-21,1.2377365630200547,1.1816288005057054,0.9788705571304825,0.9235649213487601,1.1132264899677389,1.2385650744495116
2011-06-22,1.234953671221528,1.1796948699326484,0.9782070177154746,0.9179999003924552,1.1090857376248227,1.2354966821882325
2011-06-23,1.2301168377117422,1.1745451717373208,0.9770239110876673,0.915360300453868,1.1096113719994578,1.2275990972996715
2011-06-24,1.221308119337956,1.1678958781401139,0.976941761773414,0.9047294330135353,1.1039911032459613,1.2175042248232721
2011-06-27,1.2191919756166052,1.1692149354208543,0.9766599246891243,0.9127918183129963,1.1079284684145014,1.219526944906934
2011-06-28,1.226888181075333,1.175721301638985,0.9765485047069287,0.9247063584497569,1.112154427952569,1.2295049871287835
2011-06-29,1.23682189675841,1.1818578173788614,0.9782292474840422,0.9326255134992731,1.1150490966207482,1.238813352903884
2011-06-30,1.2359131765216496,1.184315742120268,0.9764043015593077,0.9415436569141028,1.1198263197206246,1.2425862099874474
2011-07-01,1.240345988120842,1.1865000487734843,0.9754034168600406,0.9554561737814896,1.1286349301014458,1.246016356893599
2011-07-05,1.2495754915772765,1.1916518543987027,0.9785681345208285,0.9546714624170857,1.1308852933133102,1.2538694785490738
2011-07-06,1.2542184092771802,1.193850968544156,0.9801801092515504,0.955812615331079,1.1324960318884612,1.2571212220537415
2011-07-07,1.2654125172685942,1.1996899971696662,0.9808893969765661,0.9657301023449762,1.1378403953501304,1.2661226383344315
2011-07-08,1.2669846681822134,1.1969994490132383,0.9818497241711583,0.9588806982247335,1.1377301821188306,1.2620211151846896
2011-07-11,1.260794328888684,1.1892105963544988,0.9830917792661341,0.9415436569141029,1.1288242573487852,1.250248035835215
2011-07-12,1.264680277642363,1.1889972730462453,0.9850508912129117,0.9374769408888901,1.1265781895139704,1.2498223576323688
2011-07-13,1.2779090266639017,1.196350630304726,0.9876796552749315,0.9406162836737622,1.1295676195870947,1.260931136854453
2011-07-14,1.2668678461320841,1.1939273157607682,0.9863328132765853,0.9341237473836145,1.122311486099064,1.25723703797978
2011-07-15,1.275204657645877,1.1974853428166632,0.9877397413117667,0.9395463196042355,1.1280549206674733,1.262660821804286
2011-07-18,1.2706510716834485,1.1973389807535668,0.9893724845447162,0.9318410152751226,1.122275152415674,1.2624375392498202
2011-07-19,1.282245656809553,1.1984965792376683,0.9873727130191909,0.9469662291347238,1.1348017327725708,1.2642021112906952
2011-07-20,1.2819560897173052,1.2028216885994145,0.988264565882869,0.9463951553504707,1.1321462251275007,1.2708956712032242
2011-07-21,1.2821368140793226,1.2053775202467056,0.9867512946090435,0.9595229608534537,1.138984656957488,1.2747916924774816
2011-07-22,1.290616325501964,1.2086421487199355,0.9887839489160974,0.9601650103419208,1.1411760938937852,1.2796676077391462
2011-07-25,1.2857757050948464,1.2074804396579129,0.9904733637601768,0.954814124293023,1.1359054591986768,1.2778962877826594
2011-07-26,1.2890255316322854,1.2073733783995266,0.9905256870317752,0.9512465827400876,1.1352801388937501,1.277732943225661
2011-07-27,1.2758972683828702,1.197741801611248,0.9898661105425626,0.9317697553839055,1.1206316518109807,1.2630504890409417
2011-07-28,1.2761755868955653,1.1962410860042738,0.9911636552684419,0.9290583271800931,1.1195869731213965,1.2607625901134916
2011-07-29,1.2827083256182328,1.1945563465038824,0.9947894573366204,0.9227086659061354,1.1205688982099866,1.2581958864614209
2011-08-01,1.2821393152909402,1.1917101855975294,0.9939395501696753,0.9187847538503614,1.1193400590828686,1.2538395313798258
2011-08-02,1.2823150446604947,1.1856908454693043,0.9965415251560837,0.8953120440796782,1.1063809780643785,1.244627818306838
2011-08-03,1.2790079998290982,1.1882223122216609,0.9942463640436359,0.9001634004225441,1.1102799384296675,1.2485015622705997
2011-08-04,1.2481952594552554,1.1623009669320603,0.9915037874553007,0.8579982194263278,1.0855676067765452,1.2088339414055411
2011-08-05,1.2362116087688413,1.162431546179708,0.9898040876669103,0.8567142625428957,1.0793033107793444,1.2090337100823347
2011-08-08,1.2116067112818858,1.1431031609392626,0.99694331975995,0.8009223147116724,1.0458913915169343,1.179455300036086
2011-08-09,1.2400950598882166,1.1576671089448047,1.0000960664614196,0.8381647373803035,1.075715066076154,1.2017424385340905
2011-08-10,1.244756037063693,1.1499973960225363,1.010677141366627,0.8011361654320759,1.054881720890853,1.1900053526549061
2011-08-11,1.2444445748584647,1.163103524543012,1.0002927264751942,0.8370944891237729,1.0741611236268946,1.210061668844523
2011-08-12,1.2539957923426068,1.1649527531851478,1.0000953603486005,0.8427307699712953,1.0815014541951231,1.212891466530076
2011-08-15,1.2649576085393173,1.1747854886665667,1.000544656977302,0.8605669857542031,1.0927677528901392,1.2279383783004212
2011-08-16,1.2664472427669686,1.1730675481637647,1.0019768435544423,0.8532184071616833,1.0895532643759345,1.225309348019516
2011-08-17,1.2762078845574079,1.1736058450293694,1.0034260389450604,0.8537890546654309,1.0932478004060067,1.2261330202946443
2011-08-18,1.2511964630753998,1.1597981138228848,1.0030881938681337,0.8169749018116143,1.068882471042579,1.205206383623678
2011-08-19,1.2561241193881643,1.1583057148940838,1.0058974279165105,0.803633174541477,1.0596615752626655,1.2027190977445315
2011-08-22,1.2607238861196512,1.1627492925843759,1.0099442772272427,0.8042755792636989,1.0592644739673363,1.209722386260697
2011-08-23,1.2634254910458396,1.1660405072377615,1.0012395085857808,0.8307444726160603,1.0766384240451288,1.214555488010678
2011-08-24,1.2448243107417698,1.1641903501198008,0.9907411254829824,0.8424453751726705,1.0801094229345816,1.2117241546841313
2011-08-25,1.2464228668548867,1.160315743143555,0.99281519020874,0.8296029644683124,1.073620946923085,1.2059981986714718
2011-08-26,1.2649908403301038,1.170106227537144,0.998509284565296,0.841660237527761,1.0839098509769165,1.2207771651923705
2011-08-29,1.2705580298576846,1.177358739428969,0.993815827621354,0.8658463987716304,1.0984360978184518,1.231875634077078
2011-08-30,1.28646433865586,1.1826442053787214,1.0000178409832814,0.8681296992541303,1.1033330984992877,1.2399639514821834
2011-08-31,1.283013381915004,1.1841477994704068,0.997626034635449,0.8719824935121887,1.1044282201817688,1.2422667987023142
2011-09-01,1.2845816973072135,1.1788044061781613,0.9970878081858561,0.8628499310029482,1.1010083775518484,1.2341222786713284
2011-09-02,1.290058330056518,1.1739471238801467,1.000901764586317,0.8408044083656417,1.0883388023890679,1.2267186947770905
2011-09-06,1.281333927844802,1.1685264499751855,0.9965828683947796,0.8346684557185854,1.0842781997269557,1.2185566889338817
2011-09-07,1.2864840864128102,1.1748480365684046,0.9933761639655737,0.8582124253804859,1.0997625710352805,1.2282924494226646
2011-09-08,1.288210980602799,1.1743655526725607,0.997659835674159,0.8492944951059094,1.0951777677356245,1.2275569850848034
2011-09-09,1.2723212582743313,1.1624804371209863,0.9943789862742693,0.8270347665144446,1.080453821983936,1.209341114506978
2011-09-12,1.266225892262578,1.1589752318010742,0.988842340135272,0.8323858657035952,1.0831449728409377,1.2039983540279844
2011-09-13,1.2672961053054648,1.1661576104618732,0.9908446268378254,0.840019412814234,1.0876134387626173,1.215046172318334
2011-09-14,1.2712962915145507,1.1689046411865571,0.9885951577659586,0.8516488423393738,1.096708993688622,1.2192332007615478
2011-09-15,1.2720597515187315,1.1724355489175413,0.987021365548745,0.8663462126646663,1.1045253011665743,1.2246150238250177
2011-09-16,1.2768749080716848,1.1765601030977864,0.9880563603004284,0.8714734435415273,1.1092814702671023,1.2309016898398801
2011-09-19,1.2675731154786452,1.1680780226893674,0.9829046107366428,0.862796077565717,1.1063409338676033,1.2178727374119824
2011-09-20,1.2712565636181228,1.169396210359562,0.985808385224648,0.8617919738343344,1.1061798321198688,1.2198819063427715
2011-09-21,1.2606483545158889,1.1563112016004509,0.9805545675681118,0.8364051935459145,1.0888213791092456,1.1999375526290208
2011-09-22,1.2356254127739434,1.135216125141754,0.9721130530336908,0.8093690629338517,1.072488267051387,1.1678845387989751
2011-09-23,1.2107352783800263,1.1241268661045163,0.961896794658883,0.8142453566863058,1.0724112565464194,1.1508817788169414
2011-09-26,1.210512625088857,1.1286701286293641,0.9579090508761726,0.8336085092409447,1.085234835430795,1.1578065883837043
2011-09-27,1.2242878443596448,1.1389435521624443,0.9640529879309201,0.8429311218090154,1.089310512813334,1.1735657855566686
2011-09-28,1.1986468463329611,1.1232605955521575,0.957035621411225,0.8257196201073391,1.0763165978229576,1.14956122897445
2011-09-29,1.2092751593334234,1.1288324587895957,0.9580741944609992,0.8322457615106928,1.0812760928507046,1.1580538722678024
2011-09-30,1.1922714561019585,1.1180797318789084,0.9548443895430199,0.8114483881943321,1.068284141984571,1.1416796096969983
2011-10-03,1.19151514327931,1.1097956885892781,0.9559821256689719,0.788356631102321,1.0540005897593367,1.1293895011784385
2011-10-04,1.196798586066307,1.11484998428274,0.955724330412579,0.8056394637419657,1.0654519651114167,1.1368878470099038
2011-10-05,1.208430370113483,1.124639410407433,0.9589590510761656,0.8205561553874859,1.075441560729249,1.1514111130073574
2011-10-06,1.2240937543680757,1.1376558255414557,0.9637411802456387,0.8354011608612828,1.0841928508437357,1.1708141391273812
2011-10-07,1.21195780494549,1.1321720426650834,0.9607623995745008,0.8298071528305844,1.077573687524369,1.1625862689132933
2011-10-10,1.2321033439031719,1.1503059387642143,0.9667917446185224,0.8575607845806384,1.0950546391688931,1.1895813545543024
2011-10-11,1.2349911287311406,1.1503049913696402,0.9670727923927126,0.8584214449218234,1.0971198557498514,1.1894876507232053
2011-10-12,1.2371935823140425,1.1562255257073857,0.969503297824758,0.865951334822805,1.1016416727209,1.1983633938774545
2011-10-13,1.2372424314350403,1.153252971118268,0.967835905105363,0.8642302272806877,1.1019530004804436,1.1938610788093098
2011-10-14,1.2488172679491782,1.1615011540228477,0.9714540264469373,0.8790035465827613,1.1115441312731678,1.2061900499121936
2011-10-17,1.2384313672611744,1.1514529329056882,0.9672570136917972,0.8622221619114244,1.1010188024973597,1.1912826613328404
2011-10-18,1.2504847143147795,1.1592606998144463,0.9703379982635866,0.8790750196142316,1.1138829035538105,1.2027736481747846
2011-10-19,1.2331217273931292,1.149888712584008,0.9655636044104221,0.8686764040028022,1.1063206306534294,1.1888695515063896
2011-10-20,1.2294408722637915,1.1482536589364583,0.9639441558183891,0.8724774762261583,1.108467577667331,1.1864437579964637
2011-10-21,1.2401590525939656,1.1586545597065736,0.9682732697693354,0.8890435181953212,1.1207792545133832,1.2019664091904858
2011-10-24,1.257209547995148,1.1667276362829868,0.9734213416375339,0.8999438659620627,1.1291851967778388,1.213943221495938
2011-10-25,1.2651555650386788,1.1650996722145583,0.9759800111233151,0.8824457616669953,1.1189497117166727,1.211435699641314
2011-10-26,1.2669305970000988,1.1713483219806275,0.9799575025097196,0.8914098723296987,1.122933456702013,1.2207059785441685
2011-10-27,1.2889288468883442,1.1919068028880424,0.9891292165413614,0.9224624178672913,1.142409041155971,1.251298129804397
2011-10-28,1.2913361679700064,1.192079072333507,0.9888514304523495,0.9222473593521215,1.144724697019997,1.2515536513850016
2011-10-31,1.2814684741233073,1.1762361101294048,0.9807553031627679,0.900015623180537,1.1327154593530568,1.228158984621945
2011-11-01,1.278902595930792,1.1633286489551307,0.980723961826404,0.8749156586257609,1.1191959599735266,1.2083791904803554
2011-11-02,1.2878593349883767,1.1720565959325753,0.9835434381043132,0.889186961585519,1.12887636728433,1.221719094330088
2011-11-03,1.2966438537085059,1.1847498099222118,0.9867838806504964,0.9053945726960656,1.138965666141734,1.2410745063748543
2011-11-04,1.2969880372408638,1.181234382954095,0.9873850891268858,0.8998724639773433,1.1361554771219518,1.235642089631286
2011-11-07,1.311442943352607,1.1863872136078255,0.992120300568155,0.905466116774287,1.1409060985106634,1.2433597403519345
2011-11-08,1.3102162009062044,1.1906278869620592,0.9900668138026287,0.9170836104452649,1.1476171485013598,1.249792974805684
2011-11-09,1.2867653717032117,1.1723431300042189,0.9838982121760392,0.8832348779299591,1.126092071365091,1.2221535813113287
2011-11-10,1.2870987420943067,1.175607922979846,0.9846217267418028,0.8915536709536513,1.1301369977646054,1.2270070632230314
2011-11-11,1.299870469963667,1.187671326216225,0.9884691131275591,0.9083348424847351,1.140703632801481,1.2454069808403032
2011-11-14,1.2945360923769766,1.1815426523446768,0.9858769743019986,0.8997291626806478,1.1370563630520045,1.2360101609199734
2011-11-15,1.2971597924552287,1.184564370363998,0.9854318683823857,0.9041751262625096,1.1397993987292545,1.2406934988164784
2011-11-16,1.2863651583866818,1.1758922890455599,0.9818897095892397,0.8898324923647831,1.1306355692953225,1.2274382892684887
2011-11-17,1.2679224412024324,1.1626467017307631,0.9762084240290342,0.8757047748887244,1.120888599559678,1.2073442024622085
2011-11-18,1.2688143676799073,1.163371519177031,0.9763858146393334,0.8747721441888124,1.1184738052059,1.2084437220202788
2011-11-21,1.2530179788438118,1.1511330660010743,0.9703523919675573,0.8581349133751829,1.1071824056336221,1.1898774399121403
2011-11-22,1.2616079339934267,1.153080303428654,0.9725891224267633,0.8547638160886644,1.1060402696843248,1.1929307219487673
2011-11-23,1.249887817258693,1.1426871854402658,0.9715906549878476,0.8359028219698434,1.093376785354611,1.1770646064252426
2011-11-25,1.2366025016454354,1.1391807707989432,0.9688962394366016,0.8343253709581768,1.0892468054330249,1.171745130253397
2011-11-28,1.2610077244990103,1.1546653579225106,0.9746625626662639,0.8584933442337993,1.1075404921425902,1.1952356686836638
2011-11-29,1.2631442626564007,1.1552911288126153,0.9751099534558408,0.8609314555866511,1.108504738856131,1.1963835603703366
2011-11-30,1.2841978708607793,1.175102734599148,0.9799020226629963,0.896358562721386,1.1325784590434504,1.2263394382652795
2011-12-01,1.2800836900929704,1.174140906139148,0.9789346610257171,0.8962150482844375,1.132338692739198,1.2249802202450295
2011-12-02,1.2892798225793778,1.1741882868172102,0.980387866246044,0.8954262872552288,1.1337504973618278,1.224952849561702
2011-12-05,1.2894499578823322,1.1759414979836393,0.9787569554620641,0.9051794431341449,1.140882026168551,1.2276109906891333
2011-12-06,1.2892311976814517,1.1788365101251481,0.9792292832017016,0.905466116774287,1.1399196103155576,1.2319013928272136
2011-12-07,1.2872934264538407,1.1793228055117628,0.9788528092909163,0.9088367877802999,1.144528494289225,1.2327378471449224
2011-12-08,1.2706758053458644,1.1641321655641854,0.9725679356090288,0.8888996485246181,1.1317291525679682,1.2097049615631004
2011-12-09,1.2733124322062792,1.1728520222585117,0.9732314526650698,0.9039599256538376,1.1400013565206184,1.2230256125652
2011-12-12,1.262516337184568,1.1612925530214682,0.968560390975204,0.8907646257374384,1.1315700609214001,1.2054984668187223
2011-12-13,1.2579604175459553,1.1524308457464991,0.9647801815842,0.8824457616669953,1.1273605640378663,1.1920618624632555
2011-12-14,1.2411518695214812,1.1398905799580956,0.9575788891880661,0.8730512497869483,1.1221608078005754,1.1729484547435796
2011-12-15,1.239321373739146,1.1414688737841945,0.9564562862399683,0.8762067912310403,1.1241597747335663,1.1754407007882297
2011-12-16,1.2502418007876372,1.1450064937084832,0.9596985310372216,0.877505383745171,1.1273726109536053,1.1807054383458595
2011-12-19,1.2474784688311957,1.138482408435558,0.9595477399637783,0.8681236602802976,1.1218326012890762,1.1708132846793058
2011-12-20,1.2637075229618662,1.153058823606911,0.9635761194214721,0.8943931964494527,1.1375542587037986,1.1929147671505949
2011-12-21,1.2603004055861633,1.154109231980627,0.9629612737200646,0.8961252451912183,1.1373815321635758,1.1945074223856116
2011-12-22,1.2637924906796951,1.1560298589415539,0.9617023568841857,0.9040642933310048,1.1439686125110449,1.1974195478034988
2011-12-23,1.264369637366263,1.1591456470269372,0.9619801250206971,0.9121469269544907,1.1482174476796547,1.2021438379931173
2011-12-27,1.2633657293552114,1.157496730553216,0.9598699134985378,0.9128685488040381,1.1490227132370228,1.199742737873403
2011-12-28,1.254389243234336,1.1465073588472539,0.9551100331451662,0.900888432516137,1.1428290663248968,1.1830602135605373
2011-12-29,1.261142681851427,1.1513979014439917,0.9547383428948537,0.9101983987625362,1.1504561593750933,1.1904754778272773
2011-12-30,1.2607485424640377,1.150723078289943,0.9560488281444899,0.9057236612465337,1.1486804493861462,1.189457220786474
2012-01-03,1.279738855977594,1.1641204026587408,0.9616498407639343,0.9201574481257476,1.1567474009563181,1.2096734743816953
2012-01-04,1.2789082473758633,1.164537544362311,0.9626705570578075,0.9216009760118462,1.1564101044182582,1.210299886809771
2012-01-05,1.2766397034185968,1.1657607700167474,0.9630508499919236,0.9240549307901625,1.1583645978799626,1.2121368824457859
2012-01-06,1.2785812555410139,1.1628914055439439,0.9627447710248817,0.9216733726510788,1.1583363388120886,1.2078275940876364
2012-01-09,1.2808209294767152,1.164418215023691,0.9628671238543138,0.9239104927454518,1.1601259702057232,1.2100241421041538
2012-01-10,1.288786005876583,1.1716031226609445,0.9650438187997279,0.9319212981037125,1.1653077164121965,1.2208144656909894
2012-01-11,1.2937831636297832,1.1723525128437102,0.9662156143431412,0.9324264405030707,1.1683472041031164,1.2220361151698118
2012-01-12,1.290385558699021,1.1740829769249725,0.9659480387509459,0.934663844784447,1.1690921591910928,1.2246348854586213
2012-01-13,1.2859344439946674,1.1647170209579836,0.9630761037290455,0.9298282608202957,1.1674578185030724,1.2105689378441964
2012-01-17,1.2958085853776082,1.1710693505358638,0.9663720288728986,0.933436725301787,1.1706392533634669,1.2201085907401557
2012-01-18,1.2976599696811237,1.175675600333782,0.968327018631156,0.9437573315806572,1.1770562597028744,1.2270262114734685
2012-01-19,1.2963227472824195,1.1785335645316224,0.967918941711001,0.9487369983557651,1.178103583594701,1.2313182431624026
2012-01-20,1.2949577900900004,1.1833367364368403,0.9681048088192808,0.9522729951512725,1.179227619013023,1.2385315488039155
2012-01-23,1.296645898891399,1.1846232108780426,0.9694149082415267,0.9498192535132086,1.17635932247504,1.2404631792804677
2012-01-24,1.2958385265972074,1.1828747497233025,0.9687424096846813,0.9487369983557651,1.1760579766829644,1.2378372180683248
2012-01-25,1.312243283302112,1.1924036621241232,0.975872102623726,0.9566753360280417,1.184274527165215,1.2521477050283498
2012-01-26,1.3197381961863692,1.1926125831781385,0.9779072506852685,0.9517676396116612,1.1829774516285674,1.2524613557893227
2012-01-27,1.326539899833922,1.1957410178173276,0.9805109439613802,0.9513347517580342,1.1840408999494618,1.2571595278510035
2012-01-30,1.3244484993085706,1.1923512105730403,0.9790811279266662,0.9480870626779409,1.1831362975259634,1.2519719366988065
2012-01-31,1.32924452525107,1.1913484359015418,0.9810431210368865,0.9477265714635466,1.1845929394494967,1.250572629004628
2012-02-01,1.3339560799609902,1.197356744798574,0.9826018436747872,0.9560258266307237,1.1891720419920977,1.2597359020675327
2012-02-02,1.338499316153959,1.2010139986776047,0.9844213129325404,0.9575412538287982,1.1909769907408556,1.2653135137002145
2012-02-03,1.3345824715040642,1.2044163390626486,0.9811506188218605,0.9709650400962998,1.1972995318752246,1.2705022924064282
2012-02-06,1.3404146605136704,1.203845377365403,0.9816499357246542,0.9703149623249738,1.1981048862119692,1.2695295859044033
2012-02-07,1.3383108062604354,1.2077552658004411,0.9829610229748589,0.9727688460565395,1.1969133134911214,1.2755936725819603
2012-02-08,1.339876648263913,1.2078708683532446,0.9822166666899655,0.9756558307819854,1.1993016533256515,1.2756685212756187
2012-02-09,1.336785499076528,1.2082681774895252,0.9811595718133573,0.9768827371243928,1.199151788495293,1.2763754440087134
2012-02-10,1.3324982000904817,1.2013441756444894,0.979184020830921,0.9696659502549123,1.1963696399635804,1.2657139616334985
2012-02-13,1.3398293231060192,1.2052724264511703,0.980823995909217,0.9768827371243929,1.2014702494424718,1.2718055113390265
2012-02-14,1.3392830433694967,1.2046730941755546,0.980273800088157,0.9756558307819855,1.2015306663901242,1.2707899068484727
2012-02-15,1.3401418977003023,1.2041577144176785,0.9819215644384958,0.9711093360475088,1.198477788714945,1.2701047759997457
2012-02-16,1.3439825819597309,1.2096373477943192,0.9823703357003306,0.9818623328527495,1.2044021980881863,1.2783603763519553
2012-02-17,1.3420297033875195,1.210017200682313,0.9812131298909252,0.9844605125355242,1.2058602411847374,1.2790406475304172
2012-02-21,1.3478253432516687,1.2149573856895721,0.9847209170719282,0.9848936845761551,1.204491086192392,1.2865740384844693
2012-02-22,1.3570981228906431,1.214648295950392,0.9873847064178684,0.9817179658547894,1.2039371702687989,1.2861024086633523
2012-02-23,1.3634816139940256,1.218851962298525,0.9883746213122047,0.9860483363728317,1.2078534919052364,1.2925132840397242
2012-02-24,1.367163471990128,1.2183538801675855,0.9875317074198069,0.9882133440149756,1.209833728887439,1.2916521560892216
2012-02-27,1.3668551893722312,1.2173721356670806,0.9862784959064795,0.9898728540240064,1.212638489269623,1.2902552455436191
2012-02-28,1.3715858908771157,1.2227166493527506,0.9880046147269816,0.9927596966559503,1.2150269573112442,1.2984059743326628
2012-02-29,1.3513745458814581,1.2096632422644524,0.978094781559118,0.9888631375992977,1.210216601635891,1.2784007092845804
2012-03-01,1.35850206461011,1.2161811605046595,0.9807489567641045,0.9939868871853617,1.2124107021951025,1.2885119494325628
2012-03-02,1.3529863454272175,1.212084728120281,0.9787818060744035,0.9909555354619558,1.212121837161392,1.2822218026150243
2012-03-05,1.3427975860884083,1.2089821985782132,0.976581937623444,0.9869143252203391,1.2081857803591782,1.2774573761340169
2012-03-06,1.3299764472227078,1.1975961640799695,0.972501422635223,0.9724802541541214,1.1996164020337703,1.2599743270901764
2012-03-07,1.3360820674576774,1.201986781344612,0.9745638617971549,0.9792642952634766,1.2036753449587791,1.2667157168906873
2012-03-08,1.3430529722102713,1.2085528773872452,0.9770230589285909,0.98900693622325,1.20939951389829,1.2766940083090568
2012-03-09,1.349803392565569,1.2127005392932921,0.9792082108705827,0.9928320932951832,1.2118392943725163,1.2830623495482416
2012-03-12,1.3479291668879438,1.2112918108830295,0.9784809121092649,0.992904489934416,1.2117541725967709,1.2808985142627096
2012-03-13,1.3477269635565678,1.215467692299365,0.9765157877740802,1.0108018059231536,1.2214369040943158,1.2873101563081706
2012-03-14,1.32670988237824,1.2107102253635027,0.97104213822368,1.009719479718959,1.2151534501200218,1.280108478426236
2012-03-15,1.3324739245841313,1.214331955371516,0.9727919811676473,1.015565206388325,1.2193073903616094,1.285669242406882
2012-03-16,1.3381629807359368,1.2154377370409448,0.9737752245333279,1.016971861010673,1.2202018791818205,1.2873668941401302
2012-03-19,1.3355478940733774,1.217950541729517,0.9738277027777091,1.0209585783942994,1.2202237123033044,1.2911209593655375
2012-03-20,1.3262262679934562,1.2130621329873188,0.9705897227287674,1.0179862665209451,1.2182719480575939,1.2836147051412827
2012-03-21,1.3286522287863065,1.2121568933930729,0.9702830817018407,1.0163191545095611,1.2194460252846624,1.2822244531506293
2012-03-22,1.3220478405466571,1.2068627459170325,0.9689317719214697,1.0089986393836723,1.214670112629861,1.2740952319442733
2012-03-23,1.3345970353754826,1.2108459587206812,0.971940357185191,1.0122600404867013,1.2188174129249696,1.2802110679363499
2012-03-26,1.344101865681168,1.222226684989526,0.9752165714897943,1.0264674724173422,1.2286967633750576,1.2976850333113934
2012-03-27,1.343733351861494,1.219320269284828,0.9745820659783115,1.0232776864392852,1.228983411335567,1.293325543865073
2012-03-28,1.3347009742416236,1.215088973142692,0.971904478188069,1.0182037406256474,1.2244278739363341,1.2867248278480548
2012-03-29,1.3319414700677281,1.2133436115105822,0.9706804428441309,1.0164640188347778,1.2251334441208257,1.284148092041671
2012-03-30,1.3309680665774841,1.216161394419029,0.9713837999524981,1.020668281369858,1.225853900108386,1.288476095820583
2012-04-02,1.3451963749520186,1.2204887841297343,0.9744179372354643,1.028134016054718,1.2324089209634337,1.295240852990128
2012-04-03,1.3293131715115092,1.217041123312711,0.9696404584385693,1.0239302508468946,1.2257652198034474,1.2898294048112813
2012-04-04,1.3161584465456386,1.2052933308779221,0.9644148659675914,1.0137825723598721,1.2209258303216055,1.2718501158253415
2012-04-05,1.3212861264309377,1.2058250920222109,0.9657081089473323,1.0132748012307282,1.2227477664579982,1.2725641671934191
2012-04-09,1.3241422891297443,1.2006859612817513,0.966693402547297,1.0018946037079723,1.2195877728778404,1.2645482945870465
2012-04-10,1.3205868428647953,1.1951480238387109,0.9683166588109278,0.9850779088014062,1.2097998829977208,1.256023517329169
2012-04-11,1.3231704073930401,1.1989066732131821,0.9694216698306797,0.9930512725219085,1.2135960303703133,1.261808918509095
2012-04-12,1.333196427988046,1.206660013570164,0.9711597952643524,1.0060263275103178,1.2219470526965308,1.2738476228591926
2012-04-13,1.328901649083558,1.1986488170908731,0.9699570045001553,0.9940658911724339,1.2163242667258949,1.261620023462992
2012-04-16,1.324531810104079,1.1974937437108502,0.9687035734985556,0.9934136109518282,1.2157114871936059,1.25973698252242
2012-04-17,1.3330152940323803,1.202711673345969,0.9693484797136003,1.0081286719181108,1.2257923209635209,1.2677686741430279
2012-04-18,1.3270901080233002,1.2001429566357245,0.9674038652854259,1.0047214118353511,1.2243357281107003,1.2638144293300257
2012-04-19,1.3240757859792707,1.198901144034926,0.9668141756491132,0.9982705799880199,1.2202578779349111,1.2617984090594052
2012-04-20,1.3283468279907467,1.1996851556294286,0.9682727507966218,0.999937620952653,1.2215067564566564,1.2631093276361656
2012-04-23,1.3231482860105381,1.1932411788534996,0.9671113278678714,0.9915288827422398,1.2164461063055874,1.2530851486977277
2012-04-24,1.3236406030166619,1.1952346907461817,0.9674835494227066,0.9952984102081676,1.2178784366612998,1.256153514079044
2012-04-25,1.329282593543649,1.2006836884689696,0.9681497387245898,1.0089258164639332,1.2270800805445268,1.2646451580940892
2012-04-26,1.338827503402323,1.2050950016316544,0.9707980151607133,1.0159569581731434,1.2338114363215724,1.2713309004735294
2012-04-27,1.3415175702513384,1.2066467824187213,0.9711884304172536,1.0176238570442746,1.2355357941023761,1.2738235826254085
2012-04-30,1.3394436795174485,1.204898728021669,0.9709132657344216,1.0138546848121015,1.2332386657739056,1.271029858691431
2012-05-01,1.3398668311416344,1.2068504579387396,0.9705465238579379,1.0201611496614726,1.2369434734194573,1.2740208779041644
2012-05-02,1.3363142787655888,1.2045907953423376,0.9693322911162973,1.017116938476142,1.235656798505676,1.2705573564048958
2012-05-03,1.325367483478248,1.1982624260992472,0.9661332215159066,1.0093607646733385,1.229949257597254,1.2609608463859712
2012-05-04,1.3169835144629456,1.1923357465452904,0.9655028412260422,0.9930512725219085,1.2200092421375952,1.2518770896613232
2012-05-07,1.316536188458277,1.192512959586769,0.9653873820799028,0.9937760204284984,1.2203980088170752,1.2520452201449146
2012-05-08,1.3108955096471033,1.1851686942754531,0.9621367554539092,0.9897899424656306,1.218610849091372,1.2407887786974847
2012-05-09,1.3033787981934246,1.1811302279200317,0.959712091995434,0.9839181416386604,1.2147460529788363,1.234598982497512
2012-05-10,1.3048529586180904,1.184049961725165,0.9609082112511369,0.9859480183604696,1.2155261939476159,1.2390736370184603
2012-05-11,1.3018418177025133,1.1806581450083482,0.9590039248776501,0.9829757775338663,1.2149937644762412,1.233874896165624
2012-05-14,1.2950528678766902,1.1710196896387306,0.9565622341411134,0.9721032090467522,1.209255400206037,1.2191016959733867
2012-05-15,1.2922269230619143,1.1659795444668315,0.955433647577791,0.9665215631507215,1.2053222588064014,1.2113766527436431
2012-05-16,1.287609153479611,1.1629836302991359,0.9539655885851981,0.9628250717447853,1.202997889230024,1.2067847189419674
2012-05-17,1.2921778564797373,1.161441373235893,0.9573372887291327,0.9485452431749116,1.1944461432114941,1.2044206964493342
2012-05-18,1.2925460401537083,1.1605057305125714,0.959258398286566,0.9404270861759435,1.1881940610156192,1.202986398394086
2012-05-21,1.3043855066328929,1.1674115321745635,0.9607683730322055,0.9565911456281487,1.19868237325525,1.2135698450358507
2012-05-22,1.293035993913659,1.1660696864655842,0.9570588263184209,0.9582583286862837,1.198823676273067,1.211718692549026
2012-05-23,1.2905482569356717,1.1648633183286319,0.9558939726056692,0.9587658156284237,1.2005030795967755,1.2098694975285327
2012-05-24,1.2891654679404687,1.165625239441255,0.9547364684089548,0.9606505438380123,1.2008035949063205,1.2108313096375214
2012-05-25,1.2919586406592165,1.1655914859584948,0.9562394370021371,0.9575337228731958,1.1999775510409765,1.2107792876171923
2012-05-29,1.291341636696262,1.1688379295773956,0.9541673955701541,0.9691311103136506,1.2080215022272307,1.2157538895227709
2012-05-30,1.2901470793914271,1.1622481723364262,0.9549580772061026,0.9550691110822347,1.202526891095063,1.2056538700760737
2012-05-31,1.292781298040666,1.1600439284290702,0.9557744364529679,0.9529669798146942,1.2029296865852592,1.202287610885213
2012-06-01,1.2896695649177787,1.155647716088698,0.9582619544604997,0.9289742788737014,1.1888912466014268,1.19566755649719
2012-06-04,1.2881570965752305,1.1554568976414676,0.9582805054708106,0.9285394017110474,1.1857647923823798,1.195379644229387
2012-06-05,1.2871593672084238,1.159123257811413,0.9578242897577987,0.9355702592332535,1.18949183053319,1.200900268271988
2012-06-06,1.2972348213455365,1.1705417228001893,0.9590238654363452,0.956591145628149,1.2022606380051586,1.2181913947260534
2012-06-07,1.290793216848517,1.1662786429746097,0.9558330072652922,0.9571706739757669,1.2038538251669677,1.211771757822099
2012-06-08,1.2952564158070745,1.1696664563807753,0.9565463355847013,0.9647821965936068,1.2099735349426308,1.216872915816272
2012-06-11,1.2847020662772346,1.1644452186189447,0.9544432306707632,0.9525323157922932,1.201983464088516,1.2090099810880643
2012-06-12,1.289566399090076,1.1710147899811494,0.9555776824948071,0.9634772098718893,1.2076976570657572,1.2188049613766807
2012-06-13,1.287948808029113,1.1685872284972036,0.9553477036170623,0.9573161066749916,1.2055621955932334,1.2151492397269825
2012-06-14,1.294179003787102,1.1720521913153568,0.9561106651753286,0.967463785162014,1.2119602405385683,1.2203665426847694
2012-06-15,1.3033519293714175,1.1758986780883058,0.9579164947893614,0.9773583951221007,1.2216740093218077,1.2262556230219275
2012-06-18,1.3059624694460445,1.1779714688519214,0.9581152961094039,0.9792529277833222,1.2229757394566618,1.2292788105297123
2012-06-19,1.309243067829573,1.1815440600110876,0.9590237195391628,0.9887250227154225,1.2285072138304347,1.2348527388602926
2012-06-20,1.3027973762193283,1.180315212286662,0.956607047810161,0.9871217817331557,1.2263157413006456,1.233002080321315
2012-06-21,1.2784568600120962,1.16497761738044,0.9493834066424715,0.9649726729329428,1.2105618957057682,1.2097117654921845
2012-06-22,1.2801256263751033,1.1700911811304273,0.9502052191883543,0.9724038788968343,1.2141034979607812,1.217508878409612
2012-06-25,1.284860050956357,1.1658269261128018,0.9524044961309036,0.9568120299768978,1.2049140244803054,1.2109896762121777
2012-06-26,1.2851593719390846,1.1647445147127438,0.9516505669785637,0.9616207582691847,1.2074903898975728,1.2093594955920015
2012-06-27,1.2918479481644682,1.168101490280267,0.9528214100445047,0.9702910906166496,1.2147231074869915,1.2145114922599698
2012-06-28,1.2852231504714131,1.1640110461799393,0.9503814480648901,0.967521972451054,1.2141797812998278,1.2082545099710782
2012-06-29,1.3115189483816192,1.179579434951917,0.9577128781424744,0.9916395735802427,1.2302131181523308,1.231896906130759
2012-07-02,1.3164737077479922,1.1801381433530482,0.9577522052571039,0.9946268052712994,1.234719828605574,1.2327438993494946
2012-07-03,1.3324908710556658,1.1875007426126263,0.9632657494020681,1.0011842782918288,1.2383680160545316,1.2439152010061176
2012-07-05,1.3317779604093771,1.1834431925669926,0.9628378445663772,0.9966666995849947,1.2363295905358145,1.2377580033013036
2012-07-06,1.3201864315604908,1.1763664243855023,0.9591900945913282,0.9871948888398983,1.2310143083732392,1.2270198994512909
2012-07-09,1.3294605320012003,1.1767325434544977,0.9614660045007074,0.9859562597835817,1.231462326064728,1.2275747530266863
2012-07-10,1.3211401891667145,1.1707488826107992,0.959549812924886,0.9773583951221007,1.2252905987018259,1.2184952389802617
2012-07-11,1.3255593404804198,1.172041102096544,0.9608945437654258,0.9775046093355856,1.2249426579285123,1.2204557252696797
2012-07-12,1.326621418214685,1.1699874571836992,0.9614959395055711,0.9727682776825317,1.2225583879142803,1.2173393621807056
2012-07-13,1.3378270708017654,1.1780769473959372,0.9637764784424521,0.9890892083608669,1.2342962961794943,1.2295139120426974
2012-07-16,1.3438212518909938,1.17861216465169,0.9657931192932554,0.986757809227964,1.233656767798572,1.2304248709465544
2012-07-17,1.3417953715869035,1.1784244957881798,0.9639575507826673,0.9935336799609584,1.2374220998825503,1.2301398320755923
2012-07-18,1.3466635773845423,1.1795779950051468,0.9640025205371952,1.0008925603323677,1.2434017895250435,1.2318898041426394
2012-07-19,1.3521063832181393,1.1812048895359786,0.9657288135321191,1.003515890564984,1.2446240756400324,1.2342584128868759
2012-07-20,1.352554395310528,1.1770153222711612,0.9661014880270855,0.9943352294053406,1.239753612423537,1.2280008468610686
2012-07-23,1.3390066395186222,1.1703966431281188,0.9622121217879245,0.9842802669283268,1.2330911391703876,1.2179572869630966
2012-07-24,1.3356328278544725,1.1667929235052705,0.9617278931338779,0.97582854543358,1.2277588244324453,1.212389235967423
2012-07-25,1.3408316602315562,1.1690560129385557,0.9636077589135237,0.9760471562862982,1.2281957846653135,1.2157230942188972
2012-07-26,1.3449979463257187,1.175364861269353,0.9634728109217826,0.9921492629716624,1.2386288247112114,1.2253952369773342
2012-07-27,1.3514061367073942,1.1850640203400162,0.964650084064874,1.010437478184207,1.2486342750957584,1.240012129463159
2012-07-30,1.3564643282401048,1.1838189383335234,0.9650279600373569,1.010437478184207,1.2502328460891843,1.2381219867092685
2012-07-31,1.3505069010265898,1.1798837390510502,0.9638383335592825,1.003370173678756,1.2458391099565387,1.232350150894318
2012-08-01,1.3452210175635613,1.1759635238827202,0.9622566379627396,1.0024955881743818,1.2433700509786978,1.22630114914195
2012-08-02,1.339383550681413,1.1717728933760743,0.9604028500151359,0.9955742136954121,1.239400741103936,1.2199415485799179
2012-08-03,1.351898710364548,1.1833745315072315,0.9633878525505332,1.0153191714897343,1.2515075130328375,1.2375468858280714
2012-08-06,1.3574855567243858,1.1863634635764537,0.9653039953190223,1.0172863139304418,1.2532927879759097,1.2419820796421615
2012-08-07,1.3593957377237134,1.190883818679087,0.9665766087692433,1.0223873285561973,1.2544895477948612,1.2489412566692881
2012-08-08,1.3567319746294098,1.1903799708182266,0.9657614879900411,1.0236256023787589,1.2547269646062984,1.2482760846130976
2012-08-09,1.3597294818422847,1.1919870731608413,0.9665751810120201,1.0245000457896305,1.255013384466065,1.2507145676849856
2012-08-10,1.3600113654305215,1.1926175925200315,0.9660393898564669,1.0261755413176283,1.2576770586882269,1.251671077294585
2012-08-13,1.35406229880434,1.191433419186014,0.964174925887081,1.0256654256457027,1.2569775439580215,1.249873240363018
2012-08-14,1.3470592865139528,1.1900126036729182,0.962340580021896,1.025810787298176,1.2546653481461685,1.2477168308494164
2012-08-15,1.343294697932209,1.1917418575255352,0.9622170638933346,1.0269774459957657,1.2530683640572522,1.2503406799310288
2012-08-16,1.3467956081176449,1.1973376479850821,0.9634936269320469,1.0345547951263918,1.2575258937825675,1.2588320893079676
2012-08-17,1.3497095512436639,1.197386895097314,0.9637471908547468,1.0359390700221855,1.259151057684478,1.258906569265652
2012-08-20,1.352896649090663,1.1987741901314017,0.9638600044241983,1.0360116798016714,1.2594787483403256,1.2610110430219188
2012-08-21,1.3594605094626024,1.2001958620415452,0.96600332923787,1.0328786601776352,1.2575560675212136,1.2631681337344336
2012-08-22,1.3725296401560554,1.202630821828211,0.968963013784758,1.0333159529298224,1.2616725129392106,1.26686289791277
2012-08-23,1.3750419395256526,1.2029931886656662,0.9710720151613068,1.0248638762013207,1.2562432158277428,1.26741248364754
2012-08-24,1.3744919008358558,1.204084071014372,0.9697655146977135,1.0310571635764054,1.2606288864739048,1.2690675982224116
2012-08-27,1.3757173630809216,1.2026597982256624,0.969127990417895,1.0312755612888702,1.262070377939467,1.2669054081757167
2012-08-28,1.378977427383668,1.2033153497239306,0.9703032562337466,1.0302555430852718,1.2614931079872775,1.2678999042658903
2012-08-29,1.3749642260844988,1.202157686537431,0.9686644883358628,1.0310571635764052,1.2617707318407745,1.2661428588714212
2012-08-30,1.3713363662675833,1.1982783081582185,0.967827055010508,1.0236256023787589,1.2571478349766272,1.2602555299710259
2012-08-31,1.3895636050507891,1.2057074478039282,0.9721388850132601,1.0285073667310374,1.263973839257596,1.271535120822846
2012-09-04,1.3906684592317038,1.2071376722106286,0.9721581410588479,1.0275597451666718,1.2621180777585879,1.2737255035824349
2012-09-05,1.3883852472850982,1.2065311608543485,0.9721584535797695,1.0266855148960525,1.261287794393805,1.2726929992658371
2012-09-06,1.3910153846746796,1.2156847350064879,0.9706193115957333,1.04752388218772,1.2732156412886462,1.2867180231447162
2012-09-07,1.403222124793552,1.222752124642089,0.9757941259837549,1.0516038129086123,1.2768745139285396,1.2976494431141297
2012-09-10,1.400744100371245,1.217581948698333,0.9753770179259466,1.0456294205732493,1.2727013807069212,1.2897266088507593
2012-09-11,1.4022244822950656,1.2202162971200807,0.9761076081547427,1.0485437582978165,1.2739211984562064,1.2937627355692678
2012-09-12,1.3997556223547927,1.2221410906517536,0.9756436420866328,1.0520408925205462,1.2740376719388073,1.296711663945521
2012-09-13,1.4189489334563214,1.2339349730060738,0.9811971218658554,1.0680704604731759,1.2872976437461272,1.3147822652876306
2012-09-14,1.423803081671223,1.2387783669112207,0.9855962086766875,1.0728070763132338,1.286098579941023,1.3222031485875105
2012-09-17,1.4135563238965847,1.2358644238186935,0.9816605451387878,1.0691635857835171,1.2844336978896789,1.3177373725930959
2012-09-18,1.4124579787200373,1.236405290838383,0.9806721529006263,1.068289213419396,1.2850432196629278,1.3185657839916387
2012-09-19,1.4098048813139528,1.2356285603681645,0.9793582452637078,1.0688721520110605,1.286634529748291,1.3173753674637012
2012-09-20,1.408259603953414,1.234723860021127,0.9777905672596164,1.0689455433048067,1.2869674223946261,1.3159888431795168
2012-09-21,1.411271083771038,1.2345766913932887,0.9787631046254583,1.0684984461009865,1.2877058116648408,1.3157630285733826
2012-09-24,1.4064128510135439,1.2320354957220974,0.9766764087778472,1.066886750555355,1.287632269595112,1.3118683857916171
2012-09-25,1.4021819908237023,1.2244426311917405,0.9758045660971676,1.0555330534707086,1.281118827252347,1.3002340834812058
2012-09-26,1.4003869876348263,1.2211741869274528,0.9747665222260464,1.0495993709236484,1.2788335447049852,1.295225769668763
2012-09-27,1.4109041393578923,1.2293537249972946,0.9777631715281038,1.059488510283911,1.285057667777548,1.3076554483413054
2012-09-28,1.4090823568355306,1.2273093684278178,0.9774107584950427,1.05458081386753,1.281430162549378,1.30463155195802
2012-10-01,1.4135469537817917,1.2288439729466882,0.9782185866066757,1.0573643545235716,1.284410391238753,1.3070007592654012
2012-10-02,1.414708424886665,1.229407891325851,0.9792121292262514,1.0584629504337368,1.2848801605043143,1.3077658475327205
2012-10-03,1.4105640349657098,1.2296195579390055,0.9777083587944081,1.0627844401079083,1.2885512597466393,1.308198065804984
2012-10-04,1.4206642691141091,1.2349308346069086,0.9804772832855405,1.0704029253073426,1.2920709949509501,1.3164007301604228
2012-10-05,1.413374326035014,1.2334753420637803,0.9790121376618508,1.0704758903205833,1.2898052509306948,1.3141525160697276
2012-10-08,1.4121112476854083,1.2304793316367384,0.9787147978009537,1.066813359261608,1.2887915116324542,1.309524384769721
2012-10-09,1.406245847115579,1.2252542744116646,0.9777332244628564,1.0562653323329,1.2800601139556111,1.3014542857783524
2012-10-10,1.4045911202796382,1.2233451576282273,0.9774133266694187,1.0495261927701545,1.276377265228706,1.298399897293934
2012-10-11,1.4101734470506968,1.2241760242861077,0.97817634779253,1.050112470559114,1.2772779319342609,1.299682820926046
2012-10-12,1.4018442439963168,1.2201072116456435,0.9757648240677886,1.0466698291943746,1.2748151927239275,1.2935040789296084
2012-10-15,1.3998813420875351,1.2199717368200682,0.9735493988877507,1.0553865550702195,1.2813121591964693,1.2931882842787334
2012-10-16,1.4006811461102329,1.2258409996288882,0.9731252629103755,1.0660807251656614,1.28669557507183,1.3023582438790597
2012-10-17,1.4008641199647291,1.229458204267237,0.9729043521505212,1.0709154565688013,1.287002864755753,1.307838940382117
2012-10-18,1.3962837656733365,1.2266281792697242,0.9723053525496889,1.0681319869595107,1.2840742406596455,1.303573398084437
2012-10-19,1.38630411277111,1.2172105351790348,0.9709350492093155,1.050332005019595,1.2732264139645963,1.2890281425918533
2012-10-22,1.3845274475259752,1.218889805393369,0.9710614245841098,1.0504790717940917,1.2716298818004501,1.2916207768975347
2012-10-23,1.3764422061526167,1.2109991274169865,0.9695585726305213,1.0359017704779294,1.2634157550292364,1.2793282440229707
2012-10-24,1.3709224079527407,1.2093307473738761,0.9688201837217931,1.032971944561652,1.2601912530204413,1.2767512088275834
2012-10-25,1.3722636084512774,1.2124447692279092,0.9691210664826254,1.0359750196781738,1.2605349821152836,1.2816658723658212
2012-10-26,1.377542920508827,1.2110924666727074,0.9696435509471809,1.0353891681697198,1.2633256487945141,1.2795769989332448
2012-10-31,1.3839817313255984,1.2128421833206213,0.9721366950917261,1.0353891681697198,1.2654033237591777,1.2821755817599374
2012-11-01,1.387014720329175,1.2171085026924686,0.9713208654244705,1.0462301208526548,1.272343041958563,1.288728150993786
2012-11-02,1.371249609791067,1.2080549778804086,0.9673694261442732,1.0369273303281032,1.2659440355788616,1.274822046409572
2012-11-05,1.378666829045344,1.2116684618314053,0.9691911543569046,1.0390516992286951,1.2687235384936135,1.2804751597962631
2012-11-06,1.388405793711913,1.218754109338435,0.9717006395412685,1.047182431502584,1.2723838586579683,1.291358100973292
2012-11-07,1.37982055053019,1.2104773610328199,0.9729954623036411,1.0234492643428648,1.2592083986608211,1.278541323487687
2012-11-08,1.3832141806554321,1.2080537824728688,0.9760668189184954,1.0111431855615383,1.252439078704259,1.274818514151449
2012-11-09,1.383049325403689,1.2072850622956246,0.9749871712896824,1.0120226022449779,1.2531312990650894,1.2736374991617594
2012-11-12,1.3832534532268732,1.2073525049802378,0.9750730625806904,1.0128281303074143,1.2540504696588621,1.2737402987458986
2012-11-13,1.3806006622504872,1.2059309419017166,0.9743555936003058,1.0093119555554262,1.2520830228158564,1.271556573178349
2012-11-14,1.3755239023791364,1.2015521217866643,0.9748267535273125,0.9956876753567027,1.2422335824789037,1.2648305640589648
2012-11-15,1.3714031597376601,1.1994686565091064,0.9734603357663407,0.9940028727043286,1.2407629350068607,1.2616301547169964
2012-11-16,1.3745485099517765,1.2013048947017042,0.9736388983452187,0.9989107822609621,1.2446907372844498,1.264450307025048
2012-11-19,1.3899059593669036,1.2122342699205497,0.9748494007797592,1.0191274194349385,1.258482083924457,1.2812368510008685
2012-11-20,1.3845096242520047,1.2123882981751462,0.9732533910757125,1.0195671988234092,1.256690343544987,1.2815769092403577
2012-11-21,1.3855405351998953,1.2132662834143877,0.9727601822556334,1.0214720332635205,1.2573358131552943,1.2829252244598717
2012-11-23,1.3946185458763216,1.2204675351965184,0.973497645196847,1.03538916816972,1.2672590691533652,1.293985465823294
2012-11-26,1.3962584100484152,1.2199603400889258,0.9742588233619747,1.0331919053026382,1.266493184163482,1.2932055576528343
2012-11-27,1.3938931975764335,1.2175147887023514,0.973842749027246,1.0279174655577787,1.2638002430516138,1.2894489989456874
2012-11-28,1.3955285941335278,1.2188773371195654,0.972521626495589,1.0361944120451527,1.2705272590640433,1.2915415247615765
2012-11-29,1.4034198364854078,1.2229486082545618,0.9742351881470802,1.0410294986820474,1.2745894565929352,1.2977945371563955
2012-11-30,1.401638858969953,1.2210284709606807,0.973850132355804,1.041248820002275,1.2746552521613417,1.2948458277417476
2012-12-03,1.4034645598111541,1.220661546341896,0.975588545138076,1.0361213759851606,1.2706875624168859,1.2942797844534033
2012-12-04,1.3987124283184293,1.217161753631747,0.9737706851757043,1.034656463027022,1.2705029738779052,1.2888872274352252
2012-12-05,1.3994951449018393,1.2171827003268556,0.973899325587097,1.0364879061733872,1.2722705039345008,1.2889192054618022
2012-12-06,1.4001750950933742,1.2184615749273602,0.9740402255118062,1.0400035125513678,1.2751340696938944,1.290889320118017
2012-12-07,1.3999284869274418,1.220665191622266,0.9739501017983553,1.0431538675826393,1.2759935344314615,1.2942842195477984
2012-12-10,1.402129022284842,1.2217765414599466,0.9748056217065484,1.0435932917373552,1.2767852830050368,1.2959957204600003
2012-12-11,1.4019948812786869,1.2245120230010949,0.9737871008955198,1.0506986062545722,1.2810190814166036,1.300210113506079
2012-12-12,1.401031983606334,1.226059952966766,0.9731860961623827,1.0512112085627818,1.279236882494066,1.3025948309016189
2012-12-13,1.390702767851599,1.220137311446688,0.9704435702244594,1.0447652078945158,1.2735172446560938,1.2934693885858866
2012-12-14,1.3921306754939753,1.2183420515340706,0.9711644207605843,1.0408827160945546,1.2717915723665643,1.2907031872074308
2012-12-17,1.3933422193242337,1.2234813611901316,0.9700878246473709,1.0531151904418818,1.2781017829004835,1.2986211596445434
2012-12-18,1.3929314559040098,1.2250031719571888,0.9676243911673377,1.0648354887615052,1.2847393651042884,1.300860934412801
2012-12-19,1.3916603737948217,1.221947956341698,0.9684899731585349,1.0569247882753534,1.2796329880073758,1.296258260498683
2012-12-20,1.3890680961135626,1.2201219328259356,0.966607629023227,1.0630044008488948,1.2844268954459677,1.2934446900174066
2012-12-21,1.3881275949888159,1.2169644197161598,0.9676962865541573,1.05335518636664,1.2787005960348174,1.2885796141230499
2012-12-24,1.3848785116326208,1.2160333930885876,0.9673921047477015,1.0501094155488229,1.2758003128796305,1.287144614919424
2012-12-26,1.3871710052601367,1.2146166319384684,0.9683758465001597,1.045683202963729,1.2735877727162124,1.2849614035500025
2012-12-27,1.3891205720427793,1.2152024487442334,0.9691602567633554,1.044281521613949,1.273591723105139,1.285863727631152
2012-12-28,1.3834602865652101,1.2105309345679702,0.9685788815820398,1.032995247895968,1.2664769418975452,1.278561126127196
2012-12-31,1.3891885953501792,1.2193047691434074,0.9681720699040994,1.050552534134589,1.2766885050572954,1.29218426406935
2013-01-02,1.4033883568275523,1.2316558752455078,0.9693082007251616,1.0774779739086489,1.293993682720071,1.3112015118344509
2013-01-03,1.3910858247797444,1.227559072816441,0.9653677024715308,1.0750434859400966,1.2896053696502388,1.3048932487750724
2013-01-04,1.3916863389662786,1.2284287783137258,0.964119990611578,1.0797647556819459,1.2932852668707497,1.3061275638804142
2013-01-07,1.3912430362115684,1.2262435911593579,0.9642571766995185,1.0768142551611377,1.291419131199219,1.3029715120990357
2013-01-08,1.3928942570934044,1.2258712231266087,0.9651813915614439,1.0737159773983231,1.290395121871524,1.3023979543180126
2013-01-09,1.3947503146810527,1.2268254092547144,0.9657558325309864,1.0764451672898765,1.2926701502368603,1.303866950450855
2013-01-10,1.4006411259203657,1.2314909883803784,0.9667161105691421,1.085002251116304,1.2974369925279905,1.3110505714476721
2013-01-11,1.3987123173016336,1.2292436724357745,0.9653614611159177,1.0849287887758066,1.2989985949273901,1.3075901031929953
2013-01-14,1.402269675842453,1.231198725477971,0.9664459198470269,1.0841911103605415,1.2982705126086573,1.3105997656113269
2013-01-15,1.404305859287833,1.233181062419257,0.9671444458299029,1.0849287887758066,1.3000439930391692,1.3136518213956097
2013-01-16,1.40436160265814,1.2331632502023848,0.9668133497083948,1.0847810115338004,1.3006010376635628,1.3136241298836047
2013-01-17,1.4085844381657975,1.237531327014026,0.9675510952104825,1.0917893472359508,1.3033833118506686,1.3202449913924155
2013-01-18,1.4129249588686985,1.2381721412480475,0.9677824925693191,1.094223835204503,1.3065837844228245,1.3213360981162663
2013-01-22,1.41775638074693,1.2415503486596813,0.9682185141311228,1.1001252625266256,1.3113145957396768,1.3265367298343118
2013-01-23,1.4182040094670818,1.2421637450090017,0.9678313778387244,1.1018956765139118,1.3128428196019544,1.327480967443816
2013-01-24,1.4154424084721158,1.240768444362991,0.9666972705810281,1.1021906626239169,1.3122027628040913,1.325227702635225
2013-01-25,1.4125668887868064,1.2416913928017494,0.9652589412460097,1.1083874312897988,1.3133479811453672,1.3267531943535305
2013-01-28,1.409899706729463,1.2409283036820815,0.9647301113192408,1.1070597806545237,1.3113349662641443,1.3255775250334814
2013-01-29,1.4135781723307568,1.2441011632470116,0.9652280415122249,1.111412033571863,1.313748303314087,1.3304627104445577
2013-01-30,1.4165076023739702,1.2446416770254483,0.9665517281359978,1.1070597806545235,1.3108595838805146,1.331294757017358
2013-01-31,1.4160728086189085,1.2424791896882097,0.9667012166455905,1.1043298092487093,1.309277240107873,1.327865995842955
2013-02-01,1.4195611691178869,1.247856184347091,0.9659226401899393,1.1156903268214484,1.3155790728022767,1.3363224235626023
2013-02-04,1.4170297659199058,1.242962649913366,0.967306178420297,1.1031495806216856,1.3096728767985304,1.3287234436042563
2013-02-05,1.4204292919065395,1.2471115814002809,0.9665449209555619,1.1142891427989248,1.3157190076669547,1.3350579721812283
2013-02-06,1.4226298814320832,1.248105000116196,0.966901090285534,1.1151004256481893,1.3178779873245656,1.3366002909302002
2013-02-07,1.4183507179532548,1.2462725501607796,0.9657859539419317,1.1136256371916664,1.3170754628963115,1.3337547425507308
2013-02-08,1.4217514808164484,1.2477379267653517,0.9653069639929451,1.1198218374835407,1.3218790276463575,1.3360298938351036
2013-02-11,1.4166555275492423,1.244471898536089,0.9630954511370755,1.119600455807535,1.3211776653090141,1.3309579330096402
2013-02-12,1.4182203894553365,1.245471374062383,0.9634170291598613,1.1214448294625756,1.3219460874535365,1.3325095958943558
2013-02-13,1.4157669563193658,1.2452825606393207,0.9624708057315894,1.1224033211798388,1.320799317484299,1.332323655425631
2013-02-14,1.4155675336528237,1.2438003755784641,0.961662515760891,1.1234361988453623,1.3237580291039888,1.3299143778184224
2013-02-15,1.4074372304843894,1.2389987664096824,0.9583029139456051,1.1221086192568381,1.322319545566399,1.3225658589173013
2013-02-19,1.409378394485036,1.2422476235352906,0.9582066850514956,1.1305187073555196,1.3274616429175323,1.3276093098244015
2013-02-20,1.393795531154589,1.231641480323478,0.9540590067265502,1.1164280762834646,1.318574975447298,1.3110327470760896
2013-02-21,1.3877350685404197,1.227601207156899,0.9535123187320004,1.1096417616780787,1.3147857173823014,1.3048663622376182
2013-02-22,1.3949615718486366,1.23245707026919,0.9546062999876641,1.1204852720440481,1.3231419245114404,1.3122983970494295
2013-02-25,1.3896199452736187,1.2254023039095447,0.9557975789599854,1.0991663445288564,1.3120292978758672,1.3014504406207938
2013-02-26,1.392957519789389,1.2301369980846828,0.9563898299054195,1.1066908348767646,1.31639343216851,1.3088018727905248
2013-02-27,1.394400464765531,1.2326610738838284,0.9545803498008295,1.1206325519587976,1.3260635540089325,1.3126131949293403
2013-02-28,1.3911229646192438,1.2295801821086785,0.9537624707523387,1.1184202271805115,1.3252309092951593,1.307831794008735
2013-03-01,1.3924294370953052,1.2297667716109577,0.9536702953490698,1.122108619256838,1.3291755760426256,1.3081198149959634
2013-03-04,1.391317376712034,1.231622672807087,0.9523453615004216,1.1280840062467141,1.3321857285293834,1.3110927676092305
2013-03-05,1.3987828050335764,1.2364597649868627,0.9529943835537972,1.1381901934311733,1.3388259468872707,1.318461628115253
2013-03-06,1.39871121107841,1.2395436455621016,0.9534701462863746,1.139739580976209,1.3382434520799396,1.3233330042545077
2013-03-07,1.3984872928608947,1.2404062099907052,0.9527593075033757,1.1418051231670021,1.3376810961426813,1.3245597938223517
2013-03-08,1.3997072626496705,1.2429781050226925,0.952677719245432,1.1466736017768502,1.3384681699900354,1.3286399051582856
2013-03-11,1.4014132116421474,1.244700576377313,0.9524304384645398,1.1510260678344424,1.3418097342003636,1.3311949692116003
2013-03-12,1.4038274658017866,1.2449898444730247,0.9534621219696156,1.1484442999511404,1.3414107656751277,1.3317475860765835
2013-03-13,1.401583641247858,1.24422847959395,0.9526854858582073,1.1500672919301753,1.3421188923071319,1.3304648102095418
2013-03-14,1.4056721782478179,1.244889133544229,0.9534925644375402,1.1561898167412994,1.346620216169025,1.3314854940096803
2013-03-15,1.4062689317490775,1.243641218961403,0.9536434411848095,1.154663803577331,1.3473679588616525,1.329556710716733
2013-03-18,1.4049377952502426,1.2423646853950867,0.9544839433588412,1.1482918336235703,1.3445712042645512,1.3276890835317847
2013-03-19,1.4031568079807273,1.2415118503075564,0.954388938230251,1.145623814984597,1.3443086966427638,1.3263709322174568
2013-03-20,1.40553522535157,1.2443339410121748,0.9539370050652354,1.1536261657794928,1.3479677168792004,1.330731886933921
2013-03-21,1.4029986770715177,1.242370641457123,0.954020811823485,1.1437714130466974,1.3423479112709316,1.3276976613871856
2013-03-22,1.406027434918083,1.24383600461729,0.9536823672278122,1.152959818302196,1.3490785280597037,1.329856085208436
2013-03-25,1.4046189292620213,1.2428754855460662,0.9537195383240823,1.1481429196335484,1.346050139705492,1.3284769951084272
2013-03-26,1.4099448951849967,1.2451459339440711,0.9534907867954061,1.1573313248890469,1.3531272183101213,1.3318795405952952
2013-03-27,1.4139269754834742,1.245386236259714,0.9546872121746044,1.1573313248890469,1.3554055106618026,1.3323565768824934
2013-03-28,1.4100631500429903,1.2447528321658392,0.9533175585756752,1.160887925242334,1.3569321055646852,1.3312749544731322
2013-04-01,1.4099534885437064,1.2453979626832679,0.9537881861599786,1.1562936870912093,1.3551536926475698,1.332384355976915
2013-04-02,1.4054702505997403,1.243355436174837,0.9511807829067958,1.161999522707926,1.3580915682880526,1.3291024580527182
2013-04-03,1.3937721364873195,1.234629168860369,0.9487640410540513,1.150217768948718,1.3521074964800988,1.3156503512089675
2013-04-04,1.398514990435777,1.235781786993287,0.9495870059900274,1.154885540487091,1.3575585752825563,1.3174412138415539
2013-04-05,1.4032511496470799,1.2363430757962766,0.9524688108472601,1.149698488245918,1.3556418231234526,1.3182053956910107
2013-04-08,1.4035739699439638,1.2385722428599835,0.9505795185942179,1.1574792442245554,1.3593267413378076,1.3216686443051398
2013-04-09,1.408050080118984,1.2414879872873017,0.9510600548194326,1.1614810945661378,1.3623358975445088,1.3261991855186142
2013-04-10,1.4069869304605978,1.2444485450088643,0.9475843457964529,1.175707495979286,1.3700351404544022,1.330799392143536
2013-04-11,1.4100143043339068,1.2467261288202987,0.9487646886955773,1.17956071651785,1.3733444995759945,1.3344460884148557
2013-04-12,1.397253695156154,1.2355760329172156,0.9425816461585959,1.1766708899223657,1.374356037832632,1.3170120359305966
2013-04-15,1.3568310927421792,1.2076275610549025,0.9288344952033978,1.1494026495749017,1.3564475106223943,1.2735825650433543
2013-04-16,1.3687834374391044,1.2172514451164758,0.9305866737480488,1.166370958248026,1.366778027498957,1.2885368653283755
2013-04-17,1.357767926875558,1.2109123459435411,0.9296232941597677,1.1493288320006494,1.3558388701432196,1.2786864036816628
2013-04-18,1.3567533603361073,1.2110761910928411,0.9295556232090059,1.1421411032523137,1.3511014917841329,1.2790486073955734
2013-04-19,1.3637201732024609,1.2159731109521608,0.9320501138542975,1.1520699577463651,1.357761289068703,1.2865499550953656
2013-04-22,1.371739307678357,1.2215447184366122,0.9355337572982656,1.1571828371795314,1.3616506298595983,1.2952071794046942
2013-04-23,1.3732799976527756,1.2239572489965644,0.9347679301898001,1.1691128655080025,1.3696628283060788,1.2989558410257331
2013-04-24,1.3801448664448797,1.2263618611421738,0.9373253270232682,1.1698535989335592,1.3704356406278635,1.302692198280907
2013-04-25,1.3925867119433972,1.2346019442981984,0.9415629726009315,1.174596040607196,1.3731541604328887,1.315604008674616
2013-04-26,1.3904142194387796,1.2314054153732272,0.9413828856137387,1.1725213333855282,1.3736736469759752,1.3106367941245416
2013-04-29,1.3997028900932051,1.2388554975793225,0.9430536942308116,1.180375622751414,1.3789798068845946,1.3222129664467424
2013-04-30,1.3989086569937934,1.2394218410996543,0.9428328645901604,1.1831913475856424,1.3808518962327645,1.3230938452140635
2013-05-01,1.3859683941542937,1.2314895192539586,0.9389468625723869,1.1728173851967978,1.3753918902043578,1.3107907743790985
2013-05-02,1.3944236781600317,1.2366884011432695,0.9403424809150518,1.1837099888676839,1.3830192646596633,1.3187468370856592
2013-05-03,1.3982105534875051,1.2426578471090597,0.9394497586162668,1.1957136926769052,1.3866987751987137,1.3281123623225404
2013-05-06,1.400188837258661,1.2456733255111738,0.9398217178534023,1.198751651748151,1.3881140513330694,1.332788874380319
2013-05-07,1.3979083867498945,1.243956402917635,0.9377397116040731,1.2048279961711479,1.3916068710192,1.3301258308043307
2013-05-08,1.4028934050526285,1.2480419672006609,0.9390720928145393,1.2103109581300884,1.3961065735723768,1.336355213868629
2013-05-09,1.4026586218330843,1.25064857310591,0.9392614857513804,1.2069028454863173,1.3936189199310987,1.3403979023661012
2013-05-10,1.4019526090719077,1.2544291527618048,0.9381931749554256,1.2108298835991336,1.393268976902544,1.3463685568264456
2013-05-13,1.3999717448366868,1.258118521733714,0.9371164337903615,1.2117929933552094,1.392977829003689,1.3519832050986094
2013-05-14,1.3979999147852056,1.2585605483827844,0.934605105101929,1.2243149832127174,1.3995611969939556,1.3527757804830343
2013-05-15,1.3943311263431852,1.2553559664863359,0.9314818059237279,1.2309102531047595,1.4056020302289562,1.3478053680106095
2013-05-16,1.3957210232400385,1.2564958603965755,0.932204874561804,1.2251303157267868,1.4041464797088608,1.3495732067701962
2013-05-17,1.3929973824303126,1.2559895166234896,0.9285723717881912,1.236986029153749,1.4095006767931686,1.3486806350072216
2013-05-20,1.4018287420550652,1.262001622480489,0.9325602341963891,1.2369121405327457,1.409042450595871,1.3581121138902759
2013-05-21,1.3972258322550772,1.25713233533207,0.9302771580663635,1.2386901565223853,1.4117102871110838,1.3504526177767042
2013-05-22,1.3849152548081372,1.2531572806500946,0.9255729192630758,1.2295025327811473,1.4009577573487821,1.3442872429947617
2013-05-23,1.3899982184003496,1.2576436848936143,0.928302449967953,1.2259457903343582,1.3990263202794828,1.3512454723529481
2013-05-24,1.3878351856892697,1.2573033914422533,0.9276617576496476,1.2249079393962676,1.39850256292524,1.3507175310920154
2013-05-28,1.3898970898822989,1.2660142400919492,0.9275750527556647,1.2322438006203646,1.3972874378864535,1.3643346014876927
2013-05-29,1.3856477452864202,1.2621992649729226,0.9261820217979557,1.224241094591714,1.3938687845277933,1.3583103285458973
2013-05-30,1.3884951942059087,1.2662493276146045,0.9266602111981022,1.228761230981583,1.3970848677114949,1.3646989171573165
2013-05-31,1.3726817516803504,1.253991933064389,0.9228260857782328,1.2111262906441578,1.383244163739789,1.3455826671075706
2013-06-03,1.381984670515483,1.2587193054313641,0.9250811357076418,1.2177945965961918,1.3886138667864905,1.352952372359818
2013-06-04,1.3776216265271544,1.256294890937215,0.9239530813480834,1.2119414810647255,1.3831821784819873,1.3491725054218227
2013-06-05,1.3715070731614842,1.250786187612005,0.9234130514086317,1.1949723908773402,1.3742369848089384,1.3405841976348565
2013-06-06,1.3775587342039324,1.2557032516834896,0.9241615778797158,1.2057912480207253,1.3823344125459442,1.3483587976700582
2013-06-07,1.3728446440781492,1.255551858905055,0.9200129234908175,1.2211295310864694,1.3885313747510024,1.3480136731011534
2013-06-10,1.3696143436482915,1.2567701903684514,0.9176126199887045,1.2211295310864694,1.3871639430733818,1.3500216559174043
2013-06-11,1.3600751925752779,1.249412856867551,0.9147557579774611,1.2085329421404485,1.379899331200856,1.3384423173123614
2013-06-12,1.3540447751916707,1.2493399151563582,0.9134201528441934,1.1985295596046353,1.3705720758221938,1.338437392762511
2013-06-13,1.3669796852751754,1.2537967219900674,0.9158944374634106,1.2167577403126149,1.3872190844814292,1.3452765488789926
2013-06-14,1.366297873061761,1.253557770615296,0.9164021271579378,1.2091249036694858,1.3827251275883063,1.345012811751092
2013-06-17,1.3676182677202782,1.2559189907238657,0.9152516381770147,1.2184617255877495,1.3878081970143674,1.3486935434959704
2013-06-18,1.370988403323442,1.256914471365973,0.9152713688518985,1.2280946703640334,1.3940937087290814,1.3502453654239859
2013-06-19,1.3550249223692943,1.2502056794623484,0.9089446167391277,1.2111262906441582,1.374890555905679,1.3397860634611802
2013-06-20,1.314093609534037,1.2280816460559236,0.8958724193026827,1.1811167824574764,1.3518533569062834,1.305294073870002
2013-06-21,1.3097429466725239,1.2321899887593846,0.8929269145377219,1.1849083344162032,1.3487177346939703,1.3115899670336038
2013-06-24,1.2987848944082492,1.2254909609202456,0.8898098870064537,1.1699358710711758,1.3371423664823325,1.3011455805446621
2013-06-25,1.3029084213347712,1.2287633502820856,0.8906725521808592,1.181183708496885,1.3442191976818785,1.3062471206446078
2013-06-26,1.2999397404248991,1.2240376565819517,0.8869119656044969,1.1928786431264142,1.3543897631494064,1.2988794800429535
2013-06-27,1.3062849773175949,1.2248216037188158,0.8880756562983592,1.199880584620978,1.3620811700679722,1.3002104326412167
2013-06-28,1.3125464923445507,1.2294734397832197,0.8914433503275284,1.1949644336412326,1.3580774177367503,1.3074672345215828
2013-07-01,1.3224261622255382,1.236556111972326,0.8953931218180131,1.2019662330422942,1.3630591031856711,1.3183042140813543
2013-07-02,1.321983817709554,1.2341220140368334,0.8958088625071954,1.2008490939301273,1.3625093400341965,1.3146491278627002
2013-07-03,1.3248631981920755,1.2356876385593787,0.8964383178351432,1.2013698666146977,1.3618029651351224,1.3169621535211804
2013-07-05,1.3148230203365794,1.236304835497519,0.8908778434530773,1.2143312095801706,1.3615128543082347,1.3179154675005436
2013-07-08,1.3243342554104722,1.2401369409572611,0.8940102375342118,1.2212591203602288,1.3693684230127665,1.3240474927796717
2013-07-09,1.3314175347214103,1.2449946901501674,0.8954877547142023,1.2300488822960651,1.3762641376087101,1.3315529039737908
2013-07-10,1.3305979371835805,1.245557009199949,0.895382184480429,1.2304957663596323,1.3746586663794433,1.332421606723743
2013-07-11,1.3509494091616503,1.258336253924289,0.901071545791485,1.2472561211926834,1.3914477216427705,1.3521663091764418
2013-07-12,1.3516150548436752,1.2584109883162184,0.9016738667840237,1.2477773201577596,1.3913786077547392,1.3522816597242802
2013-07-15,1.3557780587897126,1.259626589094994,0.9030226186746699,1.2525449834279887,1.3963280837890863,1.3541594896034235
2013-07-16,1.35491388573266,1.2551852032078599,0.9036570741305162,1.2478524876202801,1.3933934379227222,1.3472971202794146
2013-07-17,1.355124704177925,1.2546868485793814,0.9041648977079746,1.2510548488732576,1.3979652216195662,1.3465270382601267
2013-07-18,1.356874809554027,1.257910344551549,0.9044309335822837,1.2579080184713014,1.4000907906760207,1.3514018441439264
2013-07-19,1.363628338874734,1.2594807535383692,0.9067768667529629,1.2601427229761413,1.4045870915028316,1.3538281457669823
2013-07-22,1.372369603989205,1.26801720313086,0.9099087997591994,1.262600798466014,1.4062098816834148,1.367017285599212
2013-07-23,1.3722923488684078,1.2690075382526498,0.9104697573311202,1.2599194940846106,1.4037444748666665,1.3685473029421027
2013-07-24,1.3593554787794269,1.2641756437959895,0.9051963960347205,1.255300460617399,1.3969331580653561,1.3609757467290922
2013-07-25,1.3628625623087116,1.2672884897806047,0.9067424494110495,1.2583550446283702,1.3998121286175615,1.3659967344902142
2013-07-26,1.3612091893837408,1.267314191334703,0.905671075384949,1.2596959810060757,1.4012043502544396,1.3660363855354705
2013-07-29,1.3576635714019327,1.2663267051833749,0.9054469119011974,1.2558226542369886,1.397448702856025,1.364404752286985
2013-07-30,1.3552388797127237,1.2648054394126549,0.9044611965377897,1.2558226542369886,1.3972892419834138,1.3621598315045966
2013-07-31,1.3610671190053965,1.2658356343428212,0.9070818506292468,1.2567164223641232,1.3982523484733322,1.3636554656157134
2013-08-01,1.3612758190648586,1.2689222314671158,0.9053440474686424,1.2712413622248249,1.4030120262774997,1.3685965843368113
2013-08-02,1.3646050173107587,1.270142943343144,0.9058950966741669,1.2734014676411523,1.4091765313645588,1.3703969216572038
2013-08-05,1.3620754026136381,1.2703121951641867,0.9058371900889427,1.2715393322983704,1.4061765511728488,1.3706614576396081
2013-08-06,1.3545644985590455,1.264822062737251,0.9036351652857564,1.264314161912276,1.4015180296325866,1.3620682681801979
2013-08-07,1.3510695780462145,1.2616623343855133,0.9022679072766829,1.2602171799711523,1.400814399261155,1.3572327763038015
2013-08-08,1.3636604967649344,1.2722336286475815,0.9065294917280948,1.2648353608773524,1.4047210039396318,1.3737785769538253
2013-08-09,1.3661210205701946,1.2722209808682057,0.9080058818021325,1.2611851209062939,1.40266852323503,1.373648455894216
2013-08-12,1.3733761504819981,1.2768702428659777,0.9108061092526082,1.2596959810060762,1.400576525256506,1.3809249114899298
2013-08-13,1.3688705263968821,1.2770590456606925,0.9075704860723733,1.2634206779721453,1.3980110439322952,1.381220234835667
2013-08-14,1.370734747756409,1.2771450976349943,0.9085653478335792,1.2569403617231636,1.3941791168491504,1.3813547348676876
2013-08-15,1.3703676862057244,1.2793752600326083,0.9103676537117137,1.2393599852904793,1.3793680848884335,1.3848451802537565
2013-08-16,1.3691840685111687,1.2806607898801528,0.9098780431369811,1.2352627191623518,1.3744912692665536,1.3868571076478122
2013-08-19,1.3621662256192555,1.2782279314646163,0.9079820740519032,1.2273668674471518,1.3668593883242566,1.3831589543988552
2013-08-20,1.3673720059834664,1.2806454478713094,0.9096698614103538,1.2334010101000756,1.373852331634864,1.3868324415132516
2013-08-21,1.3594921549110828,1.277711599133781,0.907503781211626,1.225803128458421,1.3653206917519765,1.3822403218925565
2013-08-22,1.3671982321272242,1.2835255926511102,0.9077473765627756,1.2369757984216097,1.37256010615428,1.3914503011714112
2013-08-23,1.3806287826438424,1.290515359363898,0.9120746610165442,1.2411472373577441,1.3784196215534743,1.402280266730764
2013-08-26,1.3842980949301418,1.2910476722842572,0.9142167263730115,1.2365294827320499,1.3764350400961354,1.4032233207438203
2013-08-27,1.384353675683466,1.2868859014613743,0.9173947863886031,1.2166406552670244,1.366287632244949,1.396709284610466
2013-08-28,1.3833859086611255,1.2875710749736278,0.9165299675812416,1.2209612923801845,1.3669208902031682,1.397781547533727
2013-08-29,1.3787511100369565,1.2856678480758523,0.9134482953255697,1.2228977426244751,1.3687626986420927,1.394692396020841
2013-08-30,1.371112522367086,1.2816734577809976,0.9105224635512147,1.2190237053878783,1.3651280640907877,1.3884423077442074
2013-09-03,1.3774056386174114,1.288707832254704,0.9122071725666195,1.2245365069822243,1.365733042637706,1.3995135764886941
2013-09-04,1.372582038155248,1.288196068667203,0.9083164688432004,1.23466748948277,1.3707424863675939,1.3987080304899333
2013-09-05,1.3651832407117896,1.285794801134989,0.9049927092984043,1.2362317968455083,1.3676545454299884,1.3949285279473422
2013-09-06,1.3735851605837364,1.289576030260503,0.9083628994397723,1.2368268844315877,1.371321846799921,1.4008798737809196
2013-09-09,1.3766376686711412,1.291898565829324,0.9081088043408533,1.2486713724718974,1.3803699378030352,1.4047600327384406
2013-09-10,1.3729063228757155,1.2917919940596183,0.9060550111830143,1.257908018471301,1.384071196873859,1.4044795756476243
2013-09-11,1.3776270809164388,1.2924868573043349,0.9072498961927579,1.2618560864224029,1.3894469237643652,1.405573181949216
2013-09-12,1.3692063951545546,1.2836337688454849,0.9053139699142106,1.2585042428053959,1.3872489483646533,1.3916389321152443
2013-09-13,1.3712020497863722,1.2858415057495576,0.9048401734820887,1.261334319083319,1.389858785297321,1.3950015629622823
2013-09-16,1.3676024711592545,1.2852754715535257,0.9035184980625693,1.2686346569319342,1.395962112210676,1.3942227389282411
2013-09-17,1.3689291619360187,1.286710405749614,0.9029085535976505,1.274295946235796,1.4008552459479244,1.3964811688622978
2013-09-18,1.3990061682525414,1.3012647560470023,0.9143509683865004,1.289044541268534,1.417518769856253,1.4192765676574512
2013-09-19,1.3960102723031942,1.302095507699926,0.9134470490667468,1.2868845779457088,1.4141614954990966,1.4205840851594858
2013-09-20,1.3837061773938526,1.2924426914594762,0.910262531884386,1.2778876436840598,1.4086606612497394,1.4055033194302433
2013-09-23,1.3803984588100273,1.289411975585396,0.9097320072273584,1.2719738542272698,1.4067564278377296,1.4007330743925221
2013-09-24,1.3808227243591675,1.288902440941276,0.9092687934346003,1.2689799441416223,1.4067601511779158,1.3999310366054136
2013-09-25,1.3824532979905606,1.2898388892992534,0.910549684702491,1.2653120845763246,1.405820837689246,1.401404882191436
2013-09-26,1.384931221912568,1.2910530661264985,0.9112398556087867,1.2701770818953755,1.407891212214246,1.4033158543581261
2013-09-27,1.3827855154069504,1.2907773886740888,0.9110454878220788,1.2643388861816116,1.404730956773487,1.4028819559448071
2013-09-30,1.3788079953890202,1.2883444925335121,0.910597761351622,1.2576025174421537,1.4011264003358903,1.3990536345176872
2013-10-01,1.3742308819226035,1.2860551873329262,0.9072105897557909,1.2675573040003074,1.4065331304008628,1.3953285609839965
2013-10-02,1.3809126157326317,1.2883770039757978,0.9101694254709191,1.2663598820595503,1.406667179993399,1.3989917479031493
2013-10-03,1.3759143050028253,1.284420877208043,0.9100986916984555,1.2546826380710112,1.3996310611309752,1.3927498973573098
2013-10-04,1.3792382248266557,1.28731131447625,0.9096204103004277,1.2641892617240804,1.4044466291709718,1.3973101946678033
2013-10-07,1.3809803504494755,1.2871354160545543,0.9112241194425504,1.2532607083972063,1.3976360169796533,1.3970323834027583
2013-10-08,1.3743098391367803,1.281521097898664,0.9101071538980898,1.2386642955050342,1.3876036493068873,1.388174286249008
2013-10-09,1.368092989778803,1.278294647966339,0.9084706334454736,1.2395627527177324,1.38721487821652,1.383196642991951
2013-10-10,1.3795365562846247,1.2837155502550979,0.909087403214011,1.2662851408775355,1.4038687686021918,1.391862865044558
2013-10-11,1.3788978358128745,1.2841288556271342,0.9077538991830251,1.2744440076648067,1.4101472960667638,1.3926280699183626
2013-10-14,1.379018004327381,1.286380256533299,0.9071386333770954,1.2795339389974112,1.4116807954598898,1.396179456252953
2013-10-15,1.376502947677366,1.2853096979065108,0.9078807862153164,1.2702519651708923,1.4055858826854797,1.3944901250098116
2013-10-16,1.386034834177197,1.2892087961210568,0.9082405195154413,1.2879924809802508,1.420138720515672,1.400528217016623
2013-10-17,1.3961714431713619,1.297409780517277,0.9105257889221279,1.2966003632336176,1.4290811359515971,1.4134670170454684
2013-10-18,1.4020412035937142,1.299836558584546,0.9118046572652728,1.3053587225055279,1.43499035725332,1.4171821688850041
2013-10-21,1.4007974107829675,1.2995971479291002,0.9108799341239834,1.3054330374070366,1.4346554310418356,1.416804055330874
2013-10-22,1.4098789303584316,1.3051406353122603,0.9129013698977113,1.31299326427068,1.4436124145016958,1.4255501757232838
2013-10-23,1.4001367207516229,1.300723898143323,0.9087291044997836,1.3067056268103145,1.4403982031133256,1.4185815323951718
2013-10-24,1.4046682022055537,1.3049946836439226,0.9105380921052518,1.31104729376176,1.4421466310462148,1.4254331873478703
2013-10-25,1.4079088942989453,1.3058961604772577,0.9112685642974786,1.3170353981200589,1.4471387275342618,1.4267418560096032
2013-10-28,1.4087750185695087,1.3058197849435853,0.9116112584537762,1.3191312772735142,1.4479903282142237,1.4266209714340754
2013-10-29,1.4090996078235876,1.3066734969624163,0.9103126813064958,1.3261673212085408,1.4534630679551213,1.4280813320332173
2013-10-30,1.4060951448124912,1.3045543013171998,0.9099567698432692,1.3195804348331122,1.4475756793545544,1.4247376393259121
2013-10-31,1.3959644594060352,1.2985882394269994,0.9061021049364731,1.3158376919922978,1.444401440310808,1.4153269435896474
2013-11-01,1.3875735418652786,1.2983463537635833,0.9014537659806667,1.3189813686289789,1.443267276253446,1.4149437853361566
2013-11-04,1.3893004425859272,1.3012513943526485,0.9017293712219908,1.3236218582149817,1.4474497050317958,1.4195435679608768
2013-11-05,1.3842121094084194,1.3003278091239396,0.900669775002518,1.319430242001573,1.4420988343460923,1.4180808971952135
2013-11-06,1.3867569462023748,1.2987766105655976,0.9015239941408464,1.326167321208541,1.4482817340690506,1.415509504193069
2013-11-07,1.3755690082427825,1.2898005724668578,0.8979674480989996,1.3094007142614048,1.438759647525563,1.4014105566331494
2013-11-08,1.3760411487559883,1.29281878587739,0.8972431128349992,1.327065636327737,1.4439173768077214,1.4061897758739632
2013-11-11,1.37678456460301,1.2935686840429677,0.8979760578244232,1.3272904282477889,1.4437839203176637,1.4072617801548537
2013-11-12,1.3696627888271466,1.288168987729745,0.895162199946583,1.3245954828902002,1.441502192684158,1.3987110963121094
2013-11-13,1.375090529516584,1.2906692849785557,0.8962220157767833,1.3352246452085097,1.4508678286767631,1.4026700916514918
2013-11-14,1.383319375132697,1.294257085849906,0.8988037886832491,1.3418865569529568,1.4580151740655947,1.4084660515561123
2013-11-15,1.3849157577383935,1.295413712570498,0.8985177676446108,1.3477247526667206,1.4614098706495287,1.4102973269343528
2013-11-18,1.3780412860560334,1.2891370298068277,0.8959790771788051,1.343009521898703,1.4603315261262675,1.4003573424402056
2013-11-19,1.3746322758531313,1.2889857007897725,0.8951232769496132,1.3400896425275606,1.4562685506991115,1.400117420415204
2013-11-20,1.3646782779916093,1.2831269887238712,0.8929757066952708,1.335898310501156,1.4503541571622822,1.3908398145218728
2013-11-21,1.3741120678887235,1.286800310203274,0.8959592779446116,1.3466772393704987,1.4579604694712802,1.3965414208877878
2013-11-22,1.3783378146086647,1.2876854748960402,0.896264722054038,1.3534138922969607,1.4640306573009847,1.3980577531225447
2013-11-25,1.3786916550862909,1.2880450524664735,0.8961133796196749,1.3520664196181664,1.463593768976338,1.3986264710141325
2013-11-26,1.3780787313928966,1.2871379558687914,0.8954307876394049,1.3524408359957498,1.4650791255660474,1.3971898133595553
2013-11-27,1.3785622143243768,1.2885023576240926,0.8952721563362597,1.35573399499646,1.4659526132855791,1.3992352472432037
2013-11-29,1.3807019055586836,1.2907097747836447,0.8957490592656497,1.354835821970766,1.4650101052517175,1.4029605772033633
2013-12-02,1.3690512573911933,1.2827082948882331,0.8922039555092716,1.3513178710500036,1.4602109286198774,1.3902099586544048
2013-12-03,1.37184754530626,1.285154380611933,0.8943990963546444,1.3454792490557341,1.4574619231704038,1.3939588911266174
2013-12-04,1.3734062986845545,1.2884310811012063,0.8941914470907018,1.3453297666917046,1.4547100459318478,1.3991334563835065
2013-12-05,1.3678612285039815,1.2845627283361603,0.8932057411313823,1.3394164035154206,1.4494305438627617,1.3930241352266957
2013-12-06,1.3742486345330143,1.2880884938877177,0.8932226778209305,1.354386948598172,1.459662505009285,1.3985920386110628
2013-12-09,1.3774298348132457,1.2919987723153121,0.8932381893412651,1.357829874149916,1.4625890987035703,1.4047668032518732
2013-12-10,1.3819848439307558,1.2943482364055003,0.894789953226139,1.3529647347373632,1.4618566789011382,1.4085908998170704
2013-12-11,1.373333876154769,1.288409736892425,0.8938553785964526,1.3377696819215636,1.449747398747055,1.3990983403988873
2013-12-12,1.3628264336491558,1.2835520557957583,0.8905168848070852,1.3333534158816052,1.4452080534587897,1.3914265820178882
2013-12-13,1.3645630817769512,1.2850634056696497,0.8908418165463721,1.333203223050066,1.4459764103036765,1.3938131702263314
2013-12-16,1.3704712122836589,1.288962445310965,0.8926110099471166,1.3415121405753743,1.4510785264689867,1.40008399922894
2013-12-17,1.3679336575024037,1.2873744165766368,0.891807392242778,1.3372450727124414,1.4501572048835383,1.3975758672813767
2013-12-18,1.3723700347207632,1.291248861098579,0.8903335661329635,1.3600760882284124,1.4627764096669222,1.4035804835886891
2013-12-19,1.3643342823161226,1.2840483536864655,0.8872087150409693,1.3585035394425622,1.4593317581849834,1.3922087967242203
2013-12-20,1.3742635188064036,1.288084184135903,0.8894829007031387,1.366406069552353,1.4662481234905156,1.3986961337694082
2013-12-23,1.376621464094285,1.2906544329386305,0.8897900809248359,1.3737066915879717,1.4691377661753935,1.4027545491585425
2013-12-24,1.3790533548369968,1.294165298739929,0.8909393022340625,1.376716658239337,1.4688399259433098,1.4082988899784419
2013-12-26,1.3827199017551615,1.2978272775139243,0.8916689135304487,1.3837156157703603,1.4728833881678849,1.4140816532504124
2013-12-27,1.3850718725225097,1.2990954536762684,0.8926033104894835,1.3836403062143379,1.47248768931436,1.4159702979738493
2013-12-30,1.380912052406789,1.2956047905135955,0.890881151085584,1.3834143775462704,1.4739020593338241,1.4104569663360342
2013-12-31,1.3817128611716414,1.2971973338099378,0.8909084652449817,1.3899621882086683,1.4755319959225197,1.4132004539904348
2014-01-02,1.376938827203054,1.2969364132472265,0.8890083845410405,1.3766412065898128,1.4693668532476536,1.4127870100205906
2014-01-03,1.3770321139983293,1.2991786282823479,0.8882856189052001,1.3764158462957532,1.468866402688545,1.4162213616291086
2014-01-06,1.37695379056477,1.2974567612376096,0.8887986133917691,1.3724268554160957,1.4679908409087983,1.4136097295715457
2014-01-07,1.3782451810616956,1.298368971005875,0.8883177341744519,1.3808558419505341,1.4743111175795391,1.4149389743037857
2014-01-08,1.3729019049621716,1.296847686818213,0.8861332609190753,1.3811566538941182,1.4715887782549228,1.41253091214808
2014-01-09,1.3717298430422569,1.2961657830552735,0.8849751506089525,1.38205980019238,1.4737100710227173,1.4115658801883055
2014-01-10,1.3823604174011004,1.3009723474143762,0.8881143330249724,1.3858225782169662,1.4811028008790568,1.4190592558038968
2014-01-13,1.3781707243663703,1.297249450253107,0.8875472775981875,1.3673846675001395,1.4710834414291898,1.4131660615085042
2014-01-14,1.3819424742720159,1.3028235996241635,0.8876041161234454,1.382286297234455,1.4783149847499557,1.421988891900333
2014-01-15,1.3850834382112032,1.3051095815043035,0.8880631581161502,1.389736259540601,1.4825247201909275,1.4256070821265483
2014-01-16,1.3853403009233656,1.3055627393707723,0.8878197697338258,1.3879302511310814,1.483039703245619,1.426324224754852
2014-01-17,1.3866080782728272,1.305611344997097,0.8887399370890728,1.3820598001923796,1.4807280508987604,1.42651549671059
2014-01-21,1.3864305870845346,1.3055645140937906,0.8883745409948214,1.3861241006280596,1.482662562900719,1.426326260245303
2014-01-22,1.3870314205189487,1.3054777331136946,0.8889719627581886,1.3870266785523133,1.4815723933735045,1.4261887718321522
2014-01-23,1.389421807679722,1.306259849162343,0.8901714199232029,1.3756628928290302,1.4783784835479705,1.4274265991170074
2014-01-24,1.379539641249194,1.2967859616441768,0.8895777778855587,1.3463114906965334,1.4621217917511948,1.412545389668293
2014-01-27,1.3688863365652555,1.29110662067458,0.8859293437615606,1.3396890809456228,1.4560597953131007,1.4035555754306057
2014-01-28,1.3751459745304482,1.2946852131539197,0.8880739777175249,1.3476663522374284,1.4620332159141307,1.4092197153845483
2014-01-29,1.373936988464718,1.2926062579915016,0.8886061492327323,1.3347222025856889,1.456642972092344,1.4058144565420192
2014-01-30,1.3725400537168102,1.2927331005544176,0.8869190683639258,1.3488703104792739,1.4650600485378944,1.4060150977361991
2014-01-31,1.3698139237413713,1.289820268547855,0.8863046340057468,1.340968490836993,1.4623828093521025,1.4015209723081397
2014-02-03,1.3629331903556376,1.2820398753068065,0.8864706235397719,1.3107893940557591,1.445815472264938,1.389237671148424
2014-02-04,1.3674233449983408,1.2858874544672219,0.8878380336992023,1.319971191963418,1.4500470246449966,1.395198264245459
2014-02-05,1.3662724626142304,1.2863940162313108,0.8874198382814187,1.3183153763854374,1.4468438029007367,1.3961113151563576
2014-02-06,1.373931828000266,1.2919814461322878,0.8890335897591911,1.3357002321594673,1.457130945368531,1.4049321124421665
2014-02-07,1.38701981205372,1.2993535297277221,0.8932499480135254,1.3522572511912578,1.4695114826606055,1.4164568685148193
2014-02-10,1.387868519902334,1.3018998605027134,0.8926256291254803,1.354740477230972,1.4714223141125569,1.4205895804750326
2014-02-11,1.3956750598797258,1.3083876742909668,0.8942579705929923,1.369567365783273,1.4785464837949103,1.4308318372419315
2014-02-12,1.3957830412343497,1.3090154376236594,0.8945826634748805,1.3702444413199655,1.4776144342527366,1.4317092232645159
2014-02-13,1.4050607828959494,1.314200041319166,0.897209447233866,1.3773184242200074,1.4849931585607052,1.4398941322623744
2014-02-14,1.4131861190771033,1.3211127260134885,0.8977688595910351,1.3849197161057083,1.4895654481959673,1.4508072716547393
2014-02-18,1.4235216270818198,1.3252979901319197,0.9021274545323575,1.386575247496685,1.492081003643392,1.4575279218073658
2014-02-19,1.415841129308075,1.3183364170160854,0.9011082458202329,1.377393307495524,1.4849275376816815,1.446423824796817
2014-02-20,1.4224843669651717,1.3256754645545124,0.9023232145825444,1.385522050460386,1.4896156558514249,1.4580099784107432
2014-02-21,1.4223193381457955,1.3252197171343756,0.901931061989511,1.3839406918774164,1.4893262762054367,1.4574038387220074
2014-02-24,1.4300220302657138,1.331448605993249,0.9043805586613878,1.3916184300671552,1.493776803915695,1.4671235477634927
2014-02-25,1.4316812429127619,1.3344594932236078,0.9048383024822533,1.391091121081496,1.4954373991643317,1.4718767539851658
2014-02-26,1.4289300819459467,1.3317533338052425,0.9042597080772137,1.3911660043570127,1.4972049232426818,1.4676043098245888
2014-02-27,1.4313291032416957,1.3335576899280663,0.9036685124045822,1.3984666263926315,1.5026693274328116,1.470566254437366
2014-02-28,1.4318075901768512,1.331990146086409,0.9038810499580697,1.4020033336556486,1.5043954951337073,1.467989710562077
2014-03-03,1.4386498508691759,1.3329555042811814,0.9082199757725572,1.3921450285853048,1.5010250641731142,1.469534985380925
2014-03-04,1.4396092043168573,1.337297388902927,0.9073436053155751,1.4117121563619628,1.508975834885261,1.4766061266288637
2014-03-05,1.4374253336444256,1.3373368417331801,0.9056521062223879,1.412991850440337,1.5104466788398454,1.4765502546186142
2014-03-06,1.4435757811804801,1.3416150450518516,0.9087293595877328,1.4162277457597696,1.5099420853340888,1.4834005145481841
2014-03-07,1.4366675164398386,1.3377117651514057,0.9067140019656796,1.4168297959274434,1.5077416510987627,1.4772691096971546
2014-03-10,1.4318313563859917,1.3356328161913098,0.9042336482279292,1.4160769845542227,1.5079036891767366,1.4739395959436588
2014-03-11,1.4296033464568976,1.333771138308978,0.9035340430705635,1.4090776007426937,1.5039855840391334,1.4709584221497092
2014-03-12,1.4339234398810754,1.3377073898777503,0.903910562576935,1.409454290616308,1.5065812861307868,1.4772611662987565
2014-03-13,1.4281263482861193,1.332160327805869,0.9021200639847892,1.393650082957738,1.4999352227841585,1.4683787816162823
2014-03-14,1.4309731432073445,1.3329268139886405,0.903603394929414,1.3897362595406013,1.497474441068701,1.4696059480105825
2014-03-17,1.4274057818984425,1.334104026370986,0.9008766440952882,1.402304571879738,1.5031545086568965,1.4714904537307525
2014-03-18,1.432413947585763,1.3356819863585934,0.9023860244770885,1.4123139223426326,1.5110691352491266,1.474016956749434
2014-03-19,1.4210903611692285,1.3297561718845536,0.8979990436398445,1.404788082106456,1.5006356719417953,1.4644092175338739
2014-03-20,1.4181509326711477,1.3295737355132575,0.8954474267471126,1.4129918504403365,1.506035627825148,1.4642357692509531
2014-03-21,1.4184985929232545,1.3276338960002743,0.8954872335113383,1.4075114461644305,1.5036243938990563,1.461010527552829
2014-03-24,1.4128583554129825,1.321381975742038,0.8934456369061704,1.401690727951404,1.5001121237346227,1.4509990554361147
2014-03-25,1.4176761042483423,1.3238851745724174,0.895330973748605,1.4083422668702101,1.5040419202196724,1.4550070945019926
2014-03-26,1.4125476602425726,1.3178086412861996,0.8941713033675702,1.3982135578656953,1.5000499493069086,1.4453957738807186
2014-03-27,1.4142922374731943,1.3158683529411739,0.8951116920730768,1.3952651177006652,1.498739622636873,1.4422887253042722
2014-03-28,1.4158507717364104,1.3185179481019007,0.8950386748677895,1.40214414831606,1.5010512950925943,1.4465312480408041
2014-03-31,1.418599094639867,1.3205122373223672,0.8951565526636565,1.4136341130690564,1.508502634610927,1.4497254154368988
2014-04-01,1.4167980549700472,1.3244523292810815,0.8932219920076988,1.4230078792978218,1.5132568015315868,1.4560099717612849
2014-04-02,1.4191526794288478,1.3291428804770253,0.8936858363702378,1.4277691483604642,1.5136900454177233,1.463491596008304
2014-04-03,1.4195531928221061,1.3264759117740095,0.8941010649613144,1.425879873158814,1.5128963725924347,1.4591201037423467
2014-04-04,1.4183864055230568,1.3221215870648553,0.895415193332235,1.4090227526509491,1.5057879360443482,1.4522920107421908
2014-04-07,1.4121647292705708,1.3165134329020278,0.8941598191837149,1.3934507257745317,1.4972438240832373,1.443346315873708
2014-04-08,1.421029361388913,1.3208607193908088,0.8972518360121673,1.3991961344315356,1.5017541027996844,1.4502804420214408
2014-04-09,1.4273929842682385,1.325252592278674,0.8992731515026361,1.4142388630132667,1.5112073400652046,1.457285686587289
2014-04-10,1.4194103418650252,1.3167742208412787,0.898530318760367,1.3845316587519396,1.4947418947002193,1.4437619601816294
2014-04-11,1.414077513008792,1.312426700618905,0.8971069780060714,1.3720582648720914,1.4880039854467317,1.43682722975355
2014-04-14,1.4202331963768124,1.3155802303880884,0.8985139686712762,1.3828683122183567,1.4939743989948069,1.4418569330307642
2014-04-15,1.4194690592425185,1.3128598604031299,0.8969072930646814,1.3923932659331748,1.500785511558244,1.4375176207886693
2014-04-16,1.425860022816617,1.317380833557597,0.8977494176808372,1.4069817215892384,1.5091753516673303,1.4447287562230506
2014-04-17,1.4258073907715025,1.317771040661859,0.8989697092263917,1.4089475851884283,1.5069877655582742,1.4452336065957585
2014-04-21,1.424970245602609,1.3181834195257165,0.8983311302358499,1.4138610363916368,1.5100144802691915,1.4460084078005873
2014-04-22,1.428296295854479,1.3212799825741608,0.8984274166401403,1.4202856519878624,1.5138904452810866,1.4510648221040992
2014-04-23,1.4269893144347385,1.318625308685028,0.8978782567999172,1.4169596693882063,1.5133058351368844,1.4467130203869718
2014-04-24,1.4315585992898754,1.3206251757786562,0.8991585919434286,1.4198325158102099,1.5149668720972433,1.44990288183883
2014-04-25,1.426036711102581,1.3170835535325949,0.8977069057663964,1.4081915056646628,1.50834546234505,1.4442537141224951
2014-04-28,1.4230681422944165,1.3168901972982894,0.8958608612836896,1.4126513944097137,1.5103091143226326,1.443944999839985
2014-04-29,1.426248306681415,1.3194554603783766,0.8966938494816974,1.4192277658659995,1.5150550260888875,1.4480366742825446
2014-04-30,1.4257821842328648,1.3188884886446823,0.8962937855661377,1.423461157568975,1.519369826423429,1.4471324924606959
2014-05-01,1.42340280511276,1.3174064232568812,0.8943144084394301,1.4236120608680236,1.521216347036548,1.4448868212199042
2014-05-02,1.428032065349062,1.3200571612309893,0.8957122741917376,1.4215710298063131,1.5208020084636529,1.4489953655750847
2014-05-05,1.4295414513542881,1.3232565766787352,0.8960526083292092,1.4242924045552605,1.5221876233991214,1.4540956025887346
2014-05-06,1.4242522703979794,1.3181481642496504,0.8947534304460599,1.4118955990729523,1.5149626528793982,1.4460688916987905
2014-05-07,1.4235658691695239,1.3163697266943204,0.8942544514043275,1.4202104845253414,1.5207639233316304,1.443233648138189
2014-05-08,1.4195743756396084,1.3125605699925833,0.8934378873097598,1.4186986096648149,1.5204501597899887,1.4371610784839595
2014-05-09,1.419084463728396,1.3139984382042231,0.8931996316649059,1.4208148081890462,1.5213292293667178,1.4393360935581143
2014-05-12,1.4270401432915805,1.3208351362171111,0.8945690470886327,1.4346483210693601,1.5285816341392637,1.4503518069401715
2014-05-13,1.4289273082700027,1.3205738426558404,0.8945010791157553,1.4359332726073057,1.5317852473661193,1.4498180571144619
2014-05-14,1.4320011481153496,1.3202927239277846,0.8958543204061392,1.4291299778284392,1.530225767935312,1.449369805037787
2014-05-15,1.4250390465550935,1.3144394259163996,0.894473822352946,1.4165822690470822,1.524391999996269,1.4400385119832775
2014-05-16,1.4264318425327767,1.3157390311296244,0.8948687984306812,1.4214954360632868,1.5262290778401888,1.4421102139192097
2014-05-19,1.4278058111583416,1.3184230758065312,0.8951475378777496,1.4267115464256044,1.5287955543307452,1.446388759596123
2014-05-20,1.4253920156362092,1.315541606100403,0.895131355892768,1.4177156068184689,1.5248200214585574,1.4417950873663994
2014-05-21,1.4292118281899706,1.3186673838727234,0.8960235517935319,1.429659134029623,1.5315166912304365,1.4468951344739274
2014-05-22,1.4328461055759736,1.3213700155008268,0.8976260523212295,1.4331365883023355,1.5330886613323182,1.4512034760763892
2014-05-23,1.4365081685958714,1.3230038092131295,0.8984135265993016,1.4388815706788336,1.5380182161217109,1.4536908311087346
2014-05-27,1.4328456507505771,1.321540904740203,0.8952799138476307,1.4477258965194109,1.5438609971370394,1.4514752766708625
2014-05-28,1.4326915164414569,1.3193179574108982,0.8947854845702904,1.4466672999300387,1.546575265697371,1.447814270192456
2014-05-29,1.4347237010503375,1.3211478154061682,0.8952085150035772,1.4541509383961422,1.550594227764809,1.4508483585747858
2014-05-30,1.429361974788144,1.3194001977275804,0.8922299493109772,1.4564942023364562,1.551616729362004,1.4479452298941968
2014-06-02,1.4264647368016472,1.3182270082987977,0.8910470281802959,1.4581569804960313,1.5498397452385528,1.446191405526378
2014-06-03,1.4250879247048434,1.3190861428020704,0.8910373028451847,1.4574010430657682,1.546247433881107,1.447561123753914
2014-06-04,1.4236345984769454,1.3191778639348004,0.8895044004400825,1.4603496253243005,1.5476541740379082,1.4477072367688133
2014-06-05,1.4311053000683023,1.324626389904656,0.8918108852709516,1.4698738685716086,1.5546387776305337,1.4563945279446457
2014-06-06,1.43518034980119,1.3269443894430122,0.8929134523021507,1.4769036603925505,1.5586535640829373,1.4600903391612154
2014-06-09,1.4375912336848626,1.3278811444084249,0.8941144479864522,1.4784158194400805,1.5587235108259392,1.4614663870897096
2014-06-10,1.437508164187281,1.32898190695104,0.8938469161610622,1.4785670069261332,1.5577439578345402,1.4632213700767396
2014-06-11,1.4350746799383076,1.3274826285322372,0.8932007169797073,1.4734263482133396,1.5552948241764069,1.460947876055443
2014-06-12,1.4404837963381276,1.3276671652829484,0.8960074651376827,1.4629954063302213,1.5510193853923506,1.4611248109453467
2014-06-13,1.4423362383361547,1.3297617778771162,0.8956740177500471,1.4674554371687742,1.5526740572355138,1.46458161032936
2014-06-16,1.4447077706875182,1.3315920236480054,0.896581765176297,1.4686643686831877,1.553446788782021,1.4673822881203158
2014-06-17,1.4469699368865365,1.3340172851426255,0.897807997899952,1.4727469991806166,1.5534854961726419,1.4713662919200674
2014-06-18,1.4534612455982128,1.336835979733582,0.8989421803004812,1.483556051872368,1.5636231766981321,1.4757432699508546
2014-06-19,1.4666884468471797,1.3463466188227333,0.9048993533939464,1.4852185458449394,1.5631313156559186,1.490907446101392
2014-06-20,1.4689320466695912,1.346841315352806,0.9048109884279543,1.488234338329884,1.5657762856114412,1.4916961508434696
2014-06-23,1.468347312847976,1.34811703070962,0.9045685366058129,1.487778502375695,1.5650663901668012,1.4937300219683787
2014-06-24,1.4665542659058985,1.3448052450423023,0.9041186631046695,1.4788160968350146,1.5618489402709896,1.4884494334441534
2014-06-25,1.4700824758107438,1.3473743317685132,0.9043122102614595,1.4855004593527668,1.56671936469531,1.4926627929646088
2014-06-26,1.4684302825523599,1.346506443555622,0.9031430534895336,1.4844367473973248,1.5676542232453734,1.4912788861750088
2014-06-27,1.469135951938439,1.3478113318808467,0.9033763482111093,1.487322666421506,1.569498860963939,1.4932421699580456
2014-06-30,1.4691650348724499,1.3495199562899012,0.9028591062599137,1.4865631766536946,1.569482862202481,1.4960902084626795
2014-07-01,1.4706888783915364,1.352196223573428,0.9025541052595553,1.4965134162197866,1.5737336531633748,1.5002796467678017
2014-07-02,1.4696795347703304,1.3522050755345887,0.9017821981465791,1.4980321115684054,1.5721456681720685,1.5002938363818121
2014-07-03,1.4708392822543646,1.3532593874034402,0.9020744200282527,1.5053999438304368,1.575537447327371,1.5021130396416849
2014-07-07,1.4645295442636725,1.3495714374954608,0.8990122145839442,1.5001591091987834,1.573735641267803,1.4960516291175072
2014-07-08,1.4599332655439703,1.3459802733643547,0.8971947457597792,1.490512665539816,1.5704786403105373,1.4902672021907064
2014-07-09,1.4617462603908549,1.3486178526284558,0.8971105636013945,1.497196885964066,1.5748346926148298,1.4946365411654912
2014-07-10,1.4616783465989212,1.3479572068956807,0.8972123147671848,1.4912724394946315,1.5724168123750026,1.4935723362789322
2014-07-11,1.4597703080312365,1.348270744004536,0.8952050640301302,1.493323275007975,1.5747489271432933,1.4940772824610016
2014-07-14,1.4574352437416604,1.34600747918622,0.8947256331263581,1.500842578943063,1.5781158845937535,1.4904316355868554
2014-07-15,1.4494576775609616,1.3417655786969123,0.89137042728825,1.4980321115684059,1.575788479868377,1.4835991013009915
2014-07-16,1.4514135413768714,1.343031759820606,0.890809276861413,1.5035768842006856,1.5802112803391055,1.4856384718260365
2014-07-17,1.4512055176696774,1.3414188316550735,0.8916659245171875,1.4864875829106685,1.5730298575842827,1.4830404591194644
2014-07-18,1.4521740740690225,1.3440543410044679,0.8906561306976943,1.5016779466409045,1.5813770799780626,1.4874067305120815
2014-07-21,1.452945475044792,1.3434795281176486,0.891143985778947,1.498868189733757,1.5797796670651567,1.4863593512859283
2014-07-22,1.4526472040492895,1.344341486569563,0.890005495948635,1.505399943830437,1.584706608207728,1.4878689289545417
2014-07-23,1.4545940099521513,1.3455240859622097,0.8906589310430549,1.5087414146218034,1.5867623533524047,1.4896523172155804
2014-07-24,1.4508561079703044,1.342977452411461,0.8900948530501681,1.5088177188323395,1.5842605989888547,1.4855503505054666
2014-07-25,1.4528529665882233,1.3431548714804538,0.8908515849900158,1.501753540383931,1.582214435880691,1.4858360171470126
2014-07-28,1.4514491176933109,1.3427285366459223,0.8900259026913139,1.5023615584786862,1.5818706660688528,1.485149012237728
2014-07-29,1.4485084697393877,1.3409585530057408,0.8894339606543047,1.4959053981250323,1.5786311518426324,1.482297961927092
2014-07-30,1.4463149916378484,1.3414941637937756,0.8883463282457897,1.4961338844761345,1.5743435479401036,1.4831606023298132
2014-07-31,1.432146743897568,1.3311295685839013,0.8857527813868729,1.466587814245995,1.555440604229366,1.4665918807613536
2014-08-01,1.430674447288139,1.3315779530817162,0.8852273680124244,1.462106043101647,1.5562505986911923,1.4671905779864327
2014-08-04,1.435221987068724,1.3341217738253701,0.8865064288135817,1.4726641586689917,1.563331448754972,1.4712623148911363
2014-08-05,1.428302711852149,1.3292149584528354,0.8853567981054157,1.458384756379624,1.554546975266875,1.463526520673877
2014-08-06,1.4346123463496836,1.333474650112987,0.8876269862574943,1.458840023959805,1.555380296365605,1.4703451500471436
2014-08-07,1.4335396303144003,1.3317237715034616,0.8880809378024062,1.4509413303745664,1.5531945238386928,1.4674233622420902
2014-08-08,1.436607560026495,1.335167716837111,0.8873501387346916,1.4677271199444628,1.5633320164477151,1.4730551371523157
2014-08-11,1.439664640199344,1.337995605061679,0.8883256525530325,1.471979978457203,1.565736090552117,1.4775815969624195
2014-08-12,1.4365504514045646,1.3372990989117293,0.8868779893109953,1.469929711317867,1.56352505843931,1.4764665263144714
2014-08-13,1.4393676611263444,1.3394963266665656,0.8872321258081931,1.4798792404164494,1.5719111186195742,1.4798646960003883
2014-08-14,1.4378224556688224,1.3408720339124762,0.8848868220863977,1.4868669725608203,1.577626659984194,1.4821856916006766
2014-08-15,1.4364918756420344,1.338784195652492,0.8844155382441008,1.4865631766536958,1.5799710629367218,1.478724479945459
2014-08-18,1.4369671585219155,1.341533549054406,0.883275159084192,1.499019945593818,1.58590382557456,1.4832441815030388
2014-08-19,1.4383445528104537,1.3424329973499347,0.8832290778037767,1.5068429033425284,1.5902172467331135,1.4845649220972772
2014-08-20,1.4385126482512154,1.3423432720689512,0.8822215922885509,1.51086827015868,1.5909054281351351,1.4845401502945466
2014-08-21,1.4382621313420478,1.3414965992152086,0.8817984573907636,1.51527359499899,1.5950385131074043,1.4830657424081897
2014-08-22,1.4370332409599598,1.3411863666406103,0.8809021265681132,1.5129195319525293,1.5936009989723696,1.4825690686521464
2014-08-25,1.4392000649287682,1.342761156296429,0.8812665520674038,1.5205907338411793,1.5989656899848361,1.4850896225997585
2014-08-26,1.4411834405221993,1.344456077155976,0.8821504517898315,1.5215781415860852,1.5994731576717875,1.4878026446227341
2014-08-27,1.4413578548915413,1.3441128890162197,0.8820140308150418,1.5209699813978281,1.6008387700751754,1.487372140464361
2014-08-28,1.442317143487272,1.3446092370562404,0.8819521774384101,1.5201351820739941,1.601153270348331,1.4880475821950687
2014-08-29,1.4438697007319294,1.3460513571061696,0.8820509053986875,1.5244642027037683,1.6039613157762256,1.4903592302154756
2014-09-02,1.4376589556054664,1.34452768534195,0.8798489043406881,1.5237047129359569,1.5993827871535207,1.488028602635442
2014-09-03,1.439025600863899,1.344855564005465,0.8804904410585145,1.5228690610511115,1.599774462258949,1.4884350894462615
2014-09-04,1.4364530404936968,1.3435476569661302,0.8797086972122862,1.5206667538647114,1.5961169399579773,1.4864518610241593
2014-09-05,1.4382941664947122,1.345312383072233,0.8794243761371537,1.5275023038685158,1.6006160238160834,1.4891697544817357
2014-09-08,1.4328983203201586,1.3423779899145305,0.8769943156825809,1.5235523887018887,1.5974482630116136,1.4845698502983171
2014-09-09,1.427253260570029,1.3395419738633083,0.8745177107732919,1.513906797603933,1.589888876347837,1.4800075816530989
2014-09-10,1.4259803044414197,1.3405423323904522,0.8730265943086347,1.5196028998157676,1.5918920001896437,1.4814958974888413
2014-09-11,1.423317955019002,1.3389743807389762,0.8722984869683105,1.5213499394219867,1.592198321544217,1.4790943783101445
2014-09-12,1.4170032618644894,1.3353456490808493,0.870345814327588,1.5124635539048383,1.5841993693347314,1.4732568955616223
2014-09-15,1.4149433366973587,1.332222746464341,0.8695215520795335,1.5113243902998723,1.5846443673936,1.4682329864789434
2014-09-16,1.4215905586736404,1.3359755311395436,0.8715007373403904,1.5227170210040473,1.5916524636857192,1.4742698930436704
2014-09-17,1.41707657083214,1.3341256472797807,0.8682300103133422,1.5247675723303868,1.5913540083929112,1.4712939810526748
2014-09-18,1.3958203941514284,1.3254396202118897,0.8616388703590326,1.5328953206407354,1.5960560338616812,1.457200144332845
2014-09-19,1.372380607037812,1.311294404262547,0.8553692942199547,1.531513745521478,1.5975731247518221,1.4344451580464308
2014-09-22,1.3712334257234362,1.3097861136637508,0.854133725567968,1.519685882420894,1.5914545333060863,1.4320186193165052
2014-09-23,1.3904271873518472,1.3190380795201164,0.8587257421649137,1.5109862077652807,1.5873102390799645,1.4469019019124605
2014-09-24,1.3853120933876135,1.3166852010634016,0.8578849802773431,1.5228144971463706,1.5930001091506765,1.443116873951032
2014-09-25,1.3724305940861623,1.307136501407211,0.8555349344608109,1.4982429783252693,1.580552124967468,1.4277561440049353
2014-09-26,1.3686099314724494,1.306947928058701,0.852715944829372,1.510147145636389,1.5867187633086965,1.427452758606778
2014-09-29,1.3501665218668824,1.295630057747278,0.8485021325994286,1.5074003361505965,1.58700666928163,1.4093668494415665
2014-09-30,1.350102792711429,1.296055938901518,0.8470218975735293,1.5034322330157226,1.5839492344718549,1.4099420557613511
2014-10-01,1.3455948545636918,1.2913380913820176,0.8462366506274002,1.4830582983351108,1.5763935533832325,1.4024851005994956
2014-10-02,1.3426062988775587,1.2894079532406233,0.8454804311495846,1.4832866425927111,1.5746386053292685,1.3994343167809897
2014-10-03,1.3337223086042638,1.2830901879742493,0.8405457571933329,1.4996168803954224,1.584778226465638,1.389677120601113
2014-10-06,1.329337891873006,1.275055686655617,0.8403503295067845,1.4978613151790874,1.5847097233780627,1.3769779279636514
2014-10-07,1.326355874000037,1.2726181716463005,0.8401861355804915,1.4747400026386752,1.5738305262483125,1.3730110264612887
2014-10-08,1.338165554668334,1.2851133785344286,0.8433961420386372,1.500532388828352,1.5924009434689683,1.3927605181615699
2014-10-09,1.3347270383347538,1.284019069481107,0.8425211277008281,1.4707726099713108,1.572486501328903,1.3910308533418834
2014-10-10,1.328026765326753,1.2770508191125207,0.8406089316210765,1.4539841206248778,1.564384811893898,1.380017009870241
2014-10-13,1.3365163917156193,1.2849435064024908,0.8453352602256398,1.430099623885604,1.5526559739369363,1.3924918624824019
2014-10-14,1.336737111920116,1.2898382390012368,0.8436084652364315,1.4323125880846488,1.5553416518041037,1.40034247326605
2014-10-15,1.3312637656084627,1.2870995798552938,0.8420502343540066,1.4226213849725737,1.5528905348211703,1.3960137649588782
2014-10-16,1.3290488943279457,1.2824016275041392,0.8424801432223105,1.4214006596975002,1.550342598092512,1.388474082764976
2014-10-17,1.3322597612696812,1.2850491999308258,0.8428024461686433,1.4381881543894197,1.559055792772811,1.3926586612956753
2014-10-20,1.3334394544875783,1.2883577642982798,0.8418407521085892,1.4521525353850107,1.56880198852816,1.3978878877468113
2014-10-21,1.3411436240686128,1.2951000721688137,0.8429804840261049,1.4809210699725939,1.5852108309285515,1.4086586894345556
2014-10-22,1.3331651356203889,1.289462151426183,0.8402524424500422,1.4703905205446233,1.5783705475925247,1.3996333208834653
2014-10-23,1.3296226121685484,1.283422203073739,0.8389901747755772,1.4874840846396982,1.586480468211991,1.3902008648299187
2014-10-24,1.3292344675590198,1.2848318562707772,0.8375368336653793,1.4989301425005983,1.5942671729207047,1.3924288889997951
2014-10-27,1.3242800397162895,1.2802531654512277,0.8356290940925134,1.4968699288161271,1.5936386390346369,1.3851918486606867
2014-10-28,1.3338676077033145,1.2888488062316596,0.8392155813396729,1.5140389445607267,1.6028993492394006,1.3987778010150609
2014-10-29,1.3254087340700724,1.2775587044976617,0.8367112922578184,1.511749676151146,1.5993080685627918,1.3808187616488274
2014-10-30,1.3257319335191928,1.280345043580917,0.8361594634366443,1.5214413055437266,1.6061082043082184,1.385336843418378
2014-10-31,1.323670066093243,1.2786136847898288,0.8351865682735199,1.5388398022939418,1.6160620736160447,1.3824894986670613
2014-11-03,1.3176458144402228,1.2732229191733806,0.8321763627344981,1.5396790065163353,1.6163504296652984,1.3741328233419339
2014-11-04,1.3130688970128688,1.2727021327881276,0.8298409772145031,1.5343378538723198,1.6129230215425605,1.373202663290053
2014-11-05,1.3121614230988499,1.2720438479648906,0.8295787817285237,1.5440286307038888,1.6192145944856138,1.3722804187065762
2014-11-06,1.3169788610667428,1.2787758368223148,0.8307483717318126,1.5502092717573022,1.6211356115870599,1.3827438824978995
2014-11-07,1.3202147254454788,1.2788582984463415,0.8327435321711616,1.5516590517574853,1.6261801460646357,1.3829853041603704
2014-11-10,1.3233541749393973,1.2885383210817085,0.832765637665832,1.5565433737927983,1.626606360166284,1.3980797550720394
2014-11-11,1.3275074579895707,1.292031288136389,0.8345195879035928,1.558069031723012,1.6276295279382544,1.4035669243468663
2014-11-12,1.3412113833609853,1.3147517808525677,0.8389252179231009,1.5563904811847227,1.6263253137419538,1.4392593314477267
2014-11-13,1.3355752559041667,1.3135250545814239,0.8354095824202148,1.5581454780270496,1.6284795977650974,1.4374441325052405
2014-11-14,1.336847333476953,1.3087985433619589,0.8363278835144328,1.5585271411732313,1.6300764182411807,1.4300190165256033
2014-11-17,1.3303781079313002,1.302736334581816,0.832819667509888,1.5595189538166971,1.6299613048413581,1.4203835030432808
2014-11-18,1.3283666763022735,1.3002560001588328,0.831773754536793,1.5685238453144543,1.6363754343179842,1.4165989327255262
2014-11-19,1.324973157053571,1.2994829445984002,0.8294270971305518,1.566005095899258,1.6330621692083769,1.4153844478231525
2014-11-20,1.3227165142418515,1.2916469824426673,0.8293382158108367,1.5687521895720546,1.635964206626298,1.40307461082372
2014-11-21,1.325507335369219,1.290326278794051,0.8305448570822598,1.5771462211050185,1.6425484753835689,1.4009998050958379
2014-11-24,1.3324004433017875,1.3030219060283124,0.8327068330146212,1.5815720074096065,1.6460767127529614,1.4208317710352585
2014-11-25,1.3317220774771887,1.3032455754044046,0.8316298152542585,1.580427870532073,1.6469593969483345,1.4211830785433195
2014-11-26,1.3292579715129003,1.300281945150194,0.8306009603665455,1.584471993690479,1.6506169915636848,1.4166393122947252
2014-11-28,1.3122889689191986,1.2955943810483521,0.8221450888896592,1.5811144663333947,1.6510246059575944,1.4091661220177054
2014-12-01,1.3207241140147958,1.300594293934305,0.8256858810939944,1.5701259495487063,1.642519835769917,1.417181243815399
2014-12-02,1.3152743042003088,1.3023334907190238,0.8218994803640192,1.5802754042045029,1.6459510236751373,1.4199295365665
2014-12-03,1.3148343349470897,1.301669032548042,0.8214645890113402,1.5863798831408817,1.6500247682558153,1.4188794211607016
2014-12-04,1.3122200039047527,1.298114700843474,0.8198756003476758,1.5846246021115507,1.6512301919983463,1.4132626084143702
2014-12-05,1.3099517769964368,1.2996081665532753,0.8181598736831089,1.5872190873632754,1.6491798335374572,1.4155084785831396
2014-12-08,1.301057803290111,1.29164760169718,0.8135422044009228,1.5766123758182709,1.644714709831001,1.4029284957795758
2014-12-09,1.3070652978911526,1.292707913170479,0.8163042633398938,1.5755436905902618,1.6464746737201956,1.4047181057398905
2014-12-10,1.2978512662767625,1.28521081592736,0.8128710814341236,1.5502858601548426,1.6336403876215118,1.3928705881619676
2014-12-11,1.2962918654390707,1.2870855524183646,0.8109390631351129,1.5581454780270507,1.6374428708100788,1.3958330693610783
2014-12-12,1.2902773059150592,1.282932551389309,0.8086623364558176,1.5329639518021676,1.6270861671783796,1.3891560021828346
2014-12-15,1.2757670997392756,1.2717645949005103,0.8025947362250164,1.522433260280695,1.6180585410219395,1.3717358746840858
2014-12-16,1.2696049821440212,1.261014748603242,0.8018665277981054,1.5102235919404272,1.6137729135903713,1.3547481565497408
2014-12-17,1.2736391145463208,1.264003824695273,0.8016742275046619,1.539831472843906,1.6277129291985346,1.3594715879297148
2014-12-18,1.2774455889582312,1.2695645099927044,0.8010847829028881,1.5779096894908844,1.6478327985194896,1.3681445951272553
2014-12-19,1.284151641677607,1.2725919786531692,0.803410126442193,1.5846227548960259,1.654467822564395,1.373042909047484
2014-12-22,1.2818204080050952,1.276655674309118,0.8022449526341043,1.5919127199189997,1.6590352002789552,1.3794642332177691
2014-12-23,1.2827565006486712,1.2785188547224793,0.8024370233598644,1.594061031574667,1.6548993554795615,1.3824083884866856
2014-12-24,1.277986373253491,1.2746842474950375,0.7993958490090091,1.5942144925567505,1.6554696939208413,1.3762343579764702
2014-12-26,1.2827087365713878,1.2806791809638125,0.8010772639018493,1.5993552933630457,1.659563993937517,1.385822112456963
2014-12-29,1.2761768563961637,1.272688257044537,0.7978668950522874,1.6015045996732262,1.6631569963081507,1.373194250753891
2014-12-30,1.2765516277753997,1.2730879299247193,0.7975242735718966,1.5929097900220368,1.658520292868138,1.3738257427895324
2014-12-31,1.2722950147601582,1.2715670441600748,0.7973237079352659,1.577103735147942,1.6493646988851796,1.371311225913674
2015-01-02,1.270341329824448,1.2685630972684374,0.7967587258320367,1.5762596997464826,1.6521962826210548,1.36671537921144
2015-01-05,1.2560808252422504,1.2473008338983294,0.7905198465498479,1.5477926875699932,1.6383797494956116,1.3332887763343577
2015-01-06,1.2556138697387877,1.251500846958022,0.7896208955354483,1.5332141784590645,1.6337130390735888,1.339980759147607
2015-01-07,1.2591729358263797,1.2579228187986664,0.7903651166113802,1.5523197865414569,1.6455773728808771,1.3500430642593828
2015-01-08,1.2605791008795613,1.256597544757267,0.79026861905605,1.579865748638441,1.6601236610741519,1.3479664374811497
2015-01-09,1.2616124083957125,1.2583868998689904,0.7912523448332959,1.5672060701775639,1.6554785562234293,1.3507700315874989
2015-01-12,1.2513697654043234,1.2475156406281147,0.7873144800547999,1.5549287653303778,1.6501397908797337,1.3337359873143726
2015-01-13,1.2429458140661134,1.2302753682159158,0.7825563495256201,1.5505548431539944,1.6480177769560678,1.3067226173121136
2015-01-14,1.2345281787154543,1.2051556758989708,0.7796719601306304,1.5411940074339046,1.6452560471588455,1.2673632158281163
2015-01-15,1.2411196567880893,1.2191389171047846,0.7848461466404235,1.5270754549887207,1.6421856614755417,1.2892730204134493
2015-01-16,1.2510232160634067,1.2268867970534474,0.78648828482997,1.5471025394311235,1.6497113212613026,1.301412851972113
2015-01-20,1.2520609405823209,1.230460039109852,0.7863859804560358,1.550401808452417,1.6533374538764534,1.3070112846100377
2015-01-21,1.2573528967110514,1.2404481766162507,0.787797108318527,1.5582284606321775,1.655011607474842,1.3225501102824786
2015-01-22,1.2645137686938768,1.249238264194578,0.7900113888075933,1.5814005005527783,1.667871162695736,1.3364341459607685
2015-01-23,1.263051428698097,1.246152815338,0.7901545839214839,1.5727302392520646,1.6668500956445365,1.331488353378567
2015-01-26,1.269896043841543,1.2639986799978506,0.7936900255557254,1.5764133028220684,1.6676051294370713,1.3594503265801694
2015-01-27,1.2695832847630677,1.2589242365346272,0.7949356761157391,1.5556196239367581,1.6554908741450935,1.3514992364173006
2015-01-28,1.2564949273759454,1.2398008899604447,0.7897401587324043,1.5356698383594047,1.648201270223359,1.3216465637428412
2015-01-29,1.2526389469132644,1.2372930427076958,0.7886418250292223,1.5498651212956307,1.654680825888646,1.3177170290302351
2015-01-30,1.2573796307631928,1.232288896854788,0.7914222110934936,1.530375576571026,1.648398547163944,1.309880709155977
2015-02-02,1.2655780478260796,1.2423891169167058,0.7943458444406347,1.549327155297327,1.6598221390868062,1.3254791583735157
2015-02-03,1.272708388767136,1.240457692531217,0.7966954487210344,1.5717326007750199,1.6687460210580576,1.3223899943023099
2015-02-04,1.2672042883029195,1.2396654121553452,0.79468574861998,1.565747764567265,1.6659534727686482,1.3212725900623692
2015-02-05,1.270625557920367,1.237222141831189,0.7955134554539675,1.5815542457218656,1.6737790348865091,1.3174992101199774
2015-02-06,1.2625665776067085,1.2353044351628053,0.7922862420505037,1.5771808919194898,1.6636638700005209,1.3145374729340795
2015-02-09,1.2632848596490687,1.2338196058030069,0.7923403341378135,1.5701212604631432,1.6588028819939697,1.31235018339281
2015-02-10,1.2603137557930135,1.2353129978829982,0.7902243508378143,1.5868482233232408,1.6680000657984526,1.3145504879398502
2015-02-11,1.2554826358815456,1.2328399899904279,0.787119429361875,1.5877694154962476,1.6683566065636093,1.3108372196634805
2015-02-12,1.2621453547506323,1.2365936874514967,0.7894142766864578,1.6030389253070578,1.6784636657289296,1.316634343882468
2015-02-13,1.270174524879013,1.248771204557558,0.7931489621985115,1.6096374633496444,1.6805773096725594,1.3353350211000288
2015-02-17,1.2665997350453517,1.2512188112627163,0.7927051326703153,1.6121691432735163,1.6776731083707173,1.3391149487046885
2015-02-18,1.2644156589460753,1.246799320004074,0.7920480104509816,1.6123228884426037,1.6808192683435006,1.3322894928964335
2015-02-19,1.2642100725091188,1.249888817303591,0.7926202600534532,1.6111716468899735,1.6784625044055768,1.337060806465524
2015-02-20,1.2653267317863839,1.2529894770002141,0.7925292225222548,1.6208395466677323,1.6843520119427358,1.3419553969943885
2015-02-23,1.2628406007739852,1.248740363503126,0.7902962194108406,1.6206093551946068,1.687130733567911,1.3352869126220979
2015-02-24,1.2659359613614423,1.2482264234522389,0.7913409445010943,1.6252137530311197,1.6943478219640726,1.334599169479824
2015-02-25,1.2712042451012362,1.248419944755652,0.7933179724721405,1.6238321779118623,1.6940525139654494,1.334791943206939
2015-02-26,1.2690265574007384,1.2488333395350075,0.7936994035405431,1.6219139156358184,1.6889891367114278,1.3355363620766512
2015-02-27,1.2759247124407644,1.2581126388895787,0.7975682148163409,1.6163890360938085,1.6876571414636985,1.3497667458021063
2015-03-02,1.2719346510634855,1.270756067374293,0.7959128483808302,1.626594333495863,1.6890246934324433,1.369583731170081
2015-03-03,1.2725461316268294,1.272775762584847,0.7972675846999213,1.6199189228687327,1.683398407284253,1.3726225961921432
2015-03-04,1.2677074719469115,1.2666678089400027,0.7954999805599764,1.6130903354465227,1.6796229117405268,1.3631017816160216
2015-03-05,1.2667187157173991,1.2685034724254745,0.7947969679932997,1.614854852553479,1.6811052951663892,1.3659630853562208
2015-03-06,1.2484864399451552,1.2595235974482344,0.787202779778571,1.592142627205121,1.660030513782802,1.3520749394736573
2015-03-09,1.250688126908376,1.268967173972652,0.787057480353951,1.5987411652477077,1.6672423651265522,1.366685724716563
2015-03-10,1.2426430267422526,1.2649090442724942,0.7837065137748552,1.5728072539301097,1.6538221822243253,1.3603600665897515
2015-03-11,1.2451665827689944,1.2665518671278182,0.7848999331541832,1.5691241903601056,1.6527087338402326,1.362920749835226
2015-03-12,1.2473543487228966,1.2686258763198661,0.7842876550258627,1.589073549656953,1.6658338406634552,1.3662627793933715
2015-03-13,1.2375751344227335,1.2621580964572472,0.7800165461874089,1.5793293456686583,1.6587249937027913,1.3560717892878122
2015-03-16,1.2437453265272296,1.2686789523608764,0.7809536989884869,1.6004295202376302,1.6742670368524997,1.3662358752833144
2015-03-17,1.2409681649438484,1.2643237509473568,0.7793298644634585,1.5956725139800456,1.6726691528209023,1.3594470652257482
2015-03-18,1.25787658715093,1.2542067205716632,0.7863623001647779,1.6148548525534792,1.6924114810885627,1.3436770228934474
2015-03-19,1.2527610434628211,1.2557757819871032,0.7846946552064885,1.6074885833199692,1.6845938702207714,1.3461226999465734
2015-03-20,1.264783216240485,1.262099806031879,0.7889276655042293,1.6216780404226159,1.6962471238881414,1.3559801596316803
2015-03-23,1.269773699514139,1.266525371242204,0.791076951427331,1.6185177388462093,1.6951461366378253,1.3629876695330918
2015-03-24,1.266219669179191,1.2537646499209059,0.789879169682289,1.6094234705357386,1.6915216749165913,1.342987577264664
2015-03-25,1.2602017580259424,1.2495779107519107,0.7888129277564047,1.5858389331790372,1.673795551674013,1.3365707163326326
2015-03-26,1.259316919061997,1.250921470694311,0.7887660997572966,1.5820629404587716,1.6675979719198493,1.3386648629070839
2015-03-27,1.2551748299634213,1.2492096825371095,0.7857521541420205,1.5856856142904556,1.67250580570288,1.3359965262909819
2015-03-30,1.2571100214321058,1.2509572183857876,0.7856066611228592,1.6050300815495906,1.6845612678382382,1.3388295992299708
2015-03-31,1.25178258997354,1.2467422198642095,0.7841923925221791,1.591002753132645,1.6775226135621455,1.3320428611649682
2015-04-01,1.2633235200445214,1.249886091208887,0.7895790524209356,1.5853767030172616,1.6771567060465458,1.3371388976761365
2015-04-02,1.261556168572229,1.2542212857452786,0.7895012459026525,1.5910803361846984,1.6788427810398954,1.3437603247852847
2015-04-06,1.2720931206368529,1.2610429530189569,0.7949279161502949,1.6017927652951383,1.686487845121611,1.3543494105165592
2015-04-07,1.272680427354827,1.2580043957069613,0.7946216207987619,1.597554116132591,1.6843642023268117,1.3495247105052708
2015-04-08,1.2665646951398075,1.2535710408257388,0.7916154104839033,1.6029492643073397,1.687157421007612,1.3426427174292137
2015-04-09,1.2631147569081573,1.252483942508267,0.7906276845883541,1.6100398721471072,1.688915040090624,1.341062946853624
2015-04-10,1.26745481926149,1.2510716908166146,0.7912373908469339,1.6188263659323994,1.6942875126007448,1.338870606089963
2015-04-13,1.2622198106068157,1.2419784523973598,0.7890217503148124,1.6115041456844874,1.691019195294458,1.3248629558957667
2015-04-14,1.2636874640203994,1.2379981016006374,0.7887357339478167,1.6145872904893466,1.6949546213103461,1.3185760953384718
2015-04-15,1.2736387231416055,1.2429891591325972,0.7933867972549208,1.6218319276852051,1.6999093955360896,1.3264317321538068
2015-04-16,1.2768010865095643,1.2454172918928568,0.7955444869905604,1.6213696975234295,1.7001129491842102,1.3300928423643494
2015-04-17,1.2742048608450578,1.2386512275020758,0.7952258429472104,1.6027180781797012,1.6896778860473471,1.3196978045912056
2015-04-20,1.2722846067278608,1.240101357459682,0.7941800659994726,1.617361950301517,1.6977015277627416,1.3219487618018606
2015-04-21,1.2717914252335607,1.247890939562664,0.7946096391966279,1.6154351624153576,1.6950563550800726,1.333932462414888
2015-04-22,1.269882989209605,1.2481502658176484,0.7940525547989551,1.6233735000876346,1.6961721501843194,1.334442964464599
2015-04-23,1.276887429312025,1.250947660029814,0.7968947025187897,1.6274581198940905,1.7008024572299414,1.3387852907750604
2015-04-24,1.277220341605511,1.2465297574370713,0.7963697827870994,1.6312349651753675,1.7055478561572985,1.331927254028015
2015-04-27,1.280724943642454,1.2501374835547596,0.7980235986427715,1.6244524160477827,1.7002030173353746,1.3374192437891421
2015-04-28,1.2796538976649294,1.2508370569115363,0.7976108182976772,1.6296162360013904,1.7003697154389237,1.3385051363541167
2015-04-29,1.2761199722626784,1.2488583378495015,0.7972355416633261,1.622910843645353,1.6936473331582835,1.3354334941320962
2015-04-30,1.2716974790659106,1.2475981477738909,0.7963376144907728,1.6066489528170695,1.683166669805168,1.3334774392816917
2015-05-01,1.2713757454593801,1.2478814567889827,0.7956968356142985,1.6240670584705506,1.6904350733147455,1.3340255422591332
2015-05-04,1.2728349557952225,1.2552124073717366,0.796713454156738,1.628691491490835,1.6919626542179653,1.3453016055841496
2015-05-05,1.2700327422460065,1.2513494087966983,0.7962197647586122,1.6100398721471068,1.679109079412867,1.3393026413899298
2015-05-06,1.2631199354159928,1.2471183348669657,0.7941670692865044,1.603411636562617,1.6716820433714528,1.3327321183529068
2015-05-07,1.262584971299242,1.251141293514756,0.7927106443984413,1.6098088281129699,1.678525018147891,1.339087544021561
2015-05-08,1.273453564584878,1.2594613932909107,0.7967059889808106,1.6310033527672227,1.6944182666544845,1.3518997314969037
2015-05-11,1.2638612268582095,1.2574401060421752,0.7945640204677424,1.6232191865445391,1.6829409762500835,1.3488689345613956
2015-05-12,1.267906333943593,1.2582677165991436,0.7961687340636366,1.6183638515836196,1.6803909015606986,1.3500459025523563
2015-05-13,1.270282499201588,1.259522830522488,0.7975133388224546,1.6186723365763078,1.6797068936321229,1.3519948949025296
2015-05-14,1.2787435419998667,1.2640519592242665,0.7998072864061777,1.6355510552964658,1.6925738896882587,1.359136358976605
2015-05-15,1.284528597083519,1.2650926858128626,0.800778367159936,1.6373233875460285,1.6984536109238773,1.3607524871280487
2015-05-18,1.2816531235212443,1.2645653408140907,0.8000255926527124,1.6424106191020964,1.6971366085109374,1.3599333833761948
2015-05-19,1.2699974535590608,1.2609167772524281,0.7958073998910116,1.6418708058882676,1.6938497993330692,1.354267418249177
2015-05-20,1.27096166753711,1.261852609788702,0.7967357150319615,1.6407150173435756,1.6945658084076798,1.3557206245766649
2015-05-21,1.2770938268278655,1.262473268604907,0.797573435058154,1.6454933376264496,1.701519645162743,1.3565762143762061
2015-05-22,1.2744432350821249,1.2645251379028977,0.79734146034869,1.6415626050825831,1.6975440833400117,1.3597625294678994
2015-05-26,1.263577788008248,1.2566958766040623,0.791534333190541,1.6239124607404516,1.6905880546086176,1.3476041191113637
2015-05-27,1.2638635617460194,1.2590606210936508,0.790683931043233,1.6393273322037354,1.699901543278782,1.3512763023707497
2015-05-28,1.2642326074134724,1.259232525404173,0.7910292979866862,1.6374772748086177,1.6993657152701263,1.3516514034571094
2015-05-29,1.2657488740421723,1.257190448380543,0.7922122710764955,1.627304516818505,1.6933407259640922,1.3484822637701719
2015-06-01,1.259517896408429,1.2493613537461112,0.788913457763521,1.6306185635639991,1.692421334665099,1.3362812656566503
2015-06-02,1.2604834250225765,1.252085726423472,0.7904783469626419,1.628999976483524,1.6867151979103978,1.3404174619460256
2015-06-03,1.2536530645163522,1.2524835045201197,0.7886676750353238,1.6333160666046225,1.6836993334011354,1.3410373308501347
2015-06-04,1.2472696618077292,1.246465536206676,0.7856938185461657,1.6195200664088176,1.6783219091338004,1.3317682532639272
2015-06-05,1.2452826331829334,1.2465606830237308,0.7860007819474129,1.616745406596647,1.6717674313164312,1.3319164690952208
2015-06-08,1.2451416155103667,1.2480108926163045,0.7873831680155842,1.606803124266663,1.6665117753010974,1.3342857845798712
2015-06-09,1.2463324485656524,1.248029961433869,0.7884388747819353,1.6065717960455224,1.6642097906036737,1.3343154400215578
2015-06-10,1.2509513926300624,1.2519550303755385,0.7900228826623419,1.6258398170006196,1.6737022250779998,1.3403226510216344
2015-06-11,1.2534708231016944,1.252260345519233,0.788609153383823,1.631080651632273,1.6821772327000777,1.340688974218036
2015-06-12,1.2483976851280405,1.2503916949979281,0.7875468501809847,1.618594895617757,1.6740008710994208,1.3378862479609357
2015-06-15,1.2489650001418673,1.2543897646158186,0.7887358512003552,1.6116581750405787,1.6712563622893728,1.3440072578195144
2015-06-16,1.2567415651149645,1.2632106361699214,0.7920258242831744,1.6204445267323688,1.6792796212528884,1.3579726905003868
2015-06-17,1.2587483441941014,1.264478774111725,0.7938339369408872,1.6230650150949464,1.681296622027746,1.35972993563756
2015-06-18,1.262720082021972,1.2681829599025993,0.7953405707057148,1.6399434496281007,1.691327438075759,1.3657215267242238
2015-06-19,1.2603441488368892,1.2640591169235016,0.7933206463670861,1.6326637153372658,1.6903352132856029,1.3592948754890055
2015-06-22,1.2605363703809054,1.267291490173669,0.7942800939374903,1.6410280493283262,1.689910356480578,1.3642225548058646
2015-06-23,1.2609785072664657,1.264984636855949,0.7948836149897495,1.6421899478936013,1.688605470362113,1.3607370880179293
2015-06-24,1.2568669557675756,1.2603247357513807,0.7925799115584926,1.630263045622173,1.6831261295526916,1.3534750407347556
2015-06-25,1.2560508485439656,1.2615391930452449,0.7928880547277805,1.6253063979943778,1.6783816052188545,1.3552580497997786
2015-06-26,1.2532727881998464,1.2616043166408903,0.7925578703970098,1.6249970604406778,1.6750160091365618,1.3554690853965656
2015-06-29,1.2489896851605684,1.2624080816818217,0.7909627105167408,1.5909192021535112,1.6614169290979177,1.3566120077931951
2015-06-30,1.2551359913626587,1.2670256864239748,0.7936355079302132,1.594250015932233,1.6616548062183838,1.3638094146512487
2015-07-01,1.2499190609312525,1.2660111719663656,0.7917822617499117,1.6070286266542249,1.6661720610808386,1.3622228002689498
2015-07-02,1.2514753595866897,1.264709226691466,0.7927376128973881,1.6055576747222542,1.6675976730524031,1.3601866773316285
2015-07-06,1.2462873133351937,1.2705302087137813,0.7901565848599421,1.600987947700212,1.6694310964948975,1.3692898955573778
2015-07-07,1.2438648648266104,1.2652470437831929,0.7881709484936829,1.6110566932469128,1.6775031487442493,1.361138397276823
2015-07-08,1.2360708427018048,1.2619431844895086,0.7855782471285058,1.5840270989359388,1.6632615881236594,1.3559714812425245
2015-07-09,1.2377742169947763,1.2647072588060135,0.7867020370575574,1.5868922723088388,1.6603626926407073,1.3602941115788594
2015-07-10,1.245074971693769,1.278501429497031,0.7902614787484945,1.6068733184566166,1.6682303537870764,1.38186650583725
2015-07-13,1.248089856837954,1.2847652575375657,0.7905178064399209,1.6246092872739133,1.6775470429514159,1.3916623151229157
2015-07-14,1.2494433358696648,1.283130982781892,0.7906250759886491,1.631657551250106,1.6840465036553842,1.3889956133573091
2015-07-15,1.2459171668476405,1.2796618041726873,0.7885291147163295,1.6311148961662383,1.6862429740424716,1.3836810109898483
2015-07-16,1.2477908950294154,1.2768360698518728,0.7878209599514869,1.6442035549094396,1.694174593879699,1.3792618271146557
2015-07-17,1.2461000680026288,1.2768285374218447,0.7863560152498306,1.645597350069863,1.69510981867182,1.3791391622030278
2015-07-20,1.237698735238264,1.274221599406627,0.782353537994234,1.64644934270743,1.6943113108235675,1.3751727555531863
2015-07-21,1.237296413109911,1.2701977505601916,0.7815174174479093,1.6399435917216034,1.6920811047522657,1.368768974066944
2015-07-22,1.2336811513863044,1.2698324318632757,0.7796079674549686,1.637000977390152,1.6910649887536688,1.3683083874085884
2015-07-23,1.229614659967816,1.2660657338069716,0.7773276912332016,1.627784792855026,1.6880273297588677,1.3624175828670828
2015-07-24,1.2242697539467466,1.2702786373645742,0.7762846135775308,1.6109013850493041,1.6781030700972606,1.3688951606129516
2015-07-27,1.2168584750308102,1.2691166790291477,0.7737839954634278,1.6015301765035737,1.6744608094830788,1.3671884417408293
2015-07-28,1.222897485175916,1.2742617790830646,0.7755270336548564,1.6212017430041494,1.6848616566232917,1.3752346276298506
2015-07-29,1.2253753601603585,1.273926193080822,0.7758969411888604,1.632354235690064,1.6908849129130914,1.3745988315531616
2015-07-30,1.2253375502498376,1.2721277838298637,0.7750235205678444,1.632741156295817,1.6918876420412137,1.3717861408442276
2015-07-31,1.225752562269184,1.2709702880227762,0.775690465676351,1.6302630456221723,1.6942650672425918,1.3699764564638002
2015-08-03,1.2181170729113633,1.2657296204587913,0.7714973141558427,1.6247643112845174,1.6929028001950135,1.3617683994443226
2015-08-04,1.2167765664437071,1.2685639436664606,0.7710995049659147,1.62158923198391,1.6874154985780203,1.3663182516669494
2015-08-05,1.2147072065132352,1.2682155726052995,0.7700977449842878,1.6269332264979641,1.6881330172299251,1.3657724245793992
2015-08-06,1.2106035733539573,1.2622804823133185,0.767891615226467,1.6136116765051007,1.682186271618148,1.3564773456293566
2015-08-07,1.2116351159311372,1.26202885988908,0.7673032540102805,1.6105143223500489,1.6829328333147857,1.356083159678444
2015-08-10,1.2202502072022552,1.2605425210712005,0.7695009600109941,1.6308055586125376,1.6927797444343369,1.3536435470623465
2015-08-11,1.2175151739250216,1.2608962760695126,0.7683941693355882,1.616089929272247,1.6880677137339375,1.3543085048740515
2015-08-12,1.215426838916198,1.2609277618160164,0.7676255324015321,1.6180266637035414,1.689020216504526,1.3543575016155471
2015-08-13,1.2108127266184396,1.2586509491304476,0.7656218691840568,1.6160127725006994,1.6859789037157067,1.3507915172697258
2015-08-14,1.2100611435649307,1.2595754833209536,0.764991383559928,1.621898853724613,1.6889472796669316,1.3523501042789823
2015-08-17,1.2120392965447846,1.2584568636908111,0.76464865872965,1.6309595879686285,1.6958095735791836,1.350597412247246
2015-08-18,1.1990723830349934,1.2325471529029974,0.7590159997911743,1.6262356894969932,1.6917795243329663,1.3099094032558183
2015-08-19,1.1996458200202111,1.240348916941474,0.759993231871205,1.6133793536294458,1.6879079653561464,1.322016050807885
2015-08-20,1.19573472436353,1.2399784803242735,0.7598366694671661,1.5796898368830516,1.6687502255951459,1.3215470850014823
2015-08-21,1.1813126401414435,1.231024983042874,0.7570137726338132,1.5321368255274364,1.641840161065817,1.3075251253022573
2015-08-24,1.1515380514698201,1.2064402105019894,0.7482584873020377,1.4676241021555634,1.6027606548573772,1.26902311201031
2015-08-25,1.1478325644198313,1.2096661397485136,0.749575439466001,1.4503536316505865,1.5882292549233672,1.2740749893038361
2015-08-26,1.1507401495239746,1.217478039762872,0.7484783381930352,1.5060383699346043,1.6187430086002692,1.2861975106079828
2015-08-27,1.1715547015986139,1.2244181155612341,0.7543366261093376,1.5432900286808606,1.6415885805880002,1.2971773642500086
2015-08-28,1.1829492244502402,1.229943226234655,0.7590983008734363,1.5433671854524083,1.6417643026100217,1.3057186206824614
2015-08-31,1.1850394954862418,1.2282116711680946,0.7608797220849309,1.5308990490321315,1.6328170121435783,1.3030164497201968
2015-09-01,1.1643547523713915,1.218639651075124,0.7546106605817265,1.4852046206817497,1.6065083058377823,1.2882619786418157
2015-09-02,1.1704418744914333,1.2243696986604466,0.7554866611084093,1.5133954030904888,1.6227656101389125,1.297200020699726
2015-09-03,1.1719341672889279,1.2223267339790629,0.7546864881054106,1.5144790081362007,1.6250581390007741,1.293945039697389
2015-09-04,1.1648246908997042,1.2191565263339679,0.7526037859937527,1.4915552055634702,1.612418087864067,1.2891643310032315
2015-09-08,1.1745529766661498,1.2351724386193323,0.7556123323175955,1.5290394713723847,1.633515344731861,1.3138508891889809
2015-09-09,1.167114415670866,1.2274151838045668,0.753318169646981,1.508593495286295,1.6206767673490274,1.3018937418748984
2015-09-10,1.1706619542989662,1.2293433349064105,0.7550001862383772,1.5168025210797467,1.624454253831773,1.3049712680261387
2015-09-11,1.174121601267605,1.2310636704858804,0.7556298750288803,1.5236953347648285,1.630587056310932,1.3075173407475853
2015-09-14,1.1672047128807277,1.2241621382867272,0.7527256425775393,1.5180421447905765,1.6275846637707843,1.2968790189429098
2015-09-15,1.165662511584975,1.2271600532387779,0.7520434558979687,1.5370164584771864,1.6345605404836583,1.3016053514470671
2015-09-16,1.1761456176267988,1.232661261097721,0.7555842716797977,1.5503371559090382,1.6429006573693146,1.3100846601190193
2015-09-17,1.1820372034028916,1.2343054290212048,0.7581723682977402,1.546853023241735,1.6460834048131676,1.3126187887636287
2015-09-18,1.1766243629837323,1.2322054408562622,0.7566136188652247,1.5215745892485362,1.6329817711835601,1.309381854496655
2015-09-21,1.1731706665735173,1.2297622144896032,0.754875256218758,1.5294371910842848,1.6342615248602275,1.3055103955544058
2015-09-22,1.1670635623196528,1.2253374427068724,0.7525121228194217,1.5095857342102663,1.6248175458485448,1.2986900588714703
2015-09-23,1.1633959927064432,1.2245084293586026,0.7514081123551685,1.5071725602670032,1.622535029205972,1.2975178332132984
2015-09-24,1.1683249781064855,1.2293161633350411,0.753358821824658,1.50172256400051,1.6200315064561572,1.3049284052436716
2015-09-25,1.1638147582913771,1.2282817561553832,0.7512256077373625,1.5013337961792317,1.618060689047075,1.3033339487745847
2015-09-28,1.1509026987703699,1.2204320741894528,0.7465742840162471,1.463653725524659,1.5976991114940173,1.2911290234795414
2015-09-29,1.1529535429138031,1.2181561867262694,0.746816747184889,1.464510549341292,1.6005234112153008,1.2876209594758457
2015-09-30,1.1605896328996927,1.2209640021796693,0.7483397904773064,1.4918359823232827,1.6181168045919274,1.2920559263180793
2015-10-01,1.1612725211249986,1.2211348195086789,0.7483792310771585,1.4957283496216285,1.6211546978432319,1.292213850496849
2015-10-02,1.1773400461095767,1.2298905861922382,0.7531727700179508,1.518071131864971,1.6388201932974242,1.3056758912659108
2015-10-05,1.1859258172217841,1.238127607695362,0.7551998656768502,1.5450850958907327,1.6527944932522438,1.318445039690791
2015-10-06,1.1936183446635307,1.2415647068075508,0.7581007569516824,1.5397914024763615,1.6506718233067188,1.3237295463988532
2015-10-07,1.1972182021142037,1.2427899403637777,0.7585314541632456,1.5524029112400846,1.6572565992835688,1.325613341669833
2015-10-08,1.1980662915427043,1.2427600765128806,0.7589861268792778,1.566416172400339,1.6646938545282717,1.3255674260312942
2015-10-09,1.2002668184118244,1.2453236027225802,0.7593359491697048,1.567350863456029,1.6656623296479804,1.3295088742824788
2015-10-12,1.198164152200648,1.2456696657521973,0.7582745102688121,1.56882991471761,1.6687887901341687,1.3300408574097113
2015-10-13,1.193596893862751,1.2464656562332705,0.7573393291614906,1.5589421962923669,1.6629545251076523,1.3312646624465008
2015-10-14,1.1980413034201418,1.248693515910817,0.7593007580372784,1.551469072745406,1.6616367096026619,1.3346899648282324
2015-10-15,1.2031701328673061,1.254907977974681,0.7602808065860468,1.5752909062503289,1.6749161923489515,1.3442446935475827
2015-10-16,1.2030690249440088,1.259991390041423,0.7595426904606651,1.5824536975890762,1.6790369300126242,1.352060404647272
2015-10-19,1.1962814542390185,1.2594476071025797,0.7576587438958929,1.5832315174186364,1.6792422893452217,1.3512242505577692
2015-10-20,1.1947785991708626,1.2620297982232531,0.7579126542759197,1.5812072533901533,1.6757019544726013,1.3552990946647512
2015-10-21,1.1893533022636635,1.256172876884177,0.7549068810576168,1.5713982547649792,1.6715413350661004,1.3461892385026055
2015-10-22,1.1989649584744473,1.2649997369609614,0.7574262522958872,1.5979455837304057,1.6894791231248396,1.3597604968794315
2015-10-23,1.1994065907769311,1.2692456897404998,0.7576277737499786,1.6154614497132143,1.6972124022418766,1.3662886446976572
2015-10-26,1.1995878686009895,1.2736330172851549,0.7575006452689573,1.6114913572693133,1.6963120741127324,1.3731388546398633
2015-10-27,1.1984589299075288,1.2770302618103757,0.7576657279676038,1.6083770939875317,1.6959075849002125,1.378362055494014
2015-10-28,1.2064978894608138,1.2871481547068464,0.758936376467896,1.6266723428284218,1.7044482053022694,1.3939182164997217
2015-10-29,1.1975458133737624,1.2894818143422566,0.757736189919008,1.6257377938662336,1.6998743297250163,1.3975060977943614
2015-10-30,1.2020415973526701,1.295246787045753,0.7594193053051088,1.6187310211926045,1.6965410627023307,1.4063799916754784
2015-11-02,1.2082752274008566,1.3136374565724462,0.7624985494632908,1.6378822412891156,1.7066340913838967,1.4353916489851073
2015-11-03,1.214266398559079,1.3313705947518482,0.7655377502818045,1.6426310061235883,1.70784192682841,1.463252439119424
2015-11-04,1.2100569259879475,1.33549568904434,0.7650088878750261,1.637648781665446,1.7040103956893116,1.4698739236773741
2015-11-05,1.202464217184688,1.3235989424656889,0.761282527359593,1.636013995925751,1.702538184843377,1.451105904246323
2015-11-06,1.19349394596905,1.3168626386430453,0.7586835940444825,1.6351574562961217,1.6974265989121218,1.4404788048236385
2015-11-09,1.1854691802457245,1.3155763834531435,0.7581762221849984,1.619898745591458,1.6866882259870137,1.4383348035330448
2015-11-10,1.1795995953961533,1.2945119163994308,0.7534604503783026,1.6236355205051916,1.6903083196080928,1.4052179288176492
2015-11-11,1.1722094755423347,1.2817487492627737,0.7508389298862104,1.6172518278375216,1.685976614287776,1.3849687366178531
2015-11-12,1.1662402514129533,1.289387676078841,0.7505564784418132,1.594675159690004,1.6721604787849405,1.3970192026637365
2015-11-13,1.1611175780409153,1.2846317734006942,0.7491858865499965,1.5767700996054115,1.6634413652679583,1.3896301044760646
2015-11-16,1.1665153604167275,1.2864367543002075,0.7493135863565699,1.6007476675884489,1.6794084505680316,1.3923622395558595
2015-11-17,1.1630537675689199,1.286763724937058,0.7481166649000435,1.5995802273765989,1.678483752818321,1.3929916586652538
2015-11-18,1.1710015484762755,1.2911126129133996,0.7493350784977402,1.6249592635691636,1.694125321028081,1.3998518513426765
2015-11-19,1.1742342521502869,1.288471139498058,0.750428854066947,1.6235576532661342,1.6947051243028206,1.3955702937639651
2015-11-20,1.17395348969562,1.2865797648410036,0.7503012162716942,1.6294748529669705,1.6975365369688156,1.3927002632498133
2015-11-23,1.1756735550183681,1.2855581835582433,0.7501366585379341,1.6276057550425944,1.6972507371810008,1.3909735127965333
2015-11-24,1.1813994534658787,1.285435839316539,0.7520038135075086,1.6297854693621876,1.6992564343713215,1.3908941417545508
2015-11-25,1.1836911545911057,1.2905968347711028,0.7527449416080579,1.629551867645016,1.699490288404721,1.3990354204148967
2015-11-27,1.1824520713328708,1.3033336183290742,0.7534287040791855,1.6314208234758905,1.701363881062978,1.4190131874039322
2015-11-30,1.1818994983719715,1.3109448592924775,0.7542148073516536,1.6246476525194327,1.6973557158838364,1.431021528499575
2015-12-01,1.1918250495380098,1.3083916836938847,0.75510361467091,1.640139680754264,1.7106781009620116,1.427087578479092
2015-12-02,1.1786198893532702,1.3019148660260518,0.7500619147957587,1.6234023450685253,1.6982688370779313,1.416814780237844
2015-12-03,1.1705142905189372,1.3015174508488796,0.7513947652424133,1.6006698003493913,1.6768611610547994,1.416067744481233
2015-12-04,1.1809521766331912,1.3096487459511355,0.752796178353384,1.6318877427232295,1.6989224807082923,1.4289631424384024
2015-12-07,1.1726063968450475,1.3178962897806492,0.7499684906746765,1.6220004505784922,1.694897825663895,1.4420414399425086
2015-12-08,1.169480468947512,1.3227124911899313,0.7502630722290046,1.6111021631675289,1.6884492868122325,1.4497949568121469
2015-12-09,1.165158487111859,1.3207480410377905,0.7490990568503954,1.598568095362357,1.6816148347550177,1.4467947737497158
2015-12-10,1.1635928631490513,1.320445087934469,0.7477010518892799,1.6026936380973684,1.6827307581986974,1.4461971673129272
2015-12-11,1.1599290409011536,1.3277719177136746,0.7481340738405377,1.5716319985756524,1.6686923665994329,1.4577005429901044
2015-12-14,1.15025981635037,1.3236873607197204,0.7440211609417213,1.5795727518374618,1.6686212124304387,1.451220356964159
2015-12-15,1.1544494481493344,1.3352743761750958,0.7457409361424546,1.59615463723209,1.6772902027374503,1.4697123573465949
2015-12-16,1.1598252026188418,1.3397617162338022,0.7461713556796742,1.6195096935831756,1.690140850863515,1.476712322267641
2015-12-17,1.1531482947775724,1.332383340769914,0.7439456707559163,1.5948313204486233,1.6774828549410576,1.4651255313729663
2015-12-18,1.1540997842877234,1.3337240207406598,0.7461777022462329,1.5664191563638787,1.6621014401201022,1.4671350169661137
2015-12-21,1.154176262944781,1.3278409715879973,0.7446792325417985,1.5793411394293173,1.6705213175161702,1.4579188066079407
2015-12-22,1.153331127815079,1.3286986000013572,0.743879365375839,1.5936716953793795,1.677587019800924,1.4592782059483398
2015-12-23,1.1619547270874167,1.3343636722633088,0.7465974279341612,1.6134072039558234,1.688424338572388,1.4682622200889404
2015-12-24,1.1655048027754895,1.3400427137190745,0.7482324713564619,1.6107445138231726,1.687997017263481,1.4771523645241562
2015-12-28,1.1562225469236684,1.3234805495584778,0.7440872909382603,1.6070635816556975,1.6858177895605542,1.4509985247498465
2015-12-29,1.1604668847647714,1.3316078467176984,0.7463425201011187,1.624214125245046,1.692983785619975,1.4638875166476455
2015-12-30,1.1541297409208433,1.3262252535218075,0.7447525436222254,1.6127027043732582,1.6860242982637574,1.4552340155099912
2015-12-31,1.153491263592111,1.3249674923435408,0.7451279655369477,1.5965698344447263,1.6766743979349794,1.4533559808721013
2016-01-04,1.1482711263567047,1.3205736587939463,0.7445475670833277,1.5742503555357004,1.665468732111417,1.4462335677526064
2016-01-05,1.1459758518587075,1.3215968099417745,0.7440611120812594,1.576913329855355,1.666955996556081,1.447863421600478
2016-01-06,1.1416981291763681,1.3174809028639534,0.7430581425093997,1.5570212342397851,1.6584871989160694,1.4415393040513602
2016-01-07,1.1360377258802217,1.3234799565023811,0.743936417168278,1.519666273517626,1.6364105020055641,1.4509811038459801
2016-01-08,1.12939667275318,1.3160181315549537,0.7421560594175879,1.5029853489521534,1.6276143427870076,1.4390886242650813
2016-01-11,1.1165037218875367,1.3133505030962178,0.7376327847527016,1.5044736362913596,1.6263926933173602,1.4348352693644497
2016-01-12,1.1190107357830246,1.3095032172881031,0.7356602041600184,1.5166118316001567,1.6370901826130342,1.4285853078373338
2016-01-13,1.1133446908532636,1.302880727167563,0.734579296649726,1.4787872518541219,1.615924319927829,1.4181483268068735
2016-01-14,1.1143212499889454,1.3038584692264754,0.7338730677392538,1.5030636424717163,1.629823411697536,1.4198239331503069
2016-01-15,1.1004126032409296,1.2757520573298693,0.727605313950846,1.4707993235496715,1.6126698340687524,1.3750302691499234
2016-01-19,1.0985895434164858,1.2818111989380012,0.7273036953205114,1.4727565194452439,1.6130134529087388,1.384565476639821
2016-01-20,1.099612697938467,1.2938771324957135,0.7293629248747606,1.453883092145004,1.6044877766009635,1.403793941292146
2016-01-21,1.099466774180387,1.2915115164800666,0.7283777594822867,1.4620274653950782,1.607904711861153,1.3999051324833884
2016-01-22,1.1113599285232865,1.2867173145911215,0.7299993111214861,1.4920218406238044,1.625280038756009,1.392499759739991
2016-01-25,1.1049362331093848,1.2873834388829128,0.7294633068770793,1.4694676232495913,1.6133549661124458,1.3934402495027145
2016-01-26,1.1173586879842041,1.2928644790136874,0.7328262045293946,1.4895157375302794,1.6264954178218785,1.4022924069177947
2016-01-27,1.118084206605363,1.2909793717112639,0.7346279698756197,1.4733051424561923,1.6167890586271427,1.399168986926075
2016-01-28,1.120275192223552,1.2847318159474321,0.7341574517372272,1.4809798966823906,1.6225145054786785,1.3892112749383865
2016-01-29,1.1347436362539778,1.2910055954658883,0.7365727823384578,1.5170818769045382,1.6489122810586518,1.3990989611922537
2016-02-01,1.129149405371671,1.290223921896777,0.7357078957637297,1.5165335380805933,1.6470357366803936,1.3980922671629818
2016-02-02,1.1215482400728731,1.2829327522553131,0.7325039602040482,1.4892024213585255,1.6338735694248416,1.386610833275982
2016-02-03,1.129032374247522,1.2841374377607029,0.7348050795277328,1.4981305823652409,1.6389691636597785,1.388392900943496
2016-02-04,1.1343863514700476,1.2946288054302,0.737135775625606,1.5004793879521299,1.6420750864934188,1.4047975709160074
2016-02-05,1.1256149426598754,1.2890090131918728,0.735470601379771,1.4718954328235527,1.6242819428741395,1.3959479970973532
2016-02-08,1.1230447885349162,1.2800973815437873,0.7322167307445363,1.4520820570080515,1.6163250844526282,1.3820268722416453
2016-02-09,1.1143469290492294,1.2799053512134264,0.7292471980003679,1.4521604926211162,1.6164969251522283,1.3816100212260953
2016-02-10,1.1188134082228505,1.2817674397423753,0.7306785900279951,1.450907370027603,1.6176776384283074,1.3846544850730804
2016-02-11,1.1259140836629449,1.2840434432438046,0.7357308863554964,1.4320335164468576,1.6084566600483974,1.3881237105959732
2016-02-12,1.1301258440520825,1.2907655167265417,0.7358893630556066,1.4615582726517078,1.6225650856251483,1.3988205314478444
2016-02-16,1.1280907344813031,1.3004308934189892,0.7345074717543919,1.4862265571476228,1.6366544764603648,1.4140354559630537
2016-02-17,1.1388436414334175,1.3105669606996408,0.7377457578682258,1.5105036582327267,1.6508520740411095,1.4299942513344068
2016-02-18,1.1429206393837603,1.3145667023438319,0.7397111931482534,1.5043167650652287,1.6499051642344347,1.4361776219868758
2016-02-19,1.1405587599652314,1.312925364951152,0.7389729989427484,1.50361198129566,1.6494455476649572,1.4335922954024414
2016-02-22,1.1496968637754028,1.3214945371415587,0.7409856462318472,1.5253829792872395,1.6629766461733488,1.4470820198550691
2016-02-23,1.1448776500068627,1.3134964983467985,0.7408967491379079,1.5061182264826867,1.6517456841513163,1.4346011164914827
2016-02-24,1.1505747274589642,1.3166574567989562,0.7431228295156965,1.5130094771392477,1.6562397334227932,1.4394637165151922
2016-02-25,1.156958234287832,1.3199226106598694,0.7449500028511592,1.531334707709045,1.6701878877292047,1.4447172821291034
2016-02-26,1.1523355247742078,1.3208780407239435,0.7450750988922067,1.5278106467676995,1.6646209653790285,1.4462206339248762
2016-02-29,1.1582607230826978,1.323393159817881,0.7482496318800044,1.5158288964045263,1.6578906393177097,1.4500697330593049
2016-03-01,1.1602326009917256,1.328005634279447,0.7482272850172245,1.5514613996962998,1.6760907137630066,1.4574115878038174
2016-03-02,1.1658507004965013,1.3269910436699786,0.7495284198190882,1.5584309438724233,1.6795228895742427,1.4559128950810554
2016-03-03,1.1743948564186188,1.3319111867039604,0.75270006956704,1.564539827707362,1.684312483694564,1.463626882420307
2016-03-04,1.1786072780623396,1.3315735782246607,0.7530469603458989,1.5696301853204726,1.6854302459923975,1.4630885250052519
2016-03-07,1.1836009445165907,1.335131104540194,0.7538563114049678,1.570883023726982,1.6849314387727998,1.4687492413581684
2016-03-08,1.1777023176179653,1.3289468873090142,0.7519152410812124,1.5537321959506294,1.6774604316715647,1.4590206629301543
2016-03-09,1.1804634351307401,1.329686521765164,0.7526696485388964,1.5614073764573333,1.6799144353583249,1.4600795815927372
2016-03-10,1.1792366103804273,1.3330163297635478,0.7524366149666055,1.562659788583337,1.6783939303044133,1.4653795619470158
2016-03-11,1.1837687646848696,1.338326706588423,0.7533238834194443,1.5878771223707064,1.69308023130082,1.473950128243588
2016-03-14,1.1791374728181496,1.3348889531106638,0.7508963147938634,1.5858407803945596,1.6922245458817715,1.4684741337465559
2016-03-15,1.1734427921340878,1.3336054433939848,0.7486260404624044,1.5832568100619775,1.6904085312325694,1.466429693151323
2016-03-16,1.1899763418745108,1.339726021200935,0.7556831000161259,1.592419141159872,1.69984527710934,1.4760547761415324
2016-03-17,1.1996289259788082,1.3445740962235382,0.7577592943645874,1.6025218470535338,1.7071954001842315,1.4838893692576103
2016-03-18,1.2023202796083663,1.342216866675596,0.7584969300950758,1.6088191468720308,1.7124691082312633,1.480135758397835
2016-03-21,1.2021916691761045,1.344234383305612,0.7590742622561735,1.611101736887021,1.7121053813919533,1.4832271154992123
2016-03-22,1.2026226813233856,1.3455023386917448,0.7586942806983652,1.6102361032732686,1.7101556725225073,1.485244643908243
2016-03-23,1.1907700206352934,1.3360765545717017,0.7529877207219388,1.5996090723574878,1.7061851491953568,1.4703556365591652
2016-03-24,1.1874352958891317,1.3354767207430462,0.7515843034798853,1.5989007362503709,1.705059485509521,1.4692821213783327
2016-03-28,1.1905349574559339,1.338843572637885,0.7530448483025537,1.5998449475706904,1.7066397133753832,1.4746382297055225
2016-03-29,1.2040224263507764,1.3418976267276919,0.7583267467986714,1.6146437016096091,1.720796322713341,1.4794992495253667
2016-03-30,1.2014455780042446,1.3409914250888124,0.7579098185405778,1.6217286257092995,1.7245441755664683,1.4780558378843005
2016-03-31,1.2036769564842278,1.3425580470407634,0.7581570923046291,1.6177926357058614,1.7243371231555278,1.4805525271424416
2016-04-01,1.1999926311561875,1.3429392582685709,0.7566727973095401,1.6288129814349819,1.7311843673541492,1.481162609243934
2016-04-04,1.195876670186562,1.3429785409379817,0.7561314213077869,1.623538896923877,1.7286251931011571,1.481223219408088
2016-04-05,1.1964822966169686,1.3434468707019116,0.7566077179935515,1.6073231864837203,1.7210094489430985,1.4818528019332216
2016-04-06,1.199607679948467,1.3466861087745807,0.7567350996815687,1.6248767072445398,1.7307329392174,1.487042056611349
2016-04-07,1.1999776898595957,1.3434620908343984,0.7573297143559107,1.6054344796560778,1.7218677144915615,1.4819956514892776
2016-04-08,1.2042853123717683,1.3428871236807731,0.7581676335495441,1.6097639265663577,1.7235724251649847,1.4809536236963725
2016-04-11,1.207172077572185,1.3465051583335041,0.7591323932946867,1.6059855182565592,1.72103090032638,1.486868264008356
2016-04-12,1.2133518845516889,1.3512861930874838,0.7596219718204905,1.6209414277086118,1.7278404338648228,1.494527844385155
2016-04-13,1.220376866257634,1.354424045885991,0.7600824508367038,1.637314577748906,1.7388121959041605,1.499434672750625
2016-04-14,1.2145109594967858,1.3528959240314664,0.7577759945024852,1.6373932975489747,1.737234688815622,1.4969854806163154
2016-04-15,1.21895858671186,1.3559283481726543,0.7593643382495677,1.635582884240895,1.7381432683542963,1.5019634204920356
2016-04-18,1.2208095858960895,1.3571685999988696,0.7596736738336948,1.6470754066769262,1.7448037920852322,1.5038283538938964
2016-04-19,1.2326805537066452,1.364963068814759,0.7634980866009772,1.6522707713879625,1.7469996509875914,1.516316207545874
2016-04-20,1.2336456759060326,1.3674004916897726,0.7637519081347524,1.6538448832023336,1.744500204685375,1.5202208306633767
2016-04-21,1.2303386567861314,1.3696233250887226,0.7641370409550359,1.6449498299815677,1.73768466711158,1.5239015794265933
2016-04-22,1.2279347578683186,1.3680025399788085,0.7631678442152339,1.6449498299815677,1.7369337275112162,1.521183901957915
2016-04-25,1.2266052646733463,1.3729892897781049,0.7636833551303768,1.6421162013660962,1.7343705185142932,1.5292915499271942
2016-04-26,1.2317584387888019,1.3770369117588925,0.7658218543917151,1.6445565151682278,1.7344908374577557,1.535655943960028
2016-04-27,1.2382096552896278,1.3697082184282743,0.76638317246012,1.647940614010173,1.7404114255284735,1.5239128200763847
2016-04-28,1.2432243428841734,1.3715124987215386,0.7695235501384374,1.6329847045581203,1.733226239093392,1.5268028965267721
2016-04-29,1.2461906212887965,1.3738988161101815,0.7710955072962027,1.6241689395114312,1.727335612934652,1.5305109702289565
2016-05-02,1.2388111398111934,1.3712612710714165,0.7692840235300518,1.6370782762551979,1.7335667620248716,1.52636411595129
2016-05-03,1.2326189466927713,1.3680424597120453,0.7663031000884952,1.6228309870972661,1.7285636184343494,1.5210292684891724
2016-05-04,1.2298752645305708,1.3623935069978332,0.7644474458477121,1.6137780679958569,1.7240452004588436,1.5120099615604345
2016-05-05,1.2293367796965498,1.3610196570139257,0.7637731104945087,1.613462620421574,1.7257305259408098,1.5097856946440371
2016-05-06,1.231640068835443,1.367998557277879,0.7647448118359207,1.6193670317072366,1.727863316702571,1.5209561169875876
2016-05-09,1.2236667446439056,1.3641000000761248,0.7614862153360981,1.620704699934398,1.7300378361654338,1.5146442344377962
2016-05-10,1.2347739762416654,1.3645810080524423,0.7633546784688076,1.6408568266584982,1.7427713716311595,1.5154219176209562
2016-05-11,1.2402740034711068,1.3640883410321334,0.7645038510031408,1.6255070340190982,1.7340456316039343,1.5148720694577587
2016-05-12,1.2369359856857896,1.362413707008967,0.7635913031301029,1.625978784445503,1.7324596161792345,1.5121607331657434
2016-05-13,1.237796416199819,1.3606458296852408,0.7639558552181089,1.6118104992746436,1.726060908771076,1.5092984458117533
2016-05-16,1.2417533029923324,1.363723692620162,0.7649036866495623,1.6277109042340194,1.7336907379117337,1.5142770959540475
2016-05-17,1.2412177072404345,1.360924824212685,0.7650676702258987,1.6125188353817606,1.7230530688707997,1.5097460939923029
2016-05-18,1.2292462831786,1.3595922490809795,0.761408816669232,1.6129907279016673,1.7177554515783386,1.50746430487223
2016-05-19,1.2244331096932388,1.351269317269786,0.759338169180963,1.607402332564295,1.7148816797445359,1.4941164382000502
2016-05-20,1.2290935320658987,1.3555752406888055,0.7601793792848487,1.6175564763056551,1.7218011242338036,1.5009606017942083
2016-05-23,1.2269108568732765,1.354374268601559,0.7594031006004377,1.6153523219037298,1.7208351439377425,1.4988890838690525
2016-05-24,1.2285866125015956,1.3568997191215046,0.758484452765988,1.636290936161008,1.7330643510190584,1.5032237351056572
2016-05-25,1.2341929253115071,1.3606344577826106,0.7598035481653513,1.6473905700642049,1.739832599885752,1.5091432501404738
2016-05-26,1.2377065128967406,1.362470283448432,0.7606237105451809,1.6478623204906098,1.7422720394778162,1.5121134184836322
2016-05-27,1.239803486539845,1.3692370849056295,0.7608896548905474,1.654946676216292,1.7454719578264704,1.522940205412027
2016-05-31,1.2425878607231178,1.3882750273163502,0.7635824020932396,1.6517984525875495,1.7442728640814178,1.5537519106606406
2016-06-01,1.2457331865200851,1.38981587410489,0.7631892076774109,1.655183261897004,1.746182366775904,1.5562562495110863
2016-06-02,1.2510515509397215,1.3908714874877508,0.763879010548454,1.6602211870079024,1.7515393383424809,1.5580979581703907
2016-06-03,1.2654281660942113,1.4035242753904669,0.769724065454226,1.6552618396035705,1.7548921142525575,1.5785451832255168
2016-06-06,1.2714956340764463,1.4111253874346623,0.7723810018229921,1.6636847161174257,1.7583822317444302,1.5907760576598762
2016-06-07,1.2768282447252222,1.4099489780744705,0.7740477757535732,1.666281759052185,1.7610461263850186,1.5888621268712113
2016-06-08,1.2893370732797895,1.41696632804062,0.7772622335028981,1.6717135673504313,1.7653157717748729,1.600271923355499
2016-06-09,1.2888906288700541,1.414079061626678,0.7759718722297826,1.6694309773354412,1.7649519159315186,1.5958284738098194
2016-06-10,1.2817325760618634,1.410131614958505,0.7738994146464123,1.6536085817086243,1.7574105651196639,1.589408714510246
2016-06-13,1.2894976357823902,1.4457764845356342,0.7790440417232232,1.6408568266584969,1.7507320619792377,1.647367549132926
2016-06-14,1.282769967511059,1.4387483469337434,0.7763451758357152,1.6376293148556778,1.7484965023554322,1.6359382618253133
2016-06-15,1.2876764987877218,1.443074573896174,0.7792185355210114,1.6353461564666798,1.7492149053613448,1.642972106129973
2016-06-16,1.2871060640189331,1.4622333367087832,0.779626995340641,1.6402272103514486,1.753071412100065,1.6739986528322448
2016-06-17,1.290114587095661,1.4587223657830175,0.7805676975945135,1.6341187527970156,1.7467815840906564,1.6684148256327418
2016-06-20,1.2911962495554141,1.4588592049053044,0.7805053615380773,1.6446423396433916,1.7503926292170235,1.6685083152590026
2016-06-21,1.278757980434411,1.4357141160200375,0.7741911816242592,1.6493106795557724,1.7517579284410614,1.6308715027166636
2016-06-22,1.2714366439941303,1.4118127862752836,0.7702701976895925,1.6466202811902457,1.7514543904581616,1.5920050157091459
2016-06-23,1.2787530102679343,1.4248300487337417,0.7730580391351688,1.6680641799403841,1.7616664822893084,1.6131711992319593
2016-06-24,1.276854488570859,1.429726204954178,0.7764042645741339,1.6081649483891476,1.7334575437033501,1.6212579465733825
2016-06-27,1.276708232888876,1.4210790598946594,0.775361019837153,1.5793633060156151,1.7213862345133735,1.6071942120985836
2016-06-28,1.2874607391584214,1.4228585741879909,0.7761751325660013,1.6078485061603516,1.7393068655753703,1.6100868918325193
2016-06-29,1.296966332853107,1.4295498318249795,0.7778848439111286,1.63522608745755,1.7537233887948989,1.6209665060796168
2016-06-30,1.3075830343196997,1.4466473734896,0.7806802800675835,1.6575401668135026,1.7694418651824775,1.6487773131984338
2016-07-01,1.3243831925287834,1.453107944879135,0.7847776105899447,1.6610211734237632,1.7735416002467808,1.6592066095447042
2016-07-05,1.3186699563201039,1.4498995916808606,0.7826896435321634,1.649073667594555,1.7697796627540687,1.6538898167420142
2016-07-06,1.323963432049522,1.4537098113243316,0.7841442597122125,1.6589642278898367,1.776240040284387,1.6603319458145769
2016-07-07,1.31194947115716,1.4432972960002455,0.7806301686922971,1.6579354709358696,1.7746397773065872,1.6429549671465302
2016-07-08,1.3266116077468522,1.456600806757891,0.783450299367218,1.6826233643350508,1.7918332005406616,1.665117056582887
2016-07-11,1.3221427128588659,1.45507965114926,0.7817051405970545,1.688557188975613,1.7918689295046322,1.6624613032460318
2016-07-12,1.3224527778732453,1.4596907301107398,0.781962974360503,1.7008222737816332,1.7955202352539017,1.6703634758645522
2016-07-13,1.324240570621459,1.45858310930635,0.7815314332492417,1.7005845513529056,1.7971877902492148,1.6683942605973199
2016-07-14,1.320530266722949,1.4601373339104724,0.7810614179248704,1.7100796654323187,1.8003202317159066,1.6708329282272878
2016-07-15,1.3164588800694166,1.4604504527538205,0.7809654238615327,1.7077849974696644,1.79615261058007,1.671484074099384
2016-07-18,1.3166594404817562,1.4647011105554577,0.7813153985919874,1.7123741913014707,1.7989034466441896,1.6785192662783373
2016-07-19,1.3144877796368402,1.462755512347629,0.780214101533612,1.7106336879963402,1.799671135464731,1.6751625185541426
2016-07-20,1.309184294862992,1.4599771303190852,0.7786019882364666,1.717755556406532,1.802789394279493,1.6705606130627768
2016-07-21,1.309513540488299,1.4608375077674363,0.7791357341483662,1.7112668566409366,1.8002020332972566,1.6719841137044467
2016-07-22,1.3083034348551632,1.4573987035405336,0.7776450072128582,1.7189421792411423,1.804553689625761,1.6662886110929982
2016-07-25,1.3032261218588608,1.4573626170548524,0.7762969226109336,1.7142738393287618,1.8009987245042596,1.6663590608966392
2016-07-26,1.305194544409403,1.4582685131243767,0.7772319792592729,1.7150647317604995,1.8019445667356595,1.6678579360443648
2016-07-27,1.3127689969449425,1.4631674470004288,0.7791902626154341,1.713245082374795,1.8037913497606477,1.6758351277891448
2016-07-28,1.3118262907355105,1.46276595088611,0.7793165636131891,1.715223308108653,1.8054348292452995,1.6753029383122533
2016-07-29,1.3202206611529392,1.4661528169044644,0.7813396703451578,1.7179922841807462,1.8098921111549298,1.6807810681621083
2016-08-01,1.3063038210035034,1.4534096191109895,0.7774943572881416,1.7165680810109107,1.8064786968042945,1.6596893659454692
2016-08-02,1.2954103705048732,1.4379122548728887,0.7748326932561913,1.7055697597745891,1.7977952160720743,1.6337396350346451
2016-08-03,1.3019882090370887,1.4418412987310953,0.7765361943656345,1.710554257728762,1.8013302771688833,1.6404190561181227
2016-08-04,1.3090730864580282,1.445687673764546,0.7783904012042917,1.712374191301471,1.8042123885518244,1.6468244690039653
2016-08-05,1.305276132168893,1.443764570388742,0.7770942796379073,1.7263796373191194,1.8085767533892814,1.6436203692294846
2016-08-08,1.3083066737492042,1.447378896462847,0.7777349712627597,1.725351022458654,1.8075415047445695,1.6496372516451419
2016-08-09,1.3127692199155885,1.4479007715253305,0.7781240696141685,1.7263796373191196,1.8107567626321273,1.6505052933902156
2016-08-10,1.3114896386830188,1.4493776277297346,0.7776406749041692,1.7221070278096113,1.809979840391743,1.6529640194682274
2016-08-11,1.3116887662498462,1.4489477428769217,0.7774663959843833,1.7300989347321147,1.811568880242531,1.652246933788568
2016-08-12,1.315576590519116,1.446741393007376,0.7775990255622085,1.728595727575207,1.8131837847158316,1.648570984568739
2016-08-15,1.317053798889061,1.4440933015989397,0.7782882638053883,1.7335802255293797,1.8142180934344303,1.6441571277561233
2016-08-16,1.316674920787548,1.4453071774376578,0.7789716702754258,1.7246388498269851,1.8073481369780724,1.6461777594617133
2016-08-17,1.319917407503105,1.4434076572170644,0.7791282882127932,1.7278834128500355,1.8105531516247269,1.6430129011359902
2016-08-18,1.3266094390636762,1.4454976323527045,0.7809926862260035,1.731760576143675,1.8142863024784273,1.646356439862264
2016-08-19,1.3207013840785802,1.44298179233633,0.7797789417833104,1.7292281857522935,1.8102490357643384,1.6423013224483993
2016-08-22,1.3208348368269311,1.4440181113631916,0.7793370302591286,1.7291494659522249,1.8118022472366098,1.6440240700237403
2016-08-23,1.3237529480221388,1.4440129800686452,0.7800778755950708,1.7326313251234973,1.8139389787044808,1.6440144114566249
2016-08-24,1.3148479378082447,1.4390913010150312,0.7776934544587047,1.7237683850341672,1.8080805818657786,1.6356794044292622
2016-08-25,1.3142351475539673,1.4381468747260608,0.7777866974013065,1.722581762199557,1.8061761334512274,1.6342415422956031
2016-08-26,1.3089479142906186,1.4382716682843253,0.7764170675755329,1.7193371991765065,1.8013683974874013,1.6344481319478479
2016-08-29,1.3144335311917612,1.438071523223425,0.7758018807791002,1.7278039825824576,1.809669049243106,1.6339746220696671
2016-08-30,1.3087330989806754,1.4366205973643833,0.7744583609678424,1.7249557183362876,1.8078047864985698,1.6315567081382485
2016-08-31,1.303051591175997,1.435177971970333,0.7730415166403238,1.7200495139016774,1.803865098788628,1.6291580778820087
2016-09-01,1.3014476718262784,1.434483691617359,0.7725326968657149,1.7201288020757537,1.8050463173570004,1.628011790448232
2016-09-02,1.3071122365775036,1.440536345853575,0.7748603053198444,1.7278834128500358,1.8080511693582904,1.6378611599806376
2016-09-06,1.3210690172214383,1.4560768730933886,0.7797123844169385,1.7331057753264387,1.814698843332032,1.663487051457513
2016-09-07,1.3232012477943793,1.455863073377916,0.7806705789645497,1.7329470568847838,1.8149869895930393,1.6632651601765944
2016-09-08,1.321556434914092,1.4572582067703017,0.7809642771368205,1.728990889604072,1.8089418873452228,1.6655648593704537
2016-09-09,1.299361212644175,1.4465678637512231,0.7777351806433256,1.687607720195723,1.7794760395381992,1.647800336708164
2016-09-12,1.3028808608604128,1.4465934370882159,0.7769737118013015,1.711820452924453,1.7953579740170633,1.6481028029804876
2016-09-13,1.2880624091037731,1.4408874672954919,0.7746165421525409,1.6872118476993485,1.7772230279563856,1.6385585320825746
2016-09-14,1.2881096024147372,1.4419617015017472,0.7750410542594304,1.6865791053352577,1.7784405287567204,1.6403289049510088
2016-09-15,1.2911640179555641,1.4439519501698612,0.7751440728803267,1.7034330997860798,1.789239853577122,1.6436101516803667
2016-09-16,1.291803828598137,1.4418824206540628,0.7745824158434512,1.6968482027196783,1.785871989282559,1.6401958447088374
2016-09-19,1.2933715076034251,1.4454191134574843,0.7753736261630734,1.6971667763510037,1.7848441939103703,1.6460256006988778
2016-09-20,1.2948027461771254,1.4452569673224922,0.7749872149670186,1.6972459224315781,1.7859930977549427,1.6457570617401096
2016-09-21,1.3085714629319907,1.4489550977469272,0.7776246519143621,1.7163323478912096,1.7991667888839424,1.651855191498092
2016-09-22,1.3178050672356008,1.4517403142188003,0.7797031989676291,1.7271477947905478,1.8081054604930167,1.6563160568065773
2016-09-23,1.3141338833563105,1.4511176988108463,0.7803597240364962,1.717684509655567,1.8024740016302103,1.6552885220181746
2016-09-26,1.3135846726609375,1.4486910041707874,0.7799103016963759,1.7037675878896208,1.7957856973649944,1.6512842213138674
2016-09-27,1.3131081221691456,1.4476437602707088,0.7780190428639596,1.7143440335187143,1.8036694190798344,1.649688008947609
2016-09-28,1.320609928465401,1.4487323616873644,0.7795816885520104,1.7228535870687467,1.8087006294484838,1.6514824488633675
2016-09-29,1.3177920246476953,1.4445777770737558,0.7785435820720641,1.7072660720006192,1.7993451671385958,1.6446293808845618
2016-09-30,1.320112461837619,1.448878374549998,0.7797754035897182,1.7201496898205364,1.8056406409450638,1.6515923097571985
2016-10-03,1.3200177987506707,1.4486841500595309,0.7805334827572276,1.7160137742598844,1.801354744178394,1.6514011752646156
2016-10-04,1.306268635212497,1.440303475544097,0.776348826951535,1.7072660720006194,1.792548536087095,1.6373863719102988
2016-10-05,1.306984502692568,1.441821391362743,0.7764500807393705,1.7148213255916946,1.7956911430314748,1.6398990691678825
2016-10-06,1.3033341648207528,1.438407823927234,0.7756899412281177,1.7160137742598844,1.7949554891132216,1.6342443847945445
2016-10-07,1.3014261043557653,1.4382416207706479,0.7749688957538331,1.7101291139709902,1.7922832420106958,1.633967917123048
2016-10-10,1.3056409837974672,1.442228628900256,0.7765784795874626,1.7190365293264236,1.7960187101411305,1.6405675000068276
2016-10-11,1.2991007516113748,1.442926917144158,0.7759900159528035,1.6973253526991567,1.7821506220989474,1.6418564851237714
2016-10-12,1.2973869007430971,1.4423191424206154,0.775119727677247,1.6995522420613898,1.7835531611776558,1.6407148825197517
2016-10-13,1.29877166628185,1.4406641087122114,0.7752975358574514,1.6939853028428093,1.7815342365823867,1.6381061943863553
2016-10-14,1.2950053219070976,1.4409934290536486,0.7757797743086372,1.6948603146276893,1.7798868070107392,1.6386505152990887
2016-10-17,1.2982048168917402,1.439582081746704,0.7768697013210241,1.6889753701517904,1.7777318326469684,1.636309567754285
2016-10-18,1.3033981883630386,1.443069704237989,0.7778219349347595,1.6995522420613896,1.7858158017978094,1.6420844141341386
2016-10-19,1.307452365549545,1.4432259503340148,0.7791110343347076,1.7040853089599342,1.7889935606274996,1.6422082044036759
2016-10-20,1.302751825636033,1.441356161460579,0.777370519135693,1.700904403825748,1.7863442392755138,1.6392439185297782
2016-10-21,1.3047041806659196,1.4419206660988826,0.7777864934520019,1.7016998432495474,1.787620619303146,1.6401775583010672
2016-10-24,1.3060631327594088,1.4492280596553566,0.7784776674310928,1.7089365232092981,1.7912090063726362,1.6522761805048092
2016-10-25,1.3064184301836301,1.4502558179820977,0.7791140519507198,1.7032104392685565,1.7874730703911226,1.6539770889636531
2016-10-26,1.3018706771245654,1.4539296426928172,0.7789602727088059,1.6997912433316351,1.7837685500316731,1.659926619186567
2016-10-27,1.2980120418699996,1.455967139096867,0.779002180322719,1.6952580343395889,1.778456221152373,1.6634335349579716
2016-10-28,1.2966932998533878,1.4564326243716839,0.779708540663335,1.6902481016485704,1.775430713401168,1.664069668965143
2016-10-31,1.2972909675772495,1.460075350565063,0.7797144829427639,1.690327105635643,1.7760613736831026,1.6699667597153605
2016-11-01,1.299165991170856,1.4661564542973657,0.7807737977934315,1.678080066704368,1.768366276401862,1.6802062317453994
2016-11-02,1.2959476243938308,1.4670771953781352,0.7801828433601484,1.6679806289612507,1.7641323206253627,1.6815995339399403
2016-11-03,1.2877409282847423,1.453883166280221,0.7783135849834923,1.6603462292896005,1.7588667930816049,1.6598082390287876
2016-11-04,1.2903191535239327,1.4573956388225304,0.7787394173009321,1.6585167754522625,1.759911269010484,1.6655083068771388
2016-11-07,1.2942361360613017,1.4618506949963945,0.7782136727626519,1.6950987475239265,1.7800000765438866,1.6730427412487066
2016-11-08,1.294006343711637,1.4651973665998517,0.7778184077041949,1.702733289289079,1.7822925431578927,1.6784671349102473
2016-11-09,1.287778256190525,1.4729549150975403,0.780399789227406,1.7207857003351723,1.782878427797479,1.6916272750322765
2016-11-10,1.281779156105015,1.4711583421250358,0.7794498447647462,1.7250799080569734,1.7813839775483535,1.6886401215874312
2016-11-11,1.2704747644524785,1.4660025956471914,0.7771766546886953,1.7211035634989877,1.7774551032568298,1.6803417354056838
2016-11-14,1.261090133182467,1.4605115998023295,0.7734464942686531,1.7224552989828394,1.7742999233430505,1.6709406041743449
2016-11-15,1.2708337635353253,1.4654237877484377,0.7748724385639463,1.7358959233303195,1.7827733272169477,1.678966278063911
2016-11-16,1.2709053991485817,1.471182071356751,0.7744832353284855,1.7326351616480493,1.78136380656327,1.6885332724185802
2016-11-17,1.2690377589822188,1.4721408819731407,0.7757718692434401,1.7415421507229776,1.7839409559398935,1.6899894178462427
2016-11-18,1.267889420392533,1.4721006222267774,0.7751370601551024,1.7376456627130759,1.7784465044553153,1.6900562951672489
2016-11-21,1.277550610625877,1.471082799358134,0.7767922297499377,1.7507671450552234,1.7873001755267932,1.6884951591102044
2016-11-22,1.2809085787668715,1.4763736506286225,0.7783982103158944,1.7541866251791485,1.7901022823424455,1.6972855442376973
2016-11-23,1.2766464139163223,1.4724301485412057,0.7758608165907559,1.7551410672316072,1.7882478529127546,1.6907305520692668
2016-11-25,1.2754084959864547,1.4733408163185862,0.7742148055495611,1.7616625905961478,1.791777767331577,1.6921048974610076
2016-11-28,1.2767981302117497,1.4710346858348355,0.7741438600608759,1.7533913278488509,1.7896657926359767,1.6884023283248262
2016-11-29,1.27286849926198,1.4702265800792533,0.7720498514678904,1.7568110921597802,1.7925329076444074,1.6870576197000058
2016-11-30,1.2756275738141427,1.470379963540904,0.7745453634774575,1.7525961726120554,1.7852526433006823,1.6873132013199732
2016-12-01,1.2744453543015704,1.4707858603603319,0.7747300986777723,1.7461545057955985,1.7785912441051417,1.6877006187421142
2016-12-02,1.2800589473725368,1.4764470163641072,0.7756210665601174,1.7470292333934747,1.782319061833852,1.697274688131472
2016-12-05,1.2841215144836056,1.4751571287059362,0.7763802013975187,1.757526390848491,1.7884629434577248,1.695118572299594
2016-12-06,1.286074882167571,1.4777095713812567,0.7775317428918502,1.7630936142540763,1.7921372888193532,1.6992349864657152
2016-12-07,1.2932569110433763,1.4852370223922078,0.7778268448129889,1.7861562421781918,1.8086100711246427,1.7117832944170346
2016-12-08,1.292582491220136,1.487102629971378,0.7791540610400779,1.7905303064480778,1.8085659711738695,1.7148917784472366
2016-12-09,1.2888451225394235,1.4876084863620846,0.7778003565765214,1.801345469160412,1.811507476468229,1.7157332465328823
2016-12-12,1.2902691485272222,1.48903946827973,0.7775748074126618,1.799277866613841,1.8103797499061793,1.7182502184918922
2016-12-13,1.2929406134538826,1.4907233553905486,0.777321248733812,1.8112864726488784,1.8181266931119564,1.7209184503246906
2016-12-14,1.2785880459485082,1.4863345805561385,0.7727145146405525,1.796335820656397,1.8030787093241587,1.713599157149844
2016-12-15,1.2719069973525776,1.4814271405861603,0.7682560247892568,1.8037316453383085,1.8056289149750642,1.7054151159734998
2016-12-16,1.273420664154621,1.4840755879430436,0.7695604944086851,1.800203747872411,1.8043554314476784,1.7099661105748105
2016-12-19,1.2774935944498067,1.48635321464472,0.7704137084151337,1.804123539216629,1.8100121753121279,1.7136204478698018
2016-12-20,1.2806367045444333,1.4900616372264917,0.7717615668293837,1.8110829947541163,1.812771246036358,1.71993861626893
2016-12-21,1.2818671266301203,1.4959132337439034,0.7729229453691543,1.8060433645211946,1.810845722987396,1.7295554512000177
2016-12-22,1.2827523192684847,1.5007284712781224,0.7745767770302903,1.8029239858733432,1.8086333980500815,1.7377190027843912
2016-12-23,1.2890312870749874,1.5148679567241823,0.7777771210313216,1.8055639410456854,1.8109273589615074,1.7612912311327662
2016-12-27,1.2951123695111817,1.520614708612785,0.7799044021114979,1.8100431545069986,1.8126440905764072,1.7707274115728346
2016-12-28,1.2988023206504735,1.5284003135373747,0.7818561136602521,1.7950836927173974,1.8060872416155505,1.7837200145722962
2016-12-29,1.30180318693909,1.5292026447551554,0.7830263879201297,1.794683699509467,1.8080200788792908,1.7849183618509774
2016-12-30,1.3015652484171998,1.5238586957940459,0.7832189167005541,1.7881243792734127,1.8061112904327568,1.776286398865787
2017-01-03,1.3088127283288957,1.5438421499505615,0.7858309377480096,1.8018038627976354,1.814057087947261,1.8098333060812246
2017-01-04,1.3234480811585447,1.5689347417105526,0.7917359225071694,1.8125228282091645,1.8213801039612325,1.8523273669221854
2017-01-05,1.323532201135162,1.544727589864294,0.7887662996314949,1.8110829947541163,1.8251942975660955,1.8114731650964362
2017-01-06,1.3126533535612397,1.524387479322784,0.7836065165742652,1.8175626005355883,1.8258128660932356,1.7768790245995068
2017-01-09,1.3112433714417937,1.5246267352578076,0.7831563507718707,1.8115632707906368,1.8249338897123815,1.777277901948138
2017-01-10,1.312910548863876,1.5274709055236975,0.784226767810859,1.8115632707906368,1.8245894351862215,1.7822372476656814
2017-01-11,1.3123342756344174,1.5050519228760815,0.7821615911542981,1.8166826154781406,1.8285188824991456,1.7441223793643368
2017-01-12,1.3168301769503876,1.509841691646251,0.7843911823927066,1.8121231191882379,1.8261690380478355,1.752232149684462
2017-01-13,1.317889649495531,1.5160402086920348,0.7856243275467764,1.8162827643637118,1.827104895779325,1.7627277420761482
2017-01-17,1.3258442224599236,1.531884585214609,0.7886581068182262,1.809883015130324,1.826879310339,1.7895529675081228
2017-01-18,1.3172333003928693,1.528029097346049,0.786169889158241,1.8138826630226264,1.8241339003216246,1.7831657714767675
2017-01-19,1.3142678391539464,1.529764556675447,0.7866263825361928,1.8071632034098981,1.8173050383811171,1.7861027962639109
2017-01-20,1.3185325345166043,1.5312551249170507,0.7877865003740465,1.8138029485680438,1.82167341389445,1.7884805663865928
2017-01-23,1.3247841151421644,1.536761472380435,0.7899748065893542,1.8090828866209607,1.8226035470496134,1.7979445798856382
2017-01-24,1.3246231211078119,1.5344796456194383,0.7897989615521369,1.8206822633704425,1.8268764831337077,1.7940780662272504
2017-01-25,1.3216435971491864,1.538260598706403,0.7894761869433587,1.8364414273889007,1.83284305689167,1.800334817265321
2017-01-26,1.3222058985848046,1.538316340642227,0.7890599742195142,1.8345214599908337,1.8326440673754665,1.8002835780403355
2017-01-27,1.3226977033248728,1.539551771414515,0.7889285508043483,1.8316417930807374,1.8317949464733279,1.8026620573959007
2017-01-30,1.3179450064742508,1.5377283540413929,0.788352663648709,1.8202826964430177,1.824704643159879,1.7992795506409
2017-01-31,1.3278086586435571,1.5504915849948402,0.7917901811835459,1.8201225570663435,1.8270816823950975,1.8210410003414064
2017-02-01,1.3289879549645258,1.5537424106646456,0.7925321576542632,1.8208422606536145,1.8261146162435637,1.826542073676566
2017-02-02,1.3303281344629239,1.5583242885234794,0.7936268670766456,1.822042382370908,1.8271161710501211,1.834358618360328
2017-02-03,1.3336904674684518,1.5642956520747453,0.7945001726753631,1.8346020270064267,1.8352384955019057,1.8446939489382337
2017-02-06,1.3358739566422937,1.5678544603623235,0.7954694957558549,1.8313215143273884,1.8367460669500606,1.8504648547421931
2017-02-07,1.3357058686234806,1.5710267332882057,0.7943105982654414,1.8314020813429823,1.838118603153902,1.8558758924922014
2017-02-08,1.3411054332059804,1.5723950538928821,0.7946371423023973,1.8338014722165583,1.8425596562538062,1.8582086246096028
2017-02-09,1.33872163269658,1.5621826231213864,0.7937048201086698,1.844680861191765,1.844723025076352,1.8407796970339192
2017-02-10,1.3443639824276252,1.5640083175419768,0.7951056889301843,1.8519601692020946,1.8486192159526806,1.8440408208818746
2017-02-13,1.3423186077003246,1.566326231418047,0.7942434850499397,1.8620398559484437,1.8535755717153943,1.8479894327486808
2017-02-14,1.3425580260213807,1.570858601753502,0.7945853000173474,1.869479445428949,1.8554085038583112,1.8555734945850815
2017-02-15,1.3454269024264995,1.573507169309166,0.7963136397421843,1.8792385692349458,1.8598930578435808,1.8602387463108045
2017-02-16,1.3451769292091917,1.5765072675066323,0.7957278968810263,1.8776390226837294,1.8618559427354797,1.8653559808632374
2017-02-17,1.3473128883285177,1.5795388773510861,0.7959859008784,1.880598830328914,1.8655894498439625,1.8703791104943848
2017-02-21,1.3525800323577817,1.5944117490917276,0.7985043269500319,1.891797929683461,1.8719860394691363,1.895897797194024
2017-02-22,1.3522513003318923,1.5944282838109898,0.7984781766828536,1.8901179582101526,1.8721588160062512,1.8959238104315264
2017-02-23,1.356366216675652,1.602570002266865,0.8002140831518177,1.8913979364755307,1.8748808396681464,1.909814864998723
2017-02-24,1.3597928492841163,1.604305159403283,0.8002810238907199,1.8937976115361101,1.8797403912030963,1.9127736579638186
2017-02-27,1.3563249737517966,1.604318423809232,0.7991663042818214,1.896757277087793,1.8788749578549317,1.9127899356966616
2017-02-28,1.3561292433571395,1.6036419948319782,0.798353897939085,1.8916382165872925,1.8754294281251525,1.9113460152847608
2017-03-01,1.3596710874525275,1.6155209079500932,0.7999604276051469,1.9181162039237774,1.8859539477244076,1.9321928892480786
2017-03-02,1.3484396931201055,1.6135209383237494,0.7969440069649114,1.9060374036987868,1.8766355688573133,1.928726874030306
2017-03-03,1.3532618685820021,1.6185132696584394,0.7984287039812709,1.9072368149485706,1.8780606383650453,1.937214101840283
2017-03-06,1.3490781406691026,1.6159309354501479,0.7973908559783593,1.901557479769964,1.874539767861996,1.9325779136478642
2017-03-07,1.3412721915417836,1.6047382397169443,0.79442302457283,1.8958774341238471,1.870094411830157,1.9135028135810543
2017-03-08,1.327534102862504,1.5910506542109635,0.7892662218552104,1.8923576359875598,1.8655118749843285,1.8897969916614514
2017-03-09,1.323043834954648,1.595287004400186,0.7887130329293999,1.8947574531416411,1.8648773949487663,1.8971298658101665
2017-03-10,1.321614382361167,1.5862646550478239,0.7873086074427507,1.901396914112783,1.8703911501901647,1.8813478546704085
2017-03-13,1.325219456347084,1.6051507559773117,0.7903271725339265,1.9023568978118168,1.8691138744529978,1.9141980633767823
2017-03-14,1.3234946854035474,1.6053678163336216,0.789120091488093,1.8950775898014875,1.8655657865399295,1.9145705418122076
2017-03-15,1.3392230861346888,1.6136239197907634,0.7942215887689569,1.911476316672129,1.881791132705835,1.928709106255236
2017-03-16,1.3369240215136122,1.605773332860258,0.7942493962141626,1.907716806798087,1.8774926544973418,1.914955992650265
2017-03-17,1.3366144490856342,1.5927303815747136,0.7930509253835666,1.9043666683031029,1.8774905253090153,1.8923666027320594
2017-03-20,1.3357036937488183,1.5856206031110094,0.7921172633338192,1.9022777517312424,1.878025489033295,1.88020055463758
2017-03-21,1.3323296170500947,1.5909295797601646,0.7913663482857477,1.8778535838716415,1.86598544800723,1.8892354955211845
2017-03-22,1.3317988336177657,1.5810644448711544,0.7901664401600681,1.8822722655011328,1.8700356169203807,1.8721488998024922
2017-03-23,1.3307012963983866,1.5798396266070633,0.7897784373934073,1.8802634896643604,1.8680586745685839,1.8701798390052955
2017-03-24,1.3310084675069787,1.5661397653425617,0.7891168165799446,1.878897544830315,1.8676727152956532,1.846297508188318
2017-03-27,1.3389809492054376,1.5855632613117763,0.7925929552905998,1.876970046476646,1.8683747975763865,1.8799227607600537
2017-03-28,1.3409678302659642,1.5887506987095696,0.7927451310447323,1.8906279317885755,1.873939732470329,1.8854390316911032
2017-03-29,1.3455655788865135,1.5882432592296043,0.7936267701547352,1.8923950065785666,1.877124158856578,1.884556949012043
2017-03-30,1.3436100279986558,1.586031949131564,0.7928865391689891,1.8984211919953826,1.8785756219564014,1.8807243033713388
2017-03-31,1.3477113193298973,1.5930491320117257,0.7949095150993679,1.8940025103658913,1.8774403193121763,1.893028680935864
2017-04-03,1.3527540046161521,1.6064250810314182,0.7968883583567571,1.8907082146171657,1.8791775100932158,1.9160509982572282
2017-04-04,1.3546115958489002,1.6061541329775169,0.7978087141020714,1.8919133096070269,1.878825587022936,1.9155798408519666
2017-04-05,1.3528880953335212,1.6019565443073043,0.7969656836826642,1.8862895329876743,1.876905749319379,1.9083293725656594
2017-04-06,1.356368341040221,1.61247279451505,0.7984610758625529,1.891591894105663,1.8795610532759124,1.9264821756348895
2017-04-07,1.3537362025559114,1.6110570693976765,0.797768722599358,1.8896636852844844,1.8761345609154059,1.924034570385052
2017-04-10,1.3572783751506632,1.6134678286699098,0.7984823625825767,1.8907886395392577,1.8781566858193954,1.928186231886058
2017-04-11,1.3630992883425241,1.6193142647319083,0.8001815554175709,1.888538731029711,1.880308982818118,1.938122839146133
2017-04-12,1.3629924968898615,1.6164862609879256,0.8002627337571074,1.8802634896643604,1.877737851454793,1.9333905328464254
2017-04-13,1.3622096425593597,1.6106643981853646,0.800235551669213,1.8680512636410582,1.8727539326642024,1.9231819668222034
2017-04-17,1.3626439918841622,1.6166560922534428,0.7997118408325194,1.8846027410262731,1.8813869514133013,1.9335127541215182
2017-04-18,1.3633637682952615,1.618167121564234,0.7992334593375952,1.8789785381264148,1.8823872060379174,1.9359644226208192
2017-04-19,1.3566719080606768,1.6169468841192827,0.7974244216937075,1.8755229662529995,1.8783369799229945,1.9338541946512553
2017-04-20,1.358681054827654,1.6226233415783506,0.7982568184744863,1.8907886395392575,1.885707038054524,1.9436510934525202
2017-04-21,1.3549950520314855,1.6212577985970404,0.7972035337358915,1.8847623120289396,1.8824792611315264,1.941290126169692
2017-04-24,1.3595388401997395,1.6298137620974942,0.7987829886323218,1.905491054183869,1.8932407301867018,1.9562053833777981
2017-04-25,1.360431709328578,1.6331592924333855,0.8002124301976916,1.9165788943264057,1.8959176456966997,1.9619779564358668
2017-04-26,1.3612086997594783,1.6354878841102354,0.8007433679238304,1.9153735151495401,1.8971952099210965,1.965841181811208
2017-04-27,1.360685063875622,1.6402351301183467,0.8010913760259585,1.9169804505628574,1.8986493691886182,1.9741872868794095
2017-04-28,1.3598149369013215,1.6395544037642946,0.8010668012562768,1.912802475325634,1.8969475587663243,1.9727063126435558
2017-05-01,1.361329688857064,1.6541748119046684,0.8026563297909396,1.9176229973785812,1.8981761648253879,1.9983021058010093
2017-05-02,1.3595919266506913,1.6576556832675025,0.8014093533735929,1.9183459691163969,1.9001746771577217,2.0045433345305206
2017-05-03,1.3544065747862137,1.6582711631849072,0.7987117503191412,1.91601648824577,1.8972202490054533,2.0056156267721263
2017-05-04,1.3459601614526058,1.6626143619730813,0.7952318950698335,1.918265544194305,1.896847833108717,2.0130443963964573
2017-05-05,1.3538384790835074,1.6685413925829138,0.7981637547259305,1.9258178138218403,1.9014843837391646,2.0235617317898376
2017-05-08,1.3542837467163287,1.691080431717053,0.7991075731517424,1.9254971087879862,1.89944000645865,2.0627910401176885
2017-05-09,1.3538586160902581,1.6956617791034885,0.7990873904034231,1.9237290393434816,1.8975322166107724,2.0707957666280286
2017-05-10,1.360097222277331,1.701760225246444,0.8016170428456469,1.9271839007493874,1.8993025905938228,2.081292584374509
2017-05-11,1.3637372843509232,1.7101016859932152,0.8040208927854359,1.923246773997934,1.8975303438259108,2.095870511207679
2017-05-12,1.3614512289222653,1.6929248005500726,0.8016786088277104,1.920033329451806,1.899467969173795,2.065999209025668
2017-05-15,1.3639961166531749,1.6973530457668167,0.8017857782341241,1.9306387621552932,1.9052795807981373,2.0735687418191966
2017-05-16,1.3662396228790303,1.6983516517343176,0.8022767511268554,1.9288712610847967,1.905225746574951,2.075310425802788
2017-05-17,1.368474369435358,1.70769107576766,0.8046790110945525,1.8946450571816158,1.890919929606182,2.0914730051966517
2017-05-18,1.36979356329886,1.713771660287656,0.8052728786744558,1.9022777517312435,1.8952471568155398,2.1020986326747755
2017-05-19,1.3821049768820635,1.7309969047107208,0.8099004659391951,1.9146505434117254,1.9023961642095009,2.1323663637843357
2017-05-22,1.39200767872733,1.7609860681631315,0.8139979970966854,1.924371444065704,1.9073246182693524,2.1846191610759784
2017-05-23,1.3938080147612812,1.780817923155061,0.815731690413538,1.9286298442250192,1.9078625232392137,2.2192836195733667
2017-05-24,1.4000212566754549,1.80006504127179,0.8179422736428565,1.9331296612441118,1.9121082229314184,2.253085842071056
2017-05-25,1.3914608278001612,1.7822379377459125,0.813179155401546,1.9423685807395463,1.918033395025536,2.221757746494987
2017-05-26,1.3931488136848977,1.770248261821419,0.8136204679694269,1.9419668824095926,1.9182932095402265,2.200634215351208
2017-05-30,1.3915692313135066,1.7662244545024914,0.8123862808664607,1.9402799483546895,1.919214191758418,2.1939033472528977
2017-05-31,1.3934262899476757,1.7823388150786295,0.8138262632929647,1.9397975409156398,1.9192811181756633,2.222081969236261
2017-06-01,1.3979758221506862,1.7969705600928536,0.815602596102456,1.9552230693915686,1.9280368713279783,2.2482739446949354
2017-06-02,1.4047958630960093,1.807399272385196,0.8176384539524558,1.9617313780604297,1.9352680082710354,2.267339565857028
2017-06-05,1.4053138139194563,1.825689978954052,0.8186925660370877,1.9602850083042929,1.9331200239176833,2.3002758569696082
2017-06-06,1.411807549323183,1.8423670186112924,0.8219038612647179,1.9540185427757149,1.9318358960437139,2.3306595351543717
2017-06-07,1.4051419060479913,1.8314886743033592,0.8187628663044335,1.9576336856517969,1.9325488383037142,2.310589460906828
2017-06-08,1.4067222897736098,1.8385687216559279,0.8200305885913365,1.9585975058753824,1.931903055914687,2.3235893225711615
2017-06-09,1.404502550267361,1.8365585064430108,0.8191014966360713,1.9556251940020273,1.92942230636709,2.319762795551687
2017-06-12,1.3965467880470086,1.820106131581166,0.8150774824800723,1.9552230693915684,1.9290403385507149,2.290126742814938
2017-06-13,1.4025854028328508,1.828379170349632,0.8181473141749283,1.9647842569493783,1.935003071433338,2.3049270518019584
2017-06-14,1.3947989787220036,1.8081391345553715,0.8119402459253892,1.9622939262345673,1.9375362868838724,2.2684401961222953
2017-06-15,1.3891516635848993,1.8013838164419922,0.8083510795481363,1.9585172230467924,1.9339330286495995,2.2561988242004496
2017-06-16,1.3912888630764162,1.8058233562871402,0.8093684845342727,1.958945350768105,1.9346175391017224,2.2638749244824115
2017-06-19,1.3919373630610883,1.812949447026814,0.8090564435766833,1.975253706171519,1.9421492232168232,2.2769477060166206
2017-06-20,1.3898836944113562,1.821397444553699,0.8079838197750795,1.96193244036566,1.9361757984783183,2.292244998847753
2017-06-21,1.3880685661484864,1.8189994152123687,0.8074231015591719,1.9614483278045869,1.9358169517387207,2.287716032354862
2017-06-22,1.3922297018638694,1.8226062220496715,0.8095740522398186,1.960559817137024,1.9360055030195047,2.2940641730842875
2017-06-23,1.3961947430048645,1.8280671201354368,0.8115196993583753,1.9629012338618128,1.9376107383341354,2.3041312776663285
2017-06-26,1.3914163469693184,1.802459659726433,0.8081523076334526,1.964193147981353,1.9390223247097038,2.2579125321303506
2017-06-27,1.3888064754643195,1.8065190807092084,0.8079587044669655,1.9483693314195172,1.9258310587008078,2.2652606584352846
2017-06-28,1.3959871641316761,1.8138547069983595,0.8109125515421529,1.9658076143502718,1.9354671414695683,2.2781827660533263
2017-06-29,1.38791450616566,1.805169134019236,0.8083113112877107,1.9485308917312103,1.922344546478976,2.262625130866583
2017-06-30,1.3905019168197619,1.8002255330307557,0.8086857240948842,1.9521637962950331,1.9227053558123772,2.253487433101521
2017-07-03,1.3901037229143196,1.8030805909694207,0.8087858340657444,1.9554742907029787,1.921837063146514,2.258572467871598
2017-07-05,1.3857512891275199,1.8035800455544633,0.806837678479957,1.9599954217473614,1.9250863688993012,2.259652949687663
2017-07-06,1.3786561787051357,1.7996373007736637,0.8044362142741455,1.9420717474140163,1.9130496808023292,2.2522941189084955
2017-07-07,1.3739166260562472,1.7918432777814508,0.8022013975623521,1.954666773331516,1.9192642124890718,2.238113770841874
2017-07-10,1.3727261607368597,1.780782924040946,0.800755125734778,1.9567653522615076,1.921515936548218,2.217982257296999
2017-07-11,1.3779917498485341,1.7803771007421878,0.803487548998609,1.9553124462042824,1.9216689939885827,2.21723888502516
2017-07-12,1.383948711156617,1.7888680174993052,0.8055986687041166,1.970006335238777,1.9325915543902819,2.232858952996879
2017-07-13,1.382081751824224,1.7848439214480192,0.8054234862958787,1.973316119179213,1.9337528880424664,2.225534974374394
2017-07-14,1.3861904556769307,1.7789118056993083,0.8064420670085811,1.9825196573926671,1.9402754798131432,2.2143754106793514
2017-07-17,1.3864043755160573,1.7788036455668008,0.8062639489872852,1.9822776721588815,1.941071904889496,2.214345597706558
2017-07-18,1.3925370677872613,1.7883483110004466,0.808603824784127,1.9833270326706283,1.944509813583177,2.231699222224514
2017-07-19,1.3965100939407844,1.7866560419544262,0.8100296857858136,1.9940650386114152,1.9508553942887346,2.2286160680303633
2017-07-20,1.4058885210142893,1.832253851972627,0.8145984620181398,1.9949532650919748,1.951596468923378,2.3115398726015677
2017-07-21,1.4017392106768327,1.821173131525521,0.811959073167735,1.9931769542243583,1.9519195169806498,2.2913813915681756
2017-07-24,1.4046387880649343,1.8296359394689226,0.8140885193385407,1.9926924153827794,1.9511275643059496,2.306755236687516
2017-07-25,1.4025190918769395,1.8162253882146504,0.8132441206566722,1.997536951237553,1.9496555735493095,2.2823593543838796
2017-07-26,1.406870248530368,1.8146705898555933,0.8154499485947309,1.9976176603466484,1.9521595428104686,2.279343019824619
2017-07-27,1.407943304973408,1.824606688684988,0.8166154779191644,1.9957602140894302,1.9498335140715184,2.297225519236656
2017-07-28,1.4134232980759063,1.836680918182991,0.8191371214585335,1.9934186552711393,1.9497505168297613,2.3193622124892532
2017-07-31,1.4146243118322819,1.8411860553420476,0.8193037908426646,1.9922887277437988,1.9492916987925868,2.327544979841439
2017-08-01,1.4107379541743685,1.8296216429226542,0.8164741368813436,1.996729718053093,1.9538354138055234,2.3060725981141257
2017-08-02,1.4098450920016856,1.8282391589176588,0.8158612055246013,1.9976982273622423,1.95367354044846,2.30333874681062
2017-08-03,1.412419463120266,1.8365515424406056,0.8166683317546756,1.993823195471132,1.9541023766595436,2.318600423024503
2017-08-04,1.4129877339021282,1.8425941014415377,0.8182682176865737,1.9974556737544493,1.9541158333692739,2.329693126324839
2017-08-07,1.4211344853390453,1.8778187686891485,0.822804519859574,2.0011691453338663,1.9567344828399869,2.3943731726227693
2017-08-08,1.4229931656747499,1.8826854596330431,0.8240463737526955,1.9962448950245113,1.9531856487436432,2.403306431115176
2017-08-09,1.425862687018367,1.8794933757875263,0.8242469194571351,1.9961643280089174,1.954088115679701,2.3974380280385406
2017-08-10,1.4183553888330376,1.8774872136630352,0.8205385644746803,1.9679877549503713,1.940471009381346,2.393747799937976
2017-08-11,1.4233435727046457,1.8980013994718583,0.8230833315382788,1.9708939933453278,1.9430541458096393,2.4312318557407586
2017-08-14,1.4335845524848894,1.9507553491258185,0.827905981856797,1.9904319919540907,1.9526234445039106,2.5282973740833388
2017-08-15,1.4256480764503194,1.9367858917629528,0.8241172520086723,1.9901895804397998,1.950142678010809,2.502445640029667
2017-08-16,1.4322221049624508,1.9547787739467493,0.8266948666763231,1.9936613509724355,1.9536420772446241,2.5356763926299086
2017-08-17,1.4259655093695311,1.9450344086209441,0.8244108602377305,1.9625783974254298,1.9381724672040908,2.5175849119592932
2017-08-18,1.4263639744406038,1.9314983556573964,0.8246165341912797,1.9595104566252775,1.936517391844944,2.4929068753168604
2017-08-21,1.421030853600222,1.9193758658131646,0.8214724396403495,1.9610446401656063,1.937929843306833,2.470436884869992
2017-08-22,1.4263755085988898,1.930122517222353,0.8235199918433469,1.9815510059900159,1.948433328986545,2.4899811810698314
2017-08-23,1.4310845952896702,1.9348338478756917,0.825998101845179,1.9744467571740636,1.9469668679187802,2.49862919425399
2017-08-24,1.4311401315536287,1.9470813074829294,0.8265387009917634,1.9698447749270838,1.9430224677438055,2.5211188221428102
2017-08-25,1.433485056428647,1.950840461579664,0.8273653338197393,1.9744467571740636,1.94703988384479,2.5282066787519573
2017-08-28,1.4380174907612393,1.956739620959677,0.8293451684418471,1.974527324189657,1.9478178968912478,2.5388367782094994
2017-08-29,1.4416596861927895,1.9709069814275904,0.8312876821691249,1.9767876055248446,1.9509722835375003,2.5648527286124505
2017-08-30,1.4427801762525572,1.9729707176803775,0.8313446022830787,1.9861531303304978,1.955812275705564,2.5686378141562822
2017-08-31,1.4573076821691813,1.9886284885805006,0.838441248674104,1.998102057094725,1.9640639744076644,2.5972176144860875
2017-09-01,1.4601224259207257,2.0005608816696046,0.8401133108362446,2.000927870567591,1.9634188945746736,2.6197905525427814
2017-09-05,1.4582238461322352,1.9748421656000947,0.8387084478507394,1.9865568179694781,1.9603949867006574,2.571386123015035
2017-09-06,1.4624336447643331,1.9867923644205192,0.8410948286580496,1.9933383724425493,1.962504721315183,2.5936345543125596
2017-09-07,1.4678259468570003,1.990937099822351,0.8434196634233924,1.9930965293022656,1.9657782547051794,2.6014931365752503
2017-09-08,1.461628793068418,1.9728631241126844,0.8404693881975454,1.9907548283904728,1.963816102546312,2.5674015178802296
2017-09-11,1.4638159213085138,1.974316997550776,0.8415166933916071,2.011988286664254,1.9718321155523437,2.5701421709059162
2017-09-12,1.4662879295487266,1.9772837488007131,0.8424841235483332,2.018770409511334,1.973942047131454,2.5753441689147607
2017-09-13,1.463544193249786,1.9652264609522918,0.8411030498702393,2.0197384925399775,1.9729138596835405,2.552458932862921
2017-09-14,1.4603654229434662,1.9332562259209338,0.8390884156258993,2.0190928196672115,1.9726785640078157,2.491998858703148
2017-09-15,1.4657588264130539,1.9575540528495736,0.8421581771385137,2.0218113525461203,1.9752268387513674,2.5380988650897547
2017-09-18,1.4676250419835164,1.9753424044561663,0.8443632887528234,2.0261109598209948,1.9747098109794938,2.5718346703050305
2017-09-19,1.465707612072569,1.9694472281812139,0.8429863863809204,2.0281396287480375,1.9750336405382913,2.560221102257446
2017-09-20,1.4644948536900484,1.9661203884791982,0.841864398428741,2.0288698472544513,1.973937954455106,2.5539021845171517
2017-09-21,1.4567540361986875,1.9489209062541017,0.8376051094698872,2.023433491964143,1.9697139766303706,2.5212594250838976
2017-09-22,1.4581386973270072,1.9477629895067363,0.8385710939584823,2.023839311005653,1.9713344416168466,2.519056185378776
2017-09-25,1.4654976935672903,1.9622143503089025,0.842354332562438,2.0197015482294756,1.9712202777567562,2.5464602674351196
2017-09-26,1.4602589642501171,1.9568562372087444,0.8398896352209397,2.020918436979997,1.9712838412717866,2.5362868658767734
2017-09-27,1.4616151003617996,1.9729745516419532,0.8416171020766081,2.028788996051854,1.971927321830058,2.5668657955271126
2017-09-28,1.4620620360945897,1.9730029302857817,0.8417052381058271,2.031222489365893,1.973217450986678,2.5671237035956134
2017-09-29,1.4604749859349793,1.9730818641865573,0.8400045706707249,2.038362261557327,1.9764672416915938,2.5668496309925226
2017-10-09,1.4688145974386904,2.012214338870588,0.8431034840290085,2.060431229622452,1.9884070157012224,2.6409206090388104
2017-10-10,1.4761931770758527,2.0172834906789885,0.8475427994579151,2.0658671586322543,1.991867026814032,2.65049581631423
2017-10-11,1.4784272111569063,2.020724421740896,0.8487027025393808,2.069112574216317,1.99464691541502,2.6569934158605557
2017-10-12,1.4836620394395494,2.0537686621108966,0.8519552369184169,2.0660295715049593,1.9935965522291361,2.719029158026581
2017-10-13,1.4898636842633257,2.0667081888668655,0.8552331337522077,2.0685450527696116,1.9977357376593052,2.7434802799399716
2017-10-16,1.4882404100630053,2.0686182694685917,0.8541486626718732,2.0713037981095668,1.9980031070196063,2.7472791570125286
2017-10-17,1.4849926506192823,2.060921729763244,0.8520272950742551,2.072763524654885,1.9985548569872649,2.7325179345896196
2017-10-18,1.485029062361336,2.06107533385959,0.8522495459901258,2.074792193581928,1.9977281090905956,2.7328019987321084
2017-10-19,1.486139778879357,2.0683382108979997,0.8521649950355332,2.0753598571221348,1.998876165593655,2.7465235132210495
2017-10-20,1.4885200672237053,2.0840592548401258,0.8539426382526287,2.0860695864560386,2.001836455869732,2.7760229409244994
2017-10-23,1.4857382930663892,2.0779801425620845,0.8520144106314924,2.0779560474958827,1.9978590696005205,2.764722535719601
2017-10-24,1.4838879330970485,2.056570826056266,0.8514387067246899,2.0816074242149565,1.997604924102847,2.723833176792216
2017-10-25,1.4824275207085573,2.065773673780468,0.8507812651181408,2.0713037981095668,1.9903468214714244,2.741221311305669
2017-10-26,1.483011684452769,2.0721127520257667,0.8516508606894492,2.07398140805992,1.990863914311207,2.7531965488290218
2017-10-27,1.4873706019186235,2.0681361941999157,0.8540146069619879,2.090937994019135,2.0032563020516725,2.7456739508624115
2017-10-30,1.490121123059851,2.0851927333382596,0.8557298724895334,2.0831492808043897,2.0015497665425754,2.7781016193518586
2017-10-31,1.495512489534564,2.105012783368762,0.8594209704933051,2.08639455429495,2.0029052093418236,2.8153638721062686
2017-11-01,1.498802864033599,2.117912799361433,0.8599651787324115,2.0891531575414035,2.004978264261342,2.840309549692209
2017-11-02,1.5005896175104476,2.1269008826601343,0.8613031260902161,2.0899646535309206,2.0065035036256176,2.8579960732135223
2017-11-03,1.5020030769730015,2.1300331865623097,0.8628522395471938,2.09694201284965,2.0118071638103734,2.864075362452346
2017-11-06,1.5082578752100775,2.126821400178712,0.8661422340272564,2.1001878547142177,2.0146593929421375,2.857583507397117
2017-11-07,1.5055087918244332,2.1281364641598226,0.8649494317686349,2.098726991420884,2.0141205644116993,2.860131417508575
2017-11-08,1.5079420606074445,2.141524289531748,0.8659757752152927,2.102297232750357,2.0151941184355033,2.8861388522996654
2017-11-09,1.5045349953921854,2.1280922968955314,0.8640532834587359,2.094670079847305,2.0104985523294894,2.8602584957500325
2017-11-10,1.4981762620231427,2.107884982087181,0.8601960222136754,2.0940214230109984,2.006043683511607,2.8207555436172984
2017-11-13,1.4990508642742149,2.1082658761274122,0.8599710283477998,2.09596824608093,2.0067870352463952,2.821472377810474
2017-11-14,1.4954540057104904,2.109346089466291,0.8573753750724691,2.0911001227048374,2.0051171851746292,2.8235636046004466
2017-11-15,1.4970964418330202,2.1311587790968614,0.8586553306509372,2.080634083726742,2.001960784514622,2.865941926359725
2017-11-16,1.5036870578961996,2.1572306063005424,0.8619480452904409,2.098321172379375,2.010107465859342,2.9163683686394237
2017-11-17,1.5081216108534727,2.1529505019355333,0.8646888008261818,2.0921554511436646,2.0076145403734444,2.9082715387027323
2017-11-20,1.5063631726385833,2.168150107730181,0.8640634456629331,2.0957254082861327,2.0083856027165994,2.9375547614460706
2017-11-21,1.511628168949832,2.16807089611669,0.8671593483801302,2.1094365786612856,2.016434447656412,2.9371648828857766
2017-11-22,1.5159366606358557,2.1762394247353134,0.8697954936590239,2.1075710330744575,2.0179293768696365,2.9530296937352545
2017-11-24,1.5163826183876574,2.176441018777776,0.870125703530658,2.1124385880765435,2.020052928991114,2.953632838255287
2017-11-27,1.5235397315317898,2.2338982980969453,0.8738822177166076,2.1113843963857306,2.019974852481607,3.0652591870950627
2017-11-28,1.5277389650164932,2.2461194256620227,0.8764265478469729,2.132804565521047,2.032463648007374,3.0885421918713143
2017-11-29,1.521014573675614,2.2360592001100073,0.8727144275953178,2.1315056888199124,2.0291460420989664,3.0692142476530084
2017-11-30,1.5223222856133043,2.249016400902358,0.8730676303009195,2.1501666863347677,2.0373841225678984,3.094398899896452
2017-12-01,1.5262401643130015,2.265844355751139,0.8760664121859993,2.1457042399066824,2.0378585198523167,3.127953859288896
2017-12-04,1.5236980848411816,2.279962743662347,0.8741256805852112,2.1431083337199386,2.0359966519787016,3.1560249604465955
2017-12-05,1.520285143395871,2.280809722063851,0.8727392827702913,2.135400329614289,2.032232098292097,3.1575832644532076
2017-12-06,1.5247981361264267,2.339281159063073,0.8746434985804296,2.135805722375293,2.0341616274516343,3.274586381395275
2017-12-07,1.5362766037700322,2.4277915525877254,0.8817503330522422,2.14253981761872,2.036522448812005,3.451386776398364
2017-12-08,1.5356013938566253,2.398212228086218,0.881272291459779,2.154223597908348,2.0425477820978806,3.3921223137888923
2017-12-11,1.5384313337621527,2.4090411087609884,0.8830988172111212,2.1607142869829707,2.0456973744830846,3.4138683625223956
2017-12-12,1.539718247733918,2.422548926530906,0.8833537342152941,2.1645275082007416,2.047170005783833,3.4407362512010824
2017-12-13,1.5385507292311968,2.4007747328529465,0.882203231568375,2.164285096686451,2.05035295589449,3.397325032031301
2017-12-14,1.5358666751975178,2.4004463874650277,0.8808135129595229,2.155441055032877,2.0450154515763224,3.396534180079281
2017-12-15,1.5441523770752539,2.4341634549495192,0.885048292991707,2.1733903061965703,2.0550660205408033,3.463801341741816
2017-12-18,1.5533333150372681,2.474359296899887,0.8901485008183092,2.1871716707616753,2.0610479032644955,3.5440015220085077
2017-12-19,1.5471623155852354,2.439117620276769,0.8862465455515834,2.178772665956145,2.0525664806460293,3.4735173029887996
2017-12-20,1.5435581567240109,2.4112793841684788,0.8837475497418884,2.1776309446681434,2.0495234738739136,3.417858205876421
2017-12-21,1.543059564621447,2.3920678087266527,0.8842569061490267,2.1821158418695337,2.052645755306451,3.379444020271873
2017-12-22,1.5384283868261448,2.3445309840788515,0.8814714899929913,2.1815450522722846,2.0526305160275116,3.2841552105854146
2017-12-26,1.5496206967006283,2.4021949951633537,0.8878260900583759,2.1789355051093553,2.051456112409519,3.3995162801172127
2017-12-27,1.5504825643240112,2.395624947594779,0.888759510026044,2.179995522633747,2.0555388071854286,3.3861214114713785
2017-12-28,1.5499141694809409,2.368161482513771,0.8884318478850143,2.1844807040221412,2.057083538225451,3.331210996784062
2017-12-29,1.5507136364341243,2.368784372416442,0.8890538763703396,2.176244112089315,2.0537105606011696,3.332709513940541
2018-01-02,1.5590007467510074,2.384572355879892,0.8928721748684179,2.1918201175837866,2.0598063950138927,3.364805147605079
2018-01-03,1.56245139185785,2.3901073188598474,0.8953475090335555,2.2056837542865098,2.068512152386266,3.3758386577963124
2018-01-04,1.5662218672166628,2.401135147951748,0.8973819603114151,2.2149800795567236,2.073386609249129,3.398234494623385
2018-01-05,1.5749631580805166,2.4394351818460107,0.9020274667288675,2.229740752537125,2.0807330184393313,3.4765141363795395
2018-01-08,1.5715830165315101,2.401205206009489,0.9001656157616627,2.2338184097619864,2.0826529446511093,3.398201141178115
2018-01-09,1.5712350195217597,2.3906261990684508,0.8998112419061918,2.238874949121638,2.0816248588603687,3.376565412385186
2018-01-10,1.5719459161836165,2.3971510970136882,0.9002285853710453,2.23544864850962,2.079452055495137,3.3898923471628195
2018-01-11,1.5743514141063741,2.3747120753612108,0.9017895111430715,2.2517594195025676,2.0892318799702,3.3441481891738682
2018-01-12,1.5856106727981358,2.3941470019749405,0.9080932057421224,2.26643838871936,2.096998972144463,3.3834597040127803
2018-01-16,1.5824531240233997,2.3492196453237377,0.906380237818268,2.258691877274688,2.0930012371537177,3.2918500129273154
2018-01-17,1.5894907454694844,2.3496789449823208,0.9113409364299251,2.2802201795649717,2.10340147371421,3.292507487731509
2018-01-18,1.5895245907030457,2.3535895166061653,0.9112510745909145,2.276388059911444,2.0986636486936687,3.3004903988753718
2018-01-19,1.5928357987129806,2.3616865649737573,0.9126916305691005,2.286743976425544,2.1024267167705477,3.3168956742338485
2018-01-22,1.5911417710457767,2.3510405300940933,0.9114809502554722,2.305338189994493,2.112643460550665,3.2949658829787714
2018-01-23,1.5965724875866212,2.353403541726854,0.9152853379864505,2.3102316060139296,2.11774847964615,3.2997853036517606
2018-01-24,1.6046461687769278,2.367788843989226,0.9188457334601342,2.3093335750817374,2.115684055165835,3.3290452979387926
2018-01-25,1.6019408729856595,2.362211372821667,0.9180204248693418,2.3103123151230256,2.1180279819915717,3.317633498778637
2018-01-26,1.6107861825650138,2.368443383989389,0.9230473249273495,2.337059995926172,2.1307606561553856,3.3300913649852473
2018-01-29,1.610281767391746,2.3687545867858257,0.922421500802342,2.321565978382313,2.119964129476631,3.330966287472412
2018-01-30,1.59401620750343,2.3367290042615996,0.9119652831016113,2.297754375609529,2.104614404226962,3.265355467712095
2018-01-31,1.5987791129420803,2.3427721387580402,0.9144565673726616,2.298894533869009,2.1054550398879806,3.277565682009205
2018-02-01,1.5929957563787374,2.31380851435554,0.9108679388164742,2.2962861234540957,2.0996776422187686,3.218735957975007
2018-02-02,1.56823033434337,2.284827746616183,0.8973052831656358,2.2462953559793832,2.0691033843372684,3.1596849766269757
2018-02-05,1.536473927898926,2.2115870471369825,0.879414626553944,2.152350095085412,2.0243386041094893,3.010914169551457
2018-02-06,1.5464452733946408,2.240942626486275,0.8835411022137883,2.194755911427145,2.0439666618770023,3.0704390045045744
2018-02-07,1.5368145532776605,2.2328315995163757,0.8775982763721993,2.182849612713497,2.034974223140012,3.0538076182342273
2018-02-08,1.5116719946229604,2.2267747774563533,0.8623535156397696,2.1009740580603933,1.9907175591962658,3.041618393384991
2018-02-09,1.512654124304754,2.243203042759754,0.8609029536116054,2.1325333090258654,2.006589631337087,3.074733294212465
2018-02-12,1.518989233700797,2.255356562884059,0.863730088198485,2.163849153822533,2.023553372827484,3.0994025439774378
2018-02-13,1.5199445298447867,2.249107534615516,0.8641142378821481,2.1692303768340926,2.0278988242789926,3.086688558023826
2018-02-14,1.5332088138882616,2.282959297254012,0.8715204751469162,2.1985073219715776,2.0389236869740666,3.1554848266733724
2018-02-22,1.5357167175218454,2.2961475372972617,0.8742081091502699,2.2051133909697676,2.0425538094684668,3.181932056926056
2018-02-23,1.548292792385939,2.311825831609654,0.8824387849981251,2.2402613554199626,2.0650528904563443,3.213523203632813
2018-02-26,1.558084524389691,2.321375136143426,0.8880087431595612,2.266275265379147,2.0803279562801267,3.2331621704970637
2018-02-27,1.5456400955309915,2.3199579167707847,0.8800165697034148,2.2379773444699538,2.0621647447552096,3.2300042105972855
2018-02-28,1.5353551438988813,2.303829989425751,0.8736417979346363,2.215306326237155,2.051652675520998,3.1970883903626373
2018-03-01,1.532954926039151,2.308133495204771,0.8732863763097627,2.1830944398173227,2.037284867462904,3.2056368193036855
2018-03-02,1.5376066702550273,2.318757140730253,0.8761747487752692,2.1943479609831087,2.0404817013819603,3.22691479847196
2018-03-05,1.542733193914622,2.3358331945521043,0.8785005144507305,2.2197102301424456,2.053528860379616,3.261308649089451
2018-03-06,1.5460458007180415,2.3225672202404097,0.879562425490758,2.2253371328188405,2.056575023602963,3.2345491820089447
2018-03-07,1.541581705292835,2.302574369302368,0.877618926879001,2.2245222265852767,2.0561222001172212,3.1942269138271104
2018-03-08,1.5384720315925384,2.288105231539698,0.8748823662830701,2.2352865198239207,2.063793105381319,3.1651718256651815
2018-03-09,1.54616279466011,2.297122728386288,0.8782505608009618,2.274186321099053,2.0836392097757566,3.1830819106620036
2018-03-12,1.5484654936488644,2.2973770405517624,0.8796165934694269,2.2713316626452964,2.083983497328299,3.183429419417397
2018-03-13,1.5438570148820783,2.2909014543823365,0.8769486777333741,2.2566525513350015,2.0771939993456305,3.170360875864972
2018-03-14,1.5392412522912924,2.262619121665184,0.8743292279001885,2.245072925582288,2.0723686687389575,3.113324717506177
2018-03-15,1.535828680135583,2.2588661709626545,0.8727120568790465,2.242625649198562,2.0706865763215574,3.1058746265388746
2018-03-16,1.5347676818212528,2.2588352465874677,0.872067595388313,2.2450577215775813,2.071072857460095,3.105540135109252
2018-03-19,1.529104436342002,2.2598856283566384,0.8694381732610477,2.2146815411091723,2.0533892290802926,3.1076196381327597
2018-03-20,1.5297953336476062,2.2661499540391157,0.8700925251761974,2.218447871471306,2.053873432876786,3.1203671475527694
2018-03-21,1.5414117192523542,2.2741459994189768,0.8770912537234385,2.214190039685999,2.052070306758008,3.136216474275855
2018-03-22,1.5292871314933465,2.2516779737798442,0.8719663307300606,2.1588419209080514,2.024693307105842,3.0907735102339835
2018-03-23,1.5258411795521205,2.2457233719419234,0.8712546358297296,2.1128266454303133,2.000250725150841,3.0786254681461678
2018-03-26,1.535568172476185,2.2477787516044336,0.8744056760778831,2.170631560856617,2.030118373268423,3.0828619885447393
2018-03-27,1.5294097235669502,2.228187275041154,0.8723462895563912,2.1337054383232803,2.014265238074674,3.043088971995135
2018-03-28,1.5243395464946252,2.2252135429597475,0.8698445923796237,2.127400891736184,2.0106016510359432,3.036950688008437
2018-03-29,1.5287441445187389,2.210663841321288,0.8716698926983352,2.1545840891227437,2.027376573533753,3.007354876557482
2018-04-02,1.522413630301461,2.201463298418628,0.8676714823837666,2.1080780226893423,2.0019469753775336,2.9891842299885263
2018-04-03,1.526876969535817,2.2195215387993983,0.8706847795025944,2.1350966758006678,2.0146033052020917,3.024986972837395
2018-04-04,1.5255985482909598,2.2038965875412755,0.8692914144703809,2.157940763918816,2.0270282867416887,2.9938485025409656
2018-04-09,1.5285408467784385,2.2002946092169537,0.8712756426844301,2.136980551449245,2.016848228171314,2.986427804154076
2018-04-10,1.5380063452476547,2.211611036386012,0.876507670106025,2.170958944285061,2.0346136358985842,3.008904793146282
2018-04-11,1.5432352703197658,2.2168018394782996,0.8804808890178948,2.1595779652480442,2.0289760128085446,3.018907945074698
2018-04-12,1.5427175571979492,2.247665464974278,0.8799292242365946,2.177345478822769,2.0360939566476586,3.079898446594133
2018-04-13,1.5448571167764054,2.249314446831394,0.8809728081025529,2.170958944285061,2.0331971475838135,3.083145865067253
2018-04-16,1.544058526357225,2.256376732368899,0.8793175540818826,2.1888080195298936,2.0428805499579124,3.0968257451846286
2018-04-17,1.5475870839528445,2.2563240764170294,0.8805864397391248,2.2122255970218276,2.0565743756534864,3.096709587891561
2018-04-18,1.5565729829508463,2.2721915370723615,0.8854755176214733,2.213862940444558,2.0543492018885012,3.128181331256711
2018-04-19,1.553394352123373,2.2750341002876886,0.8835566865676465,2.2015819411663218,2.045211653499595,3.133544188789758
2018-04-20,1.548227630416736,2.287135445493007,0.8807634677237522,2.18291312850886,2.031995537762032,3.1574502910861835
2018-04-23,1.5429859659370857,2.2830366702869194,0.8786619292591713,2.182585887173918,2.0310232796331835,3.149312367089449
2018-04-24,1.5422845430694831,2.307777554026499,0.8783261360642214,2.153191856990842,2.0134832789440544,3.198077815876858
2018-04-25,1.5362576693145604,2.2760049141297385,0.8748671273623198,2.1585148216666106,2.014756442485749,3.135144124906685
2018-04-26,1.5422526807399588,2.294302366302435,0.8782530114559104,2.1804567581410113,2.029427768360636,3.1711749164333596
2018-04-27,1.5436030494739912,2.285136178000833,0.8791527251169826,2.182503757129803,2.03190849691837,3.152932770928642
2018-05-02,1.5407890124174988,2.287908384857486,0.8788718700591487,2.1549936025953045,2.016307021464037,3.1583366016200354
2018-05-03,1.5435127385164729,2.2997132210723437,0.8805329580074243,2.150244979854334,2.0157385859115857,3.1819881708492614
2018-05-04,1.5484261569137738,2.3047190927758785,0.8822324115273776,2.178082944097783,2.0313691431365246,3.191754655104276
2018-05-07,1.549905604451028,2.3000389586617547,0.8830455735118703,2.18545191310783,2.0350843727058523,3.182333768900696
2018-05-08,1.5491484593127935,2.2963073108993406,0.8823539211360139,2.18545191310783,2.0337219337319956,3.174711361061275
2018-05-09,1.553456585495122,2.303828712614782,0.8844232922401486,2.2065759593851255,2.0436783877327214,3.1897759149803733
2018-05-10,1.5588936017734925,2.301490363839649,0.886361440569699,2.22720864633275,2.0568871638599497,3.185075027729667
2018-05-11,1.5551093958864286,2.2840423297901156,0.8835208074237771,2.2340041259690104,2.0607631026593762,3.1500844070350817
2018-05-14,1.5532634707118917,2.2884400190780556,0.8824887688145754,2.2350688325789654,2.05959448710851,3.158859656774172
2018-05-15,1.543961219963793,2.2731376390522664,0.8781107229511708,2.2196761277019825,2.046507669124847,3.127914678734655
2018-05-16,1.5473422556497451,2.274586328950725,0.8798288584818766,2.2290103919372117,2.0500381103328573,3.1306776975369295
2018-05-17,1.54646468984602,2.2683610997298556,0.8791635541487484,2.2271272267561444,2.0485055670450563,3.118184746824208
2018-05-18,1.548224884037921,2.27117229350272,0.8803176589111752,2.22155929288305,2.0485211971647135,3.1236784558275685
2018-05-21,1.55431861176887,2.2819768535863387,0.8833761322085086,2.2382609630998043,2.0584118624593164,3.1452974530135887
2018-05-22,1.5504677378715248,2.267298086320501,0.8809697406482135,2.2320396833048397,2.054616028424559,3.115857952831263
2018-05-23,1.5520395524218815,2.253193188619694,0.8819834411196927,2.2381798277102027,2.0617329820633605,3.0874408798544977
2018-05-24,1.5524155363327654,2.2553711929681968,0.8813265831157835,2.2335950387769565,2.0612557629715504,3.0915374004032237
2018-05-25,1.5468782083832067,2.248914382878545,0.8781034831962636,2.2282733529427055,2.061489763350446,3.078453264783044
2018-05-29,1.5459739617470762,2.2429787168448643,0.8781831030237861,2.2026450847477568,2.05599047951736,3.0665007406500564
2018-05-30,1.5539831166583802,2.25179078071833,0.8822353410152083,2.23203968330484,2.0688839384384163,3.0842791885989556
2018-05-31,1.5497093353085636,2.24815520528263,0.8802956969965651,2.2183655993336906,2.06084186230191,3.0767294049069567
2018-06-01,1.5506810879394288,2.2567657153964946,0.8800544200604901,2.2401455492158915,2.069935921751757,3.0937628927428475
2018-06-04,1.5484202704119168,2.2611086238723055,0.8779417419522404,2.250788778790892,2.0729679067712143,3.102233950341956
2018-06-05,1.5519670768313305,2.2667801376031007,0.8801064607728097,2.2524271168681347,2.075976324230874,3.113497668595589
2018-06-06,1.5571799669877007,2.2776930244022133,0.8824266236599716,2.2712579161177957,2.0831684343168564,3.135307941759348
2018-06-07,1.5573538662396724,2.27383145731865,0.8824227826014294,2.2710125206399643,2.086496678702159,3.1274915572596385
2018-06-08,1.5571744884239305,2.2748532798189096,0.8815842270663857,2.2777274332606314,2.0891113008809663,3.1292596179498484
2018-06-11,1.5567887401495164,2.2552419784403455,0.880843744665164,2.2807564404412553,2.0899943001596126,3.0901010872646824
2018-06-12,1.555760416391121,2.246142991928465,0.8801593226972957,2.2837033175777646,2.0911533447706554,3.071995433769633
2018-06-13,1.5555058177760577,2.238075668204208,0.8795090057852949,2.2764160523313275,2.0861246307049277,3.0560652640949972
2018-06-14,1.5586324827521696,2.2543880559733314,0.8807831049804822,2.2821475358251413,2.09189739503055,3.088113357717574
2018-06-15,1.545514585847592,2.23877831201987,0.8739759982424076,2.2792356136901075,2.090919236940855,3.057061912653426
2018-06-19,1.543410607745507,2.242819132662756,0.8737111162929669,2.2658303706246072,2.0860253677513163,3.0649182747231074
2018-06-20,1.5439581330610705,2.2481535011322005,0.8740405817052114,2.2696963085315938,2.0855216043603297,3.0756365598634243
2018-06-21,1.5380897618345555,2.2384569033901354,0.8705933976878263,2.2554674915289126,2.0797658519195683,3.0562177416554723
2018-06-22,1.541370069442216,2.21558790330031,0.87279907720467,2.259579961661747,2.082219070606964,3.010607653744649
2018-06-25,1.5319669060270558,2.2101011960734565,0.867872774657639,2.2288206971121363,2.066202104309248,2.999408259424162
2018-06-26,1.5365886985353172,2.2076481713844895,0.8712991095919101,2.2337556044341356,2.069355622794588,2.994642196043628
2018-06-27,1.533295327068605,2.198782031250903,0.870537534783168,2.2152506255843987,2.062183569481106,2.976750514428468
2018-06-28,1.532042475676705,2.192239912586854,0.8690932883976249,2.2279157035983492,2.068437436614483,2.9637290149682864
2018-06-29,1.5378792300907211,2.2051094064009202,0.8726379229059341,2.2311231802173968,2.0695783917311115,2.9890660481205416
2018-07-02,1.5309438709229986,2.2172705531762316,0.8685164645263107,2.235892974890155,2.0716667914440197,3.0131351354739913
2018-07-03,1.5320408940208554,2.2132733520015275,0.869154120856941,2.2279978336424646,2.069376129632738,3.00500730431406
2018-07-05,1.5363627160970004,2.2203749218304067,0.8709015237973116,2.2461737239417343,2.0795728552425468,3.0189669299007473
2018-07-06,1.539644629965698,2.2240049697200037,0.8723361289211395,2.265172335617174,2.0908750724328447,3.0258611332088283
2018-07-09,1.543965466738388,2.2345740387310156,0.8738532977345931,2.285568863164592,2.100123240251969,3.046636743926373
2018-07-10,1.539173471388142,2.2171544528529954,0.8702464555545868,2.293793377149754,2.104053352729321,3.0121950261049957
2018-07-11,1.5241103773395377,2.2099508102712546,0.8617280833086957,2.2770154027224634,2.0964145451795155,2.997994615641858
2018-07-12,1.529155734510224,2.2114404296163386,0.863471423634656,2.2976587466827327,2.107580130020525,3.0009151585521967
2018-07-13,1.5302865326978967,2.2111111202193796,0.8646241705023932,2.2994680232427966,2.1099625745489674,3.0001318165117965
2018-07-16,1.522774477085221,2.2289340945143925,0.8592725452087012,2.2974117881763796,2.1074426835559996,3.035072438776983
2018-07-17,1.524920643315485,2.2531789659330768,0.8608126004055547,2.306705271576555,2.112130035662078,3.082807635607775
2018-07-18,1.5261497920527776,2.2556268763088894,0.8614129261969979,2.3115586172284477,2.1141834471121164,3.0874940297475177
2018-07-19,1.524969881653166,2.2552507361709755,0.8615710233752919,2.3028406125110856,2.111596885265584,3.0866191179904945
2018-07-20,1.525259573840024,2.252581537398821,0.8616535809364886,2.3002091829488593,2.1072198459735434,3.0812276024038017
2018-07-23,1.5224114101521933,2.2652325522109025,0.8597097444985387,2.30448491851541,2.105554058226764,3.106224355912562
2018-07-24,1.5281331360871113,2.2957396767785343,0.8620666515957037,2.3160823059558644,2.1125751538936677,3.1660501381023503
2018-07-25,1.5356960371683812,2.2943270439485626,0.8658756519317256,2.3358205143088453,2.1229941007634907,3.163375856743093
2018-07-26,1.5316044691833535,2.281833562813477,0.8641444410062415,2.330310128304032,2.119037535158122,3.1386359791934257
2018-07-27,1.5299294940619823,2.2864261619196014,0.8633959138804401,2.31451899324764,2.111543313728093,3.147424844008672
2018-07-30,1.5280281885901044,2.282458753884691,0.8627553802826265,2.302428967635997,2.103762733879547,3.1396923530075287
2018-07-31,1.5283915786682813,2.270642561834834,0.8621936673576966,2.3137784019155854,2.111190918465261,3.1161755047093935
2018-08-01,1.519753694426308,2.2627825213135035,0.8575758104318836,2.30991331656961,2.1070795889196963,3.100426089220381
2018-08-02,1.5242886774213238,2.2671399100101346,0.8599074941249892,2.3224965487264493,2.1149659479799032,3.108974075518763
2018-08-03,1.5268371287866738,2.264255412669487,0.8605905375647832,2.332448635508066,2.1225760640062203,3.1032085209611977
2018-08-06,1.5238455753673303,2.2464164912506046,0.8585587990884107,2.34100181176319,2.127674771673597,3.067470077932155
2018-08-07,1.528584709179563,2.2484381632466337,0.861176930825728,2.3487324087356463,2.130160758124565,3.071360714961723
2018-08-08,1.5230052190709025,2.2322838962665816,0.8574685669204414,2.3477458535517526,2.1303686582271655,3.039261975077623
2018-08-09,1.5234057336042666,2.238120379250766,0.857490844232717,2.344538803213211,2.130940958032553,3.0507590694698368
2018-08-10,1.5209178599050004,2.2199930244165245,0.8571391617271956,2.328829656107432,2.125998514290582,3.0143470883639223
2018-08-13,1.5150596083952192,2.217497503723218,0.8547900552513067,2.320111225109564,2.1209762398112537,3.0092020098989174
2018-08-14,1.5158156815526063,2.2170732227209613,0.8541983178537088,2.3349158049820624,2.1282493566717475,3.008594559880426
2018-08-15,1.501287288937272,2.2045552917936253,0.8477990383251209,2.317480079734342,2.1207825567016085,2.983367220666042
2018-08-16,1.5058284843171121,2.2104673672841306,0.8489741916897044,2.3362320170904325,2.130799214307743,2.9951410343433054
2018-08-17,1.5087626953154156,2.2189157443235685,0.8497554398871483,2.344456531075594,2.135634499570325,3.0118459801988196
2018-08-20,1.511276044471029,2.212420705919457,0.85097866638133,2.3494730000677015,2.1410413073172214,2.9988524423112652
2018-08-21,1.5154895686614074,2.2244392756354885,0.8534332072230663,2.354982391418001,2.1428935243772163,3.022675496779027
2018-08-22,1.5205267068524801,2.220588092369018,0.8568061999422139,2.353585470200535,2.1437082594895664,3.0149819980730843
2018-08-23,1.5174937360109066,2.220785194446298,0.8557518340426591,2.3504599815321012,2.1419137478682186,3.0149819690226995
2018-08-24,1.5258868350103032,2.2349134536799884,0.8593501369354655,2.3646061001166596,2.1499076508791832,3.0431381849927686
2018-08-27,1.5283494015953432,2.2450807876670984,0.8597966103719562,2.383275481148129,2.1582171276818394,3.0632408026683673
2018-08-28,1.5245862965053971,2.249788798467574,0.857782106343075,2.3844275752617707,2.1569354026185024,3.0726134321828447
2018-08-29,1.5287189803964032,2.250553543889803,0.8593892237316964,2.397257481737959,2.1637099508327866,3.0742499485294323
2018-08-30,1.5254605367763807,2.2437321668571215,0.8582921541615591,2.387552495556197,2.159976537268709,3.0601277859495104
2018-08-31,1.5245868865330654,2.245163954608866,0.8577382008115855,2.3876340572263035,2.160176282457416,3.0631023063014253
2018-09-04,1.5177294473563976,2.2495050889523003,0.8547567010638745,2.3835220133739763,2.155969495554211,3.0715501000256706
2018-09-05,1.510044826861017,2.2236648253019604,0.8502426991228031,2.3771073443228854,2.152403093558195,3.0204389605035575
2018-09-06,1.5072240620858732,2.212795369748281,0.8488808507368943,2.3699517997527364,2.1502907470582087,2.9986304623045443
2018-09-07,1.5028932898282619,2.2070968265016617,0.8464576123371232,2.365346833542216,2.1439092960561545,2.9870712859354382
2018-09-10,1.5047178117974305,2.2048492253972225,0.8469006212602606,2.3694583090205366,2.1466475763019686,2.98257203545054
2018-09-11,1.5058410770812238,2.2057417924684555,0.8473406388923231,2.3772714623176134,2.1477667548799517,2.9842026981064125
2018-09-12,1.5106263661395682,2.210293787895962,0.8497154376869781,2.3778467989069245,2.1490918763877818,2.993210961446868
2018-09-13,1.5082483502874724,2.218185415474934,0.8472000670887858,2.391911071634372,2.1566421273764393,3.0088390084758077
2018-09-14,1.5051166696126768,2.218529274647661,0.84573449284974,2.3923217218549473,2.1552618168385362,3.0093815461102613
2018-09-17,1.5028798232509442,2.208775045754223,0.8446306610753638,2.379656501747495,2.148555442569956,2.98975375146946
2018-09-18,1.504217104408129,2.2132643269433396,0.8452306933006833,2.3925689645483037,2.1520209037846114,2.9986375569086476
2018-09-19,1.5074329242103242,2.2186286849371246,0.8469544488011393,2.3951184061599164,2.151970208275359,3.0092559480406558
2018-09-20,1.5107134978163157,2.226444742793998,0.8476416772515484,2.414528094336437,2.1625911544376253,3.024485571020962
2018-09-21,1.5117768109434853,2.2337193475829693,0.8483517162601656,2.412322518999493,2.161731610340479,3.038890471962836
2018-09-25,1.5143639918048613,2.2239976477999823,0.8495502879435098,2.402078145884407,2.1543985673210964,3.0194359441967693
2018-09-26,1.512717790028219,2.222851239479,0.8488456406544084,2.3948899198088145,2.1532808135663206,3.017148338862794
2018-09-27,1.513161022644837,2.2274938891380525,0.8489455586912317,2.401582239562674,2.15691367942275,3.0260873122218497
2018-09-28,1.5143280409994642,2.223954888730327,0.8484826473276985,2.401829482256031,2.1574600017576753,3.019062172642156
2018-10-08,1.4994605167167268,2.2124912400814614,0.8405976591477031,2.3778713810827576,2.134240251991643,2.995741263158819
2018-10-09,1.503452072243281,2.2121285790444154,0.8426987310402342,2.374401457765647,2.1339936470979164,2.995133303828185
2018-10-10,1.487176955546779,2.191326007287559,0.8370280365128401,2.2992202121754306,2.0939020339862076,2.9538434478786737
2018-10-11,1.4828520024545233,2.175173909963758,0.8357550817355623,2.248576382965852,2.0701114210037885,2.9218479066226086
2018-10-12,1.4877546470876448,2.184254771734605,0.8364571548542313,2.2798058349133457,2.0859172048627674,2.9397431824851874
2018-10-15,1.4911610802174748,2.1976339213129212,0.8389036720821599,2.266999800145482,2.079528068754517,2.965963227020038
2018-10-16,1.5041708012007566,2.2184191275181377,0.8440024533209456,2.3165694024804755,2.106158476589838,3.0068206687341306
2018-10-17,1.4985416052300071,2.2151845519067725,0.8405448782283014,2.316982610384085,2.103902546363695,3.0004253970011647
2018-10-18,1.4905114198002598,2.204724617544748,0.837311088612575,2.2835231430173146,2.0874080133446493,2.979779169365446
2018-10-19,1.4906827561831906,2.203633911741911,0.8371567272428766,2.2822836613999864,2.085713894605053,2.9774896904018395
2018-10-22,1.4901491248500316,2.203891888335497,0.8374369339415471,2.2720390040978975,2.080364118881269,2.9777074024153376
2018-10-23,1.4867365220359914,2.2076228307702475,0.8352579460068474,2.260473161414871,2.076352885595619,2.9850502399486154
2018-10-24,1.4815037539931988,2.196173354114052,0.8358208687277309,2.1919836672045063,2.0440552311320355,2.962329568607795
2018-10-25,1.4895256823073904,2.2148625571628564,0.8379466478959996,2.2313090385179164,2.063198726221486,2.9990525960746868
2018-10-26,1.4951326640582319,2.213787024300481,0.843845151437407,2.1920666498096324,2.0458947868454276,2.9967926682792143
2018-10-29,1.4881788715862667,2.204475535332609,0.8410797184574054,2.179921776106245,2.0392641591991967,2.9783800372946305
2018-10-30,1.4871895056557338,2.209458443019458,0.838492990060331,2.212225028647818,2.054793646196718,2.988192172714558
2018-10-31,1.4818747336996225,2.21117612377764,0.834598710865583,2.2358536149901176,2.065357348303244,2.9914465256047404
2018-11-01,1.4862224628865361,2.225278052472177,0.8344501682416852,2.2596470297946545,2.0792517204679477,3.018906859299786
2018-11-02,1.4840194939848002,2.228037672484582,0.8350755097506946,2.2462625323804364,2.0672279999788294,3.024315668610909
2018-11-05,1.4838898616430678,2.2277479881901936,0.8341185366597447,2.258656353899204,2.0745904827171597,3.0235784508118733
2018-11-06,1.48206191915706,2.229620247419696,0.8325248510461093,2.27294811832324,2.081607089536347,3.0272427220847624
2018-11-07,1.4852543606892357,2.239767355104148,0.8312564767018197,2.321609458993903,2.1085774753054225,3.0470509291427144
2018-11-08,1.4803323376625275,2.234487511232992,0.8287459975044604,2.3173949657266837,2.105089854059145,3.0365356838951874
2018-11-09,1.4730728820100174,2.2216632195006474,0.8259477813069068,2.2947584762148536,2.095751410829559,3.01106998220607
2018-11-12,1.4682305168640262,2.209500514534294,0.8253258872048312,2.2518807673532137,2.0744541995045793,2.9872366207474057
2018-11-13,1.4603020714023869,2.210140268059071,0.8215977959056439,2.2476671266470065,2.0727770019271614,2.9883574314854737
2018-11-14,1.4610006020330182,2.1868593518470107,0.822389147967478,2.232300282787375,2.0659869982225105,2.942701488626934
2018-11-15,1.4635974010187212,2.189692138742758,0.8223161923731159,2.255598217550684,2.079475448179721,2.947890041023349
2018-11-16,1.4698108518833428,2.1895866774241135,0.8251153946069706,2.261464689871332,2.0852766303412866,2.9475449643530154
2018-11-19,1.463431420875419,2.155897704525076,0.8230037612800735,2.2232129770584987,2.065309286962402,2.88140065863446
2018-11-20,1.447912407049834,2.1313719945362775,0.8170281368002876,2.1820698035749078,2.042341785591825,2.832934866287905
2018-11-21,1.453239821553346,2.1415068346637214,0.8189592046355296,2.1895056986243633,2.046297697618764,2.8525969169604584
2018-11-23,1.4398908180527286,2.125830175182327,0.8128758761752314,2.1748818616863193,2.038686419924839,2.821750689293453
2018-11-26,1.4401252061634864,2.110846233495695,0.8107317591400706,2.209994302761032,2.057489632322566,2.792128224635158
2018-11-27,1.4351151950875585,2.10965235884617,0.8067427729584836,2.2174293452494753,2.0624330184253394,2.78976535197721
2018-11-28,1.441858811875028,2.1377555047536343,0.8078744636733838,2.268486666549668,2.090649122236536,2.8448677416939465
2018-11-29,1.4469447965290665,2.1365176036224196,0.8115134294252172,2.2635301610153746,2.090040321275878,2.8422972104390642
2018-11-30,1.4452755223152072,2.128264011731167,0.8095878293371214,2.277326871678689,2.099329577832526,2.825945608774525
2018-12-03,1.4576552755729348,2.130473437413187,0.8131109968430769,2.307482096751599,2.1178437844869236,2.830197823253715
2018-12-04,1.4547722627354343,2.1188553590912504,0.8134217771030827,2.2327137748779884,2.0803750010465567,2.8076542969128284
2018-12-06,1.4483470978442727,2.091424126372138,0.8095958264255724,2.229326549979001,2.0806511513643215,2.7544750296066094
2018-12-07,1.4504988181418281,2.0805108074407603,0.8134391118596423,2.1775259375702167,2.0544805303197493,2.7332913071111147
2018-12-10,1.443534887117388,2.084103187722667,0.8086436576954903,2.1816561693907914,2.0572612113524644,2.7400613542493115
2018-12-11,1.4420520241872978,2.0802639035202035,0.8067656945813504,2.1821527861800347,2.0553863317446504,2.7327542364403388
2018-12-12,1.4439015104106625,2.090690882766204,0.8071852003294823,2.1931404504037113,2.059148396264252,2.7526252463045804
2018-12-13,1.4453764244066023,2.0802820641726636,0.8077964737930281,2.192397017201618,2.059233435508753,2.7324143858518157
2018-12-14,1.4339127344453797,2.0616720398131188,0.803892577530967,2.1519147205955,2.0381652366992973,2.6963824538102275
2018-12-17,1.4291489804173976,2.0684469349179904,0.803290999905892,2.1096976044243294,2.017295205626092,2.709291763952616
2018-12-18,1.4263940851672452,2.076034763124745,0.802023881802001,2.107384464306424,2.018112246243953,2.723914886753518
2018-12-19,1.4267647460897572,2.0713358430679754,0.8027333613966935,2.0758247870604465,2.003638628429372,2.7149496622255893
2018-12-20,1.4242198009728706,2.092046519893478,0.803712654337267,2.0420349523016905,1.9838720044500282,2.7546598768664534
2018-12-21,1.4110977603775041,2.0623877870244245,0.7990091514922749,2.0001940997236276,1.9614753305527401,2.697197317610089
2018-12-24,1.4089600331294259,2.066628153385641,0.8011578320203524,1.9473435584290892,1.9343975036325314,2.705217818615928
2018-12-26,1.4217721241288286,2.077883586025111,0.8009769733183925,2.045732367315389,1.9847575185966653,2.727015210154238
2018-12-27,1.4191932596381325,2.0690123992766103,0.7979656126644508,2.0614382462706233,1.9955981135323688,2.7095419419709064
2018-12-28,1.4241920457932076,2.0887150359227973,0.8004619825956849,2.0587793926625255,1.998706791610894,2.7474330248690473
2019-01-02,1.4290090490620917,2.090877003844343,0.7995782468010267,2.0789723002216793,2.0151669198884976,2.7514911405997227
2019-01-03,1.4350180691125447,2.079210688520945,0.8048361917271989,2.0293623433321373,1.9926615058443888,2.7288464894752558
2019-01-04,1.4412803653238586,2.093428627733657,0.8044548128675153,2.0973373169720166,2.0257105274554292,2.7558919573951703
2019-01-07,1.4462371301077528,2.1093224288698615,0.8065040620039267,2.113874016633031,2.033109653430233,2.7862220879257262
2019-01-08,1.452414436767676,2.116278166589028,0.8089138705194048,2.1337344253976713,2.0426753892506713,2.7995001133107618
2019-01-09,1.4625207541861067,2.123381412865423,0.813783245692963,2.1437064052695582,2.0489461380137457,2.81306004185637
2019-01-10,1.4567115554178482,2.103648875977142,0.8110236499030563,2.151268053068221,2.05296586122732,2.775223096687756
2019-01-11,1.458204144520395,2.1044824587231585,0.8115402667064768,2.152099726335012,2.0558378527615875,2.776578570302959
2019-01-14,1.4509184871152243,2.0998289506322294,0.8083832312763408,2.1389700025697533,2.0477278833520973,2.767751521100117
2019-01-15,1.4539298905195674,2.101948403643269,0.8088033014714493,2.163483831429071,2.061236678203969,2.771564192725694
2019-01-16,1.4576432983344996,2.1073013563332483,0.8103437167496875,2.168719550694655,2.0638246596821146,2.7816679048001385
2019-01-17,1.4591703191181662,2.113096630817112,0.8101046312075644,2.1851724151895318,2.071944644787913,2.792505576485625
2019-01-18,1.4594203286224445,2.1114512983461795,0.8085828917834876,2.214257249912409,2.086345134174619,2.7893463044223963
2019-01-22,1.452627729521353,2.0974258709173292,0.8055014848836821,2.184342304951261,2.0716924675415442,2.7623714277979974
2019-01-23,1.4506321850325232,2.0956101553469932,0.8036248382803998,2.188912458253809,2.0739691688936954,2.7588864682913874
2019-01-24,1.4538060032481592,2.097249634957623,0.8047134284374862,2.190075777754103,2.07718843697073,2.761670823679873
2019-01-25,1.4600701811309498,2.1088918290538508,0.8068772873903645,2.2086069018081957,2.0861344670954938,2.78401750222394
2019-01-28,1.4524114106027342,2.098019803629971,0.8037065366219515,2.191820685957793,2.076587475975251,2.763084061310748
2019-01-29,1.4581792719383968,2.096715844566634,0.8063050404634657,2.188912458253809,2.077204025934406,2.7605771785849065
2019-01-30,1.46962325006446,2.109855383858251,0.8110017972125532,2.2235645163822713,2.099236956264594,2.785450761519558
2019-01-31,1.474112316042321,2.110227000864373,0.8119890090496394,2.243092568445898,2.114270691484081,2.7861509896238075
2019-02-01,1.4730765521609726,2.112789103929384,0.8117580718329761,2.2441734737150734,2.110356303659646,2.7909487303715297
2019-02-11,1.4677708486972532,2.122531509393813,0.807624381496514,2.2488270359032536,2.1158166309094093,2.809036117205666
2019-02-12,1.4726941878276183,2.1307385113462414,0.8088151597308512,2.2777450528548666,2.1310392752280047,2.824538267839259
2019-02-13,1.4729477804994153,2.129524984311642,0.8088269234347113,2.2851414459107855,2.1331215998544693,2.822195248115471
2019-02-14,1.4771633370084467,2.1292958229182797,0.8109821062535053,2.280071549761953,2.1342140849380526,2.821514437357382
2019-02-15,1.4881376409429905,2.1399970082167705,0.8144511089484501,2.304918019509287,2.147457527615186,2.8420271616360395
2019-02-19,1.4971008694800574,2.1675721533657057,0.8187666333811816,2.3089075787629523,2.1511684715453487,2.894637526742555
2019-02-20,1.4996405099486148,2.173718798736535,0.8200454835312728,2.3135611409511325,2.1536385410088346,2.9064131754852314
2019-02-21,1.4936097004697246,2.164556155082007,0.8182539139497339,2.3053342113764375,2.146480530120561,2.8887086509639466
2019-02-22,1.5009664737747892,2.1744288384672465,0.820743571728222,2.3196272546419907,2.157069181340369,2.907406666479244
2019-02-25,1.4945510236580155,2.1674343703174523,0.818079190994463,2.322785140628864,2.1575621299099965,2.8940555286783987
2019-02-26,1.4962159940549211,2.163212094551563,0.8179404971229204,2.321123072936799,2.159127127896946,2.8858284045275857
2019-02-27,1.492885407898836,2.16233256845328,0.8177715144833975,2.3201260028337614,2.155573134352606,2.8840121521405324
2019-02-28,1.4887763720057108,2.160683293925221,0.816206765661775,2.3158043710660876,2.150928641007318,2.8806181360681604
2019-03-01,1.4796438262313436,2.1573607981625096,0.8124307623188021,2.3302636637288976,2.1561629343456357,2.874049451897383
2019-03-04,1.47899797420123,2.146257829904073,0.8111441098958446,2.3217872179648156,2.154088552728432,2.852613156901643
2019-03-05,1.4815742377159937,2.154327094432554,0.8118985732944909,2.318629900351949,2.152826186580958,2.8681102008823713
2019-03-06,1.4784954214847739,2.149590211080535,0.8106420647020133,2.3045859469952785,2.1474005547612345,2.858802857046859
2019-03-07,1.4771505412895256,2.1426683908104436,0.8103182362520248,2.2853069848405325,2.1395546197341218,2.8451454013875916
2019-03-08,1.4806808726354697,2.145699218473133,0.8114710414739755,2.280736973631487,2.138250026011007,2.8508836790271816
2019-03-11,1.4846442888730307,2.1561016031458173,0.8121239440687947,2.3138102308600144,2.1560187100285804,2.870985632295434
2019-03-12,1.490331009397535,2.158858851209474,0.813231803281374,2.3225354823459745,2.163282642590603,2.87619380582663
2019-03-13,1.495432743802071,2.1646764960538962,0.8153977117266051,2.3379090046001965,2.171518729631709,2.8873299849198313
2019-03-14,1.4900180819333204,2.1620573916056802,0.8140628268484066,2.336414180959902,2.169443649557925,2.8822409821959827
2019-03-15,1.4959398151167593,2.1676126559576816,0.8158272845718763,2.3479561519346044,2.1786078361624246,2.8928689923723026
2019-03-18,1.4989811322391224,2.174964163961421,0.8166236865274168,2.35646968410269,2.182193578431346,2.9069447679339606
2019-03-19,1.4990881584688889,2.178116467471873,0.8167444857622513,2.3570543988631294,2.1819394702856854,2.913035077000232
2019-03-20,1.509406113066525,2.180864570209149,0.8215038747045242,2.349959670311806,2.184029987369208,2.9183423141712175
2019-03-21,1.509938394031969,2.183362167521955,0.820035368871185,2.3765017418176613,2.1984076080505988,2.922814111744858
2019-03-22,1.5136307723447306,2.1873204789071665,0.8241209189495396,2.3307626961076737,2.1793760588982902,2.9304653964942924
2019-03-25,1.5148030287701002,2.1841803617231936,0.8241218197711218,2.3290101148548787,2.180634958577696,2.9243353992473295
2019-03-26,1.5152834036611758,2.189077201151049,0.8232477404867294,2.3463699621725693,2.1895644077611056,2.9336873059893485
2019-03-27,1.514135944041239,2.1905700031546584,0.8224110228270034,2.3341008987484955,2.185293735163059,2.936446550663823
2019-03-28,1.512982821867643,2.1883404327413887,0.821109969850099,2.3429492032071275,2.1903076241410546,2.9318781200430917
2019-03-29,1.5170380696461316,2.1958631154998742,0.82254787921193,2.357721954135193,2.1971283524545364,2.9464392172426375
2019-04-01,1.5190591279213157,2.208181776548786,0.8233440664113304,2.3856825450708072,2.206719008159319,2.9702166596790085
2019-04-02,1.5287965201921725,2.252633818877371,0.827840142782757,2.3868514062176764,2.2088585356236448,3.056980455251216
2019-04-03,1.528981468206668,2.2631088115837876,0.8288933957903563,2.3906066532866608,2.208233524535379,3.0772663052167943
2019-04-04,1.5282697681346686,2.2575593950975046,0.8274685119346779,2.39695055977379,2.212688959447553,3.066072444788182
2019-04-08,1.5370536479707428,2.2864161721856346,0.8309542603745258,2.4103886264382353,2.219211626154712,3.1222651540018322
2019-04-09,1.5348790743021843,2.278141734082411,0.8302877902574164,2.3980353015675173,2.213872945620672,3.1059989092611398
2019-04-10,1.5443089352135286,2.2900592033161797,0.8347506369591245,2.4062147719125675,2.220510784839058,3.129216363230941
2019-04-11,1.5334658886362853,2.2684100329245043,0.8299219604646646,2.4055466482664967,2.2181554792881797,3.086636261375984
2019-04-12,1.5335976565212053,2.2734667868630782,0.829703032716641,2.421823458912483,2.2232111702668935,3.0964785167451936
2019-04-15,1.532618719101109,2.271278272467735,0.8286293331467622,2.4202374112439493,2.223480064190768,3.09204436913749
2019-04-16,1.5314782364912134,2.283569310394033,0.8286524732753533,2.421823458912483,2.2213942310768444,3.1159900306353365
2019-04-17,1.5296577971780114,2.2836361293962355,0.8280695917806767,2.4158975915080285,2.2182463704490236,3.1158652340420496
2019-04-18,1.533664382961398,2.28690280588139,0.8289571132998333,2.4206545977656133,2.2229702983949235,3.122097703476594
2019-04-22,1.5336752970913494,2.2922673182536095,0.8287434134094522,2.4227410987479416,2.2228987493282615,3.1324921571227855
2019-04-23,1.5398214288927365,2.3075956620508355,0.8310509888333307,2.444525453528702,2.236647374989288,3.1623590446544148
2019-04-24,1.5418019195495272,2.301899214626863,0.8315985837185559,2.439099755251039,2.2369160839997027,3.150998590854755
2019-04-25,1.5368341794129263,2.284679689030084,0.8291912191774504,2.437597542748644,2.2350030720587224,3.11717379678918
2019-04-26,1.5348324733271352,2.2852605716717855,0.8274606828492864,2.4489493926177652,2.243638645313777,3.1184223142285687
2019-05-06,1.5343022696624018,2.309622654293174,0.8266810239331638,2.4440247160279043,2.2413728665050456,3.165871148870536
2019-05-07,1.5264454730980455,2.300978952113591,0.8240569172844221,2.403210631094782,2.2219946866689737,3.148590419930476
2019-05-08,1.5236117678722516,2.305413200749657,0.8230340337908346,2.3998714337994462,2.218460585138769,3.157364830751484
2019-05-09,1.5235419019093752,2.3113964163686536,0.8231882687173392,2.392611308411877,2.2168473354876137,3.1690843511602313
2019-05-10,1.5283293595978675,2.3241322192542304,0.8252608261356931,2.404629576805046,2.222859952399696,3.194064045965199
2019-05-13,1.5362020655857507,2.3829967464803397,0.8318800685427747,2.344200762772119,2.194141775084425,3.3108446149808164
2019-05-14,1.5458789973445728,2.400474956157099,0.8354044768051517,2.3654002606989395,2.2049457099013603,3.345353684876367
2019-05-15,1.5527784311362975,2.4120213318611836,0.836599621278445,2.379255798072053,2.2154494783077885,3.3681024043823116
2019-05-16,1.5488063738803666,2.3958556225652887,0.833198817727996,2.4012903795097107,2.225778491522713,3.335909012641489
2019-05-17,1.5359688060013865,2.3602619513850875,0.8272329531244269,2.3857660960499416,2.2176697106474843,3.2651973738039666
2019-05-20,1.5396957810857645,2.3884156989807983,0.8295655327981193,2.3699913017462713,2.2074693971152484,3.3208388283269783
2019-05-21,1.5411452781829102,2.3908092777724748,0.8291871246657774,2.391358896285874,2.218196820717088,3.3255676732332926
2019-05-22,1.5332524158956762,2.3726673426896574,0.8250476433567977,2.3840132306101434,2.216875544044231,3.2893296052441463
2019-05-23,1.5306190255289656,2.379070779499314,0.8247317541329928,2.35488377852766,2.2063823550506374,3.3017557838571103
2019-05-24,1.537456182542943,2.385298229058216,0.8274685976565055,2.360225783732687,2.2090639583144003,3.3140858083941755
2019-05-28,1.5443373248060897,2.415921606158456,0.8307611054893931,2.3382737586196503,2.2009876406011215,3.374607412087381
2019-05-29,1.543894989327589,2.4115171029053966,0.8312709921892524,2.3225820890146087,2.192022651789831,3.3658584989730964
2019-05-30,1.5430417382021429,2.3973702246666058,0.8300834864764202,2.3289267059692476,2.198821248257416,3.337414711559241
2019-05-31,1.543285160609444,2.4062690932259208,0.8329048073964982,2.297543508852666,2.187634029390044,3.355052837989755
2019-06-03,1.545530077356547,2.3968275853928653,0.833753295195177,2.291700481959836,2.188506392228483,3.335928352008315
2019-06-04,1.5488866546372047,2.398103856011564,0.8340528399595741,2.3414467065177282,2.213705917390544,3.3382240775419962
2019-06-05,1.5435356099982251,2.4046686536283164,0.8317516489061638,2.361727996235082,2.2252925635736474,3.3515052860209673
2019-06-06,1.549856860538221,2.4087500789720298,0.8322159522160019,2.377084751456077,2.2339048921431686,3.3593472558028745
2019-06-10,1.5520490600412795,2.4218794427754387,0.8310585853853855,2.4118899863796193,2.2529036144571917,3.385738858267123
2019-06-11,1.5532769219643274,2.420854607693674,0.8310697738194817,2.411306266273694,2.2525701367330644,3.383781359528974
2019-06-12,1.5495467557605107,2.424999129620201,0.829885840283528,2.4070502817039117,2.252392513709947,3.392024495108563
2019-06-13,1.5575985588175167,2.4340379908352743,0.8321535094958742,2.4169820491147527,2.260240137514843,3.409909956815818
2019-06-14,1.557933332389497,2.4454045043062593,0.8311978046583477,2.4143118280265,2.2593589400600327,3.4327834659630456
2019-06-17,1.5601242598144403,2.4692363127391124,0.8318593966155017,2.4152294678619586,2.259722093654884,3.481011984335275
2019-06-18,1.5714592366157394,2.471712603710831,0.8353274660491934,2.4405195535223156,2.2758609030908135,3.4860116970207815
2019-06-19,1.578913667743481,2.482679619230998,0.8394908834666908,2.4460282344051056,2.2814229723336297,3.5079404420313938
2019-06-20,1.5967287689540717,2.5015234461344087,0.8468271470698485,2.4693980684803916,2.296222888979657,3.545961135997883
2019-06-21,1.5947235108057156,2.520831203536707,0.8472723234281484,2.4658085024346574,2.2905502697147058,3.5850583251382657
2019-06-24,1.603706356972857,2.550206046348289,0.8505440855668186,2.4627890155186623,2.2918840705765455,3.6443812406918195
2019-06-25,1.6049860416864663,2.568706394845901,0.8515153023214368,2.438634256938719,2.279453137796831,3.681842872753631
2019-06-26,1.6097032235024777,2.606127106757248,0.854244803612649,2.4362019003726956,2.274440451189902,3.7573606467634177
2019-06-27,1.604972691223731,2.551326967412511,0.8511803166233788,2.444841185289989,2.2820326634415142,3.6463317147116965
2019-06-28,1.6106197399105355,2.595375511794408,0.8538635408726141,2.4574207230157774,2.2895919774453075,3.73544524190577
2019-07-01,1.6010804089827229,2.5529775081477806,0.8472978929075083,2.479731676314688,2.300913463273343,3.646809048545949
2019-07-02,1.6004439662374763,2.5615902850164405,0.8464518872736931,2.486188973416357,2.307775127685279,3.6646488584766033
2019-07-03,1.6134147540805182,2.596147005566551,0.850357422823798,2.506065296653213,2.320637667829876,3.7364383273565296
2019-07-05,1.6026965344975916,2.5680627471359974,0.8470326544415451,2.5032140484435015,2.3132071085173163,3.6778255694367195
2019-07-08,1.6035794232605547,2.5927756916785696,0.8473261605019266,2.4894602500177703,2.304601127882136,3.729447509946041
2019-07-09,1.6067097658482983,2.600877727503791,0.8484579386267971,2.4925630037258952,2.3057517995352326,3.746219426373356
2019-07-10,1.6159622541663592,2.59933380978755,0.8530407936272894,2.504473281057598,2.312910093795911,3.742820654702939
2019-07-11,1.607040952776798,2.5791421231809886,0.8497634572765739,2.510343163622292,2.3116884911861217,3.7002768522076623
2019-07-12,1.6140241566101616,2.596825785220097,0.8526950563190259,2.521583043811893,2.3189724953747564,3.737085983624779
2019-07-15,1.611330823354259,2.5775846626647962,0.850567150918187,2.5224213954732755,2.3213590921246405,3.6967968064280927
2019-07-16,1.6008015055640525,2.5427355951333745,0.8459138966317575,2.514285405739815,2.3148094319966184,3.623752902370809
2019-07-17,1.6044969158221276,2.550299923774772,0.8470962167350603,2.497176211359528,2.3094976075944396,3.6395528953783107
2019-07-18,1.6108216017361667,2.57992056888313,0.8500042642687177,2.5063187914606546,2.316860366086956,3.701021783876013
2019-07-19,1.607666994662888,2.5721536129733407,0.8488333132801348,2.4923950492066154,2.3074088189480184,3.684763017507029
2019-07-22,1.6074156861435003,2.5699359403532576,0.8472723060347759,2.4985189949527586,2.311249057472424,3.680073908263413
2019-07-23,1.608269011386092,2.5642188783373987,0.8472112303473994,2.5163824216412856,2.3197339994277026,3.6682527284779494
2019-07-24,1.6103573487584781,2.567371838715288,0.8468283243774217,2.528208295432842,2.3276797975718697,3.67452559236903
2019-07-25,1.599653520858659,2.5536136860136245,0.842040447568468,2.516130631955867,2.319342928282759,3.645435206535009
2019-07-26,1.6010437792123766,2.555653176497117,0.841290041407248,2.5329888892117474,2.328601045980632,3.6498341398385823
2019-07-29,1.6017508290330114,2.5509068987719608,0.8414414767311831,2.5283759657651186,2.3268565454139436,3.639552049061192
2019-07-30,1.6066051946071418,2.5553274509158936,0.8437116957614357,2.522169321600852,2.323803545898562,3.6487782772523287
2019-07-31,1.60307549641676,2.5552197343810685,0.842584336756472,2.4945759002742234,2.3107048348137282,3.648390200840729
2019-08-01,1.5994922837745607,2.5574381383394185,0.8404050896254591,2.4728529298862965,2.3091152097024064,3.6526061402228662
2019-08-02,1.5976978812596399,2.55161464468653,0.8385528801065257,2.454234134141514,2.300705765860061,3.6405085220651623
2019-08-05,1.5975019000144224,2.569220113643735,0.8400801287263172,2.3804276431824616,2.267775950752057,3.6771279161393777
2019-08-06,1.602655997417235,2.5682604863097658,0.8397663509103133,2.413808248655662,2.287845442633533,3.674972919343437
2019-08-07,1.605921192456986,2.5900676140893495,0.8412879335605684,2.4152340148540192,2.2886378478309446,3.7198984548558705
2019-08-08,1.6135191689425479,2.599745710163029,0.8418809093388133,2.4626216293733894,2.315058567191944,3.739811510956946
2019-08-09,1.61178306625204,2.591524311876599,0.8413691561193282,2.445847491470651,2.304303555010648,3.7228873803059805
2019-08-12,1.6130631882021171,2.5725023517251664,0.840789209758744,2.4160729348894097,2.2937388964807943,3.6830819491796634
2019-08-13,1.6173645879063387,2.564024755833831,0.8396313688482417,2.4536472879785465,2.3112508456251812,3.6653311253956735
2019-08-14,1.610811131055328,2.526638922823546,0.8373265358712831,2.3810981824180666,2.277250018057318,3.587906510059427
2019-08-15,1.6153236413371745,2.5346342324981617,0.8380389647159051,2.3873890880289768,2.2868142777945413,3.6038856050543897
2019-08-16,1.61354025978405,2.5423765562635703,0.8360488730997642,2.422614919718229,2.3038638076401834,3.6200789537814453
2019-08-19,1.6103012479656094,2.5598174235212077,0.83426572636757,2.4518014933884875,2.315534353005718,3.6562139721247373
2019-08-20,1.6145120643516893,2.5557289701612227,0.8354615014288398,2.433014458937421,2.309305911062463,3.6475691066543225
2019-08-21,1.6114081550131485,2.53969177620348,0.8332574070167087,2.4528089363171657,2.317779003288537,3.6144320513415855
2019-08-22,1.6060784630898333,2.537236666095467,0.8318496252394729,2.4520529988869026,2.315252641587935,3.6088792114136523
2019-08-23,1.6113485916630568,2.5383305291949956,0.8363003312530154,2.3890663597257484,2.286651490828539,3.6112795649012295
2019-08-26,1.6117227837211427,2.5436130393729184,0.8347251044969893,2.415485236165431,2.300407128802986,3.622042305435352
2019-08-27,1.621276936718019,2.54004057023582,0.8364311998954811,2.4060084521477667,2.2992692997387767,3.614466650562995
2019-08-28,1.6248966014594801,2.530266130803944,0.8361146509257729,2.4229502603827817,2.3090223726629597,3.5943219020346624
2019-08-29,1.625798746613361,2.5281844283013437,0.835159033667902,2.4538985092899583,2.3243683169277958,3.5896907278114036
2019-08-30,1.6194778300456194,2.5328267641459994,0.8319358048329117,2.4528089363171652,2.323984623986167,3.5991673964501216
2019-09-03,1.6222740185542426,2.5649964563407655,0.832591786145223,2.438465734045431,2.3178723683487323,3.6652580654272993
2019-09-04,1.6371865609258174,2.573810281062077,0.8361181658672606,2.4661438430992098,2.3350774192117827,3.6835848202903634
2019-09-05,1.6283918507170634,2.5749222784485655,0.8344732271727878,2.4978471768756374,2.345586387689182,3.685718999888639
2019-09-06,1.6265106916841692,2.5628136940397024,0.8326999001699662,2.499776522444831,2.3472548437997016,3.660557884812388
2019-09-09,1.6237333244334538,2.565844789915485,0.8339578414395579,2.501035470871924,2.3422540637957696,3.6667685406224186
2019-09-10,1.617826111687074,2.563778456898613,0.8338228537777582,2.5004472037739376,2.3352220089198603,3.6621941342587774
2019-09-11,1.6199879010310068,2.575808721726991,0.8349004984694391,2.5182276478573384,2.344431365258298,3.6871620149770523
2019-09-12,1.61848055782338,2.5843622041252954,0.8351244892692218,2.52695076794077,2.347348972674161,3.704513530029961
2019-09-16,1.6290579806362357,2.5771316622169405,0.8408613169250206,2.5174731313620944,2.337550311698863,3.689522695885182
2019-09-17,1.6245192992225266,2.5766913404600413,0.8376643987785553,2.5238474458586366,2.343542877546337,3.6884516705426647
2019-09-18,1.6165702106139317,2.5694266851425063,0.8327993949442315,2.525356763036128,2.3447277096199146,3.6731454357183364
2019-09-19,1.620801026484429,2.5724264175565383,0.8341867977966717,2.5251888085168477,2.345040400720588,3.6793229454185776
2019-09-20,1.6271306277026367,2.5680197870564805,0.8358065894460077,2.513257785533863,2.3434847038491537,3.670063357046641
2019-09-23,1.6305037011850556,2.5606193498003433,0.8361102673608115,2.512668097500857,2.3444565426614705,3.6544468420749636
2019-09-24,1.6216269537227128,2.518474308106906,0.8312036916329549,2.492952055734177,2.3378216268487484,3.5674191723385
2019-09-25,1.6098496241342228,2.5123042132526585,0.8280783095886864,2.507696814242363,2.340160257223308,3.5546650289522264
2019-09-26,1.6092716408645706,2.501308255973013,0.8269337150400399,2.502473172924443,2.3391504694676466,3.5316562855240834
2019-09-27,1.6043471791069384,2.4995423198573654,0.8252538735507802,2.4889913414614036,2.33279299100489,3.5279956437996676
2019-09-30,1.5989942705740787,2.496979588893224,0.8221633521221303,2.500534733371125,2.3400731420477863,3.5225229218257565
2019-10-08,1.6016217688550303,2.4905552672514175,0.8240204528607876,2.4311061432065104,2.3125164498252446,3.508709035990891
2019-10-09,1.6032715320227078,2.5075640597816484,0.8240190770552639,2.4541926428389504,2.3230620237418576,3.543557243120806
2019-10-10,1.5997808968488976,2.5085416254587924,0.8236234221349708,2.4707922899213197,2.3264647106997844,3.5452619866962247
2019-10-11,1.6017514786279448,2.5072164124231473,0.824671742560708,2.4964063487660755,2.3344292148829466,3.5423887631772253
2019-10-14,1.6036324765395618,2.5104853455239393,0.8244251187675891,2.493625863120325,2.3354518486791256,3.5491928373015167
2019-10-15,1.5996000252686786,2.5109484883312763,0.823699805946022,2.5183143248935145,2.344813181476941,3.5499850768883396
2019-10-16,1.6011080119815302,2.505904712697625,0.8248251301566237,2.514268638706587,2.344375477474538,3.5394915720782185
2019-10-17,1.6058207146461485,2.5123520854502903,0.8268859613298627,2.521684214385267,2.348205984878278,3.552550472261605
2019-10-18,1.6038816725614453,2.502953308391072,0.826421950787792,2.510646391155409,2.3428419524828934,3.5332733622071157
2019-10-21,1.6026965486775775,2.5163540111165554,0.8259186299005501,2.527665782442477,2.3489806749846407,3.5605577920841105
2019-10-22,1.605914603726692,2.5101728863699355,0.8273393361071137,2.5194090132323765,2.3465118537643956,3.5478755918966147
2019-10-23,1.6094003111041015,2.493329071666349,0.8277904986215369,2.5267399011839062,2.3509615238574617,3.5133389961527075
2019-10-24,1.6166005179231648,2.505197294888147,0.8315179715856275,2.53086856997596,2.353112646822494,3.537365989074485
2019-10-25,1.6289444506075943,2.557052868950148,0.8378174766642997,2.5412323016326654,2.356931560419307,3.6436374730926286
2019-10-28,1.6255403890713995,2.5795797549722037,0.8371059880877274,2.5555556108141295,2.3614732234002225,3.68991234420641
2019-10-29,1.6235073800292716,2.5842906152732446,0.8357199054961313,2.5547965473268244,2.361880612705631,3.699269134589994
2019-10-30,1.6243351194697013,2.5746039159447425,0.8328071092217633,2.5626335723322256,2.370782333628529,3.6792594105449594
2019-10-31,1.6270621600745998,2.5738507045770027,0.8321546959818793,2.5558088214345673,2.372856487950241,3.6775815503982545
2019-11-01,1.6387468020222689,2.5846714949108964,0.8366447426002338,2.579485293287016,2.384254699141883,3.7000464693398225
2019-11-04,1.6417086448897966,2.595940401810643,0.8400208807724647,2.5898490249437223,2.3852117296678967,3.7232536827648284
2019-11-05,1.6355369464950114,2.588658017802308,0.8393002633219525,2.586983851570823,2.378546617409402,3.70827218281177
2019-11-06,1.6342881690736204,2.5874489696375824,0.8381832680921073,2.5875741079778365,2.381579090755843,3.7056005377005232
2019-11-07,1.62438210841986,2.583951531641403,0.8363916464498414,2.5966734916543763,2.3791281450692976,3.6980288837823894
2019-11-08,1.619683560893536,2.566459030247393,0.834489772344404,2.6030776457863243,2.3814285438215825,3.6617026190153874
2019-11-11,1.6169886949543617,2.5644081907730283,0.8334166954706153,2.598105509966819,2.379672336552122,3.6574069328333145
2019-11-12,1.6182090171352281,2.5670107626101015,0.8328352506204931,2.6035817935311694,2.3831458602619944,3.6626480724555686
2019-11-13,1.620854663895563,2.567569592499948,0.8321036464461474,2.6044252605586204,2.3861502471494793,3.6637950795929037
2019-11-14,1.622825064508971,2.5644485063366953,0.8313283476391587,2.608217167751102,2.3929938581666987,3.657153928213903
2019-11-15,1.6246597829010208,2.562558793809128,0.8311349334621257,2.6270911634253493,2.4027469245873716,3.653367100279339
2019-11-18,1.6220998964441478,2.557513792069475,0.8297594781742338,2.629029318791663,2.4054321161602497,3.642556853270413
2019-11-19,1.6214523228374738,2.55429726876651,0.828172113937213,2.6282705394913615,2.406783504054518,3.636015914158066
2019-11-20,1.6270737752894946,2.543460062643525,0.8288064098658172,2.6184967800546657,2.4048028607475187,3.613356263896532
2019-11-21,1.6240614652258258,2.529518049932635,0.8278505838897219,2.61428399190947,2.4000906536117625,3.584400518532965
2019-11-22,1.6216393743552127,2.5155399613122826,0.8259916731900541,2.620098173821408,2.40316038412867,3.555221039556867
2019-11-25,1.6249080436840242,2.5155080105571113,0.826220189776498,2.6404041878080977,2.414893892944668,3.555115671859855
2019-11-26,1.6304985188607675,2.5188617380677805,0.826887657620144,2.6463868926133234,2.4200014691181555,3.561915108124132
2019-11-27,1.628254436053816,2.530328703302244,0.8258124687749437,2.6581826425824713,2.424121908214478,3.5854083484746284
2019-11-29,1.6189585525470407,2.535536158124472,0.8228011232145421,2.6483239112316217,2.4178454880857014,3.5962005620760262
2019-12-02,1.6100157450336277,2.514776396188664,0.8218073949708734,2.6258270996321884,2.402049726442101,3.553281537133587
2019-12-03,1.6178708768868038,2.5131123659613204,0.823582294307832,2.608217167751103,2.40099726432067,3.5499847994940854
2019-12-04,1.6220541297427806,2.51486511217206,0.8265389800404798,2.624310109405593,2.406079975945023,3.5534388396147314
2019-12-05,1.623298740215407,2.525185375951946,0.8272239792137241,2.629029318791664,2.4064080006226134,3.574401037618821
2019-12-06,1.6259839110267122,2.5328795428539386,0.8285844916807638,2.6530428364306897,2.416610975740231,3.5902438615545567
2019-12-09,1.6249481965086596,2.5268867356747347,0.8281900362611596,2.644701663680444,2.4128229336539846,3.5777117078726457
2019-12-10,1.6271116875839586,2.5254795554263096,0.8292435841020296,2.641752086767398,2.4100785476659885,3.574799569691427
2019-12-11,1.631987876355935,2.527266510750428,0.8303621546212243,2.649251497612216,2.418179517120517,3.5784693567584287
2019-12-12,1.633604182397679,2.5381158478558667,0.8316371376051258,2.6720853549982255,2.423048285211424,3.6005216375610796
2019-12-13,1.6392125971549003,2.5372910468965966,0.8326656250592543,2.6736861803909595,2.4295680054937994,3.5991015193422338
2019-12-16,1.6410432897657778,2.5344457563139637,0.8335010681451143,2.6920543231983394,2.435115921995101,3.5929082818559324
2019-12-17,1.6419190732536078,2.5236795192276547,0.8341853575648628,2.6926442954183494,2.4355258279241068,3.5708566567985316
2019-12-18,1.6444031104010488,2.5507665960218815,0.8366156454813999,2.692811681563622,2.4330133668516125,3.6263699285375397
2019-12-19,1.6489651418371971,2.553116522243159,0.838099992186741,2.703850357354491,2.439807704740609,3.6310535689487473
2019-12-20,1.6493502267893712,2.5558861996628286,0.8370794046335426,2.715704934033438,2.446301442447269,3.636675556448081
2019-12-23,1.6510609692342428,2.5659929516350988,0.8371943792580953,2.719853495915762,2.447704541147536,3.657464159280767
2019-12-24,1.6556906265872497,2.5683606985463365,0.8384380029174676,2.719939036203923,2.4494032611549206,3.662183872007534
2019-12-26,1.6605152754747354,2.5694492039542074,0.8390800692116215,2.734417511489494,2.458724900826203,3.66425590289184
2019-12-27,1.662023690414055,2.57210928647317,0.840093086661166,2.73373887292428,2.4597444361493785,3.669870328466286
2019-12-30,1.6636640810016081,2.5759758406720366,0.842358576059337,2.718667867735665,2.4508801169103376,3.6776545421525793
2019-12-31,1.6601749916768045,2.57526671551351,0.842358237367264,2.7252723737053324,2.450998761225307,3.6761907937643397
2020-01-02,1.6695807369936289,2.5768609894183565,0.8444526401444692,2.7507591167723593,2.4692881778341245,3.679024953902595
2020-01-03,1.6847518955886878,2.597523948911213,0.8517889452416448,2.729930482885574,2.4646307472146507,3.721867609790094
2020-01-06,1.6879606335870474,2.6212605209471187,0.8532338954560856,2.7403445156419632,2.4691826830442642,3.7712096343061536
2020-01-07,1.6892185352143227,2.641536564660008,0.8541546791377858,2.732639069219348,2.4636016165951764,3.8132496506650804
2020-01-08,1.6821659325387968,2.6410795872170927,0.8517319792670435,2.7472030847930795,2.46914838917686,3.8119909547283584
2020-01-09,1.6796241794134876,2.633571642321994,0.8492723757983209,2.765830974521985,2.479911429222974,3.7962569473402974
2020-01-10,1.684430754570465,2.644425580451277,0.8506936505172165,2.7578714649179212,2.4777507449888128,3.8187555279129155
2020-01-13,1.68533077543448,2.653286976699883,0.8512250482842841,2.776837821368422,2.4868293882442174,3.837096211078625
2020-01-14,1.691473795611643,2.6794503477944023,0.8539220971505722,2.7726048559459526,2.486502040888797,3.891346553572984
2020-01-15,1.6909322348702842,2.677637925920377,0.8521076365025226,2.7788694742590057,2.4923729301392012,3.887425992705323
2020-01-16,1.6916898931872952,2.68062287049465,0.8516759351971717,2.801986097713854,2.5028013700398706,3.8933057802881232
2020-01-17,1.6924269337245237,2.6919856483838296,0.8522416808602316,2.810707512675263,2.5067072145491305,3.91700840001096
2020-01-21,1.691450471121794,2.6844092345729997,0.8513276825041548,2.8052033787845345,2.507650510063462,3.901094657635656
2020-01-22,1.687897300812888,2.6845503050052186,0.8496650001269023,2.805541277132122,2.5080109726201933,3.9013744001574486
2020-01-23,1.6859772039273897,2.673364132430283,0.848142549278121,2.8087591265768097,2.5122293902768527,3.8780276683014003
2020-02-03,1.6793247110490153,2.7118667316224303,0.847928288845611,2.7444078214231284,2.4947619499658815,3.958587588908122
2020-02-04,1.6841664613011162,2.7293396896108124,0.8496125516784547,2.7862367381470294,2.511282265478155,3.99540004924292
2020-02-05,1.6884918029993259,2.7403374113180665,0.8502999896330115,2.818411538162858,2.52414825822912,4.01825095218997
2020-02-06,1.6951638745512225,2.7511166133531555,0.8523757336002484,2.8278962794166307,2.529956667513708,4.040798388749356
2020-02-07,1.693643428641873,2.7465903166928727,0.8513157984378901,2.8128235691059924,2.526717562913569,4.031245115370892
2020-02-10,1.6959882137171165,2.756665718309064,0.8515354041521314,2.8338227151950925,2.5399626098479495,4.052596685843368
2020-02-11,1.6979994853103948,2.772046741533547,0.8525844906414731,2.8387334666217647,2.540173075407193,4.084842850837924
2020-02-12,1.704555339365851,2.7817382755434035,0.8554553767677179,2.857023173816079,2.5473841516784526,4.1050973337520045
2020-02-13,1.7070651335023816,2.7806901549034233,0.8564860514066627,2.853974984012695,2.5466462990487484,4.102717789092773
2020-02-14,1.7089232450505598,2.7855692286377556,0.8564301380950657,2.858546984530768,2.5516146156856023,4.112987137201069
2020-02-18,1.7156328020619571,2.787229931631849,0.8586105928604512,2.8511814257647683,2.5492782672408136,4.116275265022305
2020-02-19,1.7226654617474892,2.782814018615232,0.8609572740704687,2.864813592152848,2.5564144404676954,4.106954541162622
2020-02-20,1.7209460447492884,2.775732794567728,0.8602454950445517,2.8530439873880553,2.5530622078416867,4.092016394720521
2020-02-21,1.7186949562226228,2.7710617691526074,0.8593812744573638,2.8236621772461454,2.541425753768357,4.081843387084636
2020-02-24,1.699876573645042,2.7366078703579477,0.8530882592180044,2.730014602238716,2.4991627421603697,4.009344771369805
2020-02-25,1.6739894664025259,2.694028381868412,0.8450707818275786,2.647289186350574,2.4576411068662076,3.9195907567240473
2020-02-26,1.665538172007903,2.6729803005203805,0.8424571261511311,2.637551518663368,2.451876736937833,3.8749015414156425
2020-02-27,1.6431336870217181,2.6316258110451614,0.837494343624531,2.5190949865931143,2.3933353639704955,3.7874151647569843
2020-02-28,1.6291310587157832,2.607673729562203,0.8301784091160953,2.5085107258214143,2.3992374311764055,3.737095807907325
2020-03-02,1.6505069178654859,2.642254422666125,0.8359844096055837,2.6171460392253287,2.460923737621897,3.808658033983287
2020-03-03,1.66181335247388,2.6380395722111554,0.8449822558862092,2.5422101891129434,2.429064676622248,3.799569294669844
2020-03-04,1.665738379693319,2.6522747542563945,0.8415624685578803,2.6490676286207204,2.4882559304578606,3.8285950460685854
2020-03-05,1.6622697964668058,2.649727028996356,0.8412493131289788,2.5610077384831533,2.446325434503258,3.8229818482143236
2020-03-06,1.6591644038701254,2.637249351583375,0.8364114081545955,2.518670695396354,2.4319447249661246,3.7969959327846414
2020-03-09,1.588592907647616,2.547070591951695,0.806696646056698,2.3219770548833942,2.3279186652614463,3.608609805663293
2020-03-10,1.5754766691947413,2.573494732008822,0.7953059574375645,2.44212776777715,2.3785960474088177,3.663929664537033
2020-03-11,1.532167525913993,2.5530997093524026,0.783232430197572,2.3230777111493377,2.3005266563839957,3.6211570924391134
2020-03-12,1.4698525112632517,2.39211876515166,0.7671305489985425,2.1008120714681935,2.1734683149503846,3.285811147399191
2020-03-13,1.489637316749717,2.4467196022893565,0.7696492622962213,2.2804024855279468,2.2702191184804374,3.399194390830739
2020-03-16,1.4389044465561143,2.3619629963321267,0.7546052092926769,2.0308723709771397,2.1524246157894016,3.2225576290876594
2020-03-17,1.40949468930678,2.3882536714011438,0.7380110469217561,2.140523652919847,2.1906034481733796,3.2772973842545694
2020-03-18,1.3613360186642458,2.358177631432593,0.730092837322096,2.0321422606038806,2.11505078138961,3.2143688647640514
2020-03-19,1.3953017166596955,2.396275149964509,0.7441784578636242,2.0364607663145113,2.1206428002297537,3.2939977204851787
2020-03-20,1.433823449592048,2.3865847635793633,0.7637450889520355,1.9487014039335249,2.094534946019785,3.27336568436963
2020-03-23,1.4630707472105458,2.396266474520367,0.7782270881005301,1.8988763174820626,2.077496261075058,3.2938267312220217
2020-03-24,1.4947855478064753,2.457018906429364,0.7811068840013673,2.0709208561218677,2.1695072740723558,3.4203237904322856
2020-03-25,1.511843947285691,2.4648729777418246,0.7878705989977848,2.1019229584662744,2.18787185525902,3.436677260606893
2020-03-26,1.5248844180290875,2.483130978742395,0.7855642751992432,2.2246533788875547,2.2606786275763104,3.474693965356964
2020-03-27,1.5200497933295023,2.457820353545256,0.7841281077342308,2.1583913424134322,2.229946224919895,3.4222962527820875
2020-03-30,1.5059996835896918,2.461730774040766,0.7712299170149588,2.2284860669150905,2.272465312060241,3.430437667456942
2020-03-31,1.495163004902245,2.4565365147437332,0.7686188502332599,2.1952692952496147,2.2551123825351906,3.419527225375906
2020-04-01,1.4772854134454483,2.4395147398775348,0.7683180165187206,2.0964718254517662,2.197890681223318,3.3852108965681396
2020-04-02,1.5084060212438324,2.4586693559901005,0.7742091852670373,2.1448489791185708,2.2278568891583563,3.4238114088396725
2020-04-03,1.5224057560375182,2.4513866694777593,0.781990467493454,2.1138468767741623,2.2094178882257265,3.4094976775445094
2020-04-07,1.5533386989471638,2.515390356374307,0.7850124549070323,2.258125634669499,2.2902411761802144,3.539077148590295
2020-04-08,1.5555807145987972,2.5403551743735897,0.7829318217149012,2.3339282551436518,2.335847739593751,3.5894284050322476
2020-04-09,1.5804478035728853,2.56218897669239,0.7909034839418376,2.3694442417638433,2.359670924645892,3.633860810843616
2020-04-13,1.582128856228293,2.545620935755899,0.7949065694790296,2.347809795627618,2.3444037105359388,3.6000686634935546
2020-04-14,1.5930242388164304,2.575026427634049,0.7983271353583016,2.4170533800527205,2.3882718113003407,3.659399421460711
2020-04-15,1.5780702829855662,2.5469065464646374,0.7895912809800051,2.3656959572764538,2.3646465832746157,3.602665167473892
2020-04-16,1.5766357405936051,2.5713673138361504,0.7879688596281211,2.3771093336319105,2.372647331522323,3.6522728280481096
2020-04-17,1.578980043587262,2.5833648109235416,0.7874181183658411,2.44132721298728,2.409849873223958,3.67625969580667
2020-04-20,1.5648158989452774,2.563933357735515,0.7822042581562731,2.3983160783273294,2.385718236124156,3.637096162259632
2020-04-21,1.5376735933906331,2.5322696477184805,0.7718829049278914,2.325495716271665,2.3433628308180707,3.5730567472440113
2020-04-22,1.5571618487566368,2.567467159827138,0.781741883714222,2.377109333631911,2.3723504166879743,3.644241329603951
2020-04-23,1.5626972230684815,2.5831399385531424,0.7829539658542459,2.37693839514909,2.3728394903357644,3.6757993632652437
2020-04-24,1.5682696400263394,2.599137016092662,0.7841569158215205,2.41007005280691,2.393483541822042,3.708290445149193
2020-04-27,1.5645204648566098,2.6303784040788605,0.7863172498235764,2.4448190187036882,2.410068705584633,3.7714719881858723
2020-04-28,1.5725377239253417,2.6247806486729495,0.7857109473720237,2.4335771492050604,2.4070799296819616,3.7601498348562825
2020-04-29,1.6055259283061067,2.7068207054862934,0.8013082440707806,2.4972842024209947,2.4459003807680126,3.9262093428308864
2020-04-30,1.5865043881109975,2.672338550555008,0.7931477442060918,2.474033158513321,2.429346173675381,3.8562511272497417
2020-05-06,1.567428553564061,2.6779713152241746,0.7965779597469806,2.420972034648924,2.3952706117850817,3.8681492196434397
2020-05-07,1.593814267097319,2.716289277502923,0.8015113859317348,2.450185037710541,2.4183979333565593,3.9486403072924605
2020-05-08,1.6100295386445722,2.7332404946271316,0.807141793111065,2.4907260189329556,2.4390850442590466,3.9841788211222675
2020-05-11,1.5907603256575555,2.690586532187689,0.8009177923120369,2.491237271352896,2.436668258378897,3.894592766368061
2020-05-12,1.5822547194813452,2.6801688868868854,0.7984299179379998,2.4415835496647604,2.4106116142515632,3.8727503464671096
2020-05-13,1.5753873644775886,2.6846575339930716,0.7981692873604572,2.3984013344284856,2.387169273102898,3.8821599839167864
2020-05-14,1.5946248476789515,2.7095378755860082,0.8009990241592425,2.4271045060051817,2.4055993495531447,3.9341661908857635
2020-05-15,1.6052994474676254,2.7076330514834224,0.802895411576447,2.4382605510286446,2.411532104654306,3.9304833570409343
2020-05-18,1.6309464133059512,2.751317852889934,0.8118791923636248,2.512529982616982,2.44929272688665,4.0220686100287
2020-05-19,1.6284110552831652,2.7496242937854793,0.8116953923178202,2.4867232449836103,2.4368068637922216,4.018516794562412
2020-05-20,1.6503392357215951,2.759486045348204,0.8157475505381243,2.5289679272941554,2.4619354413869585,4.039191543164317
2020-05-21,1.6416792295415725,2.733757991458768,0.8119251593003665,2.511508330338111,2.4522885096482474,3.9850940193260365
2020-05-22,1.640762918393246,2.737776091793278,0.8104857497107293,2.5162769882628537,2.456937179300828,3.993672907673994
2020-05-26,1.644950967073874,2.7354835580533154,0.8110903551457638,2.5472795168877673,2.472643768309157,3.988706519848428
2020-05-27,1.6524736800073454,2.7690502587338846,0.8146382186772099,2.5851804008443384,2.4957735831744507,4.059236059903054
2020-05-28,1.650527424185667,2.768319149052309,0.8134898331466938,2.5804106061715797,2.4920838373186904,4.057701914929503
2020-05-29,1.6648889155268642,2.772531678068279,0.815067762353589,2.5919085281606837,2.501950269842634,4.06656712127319
2020-06-01,1.67665641445714,2.8120560066691294,0.8216447273695953,2.6023850820579213,2.507623439342406,4.150626193386734
2020-06-02,1.6793892100857053,2.794646959648406,0.8207751797617078,2.623932993251472,2.5184603651295863,4.113525844465304
2020-06-03,1.6769762150748044,2.8063964494584277,0.8208579963371821,2.658851902976557,2.532769464763213,4.138562866503221
2020-06-04,1.6752358700093488,2.8151080326101967,0.824870814826064,2.651868575730746,2.5247816034598,4.157125951919156
2020-06-05,1.6928068477562601,2.8301905125874405,0.8289336279570505,2.719835023760509,2.559217111458066,4.189594988950436
2020-06-08,1.7066893344533476,2.85845179043336,0.8326639074520794,2.752710913114856,2.5793256688213893,4.249651078249907
2020-06-09,1.7053695078978137,2.8458321214123052,0.8303099211100154,2.7321852225741843,2.5709702776623073,4.222756717666963
2020-06-10,1.720936662037369,2.8549226403026937,0.8348245390069062,2.716939442378196,2.5695340892669836,4.241962825539962
2020-06-11,1.7021923527540899,2.8508756190644933,0.8507243553926903,2.5603106277626857,2.482351459751224,4.233666302047531
2020-06-12,1.705816655802378,2.867800269739685,0.85311127026171,2.5909721319829693,2.4978917456065455,4.269402174777915
2020-06-15,1.71527881861263,2.8794309419909974,0.8557351333922797,2.6151607088163717,2.5110792603241694,4.294182933061848
2020-06-16,1.7220561923830666,2.9028154986598946,0.8600465800981826,2.6654961951267633,2.5381784724146597,4.344014252311649
2020-06-17,1.7179974570103218,2.8997796265853415,0.8587649050548565,2.654423985269439,2.53332666224943,4.33754316731159
2020-06-18,1.7277007019995454,2.8960183470602523,0.8594821666490179,2.655446774296325,2.5361373674032803,4.329690442939744
2020-06-19,1.733326941313047,2.892710416615116,0.8620696937159192,2.6402706199162824,2.5276763288689876,4.322639688494499
2020-06-22,1.747343223135762,2.9167595870451715,0.8676010782659643,2.657208733720247,2.536583062352166,4.373884809322239
2020-06-23,1.7469070270295706,2.9278795804491704,0.869616626722156,2.6694409949273212,2.5433389959284205,4.397580268212178
2020-06-24,1.719717187904821,2.8836111166195666,0.8603367795142365,2.6013477994938374,2.505790716137079,4.303241743716404
2020-06-29,1.7383103340045347,2.885127656753371,0.8625015534282825,2.604512505968804,2.511484548921433,4.306466566021481
2020-06-30,1.7459823420178822,2.907861964412497,0.8660683322070609,2.637874923473757,2.5289900370976386,4.35492152172347
2020-07-01,1.748335311204667,2.913612114478504,0.8668420988647894,2.656351909903614,2.53803976213016,4.367431798719859
2020-07-02,1.7565943324536986,2.919111492844518,0.8694326170734101,2.6709804359272225,2.5477005117021148,4.379220751280593
2020-07-06,1.7731271674640197,2.9563717013522446,0.876211805596128,2.7122142650650436,2.5699243395175246,4.460466283791162
2020-07-07,1.774292383064105,2.94364780849196,0.8745708702785819,2.684240601527252,2.5570730743807277,4.432778621570586
2020-07-08,1.7848011728965243,2.962417227671119,0.8780573939659964,2.7047716916209974,2.567304537945012,4.473617885213129
2020-07-09,1.782383620788951,2.952693086567935,0.8747781181309715,2.689373018816934,2.5616869033752647,4.452457442664993
2020-07-10,1.7894995020628315,2.9700800800381613,0.8776468603630249,2.7168334406257566,2.575488940684955,4.490112993341521
2020-07-13,1.7837533317698886,2.956580915673435,0.8743696247281503,2.69330815625936,2.5630368482334243,4.460736018423335
2020-07-14,1.7939346833005674,2.969237485133394,0.8750526848205773,2.7282111515122285,2.5830312876168753,4.488274309725849
2020-07-15,1.8063376683635801,2.981344636219464,0.87853169516776,2.753274740130511,2.5971165247036017,4.514617011291461
2020-07-16,1.800440983073807,2.96652397690763,0.8750408196576106,2.7442083221464184,2.5926485820978855,4.482542717678625
2020-07-17,1.8035516442128054,2.971247199456499,0.8763181577745541,2.752163284758421,2.59697499849849,4.492643115232603
2020-07-20,1.8101206470321611,2.987067322677555,0.876878669270786,2.7744054648023977,2.610434250818152,4.527063158908522
2020-07-21,1.8314501623716282,3.0048088515103024,0.8814542743163591,2.7803083130595394,2.61490968353758,4.565666014040971
2020-07-22,1.8474285241040826,3.030549419304151,0.8837039135251462,2.796133266369391,2.624345353376184,4.621850001541682
2020-07-23,1.8499086557128361,3.0223517214750624,0.8840878642172018,2.7627717014254496,2.6061515729525007,4.6038353120177335
2020-07-24,1.8475066919070848,3.009756971424536,0.8825316659106058,2.7449776163658632,2.5954173271617895,4.576604816065678
2020-07-27,1.870578300352971,3.0908779214791715,0.892542787519916,2.7649960331046484,2.6053539584851326,4.7531142313395165
2020-07-28,1.869843193270616,3.0812581302562903,0.8914388819933662,2.747458568909547,2.597675423434367,4.7320053790860435
2020-07-29,1.8803675746589077,3.0985208300749165,0.8946177728095572,2.7812492562293145,2.618441822800691,4.769566539255491
2020-07-30,1.8692937767809517,3.0837139010905097,0.8906188348653892,2.771326014428589,2.614145737052673,4.737522618349692
2020-07-31,1.8751027841609522,3.0904432296468243,0.8891582492478574,2.7932254649459125,2.6269626154014074,4.75203327696165
2020-08-03,1.8854666340643584,3.1000097673933675,0.8925515432183756,2.812643962919552,2.63740585797495,4.773594461114964
2020-08-04,1.9061757750693025,3.116152127520777,0.8952696967641218,2.823508147890052,2.6471332127631095,4.8094645185167435
2020-08-05,1.9194153670334289,3.149091324509668,0.9012050816808885,2.841044759524143,2.653517748724579,4.883243605228505
2020-08-06,1.9367299644451086,3.166866584680298,0.9022735023565652,2.8600361244309838,2.6654332054040704,4.922953540817004
2020-08-07,1.9195540168834953,3.1549024228860536,0.8979605975306078,2.8620890913468564,2.6643650849712373,4.896031907520073
2020-08-10,1.9280831174772213,3.176003748586447,0.9010098048271694,2.870644256911008,2.6680792381151077,4.943170309396531
2020-08-11,1.8884309692992656,3.122335315536102,0.8937978442172251,2.8469473235942804,2.6511106989502635,4.823462431581084
2020-08-12,1.8972782780840862,3.1429904791299226,0.8970207332346889,2.8866408591711896,2.670426459976298,4.869606139322464
2020-08-13,1.9014245219727488,3.166122011277784,0.9009713266713977,2.881421764845331,2.66534023431921,4.921090326488693
2020-08-14,1.8954417310596872,3.162050457984004,0.9009612373717178,2.8815078735075006,2.6659026268510435,4.912185022810685
2020-08-17,1.9183116504813211,3.195796866506527,0.9083705669352136,2.8906615369017774,2.6727806105323153,4.987573313793891
2020-08-18,1.9261419077680453,3.18845798990643,0.9074114497147752,2.89690626212456,2.6781026913067474,4.970984850752503
2020-08-19,1.9076723689103456,3.1639577226256996,0.9025679385531012,2.8848445131198015,2.6699264562105274,4.91624877820276
2020-08-20,1.9128230185616082,3.1762984994102657,0.9011782513218768,2.8938265275637476,2.677992048962521,4.94381763676811
2020-08-21,1.9071567905133915,3.161746436226813,0.8973505564329805,2.9040916463301145,2.6845555600160127,4.911306244427412
2020-08-24,1.9163603396466415,3.1733867852593454,0.8994567380382001,2.9335197789536527,2.6997052927387015,4.937308245084784
2020-08-25,1.9180229808949747,3.166413480306586,0.9005578084604677,2.9437851819070233,2.703014470772929,4.921920033735245
2020-08-26,1.9268140799520281,3.189310024120592,0.9031435122763283,2.9732982864447157,2.7192401416201513,4.973071122060646
2020-08-27,1.9125370539366149,3.1912429795605806,0.9037813743098467,2.9798002009059905,2.719226737962356,4.9773882705373165
2020-08-28,1.9270246455769107,3.2105032271424854,0.90868364179598,2.999047334116304,2.731800093060266,5.02022377092657
2020-08-31,1.9349626772195574,3.223977130088392,0.9106908705505344,2.9881828649588,2.7267327899643305,5.050361573089962
2020-09-01,1.9457354420448527,3.2367515944734717,0.909601650637289,3.0163281774469217,2.7457174461237654,5.079434627380137
2020-09-02,1.940099557031787,3.2181185497451783,0.9012868226920356,3.0599554295312377,2.7711306445595376,5.037024959795449
2020-09-03,1.922921627107428,3.1787658021029794,0.9060825677634196,2.9546496510645284,2.714912681888342,4.947661757141864
2020-09-04,1.9086102393850788,3.1899920897184297,0.9086252433832551,2.930525584681002,2.695596527673584,4.9730072791215445
2020-09-08,1.8845314133027147,3.1426940555862477,0.9022148046838104,2.8504550437829046,2.654093122253479,4.865353216422766
2020-09-09,1.8982049902061233,3.1683293108866537,0.9045445556376731,2.9067433952631174,2.6843717485574743,4.923900763964221
2020-09-10,1.8899672917698038,3.1574227191137085,0.9041381207601988,2.8562723517518847,2.658086369739792,4.899076285786043
2020-09-11,1.8955801398963297,3.161263043309111,0.9055213663618541,2.857726536650628,2.6605889773797453,4.908020420296083
2020-09-14,1.9062088933800998,3.1919653157166326,0.9080400896511958,2.895366536937657,2.6802092050313964,4.977485154135988
2020-09-15,1.910637014994592,3.2014215312094807,0.9094887758214978,2.9099953471482687,2.687679502191791,4.999414939887701
2020-09-16,1.9215398240285726,3.207696111733355,0.9148108563520516,2.89844627149847,2.680727794835723,5.013285468814245
2020-09-17,1.92769744374057,3.2005190746034105,0.9171200873548707,2.872952992130354,2.667129464805752,4.996949351993534
2020-09-18,1.9257536830163702,3.1978065750808806,0.9208591328520656,2.8398787402473133,2.648032929767769,4.991183715273329
2020-09-21,1.8920714416104518,3.154923696024531,0.9114053858818569,2.8082714616781894,2.6327042352511776,4.893580033758799
2020-09-22,1.8877344092691783,3.1533622615134314,0.9073821637691736,2.836872325933496,2.648363299888911,4.890025100802782
2020-09-23,1.8638282573839544,3.1141224076152025,0.9045210651330216,2.7710818977922758,2.6123428301013103,4.800715145892267
2020-09-24,1.873177005162813,3.1345310669125057,0.9064522838264357,2.778468770583566,2.616926270368279,4.84695836578025
2020-09-25,1.8745939838323062,3.1365536243223127,0.9032780289437227,2.823387936787422,2.642418002658186,4.851765544589642
2020-09-28,1.8911173518534243,3.1560173841950574,0.9055492633733881,2.870283055229105,2.667913125781323,4.895856011227926
2020-09-29,1.8880995317169877,3.1623205114346056,0.9059592908968509,2.854651064894873,2.660163136191586,4.910200484223354
2020-09-30,1.8841181523445805,3.1580432345119127,0.9058154812348003,2.8762941787347165,2.6690217352674255,4.90069177561351
2020-10-09,1.9237461068879071,3.232196518825298,0.9194739691311966,2.979016697336354,2.7198031728168477,5.067870090509878
2020-10-12,1.9246345198734043,3.256320104012695,0.9165731641144741,3.0269417094800195,2.747626178843688,5.122057532703133
2020-10-13,1.9192025073858798,3.235354358010616,0.9136829617176678,3.007187302467819,2.73899539227748,5.074985384966
2020-10-14,1.9231618105319104,3.2328110518715163,0.9154104039249021,2.9882919927682825,2.728826072756515,5.0692499357535565
2020-10-15,1.9257062022846627,3.238202638364356,0.9177180857206387,2.9845984142791355,2.7256298680779607,5.081404638342912
2020-10-16,1.9177595247783448,3.227292611337856,0.9152540437775601,2.9827961003006664,2.7240124612330643,5.056606297849093
2020-10-19,1.9124959936199155,3.231473573751694,0.9174476757210264,2.937446674972969,2.6970097356751546,5.066029141148892
2020-10-20,1.9193306819339697,3.2458968590073685,0.9212286045985403,2.949214006241731,2.701280885658215,5.098746127231194
2020-10-21,1.9174193416275418,3.2754810112035497,0.9232067215521199,2.9436302999899224,2.6967688719412783,5.165446388412175
2020-10-22,1.9159648710656323,3.2879840980289905,0.9256752681060073,2.9597772371751456,2.7020755223308464,5.19343611757236
2020-10-23,1.9175230908663898,3.2895127960318793,0.9241039307124677,2.9698255212575684,2.70916145799485,5.196881763112935
2020-10-26,1.9046340578051477,3.271608767505888,0.9206403866216485,2.9149441796334576,2.681411694508851,5.1565114123316045
2020-10-27,1.9125419232424627,3.2847694830422953,0.9224691712951858,2.90489475880302,2.678184045474762,5.186381768180915
2020-10-28,1.8754299983786742,3.2288806029831076,0.9146472668708041,2.8056086294520375,2.6228178156477497,5.060371787705979
2020-10-29,1.8644690895862925,3.2408479998770705,0.9116261392774083,2.834123953419183,2.6342215308507533,5.087153733132866
2020-10-30,1.8562879969809276,3.2402174785858526,0.9136672490971124,2.804578735750055,2.6143444351587446,5.085744539213908
2020-11-02,1.880245208643628,3.2531741206088407,0.9171755685671216,2.836013512807837,2.6337212902666667,5.115288122671535
2020-11-03,1.891024728783858,3.283387843765232,0.9197551810502648,2.8860858419526565,2.659373589214158,5.184187359796271
2020-11-04,1.9058704156066033,3.2853779481022984,0.9134163812155612,2.950587197844375,2.704252729236671,5.188930999587073
2020-11-05,1.9328652340437846,3.362945391127091,0.921743881642954,3.0081327926296573,2.7362636504436555,5.365610458629371
2020-11-06,1.9201910456199671,3.363167161477047,0.9200143958448218,3.0074453442673237,2.732305621255347,5.366321536516379
2020-11-09,1.913409386104677,3.349428723239874,0.9178043396806815,3.0452356794793936,2.745684812921081,5.334782003598043
2020-11-10,1.9274049463772223,3.356634406626565,0.9256100038326227,3.0407696807137596,2.740223455615658,5.351419290371197
2020-11-11,1.931314819023923,3.369148812644546,0.9245970934833093,3.0633582847154393,2.75451339714265,5.379956357460302
2020-11-12,1.932647117294816,3.369199547134099,0.9226142125484342,3.033641133908977,2.7438191730759893,5.38007089391961
2020-11-13,1.9403021971573446,3.3922912263708285,0.9240130385020264,3.075640278648189,2.7659151212224824,5.432522186208163
2020-11-16,1.954339768682501,3.4240076173206297,0.9288724497468926,3.114031953560423,2.786603192706639,5.504846064037117
2020-11-17,1.9646733896878943,3.4529503113673723,0.9347749811478209,3.0972842450490434,2.7799380072055704,5.570846808192985
2020-11-18,1.9638214133253933,3.450366426564272,0.936407576321136,3.06000771993995,2.7587405854495604,5.564953395727389
2020-11-19,1.9690635554893752,3.4567912114939534,0.9369332417700957,3.072891053572864,2.767079316327893,5.579603624095727
2020-11-20,1.980980035804459,3.475605783557421,0.9415169053118134,3.0518487110591774,2.7571405157216393,5.622508126900429
2020-11-23,1.9825736022909457,3.481255816744495,0.9434225265199329,3.0701432494325576,2.7652808692521047,5.63539019611424
2020-11-24,1.9998398028003128,3.521267343406542,0.950921457481455,3.119614807251221,2.791294480767724,5.7266327543624564
2020-11-25,2.002065771770483,3.5105168259153268,0.951765521010765,3.114804658023915,2.788952817005416,5.702322413692107
2020-11-27,1.9992352273799945,3.464392324414163,0.9462397843315896,3.1234791821296866,2.7969418349286714,5.596930121974845
2020-11-30,1.9940793977155222,3.5093108515089697,0.9470609189388002,3.1096517792699556,2.788444842949046,5.699649423174326
2020-12-01,1.9969029419489723,3.5268752734905133,0.9490775686383701,3.1436629957047173,2.8008104135070844,5.741257753194087
2020-12-02,1.9990105595326997,3.538616759782148,0.9522897194088373,3.1502765956585086,2.8025147210338255,5.768732306474536
2020-12-03,2.0153168936271033,3.552141251529905,0.961315406129444,3.149417782532849,2.8050192555442597,5.800645311681776
2020-12-04,2.0098263899144118,3.5492316037364366,0.9579178075182032,3.1765576414013204,2.8152639305179457,5.793547456845469
2020-12-07,2.023218187586941,3.5671930197743,0.964711834234164,3.170030434296702,2.8151823292736813,5.836389937054199
2020-12-08,2.0259742723520855,3.553409137827142,0.9612132936006367,3.179306582289642,2.8212859137108675,5.803862630527116
2020-12-09,2.018246283852086,3.539160991468846,0.9619732607413788,3.150791258322496,2.8043678467023834,5.770239654436766
2020-12-10,2.0334286187733333,3.5408043664156685,0.962690187822262,3.1497607962465057,2.806316268415522,5.77411653879062
2020-12-11,2.0307275243483125,3.529322405526006,0.9613325421273684,3.146068638692378,2.8065547261010004,5.74679011190566
2020-12-14,2.032554562483842,3.5535305797861936,0.9654073456035075,3.131982341472132,2.798327011099421,5.804142830968449
2020-12-15,2.051872885766688,3.585247590747901,0.972850008409753,3.1743250682990083,2.8199958628304373,5.878985304855965
2020-12-16,2.0614321017877697,3.629584126531527,0.9759700748096366,3.179306582289641,2.8217492602381546,5.983375567570277
2020-12-17,2.081545361938612,3.680987111512582,0.9872444099752431,3.197085037064014,2.830507413806901,6.104671663175113
2020-12-18,2.0777753745319396,3.6849789788171115,0.9858959285046843,3.1843190726636945,2.822711331007496,6.114090359944312
2020-12-21,2.0728950439212177,3.6721393990804887,0.984173189638831,3.1729345412891297,2.8173279341803545,6.083789273433212
2020-12-22,2.0647001194296113,3.6835310877927236,0.9809458817075205,3.1675869944375274,2.8163065366043507,6.110669435137694
2020-12-23,2.079004219522971,3.688487903531419,0.9916234920828495,3.1704331272811683,2.81551860117651,6.122596058534664
2020-12-24,2.084681174431506,3.7017886917256435,0.9905799307559288,3.1827676958096314,2.823731699472463,6.15375014626301
2020-12-28,2.091213806253353,3.7735910582437326,0.9910957465295812,3.2101101800118537,2.8385357429703,6.323179803946098
2020-12-29,2.09596110461651,3.7703474963035872,1.0000030354219789,3.2039850975176947,2.8350545320924265,6.315524437159371
2020-12-30,2.114567513238045,3.812487929145309,1.0108866256828137,3.2085562454747563,2.838256169759769,6.415194299563597
2020-12-31,2.120090222243976,3.8182896647460987,1.0115949675701013,3.2248589171380937,2.847742842698621,6.428732981446957
2021-01-04,2.1248683349282738,3.8646114824304583,1.0189820120091653,3.1809565720340425,2.824766645068416,6.542040373609922
2021-01-05,2.152534651131832,3.914122305737896,1.0335106557341247,3.20286369560047,2.8337152075268053,6.663413268885412
2021-01-06,2.1469038419501065,3.962702647510815,1.0345632889732272,3.222012784294452,2.837213648295271,6.781988851172655
2021-01-07,2.152115165305433,4.020719686516707,1.0366944947424719,3.2698838009073845,2.8585890354993446,6.923909113294979
2021-01-08,2.1405452652851453,4.02541452176663,1.0317563060511235,3.288514532506329,2.8652309554389026,6.9356529060910965
2021-01-11,2.1169891940309347,3.939734629523187,1.0181180535951495,3.266347093644367,2.8513014828566634,6.7257982080016
2021-01-12,2.141204028058227,3.9366819363762207,1.03102675661665,3.2670373838767395,2.8514778138409933,6.7185901032611355
2021-01-13,2.1496075195107704,3.9821751121287794,1.0321507266220566,3.2758352451421855,2.860032709722313,6.829874426107219
2021-01-14,2.164646989884601,4.0266539903490965,1.0466551505840116,3.26436375254444,2.8513907486274657,6.938416986950795
2021-01-15,2.1394800082547425,3.9689414185430327,1.0323194838535574,3.240557691418231,2.841815984730335,6.797238874732001
2021-01-19,2.1543126325383533,3.9754789609625587,1.0376902478208394,3.2660012380606718,2.855961391897718,6.813225766168903
2021-01-20,2.1648443156490784,3.985341788629023,1.038941275277746,3.3111994759023164,2.8803841321953136,6.837350946671063
2021-01-21,2.1531975225935,3.9101485530335442,1.0326316032985448,3.3142181102572996,2.8803693257831804,6.653411690623359
2021-01-22,2.1409115574783955,3.9363094942615597,1.0279990197607363,3.302486870738028,2.875863309099372,6.717665983174269
2021-01-25,2.152927130016962,3.917184431081863,1.026714911520629,3.3155114453118584,2.887322174276044,6.670618053075766
2021-01-26,2.153429238411143,3.921081103132548,1.0301524674645617,3.310336968345606,2.8842006274676466,6.680409374856979
2021-01-27,2.1315925130134934,3.8487363505831635,1.0190376546002489,3.229430065095154,2.842662774007508,6.503438239432487
2021-01-28,2.140415448821333,3.906231032800249,1.0223063323383503,3.2572045135432406,2.854435218712395,6.643820274124435
2021-01-29,2.1303256760645346,3.897399476965662,1.0230671581388866,3.1919963845729264,2.8178906677206244,6.622232744041596
2021-02-01,2.155572037812329,3.9295986725746728,1.0247022666783199,3.2451288393752926,2.8474406198142637,6.701719734368727
2021-02-02,2.1583975983947146,3.962832362656077,1.0292600402101515,3.2910156623272857,2.8688937425639427,6.784030653759023
2021-02-03,2.165629478110226,4.004598866956964,1.0366370281322521,3.2936026166234087,2.8675070355956915,6.887137988214809
2021-02-04,2.1650466043076118,4.004019673829883,1.032497678295183,3.331038286454663,2.8869556728921246,6.885439112555903
2021-02-05,2.172790921502956,4.031377315558718,1.0399242218519507,3.3441475487556445,2.8915225065821084,6.952975940304631
2021-02-08,2.2090982804803634,4.155233775718191,1.0580771758311687,3.3683000338395566,2.9047909691315197,7.258737311799287
2021-02-09,2.214647933265445,4.159333422603249,1.061525108940585,3.366056377444095,2.9044585440507915,7.26885729817731
2021-02-10,2.214423515885616,4.13410637054609,1.0578222877591394,3.3645908250651972,2.9065341936266864,7.206847444791313
2021-02-18,2.2068443766654555,4.2328000710320755,1.06589218689211,3.370110305054134,2.8974791980511734,7.450485177042898
2021-02-19,2.2060428636468257,4.2922665104510225,1.0740396619169128,3.3641585766323296,2.8898586762421763,7.597020275346227
2021-02-22,2.2210003479287543,4.272241134944709,1.0816477523161367,3.3382833499310274,2.8743461586052157,7.547850520587721
2021-02-23,2.2137144373495263,4.1987261850231326,1.0764780874309212,3.342336140793051,2.8773489162934283,7.366364726934432
2021-02-24,2.234452356112181,4.256166247264813,1.08850713363976,3.379167344867099,2.8953365946582488,7.5084335454516085
2021-02-25,2.186565932563175,4.183204779053268,1.07559911840485,3.2977432212696245,2.837471899089329,7.328046189288736
2021-02-26,2.1883881150366724,4.147446484105827,1.0635367677638574,3.280751111934927,2.838228850045443,7.23982839954779
2021-03-01,2.1823380122208587,4.202630837368764,1.0602423331865796,3.3602780030946433,2.8782331519707336,7.380078042824487
2021-03-02,2.185851153126534,4.183052876419053,1.0625436929948924,3.334056068248635,2.866682811737401,7.330423552550128
2021-03-03,2.177975900366681,4.188462044311324,1.0656576171903918,3.2898945445970647,2.8376759798450752,7.343848679662196
2021-03-04,2.167234214166664,4.147695481478199,1.06395313460889,3.2491824827983278,2.8109498949464253,7.240455613910032
2021-03-05,2.190571042913155,4.168998018530772,1.068476550633886,3.3089563878808628,2.8404061835936516,7.294482491486796
2021-03-08,2.174177632434613,4.1977878332942975,1.0662725595186053,3.2924826356412025,2.827439960451505,7.367790252167727
2021-03-09,2.2058803484634826,4.27498674493409,1.0779685460250799,3.339491144697425,2.8571400203996364,7.563581464277468
2021-03-10,2.223066983899509,4.296292060928675,1.082502670194802,3.3602780030946424,2.8702844702556187,7.617615224680773
2021-03-11,2.238277963454734,4.334068840253643,1.0899497035729586,3.394347762052199,2.8875767601188116,7.713131154167632
2021-03-12,2.2154044502116528,4.324570063496155,1.0875048092268353,3.3989197625702716,2.881804467253082,7.689332631658658
2021-03-15,2.220841258542041,4.31595726317424,1.0859254995841636,3.419188548059456,2.893699439426472,7.667486848305909
2021-03-16,2.2151527966666564,4.31830062639673,1.085851357584119,3.414876294462909,2.8912646351637528,7.673429430391617
2021-03-17,2.2166274416613367,4.350188762697668,1.0891540297117317,3.426520004384993,2.895443872972209,7.75401090163953
2021-03-18,2.162980313230386,4.31706033273129,1.076001503243322,3.376665930859137,2.8625990845899962,7.670283134540485
2021-03-19,2.1832211282992806,4.321485767176583,1.0802490919346361,3.3704180795793115,2.858669070710095,7.681506765311203
2021-03-22,2.1855713416352645,4.2767058378245615,1.074163744508993,3.3973303046576917,2.8762693810657898,7.567935321422733
2021-03-23,2.1598570703479,4.250023705425312,1.0635158350692124,3.3705905810906533,2.8678849141242457,7.499970592152955
2021-03-24,2.175938403370271,4.2248646753538655,1.0663102375473752,3.3534563782540268,2.86046345240194,7.436454998512073
2021-03-25,2.1586387485935137,4.216027161629956,1.0599855581844257,3.3723221325051624,2.8687837093718556,7.414040947852803
2021-03-26,2.185445095197734,4.275837507417875,1.0701464441899964,3.4266669290659886,2.893263555476777,7.565731739028726
2021-03-29,2.17575934056816,4.291477730087229,1.0707508010994213,3.424935946025488,2.8885381363261993,7.605397513002131
2021-03-30,2.163210161558234,4.290497410995078,1.0646555225520808,3.415849919138129,2.8828405948461944,7.602617775258734
2021-03-31,2.168985832968069,4.302347615408657,1.0690252081409737,3.42969579415311,2.8884098756026937,7.633005685799973
2021-04-01,2.198431984184446,4.316830495494198,1.0710854428278227,3.4667327496179516,2.9122430736851452,7.670028276567634
2021-04-06,2.19660220335829,4.325581200675194,1.0686367880413123,3.514414781873318,2.938691524619428,7.693200718018746
2021-04-07,2.190037184963026,4.299247650961513,1.0656335183254766,3.518481497898531,2.940030009395178,7.625321303325398
2021-04-08,2.2054826945095556,4.326537608709179,1.0686125154230988,3.535182883928281,2.9524621922676517,7.695356422608088
2021-04-09,2.2008079145411448,4.331790970151603,1.0677382981081618,3.560883903996217,2.9623776394152705,7.709206552297377
2021-04-12,2.198969753280966,4.343724090586654,1.067234874558051,3.56218263860385,2.9623173550917237,7.7399650932955755
2021-04-13,2.2189966474784155,4.38268180977767,1.0726087209236073,3.572739617423179,2.9724633114691024,7.840384690028687
2021-04-14,2.234618483718963,4.377240082816585,1.0794034907321084,3.5605383325995255,2.9648649347751075,7.826357219220313
2021-04-15,2.260861219244836,4.393179628476584,1.0829350327276637,3.5987873456358224,2.9916654830724374,7.867134779785219
2021-04-16,2.2574638684552424,4.386444105546934,1.083181831709449,3.610816413135138,2.9945701907354287,7.849772510629096
2021-04-19,2.2454290724734887,4.325284949321213,1.0766843157524923,3.5930757552322783,2.984377448922187,7.692432554845243
2021-04-20,2.2431327895063666,4.323450360325461,1.077893192826933,3.5667691326591195,2.9745647740382415,7.68770325101409
2021-04-21,2.2513055313452663,4.325349671815918,1.077855031311595,3.60051804448932,2.9922330826128576,7.692598517270409
2021-04-22,2.2527988022695973,4.288421100666402,1.0783200023651829,3.5676339137118602,2.9765378810301795,7.597099615279815
2021-04-23,2.2625780115611223,4.297960002255373,1.0801691910291888,3.606315743555034,2.9945479145231393,7.621687184700149
2021-04-26,2.2724365256491517,4.323566164879979,1.085671775355073,3.6138447098482525,2.997124340185917,7.687998622625243
2021-04-27,2.2737403720613614,4.325110898828061,1.0878952281413907,3.6130654690836734,2.9921239385573752,7.691671008354371
2021-04-28,2.281549914146917,4.335616048543349,1.0914382767031159,3.612027618145583,2.9931349027079897,7.719058488278003
2021-04-29,2.2844937593377295,4.3266568921449355,1.0921718950235269,3.635045912897096,3.0027185940737864,7.695964611296383
2021-04-30,2.276635070038592,4.348547560306973,1.0925136784339318,3.6111622687188336,2.9916442401902077,7.7521005807550445
2021-05-06,2.323644520017441,4.349329307076667,1.1058614252539434,3.6264790956657866,3.0048668963262317,7.7541242989390335
2021-05-07,2.3373920083647977,4.372991567223615,1.111768496265988,3.6528726794621256,3.0184068599909737,7.815724579180304
2021-05-10,2.322663551232561,4.349900596784824,1.1096364817200635,3.6167002208630215,2.9980103775875775,7.755916282997322
2021-05-11,2.3205183070759485,4.3479348513182545,1.1108303194394584,3.584421976777788,2.9799702776288055,7.750824510546098
2021-05-12,2.295908798572292,4.265610565694823,1.107694264951106,3.508270090475893,2.9363399923329,7.5379129437172985
2021-05-13,2.2826905505915804,4.274599809392493,1.0985512184049302,3.550413033839057,2.961279552751596,7.561195362668115
2021-05-14,2.306626885383157,4.295445155476252,1.1033244601640446,3.60493146865924,2.9910051272011224,7.6151859195589156
2021-05-17,2.3153808214156264,4.254480853679496,1.1059358548281,3.5957584805487013,2.9852898620124786,7.50877067806533
2021-05-18,2.3081125429478178,4.249432078498885,1.1055128669901415,3.5647792552581037,2.969891137611364,7.495693642104984
2021-05-19,2.2746325476741958,4.189242524189282,1.091742440931054,3.5554323447012037,2.9616737940499784,7.340112407287791
2021-05-20,2.2813084689192062,4.234136546391785,1.091807068860696,3.593681926111508,2.9856238510854003,7.456390901290197
2021-05-21,2.288188755457162,4.2084503499374755,1.0940897393052023,3.590739738060563,2.984580870315509,7.389547379372856
2021-05-24,2.3061319524012327,4.230331062449721,1.0983714019101063,3.6273438767185278,3.00393113827511,7.446533723342142
2021-05-25,2.309708646640451,4.221456321582123,1.0977084514513025,3.6192968375172754,3.004343282209464,7.423547167519795
2021-05-26,2.311376196047608,4.233447484967455,1.099609284493148,3.6264790956657875,3.006547915727443,7.454604769311586
2021-05-27,2.319795174433693,4.233323370719584,1.1025171411090395,3.6283834327786417,3.005393433962047,7.453968658950805
2021-05-28,2.3149191819080053,4.20629442805656,1.0994882959306784,3.6348728430117476,3.0085126129998656,7.383983598784897
2021-06-01,2.335030037666067,4.225571374247398,1.1091112557381961,3.631671760600287,3.006701631644192,7.433448413726186
2021-06-02,2.3389386568535033,4.241111717796431,1.109112171628858,3.63738249844282,3.010906352556509,7.473083914218428
2021-06-03,2.320756344517301,4.240407860355823,1.1029260203199136,3.6238824790115336,3.0011489383694823,7.471288380332797
2021-06-04,2.3437211380861873,4.224864841414119,1.1075038741592362,3.657025788336513,3.0242402526481684,7.431345982272913
2021-06-07,2.3328020516656447,4.1784585749011915,1.1011583561905862,3.6534782819673484,3.021531186456221,7.3135837455464925
2021-06-08,2.3440883096716876,4.179893567152377,1.104870815894153,3.6542572385449237,3.025391842009915,7.317243374100108
2021-06-09,2.348255630952414,4.224363262744683,1.1053369188174964,3.648804826688898,3.0264732301588095,7.4306635427192775
2021-06-10,2.360145300419904,4.21630260474175,1.1080558594137628,3.6657670963881905,3.039212840538934,7.410104230117457
2021-06-11,2.3548317662936165,4.225668636573345,1.1053536403921211,3.671824542375431,3.0404316707471724,7.4336927773681065
2021-06-15,2.350288720368761,4.270447454658093,1.1077573179948157,3.673295494307402,3.037582900190341,7.5481988094196355
2021-06-16,2.321150958368228,4.223702162221198,1.0934700369430508,3.65278600242595,3.019082203353904,7.428674734125045
2021-06-17,2.305543841153742,4.201675355089063,1.0849127929689684,3.6515739448544946,3.0227961064627826,7.372793544874633
2021-06-18,2.3063696826235303,4.153066603529733,1.0814000918338078,3.6023129696056904,3.005174528640614,7.248516525756621
2021-06-21,2.3014247539885324,4.108967250830863,1.0773506419146173,3.6538832484478467,3.0268904000541297,7.1363371850358925
2021-06-22,2.3121026954097728,4.121778672108146,1.0811083385842923,3.6734182630930685,3.0388017140665333,7.169012030460828
2021-06-23,2.318586431442052,4.142320717088772,1.0857321488089415,3.6689909137599592,3.0341821142260446,7.221404095119803
2021-06-24,2.3270979501747164,4.168331880030424,1.088413337877695,3.6906951278056326,3.044750197871525,7.287445917109096
2021-06-25,2.318404820072902,4.131898696157398,1.085365379878519,3.703804390106613,3.048734172542707,7.194521791538024
2021-06-28,2.331605714065697,4.179883203945736,1.0908035030006624,3.7112714036329915,3.056231922396541,7.317202964060808
2021-06-29,2.3346434844316657,4.19463451095504,1.0919343712829352,3.7132686698961073,3.0578556578011638,7.35482551189122
2021-06-30,2.3466778437698355,4.186870101218949,1.0956954415528746,3.7163941585645413,3.061293400020411,7.335028710957452
2021-07-01,2.3493201887572557,4.170973654825505,1.0952041300046518,3.736969866017893,3.070582118284385,7.294268535157829
2021-07-02,2.368603730544829,4.19025668183306,1.1007206964363978,3.7655340701497018,3.0891553243834764,7.343647094560325
2021-07-06,2.356981230598418,4.1783520806410435,1.09552417127414,3.758675785185588,3.0922379684954655,7.313640040974312
2021-07-07,2.3535288151813005,4.173001928430878,1.091477072866271,3.7719592541199334,3.1024104047216263,7.300021157254081
2021-07-08,2.354780875601978,4.165703317607089,1.0936995223159043,3.741224713839659,3.0904033134173545,7.28114499881115
2021-07-09,2.3655779045907925,4.198781346166489,1.0994502832301085,3.781160376743854,3.103881011536884,7.365339385617292
2021-07-12,2.370543407241642,4.199374759679335,1.1010108010505728,3.7947044451607383,3.1099386191379197,7.366846823451212
2021-07-13,2.3650958229605417,4.184116546312206,1.1008390317731422,3.7817691053061187,3.099726026445804,7.328008387182149
2021-07-14,2.3707664020846226,4.187805350076813,1.1009619987559787,3.787412490828737,3.1078200786203056,7.33769462506471
2021-07-15,2.3730918235104443,4.159414949556735,1.099903251206124,3.774476014226102,3.1066249018582845,7.265132165365092
2021-07-16,2.3598655500142107,4.132035068178274,1.096208057071466,3.7448705489121563,3.0917808823540462,7.195439756912235
2021-07-19,2.3388868672600527,4.100554821445977,1.0878355893286091,3.6895671895873168,3.0750577424306464,7.115606533912711
2021-07-20,2.347914749853653,4.10986583576635,1.091045820934884,3.7424401816551596,3.0995978740859433,7.1393055526165226
2021-07-21,2.35755665339122,4.1586455368335375,1.0949821044775023,3.7727396316325277,3.107358894472903,7.263466468290114
2021-07-22,2.371611952580632,4.157440170910828,1.0991604385670315,3.78064003033979,3.1141277890729815,7.260099793218393
2021-07-23,2.3804190478522282,4.178818538420601,1.103338971228252,3.8195355688098642,3.1314416265252665,7.314812285493604
2021-07-26,2.398584711662788,4.23724900730348,1.1136275475395132,3.8289120348151666,3.135227240279147,7.463238425271458
2021-07-27,2.3965112871606356,4.249486519047473,1.1122930673241846,3.8114615318432454,3.131907176075652,7.494684176592192
2021-07-28,2.412223906071965,4.272539985165465,1.1203620182435352,3.8098979349480167,3.132195745870891,7.5533626407766725
2021-07-29,2.423960055325066,4.293216953703896,1.124373945374404,3.825700153297559,3.136186196410324,7.605694318272387
2021-07-30,2.423889468611314,4.314414103654325,1.1247371821947962,3.807120291172305,3.1305012044830693,7.659971130863016
2021-08-02,2.4220499343049475,4.281623549910385,1.1235144634358318,3.7991334996158708,3.132053087629926,7.575383556738444
2021-08-03,2.426874432892345,4.289852946082239,1.1234614367244327,3.8300405414074876,3.1476210920742,7.5966107107726595
2021-08-04,2.4148929319682297,4.303872677140439,1.1216150601581436,3.811200932360707,3.138006739185984,7.6327742448393385
2021-08-05,2.4180124269808663,4.319452273866091,1.1212023693108062,3.8353360820373843,3.1453373862268124,7.672961509287909
2021-08-06,2.3977014872293556,4.332957765736919,1.1165448963423712,3.841674304784436,3.1411191742071516,7.707487568121943
2021-08-09,2.3782808476490445,4.345630011738787,1.1105745594406329,3.8385491003030063,3.136916169468341,7.7401729441003475
2021-08-10,2.387412904088997,4.334987322609611,1.1136900850482412,3.8433240103418345,3.136930256723271,7.713029667537534
2021-08-11,2.402728009302721,4.349202945650837,1.120144409111677,3.8528738304194903,3.1430260903593985,7.749698512109853
2021-08-12,2.395884886349817,4.334374129126016,1.1177754313822865,3.8644206325732573,3.1474448900851453,7.71144616546514
2021-08-13,2.4127632838710995,4.376426880361274,1.1225452950314918,3.8714536925447436,3.158046871382107,7.819610746329535
2021-08-16,2.412007698285134,4.359377274199774,1.1211799162510039,3.8805692748805036,3.1653117087915885,7.776249189797517
2021-08-17,2.3883049598407666,4.317978672498242,1.1124240560972205,3.855131980352148,3.1521236904774796,7.669458938473654
2021-08-18,2.3799733488913986,4.310375600858405,1.1122800153116286,3.812937030767278,3.1306670798609337,7.649845314873318
2021-08-19,2.372325010663792,4.318568052198621,1.1085714862270917,3.818840731585431,3.13634719183298,7.670355149674397
2021-08-20,2.3623053192975663,4.351498450581444,1.1044904875459325,3.849227995346992,3.15016836713301,7.755299265108333
2021-08-23,2.3943618904872435,4.378457054158977,1.1133208655978066,3.883087740108697,3.1671930376937674,7.825459014840635
2021-08-24,2.4040495815737613,4.370390931100497,1.1162772952129312,3.8892514720353804,3.1668276766949965,7.80465128263512
2021-08-25,2.407471768475481,4.389811306124203,1.1183222299104176,3.89741247022518,3.165957308651976,7.854745974762858
2021-08-26,2.3963566926243614,4.353095814688092,1.1150862128599033,3.874405542953821,3.15460649102195,7.759725284411116
2021-08-27,2.4366168584774455,4.404929407794009,1.1293267105260083,3.909046233602129,3.1757420456974197,7.893431054805919
2021-08-30,2.4388422224004747,4.394390393281201,1.1280739482316742,3.9262369896525233,3.1866719167375486,7.866242661732157
2021-08-31,2.4258754770812723,4.39098622196719,1.124241433474412,3.9204196816835433,3.1814346597205305,7.857797880011141
2021-09-01,2.430817958213289,4.418952180094042,1.1263101534333353,3.922503624982837,3.1829925585147034,7.930508955351429
2021-09-02,2.4407116632520016,4.426283562792137,1.1286731425495606,3.934570773540669,3.1903895853536866,7.948931938928258
2021-09-03,2.4417582522474897,4.44975461211207,1.1305879402283165,3.9336159052077053,3.1868812585478232,8.01059381802109
2021-09-07,2.4165963472620127,4.407091760476001,1.1218889622666235,3.9195512061997526,3.1750338363748525,7.899666360018175
2021-09-08,2.421428586014622,4.385724054102465,1.1226892704199547,3.914777148721936,3.1761866374842294,7.844109197282854
2021-09-09,2.4349098375092644,4.392354029670118,1.128078625448003,3.898020062039429,3.1716144877473895,7.861346309027427
2021-09-10,2.4222336400284217,4.359076035374863,1.124262567035932,3.8672863743201655,3.1526291829104878,7.774503697100049
2021-09-13,2.4347615437293504,4.370101294117585,1.1274550289717893,3.8771837551035397,3.158969648397003,7.8031668001899375
2021-09-14,2.441491968382982,4.386548556096943,1.129933648084314,3.8562599185704625,3.1535641752321926,7.846247534657043
2021-09-15,2.455738023412354,4.408064353421664,1.1340885655943835,3.8884702419617736,3.1670739814368347,7.90218812245308
2021-09-16,2.4348813009623966,4.381243992607391,1.126605824332851,3.882305941661082,3.1600508870941955,7.832135427095904
2021-09-17,2.413184100652942,4.3557252861281475,1.1211685334741384,3.84448889287065,3.1379426118644336,7.766104550193022
2021-09-22,2.4138213607470504,4.306475572216455,1.117481328077083,3.8136551713260283,3.129776722817528,7.638051179290031
2021-09-23,2.4094498641915383,4.329275265272547,1.1158445386656821,3.8599918623051304,3.1408174911024034,7.697011337444776
2021-09-24,2.3985049196015766,4.306678499070105,1.1121995399508475,3.8663491255814413,3.1401089457108124,7.638577715940648
2021-09-27,2.4103148525705183,4.309109898612767,1.1172097096209306,3.8552891357652825,3.1313550605510603,7.64489776789646
2021-09-28,2.3831214579317614,4.281668957019093,1.1140245114927811,3.7775972400894795,3.088744127588203,7.573550307407807
2021-09-29,2.3782830403817896,4.268913709465732,1.1122990712746061,3.783955071739798,3.0931444705158593,7.540067057950181
2021-09-30,2.3854951285091612,4.295086283644748,1.11888400457817,3.737706762918896,3.0721239909860105,7.608155595859682
2021-10-08,2.4283529381745854,4.429074197462132,1.1346713628846992,3.8136551713260283,3.1020008549104667,7.953292162095562
2021-10-11,2.434284927754688,4.470089524998396,1.14120276195985,3.786045835527183,3.085396704148097,8.05884728966924
2021-10-12,2.4440350811902616,4.45490112143955,1.1412499405885612,3.7767262069226533,3.086350306710671,8.019757293499984
2021-10-13,2.465435413770542,4.476898333315329,1.1471334333009184,3.7903137559511277,3.095399456811391,8.076368643407578
2021-10-14,2.4841997785033354,4.490998809844808,1.1478862214230234,3.854068552583711,3.129722552228821,8.112965306417836
2021-10-15,2.4872335038644033,4.536581424398445,1.1484719047146597,3.8834213756512264,3.138113954400561,8.229968305984302
2021-10-18,2.4851796193428384,4.544127396482166,1.1461939201650664,3.894918160892315,3.1420762266281046,8.249694451815591
2021-10-19,2.483615618775542,4.58223976271518,1.146519353624849,3.924966389558273,3.1525191540087523,8.34778003153849
2021-10-20,2.498421816888352,4.61786186706781,1.1524096136117101,3.94038296614358,3.159588108176194,8.439456805313275
2021-10-21,2.4882820777944454,4.5764992474558,1.1489374711034193,3.9506597365771046,3.161454223715538,8.333004410486371
2021-10-22,2.500595585022937,4.565383184701505,1.1509950880662498,3.9465663069735286,3.162530279026439,8.304394884936183
2021-10-25,2.5171663704260014,4.610376772891292,1.1581388819388965,3.9677311340858776,3.1744622546569787,8.419879700513453
2021-10-26,2.5182985728581357,4.571299252744496,1.1560995942379455,3.971302512163366,3.1777180963685057,8.31992500256553
2021-10-27,2.5158618768040144,4.538173033683625,1.153764403142128,3.9537087789415,3.175871970736902,8.234669771921176
2021-10-28,2.5121172315898375,4.578688053168015,1.1499848735504135,3.9918574739654353,3.1914834020623584,8.33832195972661
2021-10-29,2.5100689749667273,4.596621465802819,1.1494870401617878,3.9999579403234136,3.195956747510477,8.3845319466269
2021-11-01,2.511058378796498,4.601042649491438,1.149448454538914,4.006838676060831,3.19915496863045,8.396246039782136
2021-11-02,2.5183844958840877,4.611016567289042,1.152189472142569,4.023038187841768,3.210046090264588,8.423357753176887
2021-11-03,2.50408062519767,4.622681031944992,1.1481384628366538,4.047600470585244,3.2178032851641536,8.45426980466717
2021-11-04,2.5228708621440505,4.62677047447222,1.154938189491705,4.066674818097211,3.2338670219889276,8.464766515631782
2021-11-05,2.55137686015553,4.637582539041488,1.1617489778237815,4.08078413446477,3.2476616376488523,8.493419739086725
2021-11-08,2.568227759609242,4.693154731149171,1.1699448572857265,4.084268267132074,3.243751845151722,8.64035374021833
2021-11-09,2.585048563619003,4.67891810881813,1.1749305510986978,4.0707679635137834,3.2431945121738806,8.603302813880259
2021-11-10,2.5621470417602574,4.662218869344581,1.1723467691503902,4.038019389937164,3.2164467324872663,8.559045948621577
2021-11-11,2.5704725114462192,4.667448140165329,1.174047952263393,4.039325229219894,3.2129433176506814,8.572563417221486
2021-11-12,2.5673077184233306,4.664630769814813,1.171254715866696,4.069810253310781,3.230236478825804,8.565095903945998
2021-11-15,2.558757668375604,4.655479467391684,1.1708094768562234,4.071203622190699,3.2258821967739544,8.540840376527367
2021-11-16,2.551850839508638,4.626146067519657,1.167697747814296,4.087316172748454,3.232490395020824,8.463440556269004
2021-11-17,2.5522325910002484,4.629967276097325,1.167406893325224,4.077387531394655,3.232306167801204,8.473566515757112
2021-11-18,2.555910639520712,4.610565014756275,1.1673440456327324,4.091235964092672,3.239726609187351,8.42180582842522
2021-11-19,2.546932703768449,4.613140499229623,1.1634812489616828,4.083919853865344,3.239678789637459,8.428630386609935
2021-11-22,2.5218233277445887,4.580349841130789,1.1530640704586146,4.072422784437251,3.224792805839364,8.341726156047027
2021-11-23,2.513503669932509,4.578456943703632,1.1508564262802103,4.077822905884566,3.222136346382428,8.337048787043125
2021-11-24,2.5225049261588843,4.564453006408911,1.151027022563914,4.088709541628371,3.2312611128934168,8.299594474391894
2021-11-26,2.4872841477926526,4.505521312317206,1.139720412425534,3.9975187632692966,3.2039499160845955,8.143752313370477
2021-11-29,2.486548330801218,4.551072424379361,1.1401252602073657,4.046554662411045,3.2245561600559425,8.264127698249741
2021-11-30,2.466962214826331,4.517259072399607,1.1334032125114946,3.9678180953090583,3.194495774382986,8.174884014937431
2021-12-01,2.4463332199339085,4.490970277194945,1.1255417447951102,3.9237469431247156,3.175614165778582,8.10542981685419
2021-12-02,2.4669082449513193,4.499611407391258,1.1299343210163655,3.983844253017642,3.2018838790481814,8.128148969632461
2021-12-03,2.4646636008467326,4.451189891244487,1.125527267150312,3.949180259035017,3.1926484762373204,8.001164203079538
2021-12-06,2.462685664776707,4.4356992882962425,1.1229114865983334,3.9959514719430183,3.208836759560995,7.960431139504932
2021-12-07,2.4810189360385,4.456089867903203,1.1274877668496566,4.078606693641207,3.243905439301213,8.014043320670606
2021-12-08,2.4764084621855664,4.455816957352535,1.127569251007105,4.089406368161831,3.2450368344833134,8.012992946836691
2021-12-09,2.4553336247300988,4.424430495900288,1.1198141177001368,4.06179731654999,3.2349021195917502,7.930798368183318
2021-12-10,2.461748251794134,4.423026795988721,1.1193746815047088,4.100032404423099,3.2542553607308506,7.926774790528258
2021-12-13,2.4576984704605227,4.402792781927951,1.1158214074506636,4.063712452768992,3.24278413942276,7.873569794904362
2021-12-14,2.439059404451265,4.3823238436780665,1.1096100578218626,4.035754135329408,3.2270700530244474,7.819749533008815
2021-12-15,2.4459273662406673,4.414621591595197,1.1112610503119453,4.098813242176546,3.255654254927418,7.9046696220143
2021-12-16,2.452334271921277,4.411108430752333,1.115332046088367,4.062668065529812,3.2419079866123006,7.89576297607383
2021-12-17,2.4462785435470744,4.387972136222455,1.113199250798971,4.019429865453779,3.2238948522184847,7.834597701937493
2021-12-20,2.42808504133916,4.375595478285428,1.1094852647636064,3.9766892768215008,3.202143308221332,7.80238443328932
2021-12-21,2.45414702600558,4.409161701291652,1.1161640795075962,4.047310884028312,3.231173224842027,7.890971059353095
2021-12-22,2.4762727246700824,4.421844308844063,1.1218072549604294,4.087779397564743,3.2519380562748874,7.92431635120848
2021-12-23,2.4803329805428764,4.4602079922290425,1.125311653660188,4.113213566036056,3.2615715535655943,8.025185148752955
2021-12-27,2.504797839119152,4.479474656640581,1.13212575690291,4.171423874223362,3.290132454995522,8.07550566575675
2021-12-28,2.4974193055027416,4.454143132879957,1.1294078530652183,4.16801561948609,3.288265071480774,8.009231624807715
2021-12-29,2.493733571217895,4.441729182814861,1.129382234192424,4.173347820239482,3.2843199512792216,7.976590294699997
2021-12-30,2.5023988508305157,4.442114076527509,1.1319060243605614,4.161810112069839,3.282946704231483,7.977269683290889
2021-12-31,2.5005344191850085,4.442731683876917,1.1310122345265994,4.151321622318439,3.276403387216407,7.9789081294774995
2022-01-04,2.4875243346007085,4.456271410395707,1.1300471332935194,4.173958538110775,3.274245319403922,8.014233436616117
2022-01-05,2.450945040058366,4.403449323740837,1.1197904194839838,4.09381012997362,3.230821047809055,7.87640149079658
2022-01-06,2.4444677774401993,4.382910553322785,1.1145579301189061,4.089963943063401,3.2258093033111983,7.822807331911843
2022-01-07,2.4348235874561777,4.355503751004665,1.111686227872427,4.073794555104873,3.2139354699183653,7.751291998860267
2022-01-10,2.433815416069667,4.356630468950937,1.1112383400061652,4.068725795704055,3.211193758634648,7.754550258465353
2022-01-11,2.469268221714569,4.382182447013565,1.1212573316754735,4.105783781007182,3.231818844395835,7.821545284250931
2022-01-12,2.4701086517431534,4.41224767990381,1.1204098355537497,4.116884125377889,3.237303319399833,7.899669612830238
2022-01-13,2.457951016984916,4.367092491867685,1.1151244749489595,4.060158978472747,3.2145439537301774,7.781518706421845
2022-01-14,2.451048655696152,4.37520606972637,1.1151898838550491,4.061820335697303,3.2064414196984807,7.8026875607022115
2022-01-18,2.4334665517147402,4.363780729518675,1.1145980906750719,3.989886637093677,3.1626914206535317,7.773513034000248
2022-01-19,2.4363613158412316,4.357236021037651,1.1151565930538703,3.948457571484205,3.1461492720457684,7.755785136443994
2022-01-20,2.426966934603957,4.32856543141672,1.111155207658174,3.904756430778886,3.128190074405796,7.680970885627443
2022-01-21,2.419873952061016,4.251589346648075,1.1080960471315624,3.8281029544151814,3.0992987065577013,7.480434995853744
2022-01-24,2.420193397846197,4.252453792004322,1.1103883040029943,3.844360440344905,3.1058575211133217,7.482357605944866
2022-01-25,2.4152934269089554,4.244346589008997,1.1110263899816393,3.7974238306006587,3.0819213459611596,7.461847032453491
2022-01-26,2.394477010675863,4.238071723549181,1.1061264353411966,3.7878970296703156,3.068293258711099,7.445146434709485
2022-01-27,2.3989641680854272,4.211160165479102,1.1042381154036094,3.7691932620113793,3.0647924958333617,7.37459798617073
2022-01-28,2.413411110342336,4.2300072993973235,1.1050055796351543,3.8628021875862837,3.1120452488123203,7.424483753318056
2022-02-07,2.4203260803697524,4.349050466293002,1.111161437302768,3.9092133355603957,3.1208434591216503,7.728026565021337
2022-02-08,2.4178527556427327,4.357289597340778,1.1099420457942357,3.9413781890310893,3.1324067741952555,7.748731333431651
2022-02-09,2.436815759527638,4.375973896954993,1.1118819972619556,3.9990647405702853,3.161951980024539,7.7966753712994725
2022-02-10,2.400946933438413,4.343515533164162,1.1056264287992963,3.9272180031898403,3.115931944061615,7.7138979057762365
2022-02-11,2.4241810756831255,4.322402090702108,1.115742320483581,3.8497793181344746,3.0911173162075465,7.660049039662666
2022-02-14,2.4163646341051623,4.324555117694184,1.1165791027170922,3.837192391546585,3.0765101035608113,7.665820935422706
2022-02-15,2.4135163288104,4.3771358664272215,1.1176151476559404,3.8990746800107456,3.1027703133910194,7.799299298007781
2022-02-16,2.42859018483777,4.395343178548722,1.123380313908977,3.9034449077560787,3.1074287591845264,7.84572328065497
2022-02-17,2.423955946520121,4.335795575959326,1.1238668456973748,3.8200618831410087,3.0736530998364704,7.694164136593214
2022-02-18,2.4340664051287875,4.331904352969992,1.1268705518925946,3.795325962138176,3.065681028075191,7.683933458130681
2022-02-22,2.434318362350987,4.280265322765317,1.1261432244829177,3.7545968491192063,3.045882129836542,7.552223752175784
2022-02-23,2.4277268308880515,4.268122902412112,1.1312891731494459,3.687995351268975,3.007268353266366,7.521553759953013
2022-02-24,2.4431496691301913,4.296111389927719,1.135978058724374,3.7434959363744924,3.0369744154033094,7.592921811250819
2022-02-25,2.4484829627778235,4.334942665719757,1.1321026362888995,3.8260926155498853,3.0765682755915553,7.691940838785046
2022-02-28,2.5028136196419237,4.391524894998725,1.1504747526405377,3.8163035100149814,3.0857764429923646,7.836267372101978
2022-03-01,2.5433027949236258,4.417795259621987,1.165585846994404,3.758180731424863,3.0696000261221483,7.903669134928235
2022-03-02,2.5439404183805734,4.422675295684916,1.1645697267352964,3.8273166089755026,3.0844093791228118,7.916315243993256
2022-03-03,2.5485870528824788,4.3926978515378945,1.1640952329235117,3.8082627229278128,3.0804541292200964,7.838272456402361
2022-03-04,2.5846171968002776,4.350977608972231,1.1712566667209412,3.7773218628827365,3.077674177274194,7.730103250636302
2022-03-07,2.583968457558262,4.317788460560742,1.181326794857784,3.6659691533479295,3.018362455073717,7.644040410330472
2022-03-08,2.6078472275483406,4.344027711102276,1.1966256743474175,3.6381750959965764,2.9968347248917016,7.712060676291838
2022-03-09,2.5451936589361592,4.385537052174823,1.1731305373838308,3.7357171697048805,3.0365538367654556,7.819670057530589
2022-03-10,2.5256288660848196,4.358321514471508,1.1712747555487673,3.718848397529857,3.022750473328656,7.749105115613425
2022-03-11,2.5381855989599096,4.329970009225674,1.176561060314617,3.6715630903318766,2.999479799875646,7.675913407556071
2022-03-14,2.480674596925978,4.315528662618998,1.1656735126097328,3.6447301534275724,2.971035857837565,7.638134003844958
2022-03-15,2.456100976844523,4.316512109825376,1.150037315170428,3.724878845751731,3.0093687520860417,7.6413107776655815
2022-03-16,2.471058954491417,4.362841165616104,1.1467111369593284,3.8074755249271264,3.0477869791412866,7.760778648700216
2022-03-17,2.5241401556041345,4.3763570491481945,1.1620598912381295,3.855110666326856,3.0685831827431946,7.7958118178686115
2022-03-18,2.5361821428113007,4.3949449202785145,1.1595525065185412,3.8973348871731233,3.092594219069283,7.844313306985639
2022-03-21,2.5345837350991234,4.391515347271902,1.1612280590223456,3.896195581474655,3.076394579664996,7.835399915687251
2022-03-22,2.5268729425675547,4.416293966155404,1.1596973938223372,3.9417862815686284,3.0920115790172775,7.899630353673671
2022-03-23,2.565723399321187,4.42008789296161,1.17128675704724,3.891022241256418,3.0753173313447695,7.908820926874666
2022-03-24,2.561684108281004,4.4520048135857495,1.1695714286661938,3.9496770179177596,3.097162617389412,7.991558795690186
2022-03-25,2.5555798864480503,4.461214236101591,1.168760593723516,3.9689656424306357,3.0943993298229064,8.016062241953321
2022-03-28,2.526299462344808,4.486213449578258,1.1578708020957251,3.99719734776793,3.1107404207645195,8.080845992934748
2022-03-29,2.5387743178930364,4.506629321729037,1.155638885241408,4.046645886439279,3.140570219614172,8.133764815617468
2022-03-30,2.5520950751031517,4.491209806693238,1.159116333076909,4.0216581757510275,3.133075538855347,8.093142327115636
2022-03-31,2.5237865921008646,4.462123539535522,1.1531128388709952,3.9597596886276474,3.10519171317306,8.017745846061729
2022-04-01,2.5258644868083753,4.471973882581649,1.1504338184039389,3.970981949223009,3.102383635911183,8.043452223746227
2022-04-06,2.4558785032029413,4.408068206305185,1.135787765697049,3.914870362059196,3.0561973775448763,7.876895166618265
2022-04-07,2.4548932197840605,4.422147029536612,1.1369769645460805,3.934597202932022,3.062470800428363,7.913637658752086
2022-04-08,2.4581342502869323,4.4070849092590745,1.140388102462955,3.924075747488175,3.0513879547456186,7.874628971694418
2022-04-11,2.429437297944409,4.363434813737214,1.138001113454653,3.8570042043335615,3.0140445437064654,7.760310878533883
2022-04-12,2.4476501650527984,4.377452805575887,1.1437923479151748,3.8427138608445452,3.013106198875507,7.796892548689707
2022-04-13,2.476941199054028,4.412153986709781,1.1495549915242451,3.8867259021320857,3.036475654078826,7.8874713207273155
2022-04-14,2.464847241900405,4.394929030566547,1.1546531612665878,3.8383299921230267,3.0028284096609967,7.84281496503465
2022-04-18,2.4722318920347743,4.40310972373309,1.1580855693356649,3.8399077983684484,3.0000993616595486,7.863789214815211
2022-04-19,2.451241262605405,4.412395723962414,1.1495021885172851,3.9018940992760203,3.021397197732541,7.888342152165353
2022-04-20,2.474070435431467,4.402657084575358,1.1503165161132876,3.899000507202735,3.0292919736385224,7.862252303272551
2022-04-21,2.4571287162843753,4.374758953412637,1.1526284944184415,3.8406967014911593,2.995264231628958,7.789405312761105
2022-04-22,2.411893869720914,4.338422502267311,1.1476985250827914,3.73531135066337,2.946257749034122,7.694854135173984
2022-04-25,2.4043683470102657,4.337039775135675,1.139331627684589,3.7569666845443788,2.9640828555652985,7.690874094397122
2022-04-26,2.3968600877437907,4.2865590355435526,1.1411366527548017,3.648162279873169,2.920873134417073,7.559395251374097
2022-04-27,2.3920118782401154,4.301063902925707,1.1418545823542052,3.658420293964439,2.9189883694606467,7.597246875958664
2022-04-28,2.4227613160294075,4.320551143757906,1.1448747733403655,3.750829666196057,2.960733003208839,7.647455586323333
2022-04-29,2.3783245040424723,4.2884452569380365,1.1445679844399481,3.6122151815681245,2.8891151636104464,7.564354955023554
2022-05-05,2.3563990546529294,4.266714656713942,1.1402526956454697,3.6280844680505773,2.8853079794832905,7.507964914493314
2022-05-06,2.335350741597056,4.245402957056462,1.1373697602749917,3.6064285657955604,2.868387792206963,7.453333590963056
2022-05-09,2.267984963665192,4.124323665160703,1.118189354025027,3.4909608284448845,2.8214162823682987,7.143299487452802
2022-05-10,2.2730106066759803,4.15067899076073,1.124115735532373,3.499026623988392,2.829113847936724,7.210826056927988
2022-05-11,2.302411409896122,4.114429420721497,1.1307608340643989,3.4434407827817175,2.8095288359510016,7.117911651610225
2022-05-12,2.301126711457952,4.121437941547781,1.1352237449117872,3.4398458171829094,2.8116299119512007,7.1355504206791185
2022-05-13,2.339772863497392,4.17754637489567,1.1518701028757816,3.522086125855465,2.8450188926593407,7.2790200316572475
2022-05-16,2.3509372938776867,4.182279185146021,1.1550551188643126,3.507794077244425,2.8429998659223585,7.291403402625302
2022-05-17,2.353020697940222,4.2120366345084745,1.155074265734084,3.579950578459076,2.8688488659335913,7.36764621607267
2022-05-18,2.3320336002270907,4.156804691642437,1.1538091071653094,3.4356372918427716,2.8078095774262692,7.226081556297396
2022-05-19,2.340823254617424,4.189323230542714,1.1571836389425982,3.4145952335160885,2.801875994659486,7.3087874992136985
2022-05-20,2.347172728388013,4.170370927409421,1.1560890459829585,3.416086646912337,2.8079933179421386,7.260199291505658
2022-05-23,2.348496378351683,4.182243937173289,1.1547513510665337,3.480001156641088,2.8315756792052085,7.290574694403037
2022-05-24,2.3608069526619913,4.180153826433166,1.1556095664163977,3.4534359238944177,2.828842910913945,7.285506919812613
2022-05-25,2.377869622893245,4.189595543295574,1.1574399593718123,3.4839465248156523,2.845848476099154,7.309378517426825
2022-05-26,2.4002237545488705,4.20314340490611,1.1599811657317654,3.553561257467794,2.878693244122925,7.343466874763729
2022-05-27,2.424890382202336,4.21098977913201,1.1597859288739312,3.6407978578551825,2.9222453134940265,7.3641704387480535
2022-05-31,2.3936334699601165,4.237369252576084,1.156431253521416,3.620369075082826,2.9001719358951097,7.432024036224229
2022-06-01,2.3862258133387395,4.203782180519749,1.1545357998680181,3.59108474108324,2.8795650650783053,7.3463858866450575
2022-06-02,2.4238734792637646,4.236351837754278,1.1603687274954726,3.6594723542527214,2.9141215050725124,7.428760144628832
2022-06-06,2.41423470223019,4.237951635433989,1.1656243613184898,3.6103742181571286,2.879617845040837,7.433061661668636
2022-06-07,2.439368089743765,4.24917249317152,1.169523102298249,3.645005530634309,2.900872405910775,7.461936654536932
2022-06-08,2.4189892164767772,4.219965104841752,1.1645135425889965,3.6053765055072766,2.8775531804384555,7.387185066366112
2022-06-09,2.3989652386518365,4.188710216610081,1.1617828457038797,3.519630750142128,2.8353283783091463,7.307216255191265
2022-06-10,2.3609425987807477,4.14552786482282,1.1574423024846205,3.4175766393735656,2.7750350735699585,7.197757528859804
2022-06-13,2.2569711204620972,3.995334180615291,1.131882208083376,3.2878171375988536,2.6925433743759464,6.814651830026992
2022-06-14,2.2196797015494014,3.97757205210806,1.1216132841311908,3.277909810270344,2.678900775205447,6.769662249911299
2022-06-15,2.2616499506860817,4.0042483401458835,1.1266312494108521,3.324640668623797,2.7167626916302328,6.837308758342793
2022-06-16,2.235846275743233,3.9454244371573717,1.1239583589738782,3.2146080077219117,2.671184296052043,6.686777499829547
2022-06-17,2.214421572804449,3.937982943902523,1.1181566401722933,3.2215381919980013,2.674851891616187,6.66808977858365
2022-06-21,2.2112757051823437,3.959029007866728,1.114525499934325,3.3026363531020504,2.7079853477255065,6.7210102067530375
2022-06-22,2.216956204385224,3.9537356294496875,1.1119860526985297,3.2966485329307553,2.719272737741929,6.7071927283264
2022-06-23,2.2081152362548337,3.9535511519476074,1.1049225672158551,3.3289642897004983,2.74121320900224,6.706695992475233
2022-06-24,2.224057232002781,3.9704368866494573,1.1023545810430562,3.4348051922954737,2.788037148740232,6.750301137897312
2022-06-27,2.2121651198618353,3.972006894409545,1.1023422231749653,3.4216845625143373,2.7753226708707235,6.754217462861275
2022-06-28,2.2051755411235754,3.9449426274183743,1.1028393667522576,3.351770580947133,2.743180755657824,6.684617894260623
2022-06-29,2.194525345460042,3.9314726966658466,1.0954330274763517,3.3490401122140625,2.750974521839515,6.649960531882415
2022-06-30,2.169604053318933,3.9116451886871286,1.0882554676326206,3.321832616838673,2.7466148542428614,6.599208088932872
2022-07-01,2.1986370671811155,3.9021061692126855,1.093653356866635,3.3569655193776633,2.775821818317223,6.575988917438214
2022-07-05,2.1570780362226114,3.9174341886055863,1.0839007294497083,3.363305163059735,2.783054071254788,6.613460146060851
2022-07-06,2.120310257751387,3.911553105833211,1.072697347292597,3.374663833416949,2.7792239716819753,6.599016766141313
2022-07-07,2.1551860188136347,3.959650891361904,1.0830007834441433,3.425207344614165,2.797522526457277,6.716883486916692
2022-07-08,2.15856327712193,3.9671237382897666,1.0865601526172566,3.422389346283906,2.789456177478697,6.73544069608242
2022-07-11,2.148914146476649,3.897813813333286,1.0766674335609494,3.3832937401631145,2.778665363015101,6.565197200789782
2022-07-12,2.121094670777747,3.872429800011287,1.0694953916307994,3.353354639306639,2.766393792521699,6.503213910537633
2022-07-13,2.1404522336681877,3.8937247658846483,1.0757577068507667,3.3357441390515463,2.7623897160802406,6.555378396675689
2022-07-14,2.118648332104723,3.8902194424384953,1.0733132504238354,3.327643956880572,2.752240675003922,6.546482606892635
2022-07-15,2.150730816220078,3.9150686517192326,1.0775632552119594,3.391218294765704,2.7875445442252493,6.607625134772212
2022-07-18,2.1572596973432567,3.950555190820905,1.083713799581603,3.3632176334625465,2.770426291455922,6.6945042483818495
2022-07-19,2.1816781891371995,3.998766118942687,1.0888409156691976,3.45408870144228,2.8104528365718666,6.812639389204364
2022-07-20,2.188357527977317,4.0117679492329845,1.0902443913897386,3.4761021109481502,2.8202979275616777,6.8444716752826675
2022-07-21,2.2070968770275,4.030329249898621,1.0945109663973316,3.5114995915877327,2.850335475183373,6.88912782456169
2022-07-22,2.20907053839045,4.004250431640295,1.0926008341951106,3.47892010927841,2.8468642762908005,6.824900819360424
2022-07-25,2.2103811518308736,3.9762671642789273,1.0918746626233813,3.483146254212787,2.8449811274533823,6.756468770173962
2022-07-26,2.201618625703233,3.955318159192719,1.0889316599063712,3.441938001905313,2.8249681320300715,6.705081315602539
2022-07-27,2.245247323382903,4.03197208499648,1.1008305319147706,3.531311688561716,2.871564885626504,6.8929337020877455
2022-07-28,2.2843362937246514,4.0915210876664725,1.1134280845238567,3.575603085674049,2.904616643206974,7.038593210175041
2022-07-29,2.3013786718573304,4.104047783554076,1.1154179135274076,3.6277312236047794,2.930866488312218,7.069061578627999
2022-08-01,2.305032715866632,4.095703968167591,1.1120567574327436,3.616988102297923,2.9325153084729685,7.047866329948441
2022-08-02,2.2628433747187775,4.081430382253535,1.107334200199479,3.5931257721449508,2.904644786233122,7.011818846228434
2022-08-03,2.286080714866397,4.0956551550214435,1.1086393050204761,3.6493925254128694,2.936721546642842,7.047664182839293
2022-08-04,2.277807085045652,4.093038614118805,1.1072526747442317,3.6469272031543984,2.9414449355949013,7.0405024677979124
2022-08-05,2.2447321428729214,4.09594989491543,1.1032913685143588,3.640763187040711,2.9214835015343747,7.04717550149116
2022-08-08,2.28003601306941,4.117207792931441,1.1093731998778633,3.6365364737323262,2.9262462162716263,7.0999681815681415
2022-08-09,2.268651468972597,4.0904811926981655,1.105306387587547,3.6220955111312647,2.915784263042978,7.033328231191892
2022-08-10,2.2906791440778638,4.136279665529384,1.1077599153038307,3.6981740771861644,2.9533332223565654,7.147613728698805
2022-08-11,2.2858681754666974,4.140627007614302,1.1123014310264374,3.6981740771861644,2.9456278965027116,7.158451934899965
2022-08-12,2.314013737338284,4.177482833599967,1.116603061084436,3.7607801899491515,2.9805546290037928,7.250071936574358
2022-08-15,2.2977715351154373,4.165100617220956,1.1110577412815104,3.776278044017562,2.991751896274272,7.219249002841861
2022-08-16,2.298863628800499,4.1655555963931254,1.1119067686357704,3.7836745791669824,2.9939971054655103,7.2200582806285665
2022-08-17,2.2786660833223724,4.140347913962199,1.1095795198533434,3.75681890730237,2.97316236178561,7.156932231399971
2022-08-18,2.297607078693963,4.141047993064812,1.1137589415911118,3.7677368036165992,2.980688008835771,7.157494089021703
2022-08-19,2.2604061794881383,4.065695129760713,1.106187396391126,3.7171057628221944,2.9462062406975895,6.968876356000504
2022-08-22,2.244126943457738,4.053331088838678,1.1049986249105066,3.6397068639473695,2.9036631077747646,6.9375207944081945
2022-08-23,2.2551037647652707,4.060436466408498,1.1095473980291353,3.630901329632819,2.896602852960363,6.955831473143787
2022-08-24,2.2579089703565742,4.0601365469169455,1.1105311301829695,3.6425240097166176,2.8984405977624688,6.954176479923451
2022-08-25,2.277776433618023,4.0813309440772745,1.1116821617340116,3.6939470796907754,2.9306259658988143,7.006885375557846
2022-08-26,2.2491257855188698,4.0113146501068595,1.104132093823327,3.568911334294197,2.868675460066158,6.831619997084558
2022-08-29,2.2418367492609,4.007199649401103,1.1046013951768079,3.5453130138678093,2.850759518769292,6.82118719822821
2022-08-30,2.2124212369890794,3.983657525008021,1.1007255670460097,3.506393035315403,2.831558225730766,6.76193839247711
2022-08-31,2.17707846309552,3.977897899804831,1.0970269586689088,3.4797127068321707,2.8139334974164787,6.746950240652934
2022-09-01,2.139608776634202,3.983016187549092,1.0921896686073789,3.490631171520408,2.8102833404463907,6.758998317770058
2022-09-02,2.149499493641721,3.9722694764805233,1.0962372726276675,3.4538249759027,2.7986806036681475,6.732198044905225
2022-09-06,2.1097116139291456,3.939981390397653,1.0891547412204539,3.440792728279765,2.7798466000474145,6.652455669174563
2022-09-07,2.125504515370339,3.9719129427347326,1.08784370313623,3.502606243488991,2.817099041083598,6.73082413844115
2022-09-08,2.117023418306084,3.976895226614105,1.0849479113446354,3.5255006327068226,2.82407454821124,6.742509188013477
2022-09-09,2.1536422094780194,4.036983140628251,1.089051910353324,3.5802697204644085,2.8507603937654444,6.890536964594087
2022-09-13,2.1284830423846377,3.9982686139496035,1.089152153066438,3.4613971386205056,2.7841461831682945,6.794675895737607
2022-09-14,2.1387040906820802,4.0037605569766335,1.0885894748803544,3.4746055821858333,2.79111358873904,6.808160446115515
2022-09-15,2.1055790665006584,3.9788904730086867,1.0831128310276255,3.4351575841802586,2.7681757002999077,6.746004348263015
2022-09-16,2.0884194653711505,3.975446253859792,1.0811516494550548,3.408951279619462,2.756353831426556,6.737468753153459
2022-09-19,2.091395543797155,3.9760986623966503,1.0786022099877697,3.435386923092372,2.7660528442747765,6.738933170097026
2022-09-20,2.0703655618188614,3.951666826559284,1.0777890510099735,3.3959539869980007,2.7401055242245955,6.678949332821821
2022-09-21,2.07210362951767,3.9386260784932494,1.0790652137618284,3.336715490230735,2.7157197723064557,6.646215451601548
2022-09-22,2.039432696131943,3.950430381869776,1.0786850792262221,3.3086881153492147,2.685587798333082,6.674160960713395
2022-09-23,1.9939762881241443,3.9074160208152753,1.0699945054847417,3.2532511881325616,2.660029930207388,6.568112304832997
2022-09-26,1.9401884238462388,3.893363758339702,1.064768418872088,3.2210675783196128,2.6264299216433162,6.533886329844576
2022-09-27,1.9241759400022844,3.8930121937071664,1.067823494847004,3.2128449115499755,2.6151793235880443,6.532147489433533
2022-09-28,1.9952524554873066,3.926673195538138,1.0704391572889438,3.276062594745266,2.6696464261736867,6.614774095148849
2022-09-29,1.9622696683804013,3.9170730304027845,1.0693506163037192,3.2076286590941554,2.631415391509807,6.590518527994447
2022-09-30,1.9370741708111114,3.9163822637790324,1.0713758396439057,3.1580266594407216,2.6045253068396463,6.588793157706449
2022-10-10,1.9725373392334504,3.9200682406869913,1.0779826869834686,3.1831371389146406,2.6045214912642574,6.596383777432945
2022-10-11,1.9665556478507258,3.9043395556901364,1.0788856553601531,3.1629789021699573,2.5971559527259513,6.557888131178236
2022-10-12,1.9700110973893552,3.9073961623102793,1.0807787214629176,3.152545544697306,2.5953642750325465,6.565306340332962
2022-10-13,1.9838824740504406,3.929955620532948,1.0785611837353113,3.2357455528818915,2.6321852072396354,6.619594041154952
2022-10-14,1.9537648697026964,3.8992447057027326,1.0794783607365719,3.16200613005575,2.589932656436104,6.54447212697403
2022-10-17,1.9686825612680119,3.931011761328696,1.0776290292143065,3.2432600256379134,2.6312277335819414,6.6219560514837905
2022-10-18,1.9649644721832236,3.925586493714342,1.070970775749135,3.2813672293592853,2.6526945011968057,6.60863749160458
2022-10-19,1.9425857716423542,3.9127803231415816,1.0687833566700913,3.2581133435815732,2.630421809558557,6.577276620374984
2022-10-20,1.928626065039622,3.9041168468702008,1.0696337735319446,3.2307938785266637,2.6092909721589637,6.554972544706631
2022-10-21,1.939835689467378,3.928702466418366,1.0714117855659957,3.30930650626961,2.65042558868998,6.614742345411502
2022-10-24,1.9425939977033244,3.9420271813134504,1.0715077191910614,3.3498005966363884,2.6691587811184885,6.647402292022663
2022-10-25,1.9774525734522646,3.9804915465181767,1.0712061844453724,3.4032922638116316,2.7082432947078736,6.741361063432025
2022-10-26,1.9955245264645605,4.001889802401755,1.0733848990971069,3.377651491388513,2.700774805411666,6.793070496246162
2022-10-27,2.005020011448913,3.989569480379676,1.074871826458166,3.359614710627632,2.6991351658016347,6.762095709318562
2022-10-28,2.0029016084759004,4.00302514050891,1.070445778473167,3.4395423054627883,2.7333581524399784,6.795193116808194
2022-10-31,1.9907336763000212,3.9942561898062356,1.0701215743358312,3.4146975408374773,2.7163281685656524,6.7736024763268565
2022-11-01,2.0080848238914193,4.006012983325684,1.0737765474769037,3.39975527236161,2.709000105261586,6.802287583508051
2022-11-02,1.9890432144725971,3.968330066255014,1.0714035628728034,3.31443437656723,2.666432148469348,6.708552468254376
2022-11-03,1.9738981726471598,3.967668432646973,1.0696788395953767,3.2803063592738826,2.6454142110792898,6.7060360243563
2022-11-04,2.010301161614857,4.027189189526388,1.081139220782315,3.3275200513468906,2.665642267344554,6.852076267657009
2022-11-07,2.005892192478644,4.0214234814417305,1.0799644153397954,3.359349279966028,2.677028113515695,6.837958691682895
2022-11-08,2.0095246711511594,3.9876144614561024,1.076955472616365,3.377474727072112,2.6928296003853585,6.754318648806765
2022-11-09,1.9746953043970474,3.9045757932321945,1.067967119286926,3.3078915391773993,2.663309325444738,6.548283111834499
2022-11-10,2.0521301028518315,3.9875623327791345,1.0695939489250708,3.489674029691414,2.7744078896901425,6.752413852172994
2022-11-11,2.0644232014350643,3.985770455529395,1.069131779881519,3.5234485183519615,2.7882209594503267,6.748210475052921
2022-11-14,2.0425711861768696,3.9668540393136937,1.0634227839885104,3.493476167616034,2.771263010250016,6.701412833273551
2022-11-15,2.067076901351357,3.975219352397398,1.06492471136822,3.5232720382225655,2.793672775817603,6.721409902675391
2022-11-16,2.066198909255152,3.959584359056223,1.0615825496541724,3.4963947681456595,2.789033287650978,6.682547676753072
2022-11-17,2.0405460937684725,3.9429692686081097,1.0566244549306296,3.4856959800114047,2.776314695905703,6.640721878902673
2022-11-18,2.0301300044626553,3.944822304101589,1.0534795468036415,3.5015220700692717,2.7799471330203804,6.645223613933683
2022-11-21,2.0279315284001367,3.913824252197088,1.050214855192613,3.4887902081094135,2.773178313998844,6.568380682644698
2022-11-22,2.0570739667856826,3.94113262466061,1.0527426766698662,3.535738753707822,2.801929913290856,6.6350501061129545
2022-11-23,2.074331036524507,3.9747411110332185,1.0567071948771807,3.5580192989973196,2.818561377281437,6.717242079489928
2022-11-25,2.0686234144394375,3.972491444869181,1.056683720481071,3.5572232911995125,2.8178355810373588,6.711568740260776
2022-11-28,2.0478613226310785,3.9335924404438094,1.0505948733446409,3.50046063160986,2.791204560045925,6.615254874059027
2022-11-29,2.0498020534096972,3.952638623966292,1.0537770041809456,3.494448371356233,2.7836061604054048,6.661291977918742
2022-11-30,2.100865718819422,4.00249704262058,1.0607063504511665,3.604526217991732,2.846166775658624,6.784072109890506
2022-12-01,2.129942013579481,4.021372783722008,1.0656296579702604,3.601873900684722,2.857344678880844,6.829938819573975
2022-12-02,2.1416431487349645,4.027786041035094,1.0680390984707802,3.5977179499402974,2.8577132351426164,6.845391957222247
2022-12-05,2.0918272826426567,3.9918354476388407,1.0598535975837189,3.532997770055608,2.8153644554508395,6.756388781609109
2022-12-06,2.085126567972564,3.977777826273677,1.0591052704884119,3.4820703222161793,2.798248479742178,6.720878478360358
2022-12-07,2.099749784157405,3.971359708358992,1.0583490800477473,3.476146444120753,2.8054923127941556,6.705007034228293
2022-12-08,2.1024998497809055,3.9898547489438845,1.0581207454419095,3.5033789479524815,2.8118497182073297,6.74883759338813
2022-12-09,2.0785217043319983,3.987548832283769,1.0573840318346959,3.4772075983931594,2.790919508117145,6.743369101128904
2022-12-12,2.088682833818944,4.0032725953197295,1.053931236976195,3.527339606808789,2.8130342955988916,6.78162124239204
2022-12-13,2.1108344493110076,4.023205752031277,1.0551806587789914,3.5540406809433027,2.835968597573728,6.830642379000862
2022-12-14,2.1107196242015487,4.014141471092579,1.0525011370373105,3.531317656488798,2.8283584739624263,6.807427828230847
2022-12-15,2.091208639493672,3.980924577595058,1.053689718002352,3.4449358906090155,2.7896820254155497,6.72501240172373
2022-12-16,2.07035519833378,3.9596755855016066,1.0540837459202748,3.4042644675518297,2.7674860255217726,6.6726189899348
2022-12-19,2.0511960905193667,3.948236159189476,1.0534174904879334,3.375397035886904,2.744442181693366,6.6439492792106
2022-12-20,2.054347966748941,3.976347150588958,1.0584932211879057,3.380016211447617,2.7383168278038035,6.71283367924959
2022-12-21,2.071827873902252,3.979765535754665,1.0575536628055606,3.4305557440267793,2.763666009537254,6.720910005854398
2022-12-22,2.0492243088601434,3.9515152317292372,1.0528828754421824,3.381615331718328,2.740128331437213,6.649617833967884
2022-12-23,2.0534319849861666,3.9699405890386523,1.054777850778312,3.4010673637584237,2.74419195979052,6.69492654470545
2022-12-27,2.0427921180546993,3.967751542176332,1.0540364581797108,3.3876548739243257,2.7283527282476596,6.689273261237208
2022-12-28,2.018183548765518,3.9391659997418285,1.0485829265891267,3.3455531376767214,2.705713600395465,6.617982937672364
2022-12-29,2.041296228010244,3.962686713578375,1.0496100375199258,3.4057749214773376,2.739747973573103,6.675455272981613
2022-12-30,2.0364906305533848,3.977245360990428,1.052068444263538,3.39680313776553,2.730784271460329,6.709877124997058
2023-01-03,2.0361049714019797,3.966729125005103,1.051347910146998,3.382503131918382,2.7324397840276182,6.683588279433892
2023-01-04,2.04244090842405,3.9828593933266796,1.0520593651286405,3.4086170757029244,2.7534748861882608,6.722689384953309
2023-01-05,2.035578817530343,3.970265939994066,1.0528017320914493,3.3697127274357297,2.73311311780183,6.691130872160094
2023-01-06,2.0708433134387487,3.995092992516516,1.0539653445257848,3.446987152402865,2.784642342236467,6.751670810115038
2023-01-09,2.0818515388711307,4.011439548407262,1.0568316294387738,3.445033082564335,2.7865507230051514,6.791528305164578
2023-01-10,2.0758985419982325,4.028054419127761,1.0579185451562918,3.469192956510348,2.7911338267635464,6.831320429757309
2023-01-11,2.1017751268955687,4.057247414171615,1.0591158720502905,3.5130708615320665,2.8194835452874183,6.902435785732252
2023-01-12,2.1374515019632123,4.114728132934879,1.070865158863921,3.525861266014719,2.8356888413641035,7.041518496238164
2023-01-13,2.139949973937349,4.155190620206129,1.073880412301593,3.539539470697425,2.836241991034641,7.140380203501669
2023-01-17,2.1378390513747427,4.186562629090825,1.0746002496283507,3.5330557442043964,2.829579584210345,7.217000906477514
2023-01-18,2.135084231130559,4.134399235799419,1.0698325209383448,3.47727608746109,2.817955535044266,7.088575279155412
2023-01-19,2.1440510477517805,4.145123485182026,1.0762214220180484,3.4519621300924093,2.803578537145856,7.114538953108777
2023-01-20,2.1505602192128705,4.2142300623663465,1.080307970621576,3.5162685336994803,2.827069990866405,7.283486914149754
2023-01-30,2.149996594721259,4.261926828401662,1.0865299179274344,3.558103418350462,2.842003148012977,7.396842876599355
2023-01-31,2.175873637470593,4.293103591973849,1.1007782461266378,3.6104194038907425,2.8729231387773186,7.473266996006851
2023-02-01,2.195695689458301,4.344572781486713,1.1174804331166237,3.648790048964692,2.899507392698001,7.6022641093878525
2023-02-02,2.1944000647369575,4.351890116658121,1.1223481201988943,3.701905736733829,2.9244025175618353,7.6194520407395565
2023-02-03,2.15036692549159,4.321162628882697,1.1013678237347746,3.662558056740616,2.8931960678573443,7.541656869379724
2023-02-06,2.136350439099876,4.299573190138916,1.116295065210273,3.6401746357557223,2.872642381369788,7.486406822844318
2023-02-07,2.1521906497155125,4.3207626396394465,1.1233855088741838,3.687783063577089,2.8925867353063017,7.540329810292946
2023-02-08,2.1570132610289705,4.319299652847697,1.1591924322866272,3.6474583486646104,2.8775129850297327,7.536688635857376
2023-02-09,2.134439876935548,4.285470128913299,1.1676543020055132,3.615837713306305,2.8573086247251465,7.450633618848862
2023-02-10,2.130581621142106,4.267973232214265,1.1769232766739817,3.6242760780118717,2.8558815599341068,7.4064376475827824
2023-02-13,2.142437433891173,4.283653510087588,1.185162545972727,3.6668208617984908,2.8788639990448273,7.443576521028523
2023-02-14,2.1426825583908964,4.306696097775874,1.1864797529989557,3.665133643556584,2.872950606354306,7.501994420597772
2023-02-15,2.1416348736636115,4.370897852685984,1.1976809418514154,3.6770353952781702,2.875266813448885,7.663464437815215
2023-02-16,2.118841181071202,4.309043338997216,1.2080593507357604,3.6264071963538043,2.8473804835004906,7.505702161964879
2023-02-17,2.1197277527118636,4.320650984384858,1.1794328291314593,3.6173473146708006,2.846188814628145,7.534703655892583
2023-02-21,2.0982819641448267,4.305328761964317,1.2293026628612906,3.544780447422579,2.799354419489642,7.494944388089008
2023-02-22,2.0896725289421934,4.293543147129332,1.2088398795313937,3.5398955570132578,2.798995760568288,7.464639495614965
2023-02-23,2.1038027359727107,4.294491542303677,1.2110144861583958,3.5587249353278994,2.8122805019518564,7.46654105390878
2023-02-24,2.0806864376837297,4.257966911568106,1.2363920050933725,3.5207095240087734,2.787397468600392,7.372847743507269
2023-02-27,2.0878199655553016,4.274582049921366,1.2301592579913907,3.5327005104495717,2.7964887807415866,7.414763486455846
2023-02-28,2.092636822140916,4.269512519439471,1.2169612447530436,3.5196438227443045,2.7919910928975114,7.402007728410975
2023-03-01,2.097003882465397,4.284142163593323,1.2217110205800865,3.506142950752007,2.7766368941435444,7.4390485134483715
2023-03-02,2.0938845328082776,4.280061883204223,1.2325143297355439,3.533411546333226,2.785057726139924,7.4281441938250055
2023-03-03,2.125971985618374,4.271121206048225,1.2198612355789191,3.5900787190895818,2.820910134249384,7.405134085624279
2023-03-06,2.1097129754303263,4.26467556540153,1.2107883680562628,3.5925667763083617,2.820108159480824,7.388521181225663
2023-03-07,2.0828701314039084,4.236720394131148,1.1993852941842067,3.5374964503266857,2.7940139085116678,7.317483487891868
2023-03-08,2.0761498028773735,4.22447604036414,1.2002944544465166,3.5432702776840754,2.7964116355353714,7.2876388615460765
2023-03-09,2.062904525715244,4.183698406477795,1.2154562261607376,3.477897888625531,2.772192333296709,7.183349398955019
2023-03-10,2.0893345236877403,4.1666914503792825,1.2295046224476291,3.4277138739881954,2.768874752508357,7.1400735022019655
2023-03-13,2.105416738332746,4.2718136225751016,1.2655808332764507,3.422828131017863,2.7803394773656063,7.401311606378794
2023-03-14,2.0948109218585045,4.287387370713875,1.2764687611607215,3.479408058364034,2.796400279410499,7.4403503224462835
2023-03-15,2.1011173934265805,4.278002713649231,1.350030020072027,3.457646722730586,2.802520678491171,7.415648824824596
2023-03-16,2.0961043705270264,4.313599253923326,1.2710888486426934,3.518310985696209,2.8209932987410578,7.505498744714255
2023-03-17,2.113601958382645,4.372112010412868,1.3660848072913307,3.4771726433916847,2.8149697169242502,7.652127758858441
2023-03-20,2.11525560756636,4.3865274779596755,1.3264260355764643,3.51060809695663,2.8262087111758336,7.687538614010846
2023-03-21,2.122540755876665,4.426120376768678,1.3356674811188682,3.5567040815434625,2.838098443281846,7.786783448447328
2023-03-22,2.1349280362497223,4.388926901472408,1.3606347143118807,3.49607448939231,2.8243164167251438,7.692880706271726
2023-03-23,2.1414304386411493,4.423252737794602,1.3656664251112813,3.505526264953634,2.835476430425296,7.778039632130286
2023-03-24,2.1403110331887345,4.403680214117432,1.364608837581844,3.528529781980947,2.8467756481976942,7.728116544460598
2023-03-27,2.126373023737907,4.376298760042946,1.3460075686933142,3.5351280358365296,2.835541969322604,7.658509153865273
2023-03-28,2.1340086895443378,4.382958581016853,1.3283454406185347,3.527192682127793,2.831063866928296,7.674794414081153
2023-03-29,2.1439580395815745,4.430137770094296,1.3404923189331286,3.578458880875821,2.8534777227598918,7.79396079410103
2023-03-30,2.157270191402977,4.440355912563859,1.3488184511838326,3.599411988670296,2.8652034871084853,7.818263098861231
2023-03-31,2.182985406759524,4.47211458926057,1.3675036199638364,3.6501447684120825,2.895660476310173,7.898243881824424
2023-04-03,2.1946438538014754,4.456813640000068,1.368704497299996,3.664053732941921,2.9077368661328182,7.8584371548851415
2023-04-04,2.199573973118417,4.46603115111719,1.3693290654032004,3.643724983994923,2.90555451106276,7.881138350775922
2023-04-06,2.2043516628973787,4.45067020216537,1.3754025345351708,3.648361494962871,2.9130300670235143,7.840102250931775
2023-04-10,2.194983891452847,4.486592875910698,1.368760553386683,3.6521056587387046,2.903220737233419,7.931502092101253
2023-04-11,2.2072187096308475,4.506781479783602,1.374323068776223,3.653086388089019,2.903219320128335,7.982667875424178
2023-04-12,2.2115450642162644,4.505069308249196,1.375067928643961,3.6381969783958694,2.8995277231857557,7.977722452151701
2023-04-13,2.2174538806235216,4.535101156043498,1.379936030717465,3.6865215574669596,2.9186653680180727,8.05411160429896
2023-04-14,2.201981637289458,4.525547530788177,1.369783109907203,3.6775165238757004,2.908642156073235,8.028788498179322
2023-04-17,2.1857615266254724,4.502142663632704,1.3555122119506682,3.6907124632128587,2.9075466185871326,7.96845880254743
2023-04-18,2.1962686919588523,4.544048654744621,1.3696628327336053,3.6931198113225427,2.9105657729196777,8.076327421920393
2023-04-19,2.183300245229455,4.510470144447946,1.3580972993005873,3.69249573666207,2.9078100136031724,7.9892094313658655
2023-04-20,2.1826176227598495,4.490470300808782,1.3625652171411207,3.67234517296649,2.904892494958801,7.936636308532345
2023-04-21,2.1729776596587644,4.46792000925881,1.3554477894421633,3.675198978859236,2.90344089298979,7.87810901121298
2023-04-24,2.1879635854733475,4.47659076657135,1.3669507206025724,3.6790320931672773,2.910885596832101,7.8995110007396
2023-04-25,2.1879555310220264,4.486377599030087,1.3732354356012015,3.620631379687385,2.894562414887138,7.9239591592013
2023-04-26,2.1717400608944377,4.477547690610833,1.3692159643092652,3.6052966489591896,2.8826967015263905,7.900345087999505
2023-04-27,2.179369543722411,4.510688048511786,1.3796379300630974,3.67707091865365,2.9092494248464096,7.985143299177412
2023-04-28,2.199601117489162,4.520792854163046,1.3937337447826068,3.7084553946117493,2.9328467088326744,8.010562732415687
2023-05-04,2.161230967195321,4.497523572911162,1.3519816847423112,3.6121614702243914,2.8958681021399557,7.948365455055811
2023-05-05,2.1807910870108618,4.513388709058113,1.3715140206951497,3.679032093167277,2.9212319212286486,7.988385585319685
2023-05-08,2.166069238135683,4.479801427429413,1.3544775909353455,3.6800125383305877,2.9145038978480757,7.901198871527126
2023-05-09,2.1613232457344296,4.475959097451981,1.3482605813795077,3.663875263503496,2.9054318831307357,7.890629190557785
2023-05-10,2.164009624690845,4.451532574251249,1.3487035000692047,3.68099383605491,2.9222805211074423,7.827067064038694
2023-05-11,2.1531543981841588,4.4258855932127785,1.3470937994951024,3.674574620011758,2.923597304270294,7.759482317701829
2023-05-12,2.1380446897159557,4.415449408890875,1.3375252074290505,3.669759071231379,2.9142373495867417,7.732228240144793
2023-05-15,2.1412718683825034,4.427760057735302,1.332699328123009,3.682421023188287,2.917651194788675,7.763349858712038
2023-05-16,2.1225527068793566,4.412910250731537,1.3225766617069237,3.6578124179631826,2.902201089196389,7.725174144792887
2023-05-17,2.1415625237995943,4.444127130565241,1.3415763947437171,3.7022146480070197,2.9194976835320263,7.8049788488583935
2023-05-18,2.1340167578248495,4.4504629662951585,1.3451074940044152,3.7378781276822144,2.929227495206734,7.820344346908116
2023-05-19,2.1308447586687023,4.454578638034312,1.3445665935804523,3.7324393568023733,2.92228344114486,7.831863368130093
2023-05-22,2.1286309231027234,4.461652327771214,1.3359807593373072,3.7339552102809543,2.9208804609419934,7.848337116505036
2023-05-23,2.127211812270694,4.448079422016237,1.3307598407520345,3.6920498472530157,2.902882457680631,7.81329826243996
2023-05-24,2.1093322959674885,4.410030764169863,1.3216718528973896,3.6653018822628654,2.8872426233496054,7.714230806443855
2023-05-25,2.1069601172071377,4.439932051904736,1.3482815516750353,3.6970430129108065,2.8951113336619274,7.79037709489549
2023-05-26,2.133284122313073,4.479333583554445,1.3617020975547631,3.744921986759847,2.919952975020339,7.8918605842910665
2023-05-30,2.133392685103256,4.5074266868684285,1.3716387761677205,3.7463480371452085,2.929591486871559,7.96336848125849
2023-05-31,2.1245964222335427,4.490131539562288,1.3614170597011688,3.7255742513501686,2.924083475836339,7.917741257035558
2023-06-01,2.1496310961410074,4.524511612601437,1.3799262566975952,3.7609711636157432,2.944004092006555,8.00471647616974
2023-06-02,2.1550916197629633,4.533412480232366,1.3769326066147118,3.815358872414152,2.960290414580442,8.026421679561299
2023-06-05,2.145055771329426,4.5057230163398,1.3673612392561998,3.8080475933658877,2.9564889796902607,7.955341222838797
2023-06-06,2.1618223451415735,4.547805044059782,1.3802076279768445,3.816340170138474,2.9611117542974474,8.06248478142084
2023-06-07,2.1489769564693257,4.521086320600377,1.3676237575038088,3.803144230801316,2.946408358153829,7.993506443665096
2023-06-08,2.168685739315044,4.543729953552195,1.3814444997579767,3.8261474636416244,2.96501258351894,8.049698823462435
2023-06-09,2.1612128650242917,4.549922914471217,1.378509870394299,3.8330122849068267,2.9640605434226743,8.065757405235033
2023-06-12,2.160885442574639,4.556796749940964,1.3858262296410484,3.8677854066989323,2.9823493965442704,8.082229655386254
2023-06-13,2.1598904660412157,4.564075960544149,1.3840285696494234,3.893285506555141,2.9861082853305683,8.101069012314568
2023-06-14,2.1620868868088,4.5435627037451045,1.3832022573819478,3.89792201752309,2.98984554580625,8.048418104973823
2023-06-15,2.1947430583378282,4.573532155257862,1.4016297489804754,3.9462465965941798,3.021569752927372,8.125100360420562
2023-06-16,2.185334837128415,4.56916993448756,1.3802063467249812,3.9328051196856886,3.0102184413403683,8.111253143678626
2023-06-20,2.1822904614698047,4.594974211482876,1.3885787290514744,3.9124013453696715,3.0040774916429025,8.176562121341414
2023-06-21,2.187130702648906,4.601079884939016,1.3860805367865536,3.892355078304509,2.9957130107700363,8.19153880899415
2023-06-26,2.1593054044881503,4.58006860092229,1.3661126373615071,3.8610322709262475,2.982038379521964,8.136658174015555
2023-06-27,2.1631133059332472,4.616752395081233,1.383072537630917,3.9033619251509464,2.9979074806893444,8.229540820221004
2023-06-28,2.1633534435285173,4.599945470610762,1.3829885928829941,3.905331341087685,3.0034978559743566,8.18581294851889
2023-06-29,2.1509285325483516,4.613234525617843,1.3762224687252127,3.920723761777664,2.998790215566496,8.218901139768763
2023-06-30,2.1733765894370256,4.633562844721348,1.3919401637350919,3.966990258566812,3.023034864270893,8.270211625338368
2023-07-03,2.1754230535679673,4.66240146132944,1.3964503874506913,3.971555154409789,3.0198765667517002,8.344252743663361
2023-07-05,2.161223792159644,4.64430145296137,1.3833395400137158,3.965648327534594,3.011403732641277,8.295627320230993
2023-07-06,2.13587728769286,4.6169767460988655,1.3810251044684771,3.934595213622993,2.987418363336284,8.224217978797325
2023-07-07,2.1462273998118584,4.633356362822855,1.389983416882454,3.924661456903125,2.98137022633421,8.265550322176912
2023-07-10,2.1534126635107675,4.63791746853437,1.3831756153562795,3.934595213622993,2.992061038300373,8.276483109294
2023-07-11,2.1685483979820885,4.657359083613771,1.3934943962457158,3.9596525501271898,3.0060274093961517,8.326202561029906
2023-07-12,2.200356789993327,4.6731751475353835,1.40636662940229,3.991511618381733,3.0322636360713733,8.367114073489896
2023-07-13,2.2325686789524792,4.719730051509586,1.4292295486131328,4.023191933010848,3.056787306169588,8.486542658099127
2023-07-14,2.2114700393619597,4.68802497151494,1.4130713924105782,4.020685403636818,3.049618089582292,8.403538504216238
2023-07-17,2.214695921624659,4.701462933268943,1.4189452200604045,4.034646090201358,3.058009320669043,8.43758004082943
2023-07-18,2.2322736643684062,4.714031866865036,1.4253120778011048,4.0646263981733926,3.0730971169741848,8.470074480869139
2023-07-19,2.2517942400004247,4.733689789988631,1.4388193579882724,4.073664681644103,3.0813702697362073,8.521395546804193
2023-07-20,2.2344519668981864,4.696094712161573,1.4239902316693007,4.046638781764179,3.0593515893204737,8.423050014946341
2023-07-21,2.2359662961593627,4.695739133448489,1.4279255880032253,4.046638781764179,3.060355647057689,8.422028417972076
2023-07-24,2.244069487673657,4.689489564048551,1.425590899961685,4.064716201266612,3.0657348560937803,8.403882374821317
2023-07-25,2.2461823278355566,4.69550952403997,1.424917381512697,4.075812851206268,3.0685502125253956,8.418944695429415
2023-07-26,2.248579928330425,4.701930572982693,1.4283755549254116,4.076439483549776,3.0729773188442175,8.435196144240138
2023-07-27,2.2200421337129437,4.684374728202848,1.412269368414515,4.04941273110884,3.0474449633330094,8.388637435665185
2023-07-28,2.243055189780951,4.711193121082907,1.4310567777414203,4.0890576707080895,3.069461579144454,8.45721738575409
2023-07-31,2.2523338763974885,4.721435217404135,1.438137892524458,4.0968438262398,3.0744986471778497,8.483949532874467
2023-08-01,2.2276870645196984,4.71729245847659,1.4291292218705154,4.085119975582628,3.062034151496296,8.472570395940236
2023-08-02,2.1914473894796385,4.66593684050455,1.401231099807258,4.028293373917108,3.033999645141555,8.337203753127316
2023-08-03,2.1756259600509256,4.666582067295289,1.3932115440723218,4.016747992698358,3.019786823379653,8.337530033107672
2023-08-04,2.196583153579529,4.663532754936068,1.3992684904401926,3.998581338476714,3.0244844057119096,8.328854375549037
2023-08-07,2.1941072356948847,4.660652698553212,1.4016397908962566,4.033483481168571,3.03723803614919,8.322003093278546
2023-08-08,2.19601794814162,4.6673740341209236,1.4018334369526022,4.015942890916428,3.035521316378453,8.338469925275874
2023-08-09,2.1990267967379387,4.657341303766135,1.4030959805528302,3.9890951762879228,3.0242053002015097,8.310650137558618
2023-08-10,2.1795673260678474,4.655499770766284,1.393917714959827,3.990527478787369,3.0154494208706377,8.30512165916902
2023-08-11,2.177212039804215,4.657087328457415,1.401095689254862,3.988200271412774,3.007962605624743,8.308857410624785
2023-08-14,2.1676003295402246,4.650978028070693,1.394413304616162,4.0102153860406675,3.01594371997083,8.291533320433874
2023-08-15,2.146721079021315,4.638814155805111,1.3844170773623274,3.9635004421594306,2.992591297270549,8.259519788006918
2023-08-16,2.1305991050418602,4.626484025435636,1.3796876589942817,3.934416175810561,2.9748595640087787,8.226004781986504
2023-08-17,2.120948659146949,4.589190527651084,1.3666992523070771,3.9044361520255295,2.9598149989252103,8.127618267404262
2023-08-18,2.128428368012322,4.576466574883496,1.3693736765653741,3.9063157648690487,2.964267146896169,8.093381430687334
2023-08-21,2.1270665754538833,4.605049206749092,1.3774534427136003,3.9317311769981083,2.9682415919502074,8.167815313808077
2023-08-22,2.131390148015958,4.603945997273418,1.3791552524539443,3.921081269028517,2.9639616384752228,8.163947255548331
2023-08-23,2.165385139534545,4.626602892374649,1.3913094922812175,3.964752854285435,2.996632400562347,8.222991385778931
2023-08-24,2.147133763662047,4.6032047421810836,1.3783866175859922,3.909805865463434,2.967384118561636,8.159817371824603
2023-08-25,2.1570813912785485,4.609060267276293,1.3931587438959718,3.93736887878065,2.9794086655966443,8.174845480990857
2023-08-28,2.1596027593368494,4.601900170177827,1.3895161553477682,3.9623375489396433,2.993999270033009,8.155685418673853
2023-08-29,2.1867549032168614,4.646572029148094,1.4076631237781196,4.019611460949236,3.0284159750235276,8.272209306827412
2023-08-30,2.18391824817232,4.642262300933988,1.4025475811512258,4.03616791160702,3.0357426001561523,8.259936802735723
2023-08-31,2.1849919029746507,4.616930406511159,1.3963283424787887,4.030261368918827,3.0355228987773466,8.193424129056266
2023-09-01,2.1792392964606986,4.6043696690119384,1.3941591055493376,4.037778683544889,3.0314982485262276,8.159764516223271
2023-09-05,2.160587540176213,4.5908901362761565,1.3927473353079851,4.020328180572968,3.0162927521264447,8.122852788028379
2023-09-06,2.1514439776198127,4.559799836323173,1.3819330657151276,3.9933014281320323,3.000997185069387,8.042297493758305
2023-09-07,2.153873436234785,4.565639731974845,1.3901577874508497,3.9810407482245718,2.9995656178998,8.056222007568023
2023-09-08,2.159468384267886,4.5576743339568395,1.3982506806481023,3.987037378192987,3.0025325254285415,8.035729585744903
2023-09-11,2.163214922518537,4.574600820902595,1.4061661086602588,4.013257892103975,3.012327141354463,8.078664809016377
2023-09-12,2.168898046791316,4.5819999660038,1.409105413397388,3.9912427774760815,3.0040480752972534,8.097315573424941
2023-09-13,2.170329854027231,4.587915275248698,1.4132189912450912,3.9958966238512654,3.007563116803346,8.112026976882262
2023-09-14,2.1775423661238134,4.606142366795394,1.4209635250282744,4.030350887825042,3.020436869767793,8.157454932984715
2023-09-15,2.1690427380757065,4.610975364933441,1.4204121466651987,3.981791854475768,2.9947687752536276,8.169081349333082
2023-09-18,2.1753953926758305,4.6158242303721,1.4308927922182484,3.9841273032734765,2.996979906423766,8.18157554462546
2023-09-19,2.168704291013581,4.6223496480748105,1.429756837744632,3.975864281949292,2.9888798629660673,8.1972747687321
2023-09-20,2.1614909288705872,4.632945837632481,1.4275004801605777,3.939313570448052,2.971463279994162,8.22434807004929
2023-09-21,2.125787357926425,4.602439129154574,1.406523023381079,3.874202633433058,2.9331786173651007,8.144556308434108
2023-09-22,2.1339779144525344,4.600591762359394,1.4038250842796265,3.865491733390792,2.933865065867487,8.143204002280081
2023-09-25,2.1054134442823997,4.590234594850331,1.3838810172397875,3.8817463774504772,2.9324789952681702,8.11209986970677
2023-09-26,2.09179025174595,4.582805597238262,1.3766668478696207,3.8247185713862253,2.906322343319319,8.091379405814564
2023-09-27,2.091160718235849,4.563736773945912,1.3841306107758626,3.8262455081579567,2.9017478390693867,8.04196042433831
2023-09-28,2.1080912502358724,4.585660789680073,1.405680290982715,3.848427724744118,2.9149727522420603,8.097376295614119
2023-10-09,2.0651886713434315,4.606403924576996,1.3795112030623788,3.8822854801967965,2.9289418164989396,8.144592767945205
2023-10-10,2.0694811976560437,4.615870900975241,1.3796473871068446,3.9024920287321354,2.935827074950567,8.1679171380498
2023-10-11,2.0852737780901753,4.61737315577218,1.3832338009005989,3.9184778318861713,2.9494755510419726,8.171380753471084
2023-10-12,2.0567598510029224,4.614172857834053,1.3766864055610655,3.8945887881548353,2.9273838255788895,8.162343941825041
2023-10-13,2.0832655071951103,4.60005544900706,1.3712587151348208,3.8751907516454733,2.9259726425830688,8.125590331512745
2023-10-16,2.0858095227598836,4.659309714093515,1.388563822355608,3.9159633452760327,2.937608695383301,8.2771666969097
2023-10-17,2.08257435703777,4.690041605468411,1.3948661905129658,3.9157834549025896,2.9261646982226366,8.354325263319641
2023-10-18,2.0799534718538304,4.754961662846837,1.4044384324094314,3.8636053000591803,2.8970895565463617,8.520923271148801
2023-10-19,2.0690316138330744,4.735035249085308,1.3982819498021706,3.8296583098872907,2.876044187732619,8.469118974361237
2023-10-20,2.067640214347934,4.756208359797265,1.394501872738304,3.782598931357378,2.8612959606079493,8.52313539853909
2023-10-23,2.0733585030672432,4.808753348434174,1.4003917867769102,3.776043305552374,2.863678642298131,8.656405851121132
2023-10-24,2.0875211624895345,4.852261527105941,1.420758547026,3.804512022850886,2.878659542485175,8.766918865136807
2023-10-25,2.06887764609806,4.837736319567148,1.4146006534440756,3.749909468677561,2.843758732056405,8.728977503841726
2023-10-26,2.072378574132375,4.8214743533235325,1.4061304288825407,3.705005364384909,2.832032702994146,8.68513427178407
2023-10-27,2.078373960030815,4.8024993478579,1.4042084606307812,3.6882113333919,2.826187592697548,8.636349029711816
2023-10-30,2.0786523876684755,4.855977566570119,1.4154181820271914,3.7323066414715704,2.842397319550073,8.772387311275589
2023-10-31,2.0722745554781863,4.861936243531752,1.4142378569199237,3.755746953923814,2.8506216221764205,8.787628268979999
2023-11-01,2.0984337931119197,4.85312450311252,1.4267937946959712,3.7958002702476072,2.8819943819501637,8.763753794505476
2023-11-02,2.1399255232779923,4.882352918031548,1.4525304805959283,3.868545038560244,2.9222695907397305,8.838840884189834
2023-11-03,2.1589937197242,4.903028373874743,1.4476478506309818,3.903839359317426,2.947276644243938,8.891782996786826
2023-11-06,2.1468174874209307,4.900567206494048,1.4459921193949439,3.912819952826353,2.944602518637204,8.885622963248549
2023-11-07,2.139761845415546,4.900555636098483,1.4396785172132311,3.923955820572542,2.9563102589983763,8.885015871722223
2023-11-08,2.1396618221019037,4.895049259485335,1.435748492545433,3.9268298037425606,2.9623412350477727,8.87044809052528
2023-11-09,2.1111278494204258,4.897767238969195,1.4258520241820904,3.896205243832779,2.9367808145591594,8.876381324287872
2023-11-10,2.130950486225246,4.935336411847084,1.4516824287778893,3.957005063999242,2.9657454119637743,8.973686843194052
2023-11-13,2.136023927767294,4.92759551670583,1.4538709193211503,3.953233618271038,2.9633894314368057,8.953662391680291
2023-11-14,2.1871815160764925,4.9695404937636205,1.4699771867721605,4.029928870124309,3.01580203120865,9.063858561130765
2023-11-15,2.1764440493096364,5.016530881578691,1.4627846190612575,4.03846044816714,3.0104976942341795,9.185435934219745
2023-11-16,2.1633620983243946,4.980158416063888,1.4397494718847503,4.043399902481202,3.0215536417752227,9.088252070044577
2023-11-17,2.183457074212459,4.992376890266225,1.4524429625769573,4.048428591514475,3.0246100599230927,9.119762027669589
2023-11-20,2.204505143029434,5.016904018192778,1.4739494942309284,4.07959253835758,3.0404609017992077,9.183699016435622
2023-11-21,2.1956001773913645,4.984416273793587,1.4602979286954698,4.0707008953808606,3.037943238967133,9.097651275829651
2023-11-22,2.1998969590215354,5.019029236166061,1.4703898035596132,4.086417005068234,3.044717152660467,9.186410153298192
2023-11-24,2.192164671762531,5.060683265599699,1.4626178097214018,4.08893206005238,3.0397365262999183,9.295114112435654
2023-11-27,2.2036630546143936,5.0739894040751095,1.4713509716237563,4.081568490595407,3.045317219167768,9.328802740076997
2023-11-28,2.2209758445423886,5.088412109604163,1.4776214127167642,4.085609061416265,3.0523903579596885,9.365944891047025
2023-11-29,2.2428613815666156,5.112457251315071,1.4925823869387125,4.082735646620253,3.057335130967789,9.428824128701683
2023-11-30,2.2261132946755664,5.125865836990965,1.4815426249518264,4.098810968680503,3.0587539860088717,9.463876791158105
2023-12-01,2.2541828167939704,5.153772959267019,1.4801447003085217,4.123058940597712,3.081154899168277,9.536284959489684
2023-12-04,2.2400953512982227,5.178580616216832,1.4869374634432058,4.101415542570864,3.06634204287799,9.602492545171062
2023-12-05,2.2482535608282688,5.198123691404175,1.4886326272960972,4.100607314731891,3.074648025841881,9.65579944817193
2023-12-06,2.235718003253859,5.180694420123564,1.4760549265899154,4.084082408831537,3.0723712672186396,9.60726234098241
2023-12-07,2.238004526569145,5.191420753259463,1.472133825535529,4.115245503113631,3.0844858228782943,9.634412393666523
2023-12-08,2.236515103912621,5.204606061096784,1.4852288909084528,4.132938133412839,3.0843962175284143,9.668830408080117
2023-12-11,2.2273171980637128,5.165996104200303,1.4843135379111478,4.149013171286086,3.091725546695591,9.565249148311516
2023-12-12,2.2138421886115642,5.16470798059327,1.467509100830316,4.167962760703359,3.102836769219231,9.560345617413814
2023-12-13,2.27966655880472,5.223168023997883,1.498245424537924,4.225439582233708,3.1469587578768037,9.718049165042057
2023-12-14,2.338477614429773,5.2461884370503835,1.529945582873302,4.239000701870824,3.1634629079497727,9.778345219614442
2023-12-15,2.332445566091895,5.2329992453784655,1.5309717212277343,4.232021069056063,3.1592839970565865,9.741678064428084
2023-12-18,2.3340026641501566,5.258122092591312,1.5377580356218128,4.25582627762126,3.1671765114475474,9.808560807798397
2023-12-19,2.359318107787557,5.2782977915324745,1.5624045493686778,4.281705482940616,3.1811351227068823,9.862234295370591
2023-12-20,2.365889272612764,5.319899813691357,1.5871685987409356,4.222372920275073,3.1607597154705527,9.973380320942107
2023-12-21,2.375572359859952,5.3584316303229995,1.589879266014385,4.262409185378634,3.1767099911832184,10.075714483663921
2023-12-22,2.372442642758031,5.374780677671323,1.5896561034552785,4.270974581674925,3.1793599343954266,10.117187287896753
2023-12-26,2.3879188013374337,5.375596623152542,1.5978410469027913,4.289009373126778,3.1882253223286288,10.119084566170867
2023-12-27,2.4090931332848893,5.404013613316481,1.618269549550799,4.296764268088065,3.2015768799163213,10.194198491255605
2023-12-28,2.387433740382095,5.382761114625829,1.598759381745122,4.2983872600671,3.1974296151938173,10.135060747288339
2023-12-29,2.368971228708612,5.363457620138638,1.5885518730237873,4.285943847916159,3.188690710279043,10.079899567786635
2024-01-02,2.3502878045505393,5.381226522220923,1.575256453657822,4.261958464790516,3.1732202420832367,10.129351702100642
2024-01-03,2.3435248881807396,5.3242662175747295,1.5682865450015544,4.227151808931955,3.160726290877287,9.972278756648086
2024-01-04,2.322811206569015,5.341763291309083,1.554828166277917,4.213535841203095,3.1469736862322923,10.017099798878846
2024-01-05,2.3198801483929796,5.349719043216196,1.5566211699787156,4.219307679251458,3.1449186995354674,10.03887754761516
2024-01-08,2.3266604277752942,5.386985401967612,1.5555756825871818,4.27954168309324,3.1760411049800656,10.141154314600952
2024-01-09,2.3130558138492248,5.365827808764601,1.53892155291988,4.273048862616088,3.1726133472528817,10.081491941408308
2024-01-10,2.3060420946430717,5.370847989716366,1.539079043993955,4.297215272863189,3.181416724303025,10.095428237622396
2024-01-11,2.320726364057325,5.359114984506152,1.5480486104142004,4.2953220190434855,3.187319825575785,10.062198547872473
2024-01-12,2.324811776164948,5.308110338351164,1.5429406246651716,4.298297172786879,3.1920882909448127,9.921036169533108
2024-01-16,2.283621257872655,5.3011043248775245,1.5142679958887801,4.282517121023637,3.174722831202992,9.900008740191732
2024-01-17,2.261938369355224,5.266220548446573,1.493043072096525,4.258711628271436,3.1599942587442116,9.803748820686078
2024-01-18,2.2700363607873375,5.265434480014591,1.4938186230812815,4.296583525153613,3.174120768479089,9.800588875103916
2024-01-19,2.2858904524898653,5.297689686219151,1.516925738460745,4.350145670705812,3.198162932331981,9.887479654331807
2024-01-22,2.2914680772097005,5.266855967688185,1.511172079104822,4.359343383085687,3.206106439934132,9.803277427423652
2024-01-23,2.283490274269532,5.275842074879882,1.4872547883610603,4.372057625451306,3.208606312590239,9.827337920889724
2024-01-24,2.2863464050124525,5.289088733741453,1.482853387873403,4.376837082482195,3.207166705436735,9.862325617511367
2024-01-25,2.3100254985378283,5.291294187491854,1.5027773830659912,4.400641438486381,3.2232185180320343,9.866448724834296
2024-01-26,2.3139859099668154,5.31187068726081,1.5116113443072607,4.3950509117464795,3.2184731247741287,9.923217927736978
2024-01-29,2.3335137530048637,5.332756887264749,1.5346471005347735,4.429857283418037,3.24155290036988,9.978825064472582
2024-01-30,2.3416903958418804,5.338654027156091,1.5337367583375323,4.426431124899521,3.2417440127886725,9.993744043702547
2024-01-31,2.337068911816555,5.322813075088216,1.5374295313135895,4.354203292746902,3.2200765724508402,9.951800252239337
2024-02-01,2.359758250035779,5.377226081649071,1.5637520979960837,4.4111921651916255,3.2533411124128766,10.096350062200651
2024-02-02,2.315382391007576,5.371869049870025,1.5363418035959282,4.4576305951181086,3.257080611361871,10.080632001014628
2024-02-05,2.2834287175539507,5.344594605605318,1.5141258740445958,4.441399254392739,3.237429593955046,10.006186939395066
2024-02-06,2.304619282639543,5.3650506278061405,1.5281636639219174,4.454293671318802,3.2499783168743797,10.060761349167661
2024-02-07,2.3106703467112597,5.408162926449346,1.544580275736357,4.491444869959195,3.26418752434522,10.178968785800038
2024-02-08,2.3209984226360025,5.451249177760767,1.5593388790008487,4.4934284952461265,3.260918080985568,10.294490222588097
2024-02-20,2.3139136196417276,5.554278078266843,1.5630264316630547,4.47936209111615,3.2445030883813186,10.56594906144493
2024-02-21,2.3100468805547267,5.545466032301211,1.5576823632781325,4.483419428970236,3.2422876326158407,10.541194907375084
2024-02-22,2.3166817141321787,5.5376683806806595,1.5589449529027466,4.576205917355975,3.283592895204084,10.517448474164132
2024-02-23,2.3190384679092784,5.537059447526636,1.5552509810013837,4.579362098220825,3.290748943827133,10.515672580679771
2024-02-26,2.3277525840692275,5.591499416119195,1.569948592766047,4.5625902338141175,3.2814330580384645,10.662847271311103
2024-02-27,2.3346464590959104,5.628953759929965,1.5766621805504082,4.571066395391196,3.2823835628277998,10.76376922866165
2024-02-28,2.3426870351478004,5.681953089116451,1.5876720572956378,4.565024579689168,3.2842532634657196,10.907267783041718
2024-02-29,2.3583804739535985,5.683805521020522,1.5991132954756984,4.581435526600974,3.294022117618063,10.910498560126427
2024-03-01,2.390144289246476,5.72514493410404,1.6260111416667584,4.624447229634933,3.3185926656802183,11.02546611271907
2024-03-04,2.398623569277465,5.800938010621335,1.6362244477591963,4.619487882230601,3.313508262667831,11.236266972710464
2024-03-05,2.394819372505212,5.722409119732646,1.6196869602079242,4.573320566705799,3.3017244284478338,11.01636392902636
2024-03-06,2.419288579580361,5.775556114402311,1.6377643183212969,4.596494595935427,3.314946579591427,11.163694843458394
2024-03-07,2.4320911963660516,5.810395936640888,1.6492324753266798,4.642121671965894,3.336873390813564,11.260152487111585
2024-03-08,2.430782015609407,5.835726934581197,1.6502764146613278,4.6142582729856,3.325834962073233,11.329907652891396
2024-03-11,2.435849589824324,5.877027145015037,1.6589452626097045,4.6102910224117375,3.322440165765483,11.443939448055755
2024-03-12,2.4287659221203284,5.881599406045545,1.6608706628200112,4.659885633203071,3.33836712172274,11.45636325566188
2024-03-13,2.440349462600508,5.889255052543814,1.6684041056738248,4.652580890455897,3.3322713963688066,11.47777373772934
2024-03-14,2.4148284085817204,5.868334026938469,1.6539525777394708,4.643384314824037,3.3184889516173874,11.416819293955765
2024-03-15,2.4164770886977425,5.858063777536305,1.6538832892370179,4.611499953926151,3.302490929656161,11.38766061553881
2024-03-18,2.4223479472333755,5.866802274516084,1.6689724233343326,4.638906380204241,3.312771502154962,11.410688540946909
2024-03-19,2.4181131638421314,5.774918204937012,1.6514248584167959,4.664685267511233,3.327678098844787,11.153533077549959
2024-03-20,2.4452954232208413,5.860079263508485,1.6684087160113996,4.707830254250002,3.3493752265289536,11.391100168512512
2024-03-21,2.446770169937306,5.837514607524036,1.6667256631138678,4.72338835596323,3.356227110432518,11.325753790014348
2024-03-22,2.4402646434627786,5.801996519623664,1.661152258055295,4.714434191845662,3.358814605355213,11.226941487576495
2024-03-25,2.4473539254620973,5.869267333512054,1.6773691491060625,4.701408764710819,3.3496899252472545,11.41453884022172
2024-03-26,2.4377608438748437,5.847565439455165,1.666209228854521,4.6927251466209245,3.3479069565847395,11.350086186403207
2024-03-27,2.4657865106947416,5.883446138923857,1.6912643506365996,4.732161777146345,3.3699673060190465,11.44887291598513
2024-03-28,2.4850879119214047,5.933590239272406,1.705668835112219,4.73125834666108,3.368295892950848,11.587921491584623
2024-04-01,2.460383455793002,5.910405226658333,1.689549169769871,4.723026017533312,3.352588670854813,11.519168206722343
2024-04-02,2.464676609429256,5.889666840658051,1.6969910160937804,4.692996545209609,3.3369062794755724,11.46058239142157
2024-04-03,2.486155721302346,5.909942649307212,1.7063136838054347,4.698151697459599,3.34067874756201,11.517975410335616
2024-04-08,2.4974358906575067,5.9774393569101925,1.7181982402535552,4.69191095085487,3.3307325785676225,11.706375488801323
2024-04-09,2.5010579860975897,5.952062431084174,1.7100183529306108,4.697337785880549,3.338332688912106,11.633827707610768
2024-04-10,2.4622185356752615,5.947521107162691,1.7029018999620285,4.650303984180983,3.3005409364341776,11.620798383835771
2024-04-11,2.462149888259213,5.952409936869566,1.6921571874229164,4.685398237287449,3.3136759827305386,11.633319325900972
2024-04-12,2.4548909680820015,5.907879498922138,1.695704473777565,4.620726085006413,3.291475303875722,11.50441777534123
2024-04-15,2.4412825399142575,5.888421974653438,1.695636309177035,4.562836623946462,3.258325428953841,11.449187144955443
2024-04-16,2.4213202672038854,5.88141909710722,1.6901430366790282,4.554515060099482,3.2496315991950975,11.428372668701797
2024-04-17,2.414024482393039,5.860223207572598,1.6799104678453416,4.527560206970524,3.2463973200923437,11.36648365859718
2024-04-18,2.4111349783054252,5.871215639022416,1.6868743659377132,4.518243420236033,3.2378499619319583,11.396719085918127
2024-04-19,2.4198810409528475,5.868439497598772,1.6861420387944064,4.478806789710611,3.222717273711311,11.387496287982557
2024-04-22,2.421147884135655,5.891671621649148,1.7001074999253694,4.520052554702594,3.2404782380139188,11.452591589717159
2024-04-23,2.438222749595011,5.910810177959854,1.7100092418981347,4.573690578184824,3.265103151520508,11.50675474860225
2024-04-24,2.425042032753852,5.89357939496946,1.701139796509657,4.5715202420363585,3.260178938105444,11.456640550240996
2024-04-25,2.4232758861761283,5.901495458289325,1.7037086255828657,4.554153005856567,3.247764585612257,11.477223316479467
2024-04-26,2.434927026923416,5.890660457245446,1.7108755000498477,4.5972982767823405,3.269762731212475,11.445136308105104
2024-04-29,2.4459918034983184,5.914200014434175,1.7042580873028499,4.613579918607392,3.2819991600526506,11.511504806391887
2024-04-30,2.3967679040034153,5.853104755797345,1.6799569198738176,4.540494694264131,3.244635001449308,11.337244259656254
2024-05-06,2.4604511798394038,5.946339120681388,1.6822260565537401,4.672464034180846,3.3208799949339354,11.594489622161495
2024-05-07,2.45919838902229,5.933091604098338,1.679138676956615,4.67761947061784,3.32650732915026,11.557461134109523
2024-05-08,2.4481149063428504,5.916914335017292,1.6745862071907194,4.678071612140978,3.3229993885475966,11.51062048512838
2024-05-09,2.474568243620073,5.948255314159745,1.686433154959282,4.705027033643945,3.338543258229333,11.59671682223294
2024-05-10,2.4629077761595,5.917321190199452,1.6745281294327616,4.711087037314219,3.3368703998710436,11.50796121738327
2024-05-13,2.4729750428664854,5.945047531299305,1.6861904619801058,4.711719921771812,3.3387078054275063,11.585184732302725
2024-05-14,2.484517008324055,5.959913802475933,1.6909920403193461,4.73333831134232,3.3518212735667943,11.62688309051081
2024-05-15,2.5267364476180396,6.046045936274113,1.7200669853562809,4.791950459953082,3.3869176814345647,11.869529998500912
2024-05-16,2.5178343556991782,6.023090924270235,1.711054549569828,4.7820914444152285,3.3801272991810305,11.801655014644005
2024-05-17,2.536067928094336,6.07452537686667,1.7221083159024644,4.788965359664553,3.3789461063278856,11.94587310415151
2024-05-20,2.5497823601887655,6.141387603858765,1.7363445715192678,4.794482566157458,3.379318485466495,12.133429196802028
2024-05-21,2.553247027615395,6.1413019318641515,1.7373181682331789,4.806241656003108,3.3877771999305577,12.132462445871429
2024-05-22,2.5245428109888697,6.10495624226497,1.7167899126255617,4.792402885663223,3.3801350691814775,12.029645521860987
2024-05-23,2.4919887041549,6.058554668989696,1.6932187815037159,4.757398151462972,3.3604281811549934,11.896954637135417
2024-05-24,2.514643926301382,6.0879987973125935,1.7155367912084236,4.78887612494534,3.3756336481278275,11.978309112144382
2024-05-28,2.5238164147466695,6.107654543955631,1.7176888437560895,4.792222711102777,3.3696645706671564,12.033276581098171
2024-05-29,2.489831279944119,6.076019031000596,1.699780918729681,4.758664772939169,3.3488697435953236,11.943910373525942
2024-05-30,2.48726082007756,6.062083313184026,1.686351442455182,4.727096996363582,3.341883745618783,11.90435491667534
2024-05-31,2.4954944691418213,6.047507814877021,1.692127676913937,4.770152180009131,3.3664409253175096,11.86132058776018
2024-06-03,2.500358849906593,6.064336008717955,1.6881257452369371,4.774041563343937,3.376907102405459,11.90843756407609
2024-06-04,2.4896524861779525,6.060018504975137,1.6816657900338814,4.779378026902388,3.3865898585452974,11.895171650471875
2024-06-05,2.51933445001569,6.10997948803934,1.7071421246765213,4.836181325233592,3.415590746885093,12.0365841546734
2024-06-06,2.5328763658821476,6.124939790745021,1.7114587542853068,4.836090953766365,3.4149700244138033,12.078052830401475
2024-06-07,2.472544258012508,6.085093650858464,1.67586530916715,4.830212261404551,3.398072326443819,11.963741070842286
2024-06-11,2.489199581748863,6.083257717999583,1.6875314787730546,4.856805344477599,3.4135532900431134,11.95752427342489
2024-06-12,2.5166050232393324,6.1287019535663285,1.7093216719918034,4.896693263965147,3.4380116408328103,12.086062781199965
2024-06-13,2.51923317870971,6.0923858053577264,1.7090138509843196,4.906552279503,3.451209775390818,11.981207112792752
2024-06-14,2.526355358970399,6.107749562301325,1.7184526936300704,4.909538516539544,3.45567619060285,12.022389144967253
2024-06-17,2.5256734098328475,6.1266049808644,1.7229991724885343,4.9486130928220495,3.465818365361198,12.075283784459245
2024-06-18,2.5460599866897207,6.106148446195341,1.731389547319435,4.961186662620757,3.4771092064471176,12.014397776403586
2024-06-20,2.5585237644380436,6.150041917233687,1.7548083303939526,4.947708809775772,3.467909376852538,12.139597203254691
2024-06-21,2.5399996776640617,6.143845118621657,1.7481720817794628,4.941075885105718,3.4653913641985064,12.11893688049268
2024-06-24,2.5469401315549653,6.103663399196586,1.7381645757653963,4.9250136356476455,3.459754663221197,12.002779798337182
2024-06-25,2.540757596613265,6.118596661734657,1.7462851086572102,4.943979139537135,3.468949564772341,12.044784689002261
2024-06-26,2.524807030835835,6.1152876625414025,1.7385829642360344,4.9501505445129235,3.463267209877616,12.036839837838484
2024-06-27,2.539490172826991,6.129485972018734,1.7478106971198895,4.957953182890857,3.469627398672343,12.076338055451094
2024-06-28,2.520666006830462,6.128191510381798,1.7375216055710958,4.938443176701975,3.454070754717335,12.069456549785022
2024-07-01,2.5208074880626725,6.177405287279365,1.7449685446454977,4.948607409081973,3.4480512923854034,12.209222120736108
2024-07-02,2.537484388213599,6.196570040547275,1.762898993815676,4.981910147316115,3.4672063376392734,12.264327520110003
2024-07-03,2.5708254820359095,6.222229511893864,1.788271954285802,5.004143233375968,3.4857116379462627,12.335535346956366
2024-07-05,2.5873463575016538,6.207311680558013,1.7985911151888292,5.032999013373735,3.5055161675845032,12.290487696983151
2024-07-08,2.5683794543329648,6.179519061890829,1.7844746209006401,5.038806090610576,3.5083967604194513,12.209695934309758
2024-07-09,2.5598270156043474,6.217396336487889,1.7860292358551313,5.043706611305109,3.5085298934843605,12.317524346803207
2024-07-10,2.5759685633947624,6.237861071282626,1.8006820159840615,5.093614964548702,3.5308057938598005,12.376759762462859
2024-07-11,2.6061357701615506,6.240284291180098,1.8170757146536327,5.049696136598428,3.5212541573436447,12.381482885511435
2024-07-12,2.614491639767798,6.2546964487564605,1.8300203187306723,5.081546110868847,3.5375793322216236,12.420504600026678
2024-07-15,2.6167974920634207,6.352675656673936,1.8506346723718923,5.095520722596576,3.539004780392385,12.699608482456375
2024-07-16,2.656886473245417,6.408030741889121,1.8838095470877216,5.125738326716832,3.55790066589475,12.85745041744099
2024-07-17,2.644748684858771,6.373264764037306,1.877680141247782,5.053870275311098,3.5289250637989813,12.757816384806612
2024-07-18,2.615163095613377,6.352569605436754,1.8554674029785843,5.01503043749378,3.5086296717259424,12.696799981386503
2024-07-19,2.584393456566253,6.359744586827756,1.835816065923428,4.981727699259638,3.4902150658760207,12.715114856021302
2024-07-22,2.593490857445104,6.395814443031743,1.8441896327446652,5.033088816466954,3.510437406794163,12.817066652700008
2024-07-23,2.584190221471803,6.385843509732918,1.836247946615299,5.025194101499769,3.5081597592523788,12.78756613044143
2024-07-24,2.5570423331638557,6.3595959179474475,1.8173192382226018,4.9113107066956045,3.457260440094969,12.712307759405386
2024-07-25,2.5582740148640584,6.329360040521023,1.8104453187660177,4.885721940494191,3.449629567223524,12.625645060733701
2024-07-26,2.5828142283341133,6.394610360285941,1.8452693256897388,4.940439874591084,3.479251255079509,12.809311843226899
2024-07-29,2.5785493934936246,6.392382450972481,1.8426379005007716,4.943344265770516,3.4828378545245844,12.802096431535626
2024-07-30,2.5825420905138867,6.380407502815159,1.8394403644126895,4.918298296746474,3.4752870997276486,12.766859385057414
2024-07-31,2.6524133687567217,6.453708428634809,1.9040486057707746,4.998244647923885,3.519181776218729,12.976145159853282
2024-08-01,2.6246676502177073,6.428505878899188,1.8904540506031915,4.927463327620905,3.495291053011582,12.902362716694082
2024-08-02,2.605657560363567,6.361177464192128,1.865838992868461,4.835723215783373,3.4784333594262593,12.705070249575098
2024-08-05,2.598951108316889,6.277545337395332,1.9927924368554835,4.694888378094295,3.4204073883166135,12.459867058270873
2024-08-06,2.5721087065995913,6.303855440686353,1.9746186643082342,4.738173469025966,3.425907123033049,12.536569595769128
2024-08-07,2.558744219930345,6.273471829573748,1.9556655374945857,4.706503100941985,3.407384184013201,12.446328818815243
2024-08-08,2.6078441453791696,6.440440350681565,2.0218418909217486,4.81530494793016,3.449085559170482,12.932389769124889
2024-08-09,2.630369655226446,6.447440395207836,2.043402666334609,4.836539400858455,3.4637880019661775,12.950694172435254
2024-08-12,2.6533927461932607,6.444137229807544,2.055895854122504,4.839079464298941,3.4688288909202787,12.940583472002116
2024-08-13,2.6716197401120927,6.494036294335071,2.0811294631083337,4.918660919363399,3.508767336422419,13.085711862712937
2024-08-14,2.662352050682937,6.470859998558524,2.070779671690859,4.934179234896087,3.5172341053997744,13.016525584941302
2024-08-15,2.6860439055309544,6.517306446341971,2.0932927768352627,5.018751013748296,3.5439960536801354,13.150726300711929
2024-08-16,2.6919589040125285,6.532006615104303,2.095258777161573,5.030004250727078,3.551542483813849,13.19173199122115
2024-08-19,2.7074973702021046,6.583911807647431,2.1160384718210934,5.0780983541380404,3.5737704109938853,13.342023505756094
2024-08-20,2.7085850327725485,6.566680100132221,2.1204966911202083,5.069840448179924,3.5760136813064074,13.292414799665753
2024-08-21,2.7200880747011635,6.607561259866829,2.1369960549215934,5.08726338501247,3.5863134498699134,13.409469418451751
2024-08-22,2.69771641661822,6.59531655827257,2.1266656719243504,5.047334542596366,3.5628316284326185,13.373550242145113
2024-08-23,2.7573976589306874,6.66524990697952,2.1716823876762454,5.1009657455905035,3.5921020137799364,13.574582624101955
2024-08-26,2.7606989772110984,6.6481993467561376,2.1651894415610418,5.088805383695405,3.585201004392631,13.524767138787878
2024-08-27,2.7445943348115365,6.584431072182556,2.139216264416381,5.095793542120282,3.5875653609043803,13.33655653898662
2024-08-28,2.7237469459572528,6.573955256657428,2.1299297297869844,5.066210811766644,3.5743332711417852,13.304473967486429
2024-08-29,2.734246869121424,6.585458427721055,2.132921850632699,5.066664374224802,3.5720268850426224,13.338373640069193
2024-08-30,2.7124492356233083,6.6037385871826,2.109773790776728,5.1150307287854595,3.5874535617162104,13.388534428077811
2024-09-03,2.700652780323633,6.626587005381863,2.155885896808419,5.009767294182325,3.5526171389040795,13.453398255512328
2024-09-04,2.7111127251275513,6.6554279468805,2.1748218061711606,4.9995143954571235,3.556753836501186,13.53819839521394
2024-09-05,2.715381866900252,6.629333816621558,2.1734004665381246,4.987354601936033,3.5550468738623326,13.460724786075687
2024-09-06,2.6759925634696655,6.5560228009793295,2.135248939053851,4.903416560102428,3.521800227859971,13.243245889106108
2024-09-09,2.694685284007126,6.591645222105463,2.153716543993957,4.95831580550778,3.5469786267573977,13.346814647382743
2024-09-10,2.6930838003449944,6.604875594616021,2.163718998349443,4.9799134494270065,3.562294811610721,13.384262543336305
2024-09-11,2.7047177149042394,6.607934737487176,2.1691893332800114,5.031002315484627,3.582755456306285,13.393125347686837
2024-09-12,2.736552463177289,6.6457058961578905,2.1849018522771155,5.073379713125974,3.598216237500091,13.503778170536382
2024-09-13,2.768537469648398,6.707104091885987,2.213879597812965,5.099876740991717,3.6121833738777354,13.682196290379794
2024-09-18,2.7690402216883183,6.7228588836637115,2.213619034609681,5.094340778156557,3.604664254294843,13.72512773843884
2024-09-19,2.8246257308218516,6.814481850067632,2.2658984275027794,5.181272445888807,3.640060333848964,13.993957251014466
2024-09-20,2.8148441556274073,6.8356316792265694,2.253058256304806,5.172316576649215,3.635846809462568,14.053828766644603
2024-09-23,2.8135093067692343,6.832857293024641,2.251669856011997,5.185241969958699,3.6403960632297903,14.044779340518913
2024-09-24,2.8522696261014793,6.887918282053309,2.2805780648160834,5.200078805056135,3.6482706514269285,14.205917390475538
2024-09-25,2.813632994098205,6.847709699430338,2.239854931656688,5.188609017580413,3.6375133689878205,14.086423236783983
2024-09-26,2.8232438991377693,6.895336251917042,2.261485108418543,5.2091807464157105,3.6451326141849854,14.226120516374287
2024-09-27,2.8331024185738047,6.887716356902485,2.272804897431952,5.20162591910514,3.6477357889240225,14.202618173080936
2024-09-30,2.818595787306648,6.85676603418185,2.254969807518883,5.222469330716127,3.6524973060708565,14.109312427234709
2024-10-08,2.7997395088304318,6.866919281877078,2.2305844739427885,5.217099901465227,3.6258430511678688,14.131788174037968
2024-10-09,2.7783573048810886,6.83443673194452,2.2064172480565203,5.253234279005814,3.6356300820522027,14.034049336149838
2024-10-10,2.8007593839066476,6.832310384054783,2.2166241675368825,5.244041397805004,3.631623308735884,14.027542837918046
2024-10-11,2.815607659497939,6.872843171889554,2.2319376951163123,5.275444630105358,3.6452487823022173,14.146172421053794
2024-10-14,2.8070173947676618,6.932620328040963,2.2392713749520055,5.3185893326571225,3.660815089145839,14.324928823998025
2024-10-15,2.791211360359885,6.930400370754361,2.2310766812590566,5.277265132052074,3.650791514970992,14.316225840765673
2024-10-16,2.8082990220931356,6.979511311951391,2.253554889500674,5.300202433507487,3.6626565202855366,14.462428135943066
2024-10-17,2.7908546171729736,6.984612871005259,2.2362821264670107,5.3006582694616755,3.6553813769724433,14.477528338264253
2024-10-18,2.805294574431724,7.031712710118175,2.251188015733788,5.3210469818664885,3.665579725141048,14.614841973545484
2024-10-21,2.7650858332704233,7.011878156908071,2.2049951964806502,5.312309936619868,3.6508623322659415,14.554620885509545
2024-10-22,2.789973174908876,7.035807381707922,2.2184520556773664,5.30948682292354,3.6483338587775505,14.625057549324175
2024-10-23,2.754618727210334,6.978856230258514,2.1845863302212907,5.26097155437286,3.6246897713385895,14.453691563437797
2024-10-24,2.7710958324037502,7.03701622947738,2.208072030298537,5.27234983363334,3.632600810661654,14.627421578861057
2024-10-25,2.763983483678472,7.0200572691343455,2.1996017283488105,5.27053046843464,3.628700966692588,14.575129224279989
2024-10-28,2.745381579675333,7.081315089903973,2.203139385625412,5.286822909365838,3.6322525510248753,14.755443750601437
2024-10-29,2.7543264881618077,7.126438577013315,2.210798234174,5.295378643303996,3.6364403482407623,14.89115209670788
2024-10-30,2.7634660165274183,7.094533127327002,2.2121752675859128,5.279358453522494,3.6276273840390973,14.793706700149011
2024-10-31,2.7398536766084605,6.995956093802101,2.1816444665663757,5.17586720907542,3.5834306219388936,14.498407532491527
2024-11-01,2.706972182793554,6.982408561674598,2.1532608464054666,5.1977120956880025,3.5840167612939813,14.455501742295482
2024-11-04,2.7350100843504923,6.9642969937195245,2.1679406536382166,5.186516832858007,3.5869721861281336,14.399057929917543
2024-11-05,2.762649388476307,6.998108234554302,2.196037885773519,5.249230084121449,3.61378386556493,14.500960990572098
2024-11-06,2.757281755438057,7.108947635749471,2.2114259596281323,5.379756038245565,3.6532488724972416,14.833322667361879
2024-11-07,2.7956180719673123,7.143508000528041,2.2423227145318365,5.421353058374317,3.681937403023557,14.935767479131181
2024-11-08,2.7898478174293944,7.149709882690546,2.243250325888413,5.4448371356251535,3.6947351804440345,14.952812069503203
2024-11-11,2.7787023784036284,7.297938710214629,2.2592276256042836,5.450025253567593,3.692934932033897,15.398202807216721
2024-11-12,2.7354552626698485,7.253194219196803,2.221987742226555,5.433094528625729,3.6769270774460843,15.264304767175375
2024-11-13,2.714496552704823,7.259762593564235,2.2105326616061176,5.435734057517566,3.677110746098189,15.283440095312695
2024-11-14,2.7101012227835994,7.206963542778462,2.210298231024718,5.400781897913029,3.6624393614660313,15.122850856170514
2024-11-15,2.7011140966456493,7.2456537773274174,2.212120454591782,5.331605097433833,3.6343119721371795,15.237725017161118
2024-11-18,2.7356609896348885,7.264949561608133,2.2292240060871347,5.353451120794431,3.6465812873673817,15.29538291601539
2024-11-19,2.750170485692263,7.297861177062187,2.2441401808249766,5.373020237880117,3.657752787964349,15.393834514372765
2024-11-20,2.745862576331861,7.31311615701102,2.2420274727765483,5.3748407398268325,3.656379341315097,15.438884711811983
2024-11-21,2.761455234182404,7.365592670428936,2.2550030431718917,5.40369424632857,3.667604673495735,15.596497098726747
2024-11-22,2.7813097211996625,7.411617177619801,2.2754703592204106,5.4204419548399505,3.6754741000354514,15.732965116789183
2024-11-25,2.785916522827351,7.318252184983577,2.2691396067109415,5.438829422363592,3.698476014166386,15.44993397463514
2024-11-26,2.772606689165307,7.2996711430195305,2.2562609353883816,5.467227661285148,3.7072305572703512,15.392374006621889
2024-11-27,2.780052752569751,7.329215122477392,2.2630828227450968,5.450662400830245,3.7061296953429026,15.480197401098057
2024-11-29,2.8074333678921413,7.388110732374615,2.2893646481193928,5.484521577217943,3.7262371419517257,15.653907423790502
2024-12-02,2.799394068833431,7.364919618412873,2.285403349226874,5.494351605681401,3.7301184860381413,15.58256246972269
2024-12-03,2.8075203435058955,7.36767582467327,2.291462840643351,5.4969007631060105,3.726916997513358,15.596664990080214
2024-12-04,2.826431613466367,7.420773937461156,2.318420141189639,5.531033327391419,3.746485183789721,15.753656306129743
2024-12-05,2.817314630212728,7.396588639905753,2.3061405437278992,5.5219319544058525,3.7426182150649963,15.678519974420208
2024-12-06,2.816576564997522,7.440746581793555,2.3242302983619316,5.532399130131963,3.751597025568484,15.811133231386044
2024-12-09,2.816221129477369,7.436438877288345,2.3165014447672827,5.503909951369172,3.7348002240341978,15.797406826921428
2024-12-10,2.810740376384668,7.423056464586797,2.3085719846191592,5.486797346744839,3.7251544657874325,15.754472990825281
2024-12-11,2.8274607874298905,7.492831631307353,2.330317200512709,5.529214530566727,3.738047664785273,15.968061359621002
2024-12-12,2.7910225083472673,7.4525717445359465,2.3017650199604427,5.500723646681913,3.720779285931206,15.844491074638395
2024-12-13,2.7753603444599766,7.474129484280014,2.3008956703359584,5.4996318002130895,3.713423680860572,15.907539470514251
2024-12-16,2.77877594145257,7.551646940620264,2.318561301467389,5.523114740715911,3.7234672855868953,16.143609927140048
2024-12-17,2.7673176626351013,7.5553538073787845,2.3158589933681237,5.500359318942967,3.7141911330623065,16.15486560928965
2024-12-18,2.7059048603518567,7.483676340576579,2.286292621083171,5.336429456011333,3.635988600462596,15.934586601715843
2024-12-19,2.677275933438215,7.442827802318799,2.2495738563755303,5.3347908337470855,3.628702154435633,15.807104973539978
2024-12-20,2.6968069622347324,7.45221564555749,2.2501643830222484,5.3988670458810315,3.660180447966184,15.834262440753236
2024-12-23,2.689592667739618,7.435193115447119,2.2472583950089486,5.431196727813964,3.666898771775499,15.780354633714396
2024-12-24,2.7147099013325873,7.490021251789019,2.2741634617347875,5.491564867921566,3.6922953544553683,15.948453291689964
2024-12-26,2.7133725704205074,7.477378126936461,2.2699490991404403,5.491930900782535,3.693547665748736,15.90764243185885
2024-12-27,2.6954679358884546,7.445352118709066,2.2572938232859205,5.434119306961642,3.6661990292828737,15.806785129601062
2024-12-30,2.7034679869326514,7.4188873338990975,2.254799609746212,5.372106860849714,3.649428988504218,15.723814564533178
2024-12-31,2.7067642597416914,7.438126600293861,2.2624291537973797,5.352563888968384,3.6387824326108946,15.779206110187303
2025-01-02,2.728652259626344,7.476395005491045,2.2863917431426977,5.339412282803828,3.6342049142981865,15.894206454615782
2025-01-03,2.7256617078937575,7.50979523776997,2.291331110622525,5.406172357002213,3.659074557935076,15.99594147867734
2025-01-06,2.7263238440512594,7.546526432485068,2.285701979026342,5.437314705633025,3.670360259346884,16.106585971666583
2025-01-07,2.705331106651604,7.466219461561256,2.259272988801814,5.375851308812552,3.6386776022516467,15.858379039119283
2025-01-08,2.7074332323100845,7.444826675983051,2.264030748887222,5.383706237599196,3.6444005601523175,15.791756192623264
2025-01-10,2.711722971910672,7.445383904004545,2.270029479116228,5.301510830473251,3.6003252039988043,15.790521941002556
2025-01-13,2.7128140241636123,7.4305412519617215,2.2687256539227856,5.309729518624833,3.6011586788117085,15.743259073588328
2025-01-14,2.724020353401975,7.470544826553053,2.2795457173366596,5.317036534868038,3.6046112807238475,15.86534270078491
2025-01-15,2.7826130746863513,7.531991204343553,2.320166223588784,5.413754466265152,3.6591757365419837,16.054575816245304
2025-01-16,2.781575363374027,7.520793391839161,2.3137039325162045,5.403341854443783,3.658392401323969,16.01885532282648
2025-01-17,2.7867040964969187,7.565086568977448,2.3310803306479406,5.457590879984307,3.6816221308698602,16.152039430564642
2025-01-21,2.8057630287427267,7.618360568352363,2.3372597431860545,5.507546976644548,3.706879490396412,16.31563364515785
2025-01-22,2.7976131043794745,7.610417608455329,2.3315255798716277,5.5385074455928915,3.7157294725315975,16.289937648437967
2025-01-23,2.792759944705975,7.622980429448627,2.3302398938917355,5.56873698556731,3.724281314385045,16.327450808796637
2025-01-24,2.7999372909196927,7.627598271213103,2.33091988838992,5.552480352198598,3.7206418644096373,16.338879587570844
2025-01-27,2.7783763850150813,7.538579960432734,2.299649664001348,5.473938453194255,3.6980371547856765,16.064089956217064
2025-02-05,2.833111864943588,7.546170387548412,2.32620936353616,5.518232976363631,3.728526702780574,16.079751092639007
2025-02-06,2.829226853268843,7.543245284583221,2.3191499143754006,5.537411052132006,3.7345465278320824,16.06892727816316
2025-02-07,2.8077741066237065,7.520506035068485,2.3005954055724818,5.486724594871848,3.709058339724917,15.996758574556546
2025-02-10,2.8326701339156615,7.562372546803304,2.328972309906538,5.523985489695731,3.7238432128865724,16.126442994065435
2025-02-11,2.8307400921379515,7.529539069618765,2.325090640172036,5.528188047108788,3.721719858363114,16.02195486581765
2025-02-12,2.7988164335553294,7.5729652631113815,2.3037205843130817,5.510377479202979,3.704295672981046,16.15624411640351
2025-02-13,2.840612515432767,7.622560276336011,2.339056747845919,5.568554537510834,3.738879262368024,16.308557786463705
2025-02-14,2.8478419723675032,7.634967897913355,2.3467634939133566,5.568281149613122,3.7449866746191285,16.34359490981467
2025-02-18,2.8563991143862366,7.641702769672363,2.3572569548920654,5.584627586075053,3.7436403568085743,16.36381918924623
2025-02-19,2.8680786678807335,7.637492480413342,2.3784200056126292,5.597779192239609,3.7513630533875317,16.350089726537444
2025-02-20,2.871860733886113,7.6413498167453495,2.3708193575338705,5.5744912040214345,3.7449527418303172,16.360264194854533
2025-02-21,2.84251734629358,7.55053620396258,2.3299927178808946,5.479144190730932,3.7150737361988733,16.07840350680234
2025-02-24,2.8354086979392354,7.488233458538319,2.319888709241377,5.45421246488244,3.7081567553106356,15.884510257592439
2025-02-25,2.8339346593906742,7.43023295016082,2.310150801547806,5.427086815364162,3.708960496963909,15.704250479690609
2025-02-26,2.8270145452860183,7.392470268114682,2.297456843119202,5.429826946455364,3.7142167184071737,15.586105126900948
2025-02-27,2.803136454650892,7.343630314098344,2.2800425205778474,5.343156730766665,3.6773316860592975,15.434202544438204
2025-02-28,2.825887754931172,7.366964296709966,2.30719385006863,5.426538902820724,3.71938881511748,15.503676471282624
2025-03-03,2.821996868856638,7.37050041035104,2.3021209262189877,5.331466982549956,3.6856915263715746,15.513007606452435
2025-03-04,2.8000186745766444,7.363580464368701,2.281675781870141,5.268358711351152,3.655042594800119,15.490670993351273
2025-03-05,2.8110399534228665,7.4766007524145595,2.308445989997872,5.324981835121909,3.6700324832999427,15.835062433394913
2025-03-06,2.7940647861626062,7.474936904572921,2.2866143683733093,5.230457827394581,3.6303771627492414,15.829822597924977
2025-03-07,2.8045116473426592,7.47225153230999,2.3035848948061726,5.259773990338598,3.6405551929922644,15.819391283888681
2025-03-10,2.7839131845890037,7.350290116269905,2.277959756567117,5.119676049550524,3.593271585233982,15.447060285205561
2025-03-11,2.7850113470908817,7.4032741851093045,2.2820851445684927,5.077117908974723,3.5704479224163657,15.606855279063387
2025-03-12,2.789761666696039,7.455471654282941,2.293870036265884,5.104059973688509,3.577144544138895,15.765273573700279
2025-03-13,2.7857342698766336,7.419237009791105,2.2806205764898997,5.036019352850739,3.555111585593536,15.65484062566559
2025-03-14,2.8152379594797385,7.529209193612059,2.3313320404682547,5.1400431637430435,3.5927250320112454,15.986821376223483
2025-03-17,2.8343225031471926,7.543728957050598,2.342255960785935,5.1796798619191815,3.610277872456135,16.031793145385446
2025-03-18,2.833448072831283,7.5383327461582335,2.33921374066966,5.12369502215909,3.588976258780733,16.014115635136783
2025-03-19,2.8679067244850995,7.600108392824737,2.380548714319067,5.179496845488697,3.616463832476888,16.202335144938434
2025-03-20,2.8625992038363326,7.562884655317679,2.3726566265941584,5.164519053637347,3.6124958753352465,16.088363572166934
2025-03-21,2.84274578391231,7.559550660867102,2.3592109942782047,5.166222470538473,3.6119441763642404,16.075952608475333
2025-03-24,2.8472892846807807,7.623297431686533,2.3676738286101067,5.258741823140585,3.641382558512353,16.271448764637427
2025-03-25,2.8573058740356907,7.640307251289493,2.380080253014255,5.2713824610722035,3.6490855150455856,16.322277378769826
2025-03-26,2.843323465279874,7.628494948267142,2.3728716246631594,5.208451522563807,3.6197619840792754,16.285493272242313
2025-03-27,2.8536893269764825,7.645877789419985,2.378906602590643,5.194619004338006,3.6128214741171405,16.3364293878755
2025-03-28,2.856360141599329,7.606313613651594,2.3809673610497533,5.090009199843745,3.581697371611448,16.21375467314351
2025-03-31,2.8817130799179536,7.5812752925246425,2.3930113104284065,5.124177003317633,3.6000791724661263,16.135263501299217
2025-04-01,2.893165009412244,7.609560533402174,2.4054027501524065,5.138649510676122,3.6112390192710744,16.222031336611693
2025-04-02,2.9041461689816153,7.613346412136419,2.415489305736483,5.171169597901639,3.6235842582185747,16.233046130141286
2025-04-03,2.822431288776807,7.514145074294045,2.337746104758046,4.9163300175577485,3.5310038355635625,15.926669115120331
2025-04-07,2.622893885251117,7.2671326688660445,2.1260526373998894,4.620268828117201,3.392872203215367,15.160618932197222
2025-04-08,2.561274400050492,7.196600660882434,2.0449234124088456,4.547902881080708,3.3550961091846707,14.940756818959608
2025-04-09,2.7223071837647166,7.56008143292505,2.2452453365749334,5.025520348180198,3.551886567314184,16.062429725415818
2025-04-10,2.629373255251356,7.482924993192281,2.1600433558939742,4.805306112386406,3.450120750162366,15.823685344570055
2025-04-11,2.67817471373549,7.582165530875236,2.209247147181166,4.8910470365724885,3.4782355934294564,16.12665320669724
2025-04-14,2.7067272349094016,7.616810703211897,2.240695711453197,4.938497740606714,3.509598779143982,16.232782264142006
2025-04-15,2.707224074306562,7.6160843803364235,2.2374595264602095,4.9246646540069055,3.5080087742123505,16.22823883279662
2025-04-16,2.722581607778052,7.600527014873341,2.2371401517620955,4.81519979873873,3.4680754515718117,16.179439091065117
2025-04-17,2.737966371159737,7.619641278358952,2.252527383956825,4.822069166995993,3.466881417584812,16.2373077320009
2025-04-21,2.6974591269060597,7.631555749633493,2.206220082692003,4.70729171987769,3.4107728152386545,16.27405612089993
2025-04-22,2.7371856466786615,7.715304839121678,2.26072496535122,4.829764951060477,3.4634603739641965,16.530469134374542
2025-04-23,2.7565645575813114,7.75485922165228,2.284902675481479,4.904604461778554,3.4965228673616116,16.65181652172748
2025-04-24,2.8056849088553437,7.8085565496416836,2.3325239772607755,5.007841074670171,3.5477667871661374,16.81717130116981
2025-04-25,2.815541963196636,7.842125411479817,2.350682690820666,5.044024332375422,3.5684727772436826,16.917601478260977
2025-04-28,2.8321408291789694,7.86618047309065,2.3748725694431707,5.0459477100175345,3.5750394985822607,16.992582752624074
2025-04-29,2.8316237831692215,7.860967754694588,2.380601248743307,5.0777340263990896,3.5934374066935946,16.975775041983297
2025-04-30,2.8026946720597476,7.846731936642566,2.3514837074711314,5.079749480630453,3.5965426191298198,16.929013653545855
2025-05-06,2.812549105243767,7.937862906440597,2.3665212607499333,5.118772334878257,3.5982917223621547,17.20865042373681
2025-05-07,2.802522093762662,7.936695848381467,2.365430652210645,5.14029836367251,3.6111920123010144,17.205944568187494
2025-05-08,2.8095377612838863,8.037057326525803,2.3791831539549517,5.176116156890799,3.6152902224971544,17.519249441221334
2025-05-09,2.8256275744509654,8.058916079966496,2.390593947817511,5.169519608157239,3.613539253907814,17.58424581958931
2025-05-12,2.827629829141523,8.160832221315234,2.396688815623562,5.340359762274693,3.677099822997806,17.9043361032614
2025-05-13,2.856672801838979,8.224538523732752,2.4213674333106696,5.375626801079505,3.691030044375796,18.1021809328852
2025-05-14,2.837981648855727,8.219477197462892,2.414456112169459,5.382497874458792,3.6886908283674003,18.0855919794094
2025-05-15,2.846286571599622,8.212461412180984,2.4147169840515974,5.408787445811719,3.7090230331954555,18.062873235749592
2025-05-16,2.8500592454817295,8.219719031141166,2.4213988945303986,5.443046757500849,3.724027688199697,18.084326601100155
2025-05-19,2.8527655030233476,8.256608699616818,2.4295174625116887,5.449001043605689,3.7258058623786616,18.19835151723356
2025-05-20,2.8610508357340563,8.274349227171326,2.4333952933375516,5.430680644214957,3.716220370918626,18.25322944735127
2025-05-21,2.822364401719753,8.24898813597531,2.4080749547232325,5.339168450354519,3.6675798000080184,18.172448581933068
2025-05-22,2.828704810629397,8.27214028575191,2.420586830533583,5.34127654954914,3.673733574490963,18.24429159429245
2025-05-23,2.833898344035418,8.218012950367937,2.415237899292101,5.304817062076139,3.6623015986395546,18.071656257806268
2025-05-27,2.85634007353204,8.266011249873046,2.436852800391833,5.415107764777528,3.715013302743182,18.220338650515313
2025-05-28,2.8340339722037826,8.234658399418187,2.419040407916385,5.383779557846193,3.697798629681368,18.120776778476422
2025-05-29,2.8471132516020563,8.231233072090314,2.4266702029510334,5.405031061994718,3.7126856410213525,18.108756337432773
2025-05-30,2.8407666241817604,8.19309378560542,2.42170372962665,5.398985836048644,3.714259068006584,17.98696465033948
2025-06-03,2.8669062488289625,8.276965276043512,2.4388926896314396,5.4603599981499045,3.733130734143208,18.253775426934347
2025-06-04,2.88762344887099,8.285282899720562,2.4559748221071804,5.458894161584003,3.7434010723831155,18.278951093239836
2025-06-05,2.8840274383318527,8.247538864626664,2.446792576487045,5.432512513641826,3.728098481098211,18.157790802939555
2025-06-06,2.875516689333491,8.299202599074539,2.4404001120914147,5.488298422499216,3.7393039230313634,18.31944198881996
2025-06-09,2.895802411216925,8.408619258629113,2.4632160815023703,5.4932444131143665,3.7440248864317693,18.668504552585357
2025-06-10,2.9028670944085015,8.423977963994739,2.468460137807512,5.524390740363232,3.759403066660018,18.71554377933872
2025-06-11,2.920899881581598,8.416514739726452,2.4776220670830162,5.5086342761213105,3.7590465119154284,18.690972900145713
2025-06-12,2.9385530141002,8.376642306251876,2.487627957610993,5.530528042898557,3.774545849765687,18.563613781228074
2025-06-13,2.9414778508344175,8.332229595447846,2.4774679893976175,5.468695202973069,3.7435063128606516,18.420579313749766
2025-06-16,2.9343798806775614,8.377068429392759,2.4757806349941944,5.520726433135484,3.7607275058592378,18.56189415490522
2025-06-17,2.9657171200569885,8.317853438410223,2.4826015432539656,5.473550253746986,3.7485047601801416,18.372835266670467
2025-06-18,2.967054542612271,8.314472056535829,2.4806016841511234,5.472726111435796,3.749110527461387,18.362458423572196
2025-06-20,2.9651203306385447,8.282961789597291,2.477620449631108,5.459872901625292,3.744750767440509,18.256280226831848
2025-06-23,2.948857694847574,8.34800789217541,2.481708774335919,5.513803069347487,3.772213146741599,18.46145715667116
2025-06-24,2.941435719957402,8.368863554974498,2.4849729464764607,5.574715143380475,3.8025573416084146,18.526036095371495
2025-06-25,2.9441208334162643,8.386797908037636,2.489685443605686,5.577838926926886,3.8044773045579867,18.582473769385356
2025-06-26,2.9734203675429103,8.428888071808808,2.5173390110047826,5.6214786832393715,3.8278495275168107,18.71596104266035
2025-06-27,2.9559046683179244,8.419994585741637,2.506728515010571,5.64940801360456,3.8354375090835755,18.686223055951892
2025-06-30,2.9785105631883,8.448116042768685,2.5290478054282115,5.67641885157328,3.852544913725351,18.773718856313337
2025-07-01,2.9877412115848827,8.428532229318185,2.5316350916861836,5.67458186678034,3.8489394648079185,18.712143465442036
2025-07-02,3.0093413154761173,8.473457850876839,2.5518520602474895,5.700306474369596,3.8561866635224127,18.85639423990202
2025-07-03,3.0034765371339525,8.511695889855169,2.544315792753608,5.7452330294355525,3.8691548565874982,18.97688596790176
2025-07-07,2.9783449781313847,8.485288763253433,2.5229395770663645,5.7024191205562795,3.8468777676538006,18.888741302160508
2025-07-08,2.9861082022197305,8.503587217487178,2.5398802623551475,5.699295337009868,3.843345863265541,18.946409843725156
2025-07-09,3.0073840074090232,8.529471589068292,2.5522979289745575,5.733472802841887,3.865172812318781,19.029181714564434
2025-07-10,3.017197953730876,8.59146124473738,2.563662380048349,5.749642474987419,3.8709504521005202,19.22913629203383
2025-07-11,3.017141898691202,8.618979696956687,2.5649500898666546,5.729430526899007,3.8556173860936394,19.315950830769207
2025-07-14,3.006178320197222,8.6268024202492,2.554164190708854,5.740363200937437,3.8594234309808164,19.340043115674106
2025-07-15,2.9806622670348952,8.600057960830501,2.5427550005002035,5.715832747138393,3.843461985539046,19.252892035615883
2025-07-16,2.9932316422213847,8.610425176043565,2.5447455010975566,5.734942618025842,3.855440505984887,19.284945338023565
2025-07-17,3.0116658913887995,8.635284769103057,2.5628613160864413,5.7700380078803235,3.8692476279942585,19.363798448973792
2025-07-18,3.0140674606569204,8.635138393669195,2.56322607735168,5.765812715506957,3.8717240912368354,19.361284070028788
2025-07-21,3.0340605186889604,8.649589602888677,2.5768969647482356,5.776745389545387,3.8815030418974374,19.40554533495217
2025-07-22,3.051146828341157,8.68345835572384,2.5906805647061844,5.777571236978599,3.8861974016583423,19.51409644109136
2025-07-23,3.0448012013690926,8.693039651766215,2.591761289240608,5.826724789539944,3.900725642875734,19.54484527607517
2025-07-24,3.0325769780398346,8.659997586972453,2.5772361823741514,5.828653850922135,3.8992509484012516,19.43736560537389
2025-07-25,3.027894635035223,8.657953795274778,2.578155429904716,5.85327581293642,3.9128286844473257,19.428114183982153
2025-07-28,3.0179269935873854,8.637539147202348,2.562797769129285,5.851805429378458,3.908840145191201,19.361035737554587
2025-07-29,3.056298562382018,8.63557522542267,2.594488012552594,5.83637180157292,3.912563535013971,19.353279481512473
2025-07-30,3.021522573456246,8.607997284152743,2.563714369933171,5.829021588905128,3.904243289601974,19.26220935519832
2025-07-31,2.9963648278064445,8.546181815031236,2.5345899189705,5.8071562408282675,3.8966038957231337,19.06246316109906
2025-08-01,2.9994747514155042,8.480200179397691,2.5254303891663765,5.711974056000003,3.8762278379563915,18.84532441896561
2025-08-04,3.027375729235026,8.56438643374733,2.5549281573650715,5.798794890800747,3.9133237844334268,19.11697678349268
2025-08-05,3.0199357249903387,8.538308442580542,2.543591622135122,5.769394040129579,3.9003336359067364,19.031662062093634
2025-08-06,3.0164519890264274,8.568903122459538,2.5427646171920397,5.813586255977565,3.9169723347539476,19.12999549508116
2025-08-07,3.0278916529493336,8.610488642126558,2.5559234999900715,5.808716995853456,3.913858083510245,19.26396145144952
2025-08-08,3.02737215579813,8.629958877514444,2.5572933148637795,5.854011857276412,3.928468865302672,19.323756982756336
2025-08-11,3.0212434600184475,8.626718471901645,2.553947300029625,5.842434647113231,3.924302193879877,19.31271093251381
2025-08-12,3.031594070139106,8.694622228291623,2.5711614656881503,5.904632951525682,3.9490136567048046,19.531340489308928
2025-08-13,3.0629661431801876,8.762500273956663,2.5953741510604784,5.9248460363621085,3.9627537829815154,19.749886671455133
2025-08-14,3.0380801923356864,8.687325646060637,2.57520639278288,5.925397359149594,3.957867859052412,19.506082531921457
2025-08-15,3.021340273010755,8.67836438345787,2.563768810130459,5.911523917995238,3.949151785495995,19.473736101573767
2025-08-18,3.0166083728021102,8.675254205647596,2.5599529633238864,5.910237687615775,3.9471510013194155,19.461252643267905
2025-08-19,3.0061948450659144,8.609635013546393,2.550598862286568,5.87817286797044,3.9381960933458626,19.248409436760365
2025-08-20,3.0222884578664986,8.62735614583131,2.559747364211517,5.862555086986402,3.9342152225614964,19.30502934235574
2025-08-21,3.0223216740201373,8.617961351373545,2.5574308499466345,5.839035770547085,3.9201327700118904,19.273159855543508
2025-08-22,3.085551373277317,8.738770634710221,2.6176705742040363,5.92870415912649,3.9649662395425334,19.66198986048377
2025-08-25,3.0674085471098986,8.665404914044606,2.5955836359588615,5.9026123819282486,3.9513310612966506,19.42182532363896
2025-08-26,3.0712786409376918,8.68557692168495,2.5986530249701945,5.927326420531785,3.96540045653678,19.487014379814564
2025-08-27,3.0796897017036984,8.689023589916163,2.605294410082279,5.940831555329141,3.9738035217826146,19.49706832872318
2025-08-28,3.0970329459991772,8.716068159738818,2.6141897933578297,5.961870487598781,3.985899002580451,19.584219604917575
2025-08-29,3.0869478740819627,8.692169282380489,2.6004785453829076,5.926315283172057,3.9702624742151076,19.50165631876689
2025-09-02,3.0965058790969464,8.733129238478451,2.60926016133954,5.882399865465829,3.9478705496070603,19.635077656585608
2025-09-03,3.1070874122499696,8.73789137843568,2.6165831153163777,5.914280531932665,3.9661540161269047,19.648515621108906
2025-09-04,3.1130154153348784,8.721126231381627,2.617615244236488,5.96370804076573,3.9931476665602026,19.5936779297124
2025-09-05,3.1398612081992123,8.753432564726563,2.6400362567271536,5.946436291419237,3.993993297766931,19.6962614057959
2025-09-08,3.17164714590963,8.773534041730086,2.6648704200744464,5.961044071791562,4.004836369048815,19.76189187245617
2025-09-09,3.156087795063104,8.75340227211327,2.651946082061804,5.974824867982662,4.0065646416804706,19.694820832869656
2025-09-10,3.178248277829664,8.79129194444878,2.670875493514176,5.992097185703164,4.017815901383686,19.81688315737217
2025-09-11,3.1950218999973274,8.833631759903756,2.684078305741275,6.0418930008932294,4.040317472552428,19.954085348719364
2025-09-12,3.1923180577037753,8.85387130250448,2.685465931969563,6.0398712945477815,4.034865093068998,20.016703795254372
2025-09-15,3.213408670205581,8.881210316885912,2.700587674938012,6.0720270540343515,4.050441668522669,20.10529026374788
2025-09-16,3.2303883018481234,8.907093492905933,2.7196280221903573,6.063667409128855,4.048075687546443,20.188216497203662
2025-09-17,3.208123267345335,8.876590299656488,2.7034995132716793,6.056133043282563,4.0415673570123865,20.08923981590367
2025-09-18,3.193523031307372,8.896830098112503,2.691806614713688,6.084430111630744,4.047639005005273,20.153771540271894
2025-09-19,3.183911342938943,8.909091525544264,2.6793772029221694,6.114565301519882,4.059089502015169,20.191015036374075
2025-09-22,3.183163957869378,8.926245823009328,2.6761699633956395,6.143493833390636,4.06806613544552,20.24450786567219
2025-09-23,3.207076171947448,8.925339054455053,2.696484256178131,6.110051275150594,4.059097556540559,20.23947925776248
2025-09-24,3.198429394411898,8.936587912489674,2.6861626120403055,6.090611747338669,4.046975291178917,20.275332721672058
2025-09-25,3.1965117103153045,8.903171224062438,2.6738722160141735,6.062513609893188,4.03220096032611,20.166231199993955
2025-09-26,3.209179239283395,8.935145803151238,2.6810996953260875,6.09724580875674,4.045333635228849,20.26963886092749
2025-09-29,3.222738064656396,9.001061768155123,2.6891158680767417,6.114381148341383,4.0568611310061105,20.482716845386292
2025-09-30,3.2170893189176804,9.011419499235117,2.6832538107771873,6.137413368256085,4.0654284982131506,20.51390204412618
2025-10-09,3.2467230935087477,9.167744460446043,2.7099216146378877,6.183293086532982,4.086098066823999,21.024619087598726
2025-10-10,3.2116178376843285,8.97555814651949,2.665206837398099,6.016172371922027,4.029823815386514,20.38478955313832
2025-10-13,3.263409029748096,9.083892514463884,2.709178225549348,6.1084842680113205,4.067357598781838,20.743215536838306
2025-10-14,3.255281993316188,9.078662897802218,2.699274171063125,6.10102208566401,4.068619349730923,20.72573806108868
2025-10-15,3.2656927209781164,9.090550672511037,2.698425778943097,6.128108517375755,4.077524421328845,20.763542621536338
2025-10-16,3.2717613826371386,9.04760385164936,2.6945110097927727,6.086374519111143,4.068547128373951,20.61931981229493
2025-10-17,3.2480461447812385,8.991581886057833,2.6804524715223628,6.120921996422185,4.0795722319042875,20.43184765255684
2025-10-20,3.2869709077523273,9.086405715878335,2.708224697787779,6.184583295530499,4.10707183841833,20.74292922695589
2025-10-21,3.2531231008351527,8.980127577417266,2.697434440568249,6.18449065056724,4.110078867747327,20.391242450721638
2025-10-22,3.2680717201737384,8.961083068190787,2.706709358218642,6.152338301324717,4.097638738220276,20.328730550529624
2025-10-23,3.289145467058511,9.044813846139357,2.7277092331664283,6.188820523758025,4.1067269197238785,20.602824428726677
2025-10-24,3.2958545116340177,9.067487095547756,2.7378837495883483,6.239399558330724,4.128350871239455,20.676294230987235
2025-10-27,3.29434267158198,9.085466147112685,2.751453825993575,6.313009676070109,4.157606518769635,20.735892758726973
2025-10-28,3.2861148331545578,9.079805563699196,2.743766397346395,6.329777277671758,4.16579243491902,20.715662124486208
2025-10-29,3.2621038320018556,9.070976465265495,2.7190184959135344,6.33281864698705,4.156347991147357,20.68560711057994
2025-10-30,3.2453740994809537,9.032296873508885,2.691757684505242,6.263168959333433,4.126298761289125,20.557499903652626
2025-10-31,3.252888935160472,9.047337167260919,2.697943486413531,6.28371340621636,4.135124408789804,20.606399081468542
2025-11-03,3.250515178945843,9.029335949641919,2.6972738929566966,6.2955060301284655,4.138992239480817,20.54230466883583
2025-11-04,3.215910140089983,8.901144688344388,2.662868094920136,6.220881364785306,4.111583363720292,20.11658427509692
2025-11-05,3.2110665297603767,8.983835096370822,2.6588031788716027,6.2424397908980005,4.112214716947723,20.386043658051012
2025-11-06,3.2185593918192774,8.933869329845217,2.6674029180923866,6.175462597828668,4.094163973757654,20.222512196379512
2025-11-07,3.2260776821151267,8.954759068268508,2.6734018112086675,6.181541926215205,4.0972497552232445,20.29078283388277
2025-11-10,3.2654773359512617,9.061380125253745,2.7039650989305244,6.2780006790648,4.133108499719816,20.64040551164166
2025-11-11,3.2883936608971664,9.028757675387956,2.7201632021358306,6.292373152597932,4.143923094147464,20.532278921425775
2025-11-12,3.283725534220022,9.049453922623824,2.7044210118742487,6.2958743364854675,4.145647941270238,20.59991798535888
2025-11-13,3.2393286039097675,8.95484977568743,2.6638683514572254,6.191400941753058,4.099600683548666,20.286009119133418
2025-11-14,3.2174241919964057,8.891327316010553,2.6456211713316287,6.190386962523292,4.096459372870493,20.07161226614616
2025-11-17,3.1963744016793187,8.827616331156214,2.6249832785384304,6.13271462033429,4.07557216217295,19.85958070508987
2025-11-18,3.208320624708486,8.843821651285763,2.632914066849382,6.08121481986909,4.0579790924137376,19.914349397983088
2025-11-19,3.1888641212911866,8.81224498909647,2.6072780618897315,6.104708559478058,4.066056287244962,19.80901351143987
2025-11-20,3.166744316934711,8.75384510150114,2.5881923065498005,6.011658345552739,4.03325675851255,19.61490608104766
2025-11-21,3.1782313123305004,8.7519297669603,2.5963114067759774,6.071542231005767,4.0623833360239265,19.605052754539003
2025-11-24,3.2075431702477113,8.820133177349213,2.617764856377253,6.160905971117035,4.10023770410632,19.827556586153737
2025-11-25,3.2223542236953993,8.828947117589257,2.6303960943941385,6.218855111447796,4.127401510961743,19.855872219222718
2025-11-26,3.2618587353083366,8.892776404962666,2.663064217278206,6.2617872421206755,4.1457236016782835,20.064250429609274
2025-11-28,3.280502235611926,8.94178898930907,2.6669458077130694,6.295966981448724,4.156298826943749,20.22345735085827
2025-12-01,3.2533746365168685,8.902066053556508,2.6274474586314795,6.267222602756469,4.13598593052147,20.09045463025331
2025-12-02,3.2574868506546966,8.958336028175768,2.634667729909343,6.278830505116066,4.141951984965744,20.273871170831562
2025-12-03,3.285833404841792,9.018034401598127,2.6663882513293147,6.30057308440726,4.153984490636335,20.46888954998054
2025-12-04,3.2746791437486023,9.014318105567265,2.6571419665613356,6.305179755739803,4.15067881065067,20.456830466947583
2025-12-05,3.2704160951347263,8.996182490856851,2.6420245744431985,6.3171559644564015,4.152001896985633,20.39510817411036
2025-12-08,3.2496697711124094,9.015757955003645,2.631795245354543,6.298177956338742,4.141064414585596,20.456975217777686
2025-12-09,3.2609766423203745,9.0818092352388,2.649344190292505,6.2927420273289405,4.136516930922819,20.675794573365966
2025-12-10,3.2945828374587047,9.114329762269824,2.6713905958977837,6.334476593967559,4.158349673807473,20.781187663979743
2025-12-11,3.3069075379097552,9.159148590427861,2.6839111576328034,6.349216237109674,4.164358668055598,20.925688530557085
2025-12-12,3.266946772887471,9.094826180517225,2.6463530113240417,6.280949403416834,4.132872202840372,20.71284048311175
2025-12-15,3.262604091776051,9.077860893753348,2.634565307601262,6.271459830983996,4.130481591003713,20.655951165587464
2025-12-16,3.253729170227841,9.078732766211363,2.6322816191716067,6.2543244913993545,4.128311993308799,20.657996245234486
2025-12-17,3.270358881880905,9.08596433502795,2.636432359684004,6.185504629797005,4.100710996026038,20.679638046562744
2025-12-18,3.274761655160156,9.068492516159525,2.648079076237595,6.23221360575116,4.123487425219766,20.62010270794003
2025-12-19,3.28447020118397,9.130387522771413,2.652090780618856,6.288698614638044,4.142137556228133,20.820058994028294
2025-12-22,3.3070336076464595,9.166169165030942,2.666973181066687,6.327876066615946,4.1559397245849965,20.93519443985514
2025-12-23,3.3275927057118775,9.174120210457227,2.6722314944492944,6.356797777998609,4.166709148243542,20.958554013404704
2025-12-24,3.3413215570449144,9.188512693026356,2.6841225839798337,6.379158748210197,4.179855429871097,21.00566941214561
2025-12-26,3.3592326503279044,9.241558023107288,2.6826372939132446,6.378511370215408,4.181143277531897,21.175725488309368
2025-12-29,3.3263696187494918,9.162054494492985,2.670588139445964,6.355780956898803,4.174541863868112,20.91203092647858
2025-12-30,3.339321504482625,9.182182765996773,2.678946147901812,6.348019241449424,4.169751689953275,20.97930388815481
2025-12-31,3.2930099970346576,9.132336729610714,2.6506197674564604,6.300987429058886,4.14562408505239,20.81148278959739
2026-01-05,3.3688138457682797,9.286687638988507,2.719051949420823,6.354579982620499,4.1704017689042026,21.319670572157598
2026-01-06,3.385038338950311,9.333485109149342,2.7233465040944584,6.392372307141595,4.184113520088973,21.472442974543153
2026-01-07,3.365266886987615,9.267776743971865,2.7034641760147555,6.371766475865835,4.179083000331536,21.25404006531979
2026-01-08,3.374015890776404,9.292749883195771,2.714510720159226,6.371119666245053,4.173826867262252,21.33322473495285
2026-01-09,3.3995224313624406,9.336243686515932,2.729461168789852,6.413254368185105,4.192356911416015,21.474388603557248
2026-01-12,3.4296131236530116,9.409264801189877,2.7467226557128,6.423325955601846,4.194263231449327,21.715654204498865
2026-01-13,3.4506594142245595,9.470750317662258,2.766860354820869,6.41048297652348,4.191262878315561,21.91772485971889
2026-01-14,3.48493580106863,9.551530978419793,2.7894952759598217,6.378972889909675,4.182272790701225,22.183680482376822
2026-01-15,3.4676027401064187,9.51600439731302,2.772598426941877,6.396345241455536,4.185681873528711,22.06588274410584
2026-01-16,3.446143964125291,9.507304002638364,2.7549504783956076,6.390985474562767,4.177185295193474,22.035554226920606
2026-01-20,3.4343683998402272,9.46844362758652,2.722596868027744,6.260885800944437,4.11927430132443,21.903542139913892
2026-01-21,3.475531206564125,9.4905693424655,2.7444005574531927,6.333143188545458,4.1521099499708125,21.974624563399928
2026-01-22,3.490317612820208,9.514761753394673,2.739241387610254,6.36622198742056,4.1649958272861065,22.053216144468276
2026-01-23,3.532096393682362,9.560613665797353,2.7694318589585247,6.368532427761928,4.168666732552301,22.204845966433997
2026-01-26,3.5606748844566134,9.601750231298624,2.7798610441157035,6.400872340426999,4.183847337287354,22.33853609998713
2026-01-27,3.590048768494081,9.672439082685708,2.8036411242215067,6.426375282153246,4.192018028980911,22.573077329486548
2026-01-28,3.6228360129690804,9.746709461924572,2.8184829810444203,6.425727904158456,4.190383187411522,22.818143661905623
2026-01-29,3.6318116969081484,9.662031381132607,2.8098739657376868,6.41297700166934,4.187073785525946,22.53826230367446
2026-01-30,3.476096991091693,9.361204664602887,2.74026005175146,6.393850079561659,4.1784717483651965,21.540792011883426
2026-02-02,3.4176235675350197,9.263808635114199,2.706826564023687,6.425635827569206,4.187649389783535,21.212575775545474
2026-02-03,3.472608890041328,9.304794733392706,2.7358570785067142,6.3713043877975615,4.167918639041329,21.34736088540289
2026-02-04,3.471726933485175,9.28478394097108,2.731336045505611,6.340442815926562,4.155467800422547,21.279585963048756
2026-02-05,3.411304918624978,9.057199547472178,2.7053299380826568,6.261254675675445,4.134205215196315,20.51991774732778
2026-02-06,3.4842942978419216,9.262641834867521,2.7759720167930784,6.381376543588307,4.181306022239557,21.20106348734958
2026-02-09,3.5201883811312222,9.300531470631867,2.7902072892897443,6.412146038870056,4.193720346013487,21.326518660891907
2026-02-10,3.5261629543604003,9.27833822731376,2.8025746070107456,6.395236343766477,4.194431037768174,21.25420358508296
2026-02-11,3.5347754254931276,9.296670664148618,2.7974176181738546,6.393758002972406,4.189132022815991,21.313242482366626
2026-02-12,3.496766944821108,9.201187773845588,2.785676857642398,6.294981420919342,4.160713136184396,20.99315546472761
2026-02-13,3.532894419877495,9.290907595605873,2.8153045575882056,6.299417011675563,4.169093989135613,21.286720253254202
2026-02-24,3.5876767123975273,9.298466761991234,2.8321532501930067,6.351160644590073,4.193053329333464,21.30519415849489
2026-02-25,3.6060112199004837,9.366633279438036,2.850032103674143,6.404753766525692,4.212669456143666,21.531532591472534
2026-02-26,3.6178994649485423,9.348419883853737,2.859645962031813,6.369179237382705,4.203264711630518,21.469770703669077
2026-02-27,3.6500674965275213,9.360810544623591,2.875620351769413,6.338594463653465,4.198054948238898,21.508264632556642
2026-03-02,3.655581109544285,9.386786878491298,2.8871808687598635,6.342198523236395,4.18939910911934,21.59376306141452
2026-03-03,3.607004656649408,9.271217744259001,2.8606861823206926,6.286295529333414,4.165293583141001,21.20571948085695
2026-03-04,3.626527635340567,9.361139565746935,2.8863127076013786,6.330648026651578,4.179481246294402,21.507095738508305
2026-03-05,3.6136026602442732,9.30083535433422,2.8849655399077725,6.295350864024357,4.160299191633807,21.304914465152155
2026-03-06,3.643051253563531,9.255364000660059,2.9033142769279703,6.212837167454089,4.1264784156196175,21.15087649754884
2026-03-09,3.645784157438118,9.25580739954007,2.8863273275605867,6.267261252188991,4.153261267799489,21.151824654876226
2026-03-10,3.6531450826529084,9.305309935443237,2.894242660046788,6.2571890963982435,4.143931271382508,21.31689798796341
2026-03-11,3.649833567705306,9.297398441457478,2.905931693007219,6.249335872733623,4.13324853279149,21.286201960941895
2026-03-12,3.6560718371153427,9.267187279320083,2.9338040618691354,6.154440148405248,4.090211047379472,21.18379068287303
2026-03-13,3.6197295637828137,9.231920184957183,2.914629441543767,6.1196050738463015,4.074649631505655,21.063127040613136
2026-03-16,3.6443170353284575,9.333214977031318,2.936987823922463,6.18188351899384,4.106787885967624,21.4014345586736
2026-03-17,3.675988918763053,9.316627175923635,2.9674202025953447,6.198145267728622,4.116171810062032,21.3455347392616
2026-03-18,3.6577438319879683,9.241577488154144,2.9701145000763307,6.111658636844415,4.074241833834191,21.094464926184067
2026-03-19,3.6211719975505865,9.163089940560896,2.9345751913270997,6.0965972940139315,4.068084753553927,20.832955123435408
2026-03-20,3.5538255328898294,9.126866731878264,2.907599952451998,6.009197286099324,4.018573525769828,20.709783914407822
2026-03-23,3.524951986199723,9.166723952847855,2.8716223920331236,6.072294189817973,4.048802785905785,20.84229999795561
2026-03-24,3.5336267260011063,9.172846556840465,2.8773279496586777,6.0519105927792305,4.035203092554802,20.861871034224595
2026-03-25,3.569219037209966,9.217310975928095,2.89970384480354,6.085636769649122,4.0571986880004385,21.00876471446303
2026-03-26,3.5294647255749503,9.130956038806056,2.880542133066452,5.976955133763579,4.000776933531314,20.717556985420813
2026-03-27,3.5517120861835743,9.133425768331364,2.9058880412443044,5.875036580195856,3.9604482315782175,20.722869795919355
2026-03-30,3.584473866420327,9.099556501287177,2.933134750401288,5.855393574489169,3.964157517819286,20.607894471682194
2026-03-31,3.6179492123112365,9.26433091264498,2.9230342000662004,6.025597718091986,4.034688751801638,21.14893851195648
2026-04-01,3.6158135528178716,9.289345083983855,2.9131823508205303,6.070997160332364,4.0515200492878005,21.23708339649978
2026-04-02,3.6442872028652413,9.230721024078592,2.94311331925519,6.076464349912589,4.057448730369803,21.03910598182607
2026-04-07,3.6624549167651943,9.314460115840113,2.9667069119072553,6.107872697579012,4.069897955510535,21.314620355617496
2026-04-08,3.6581621909041853,9.3407684760071,2.937322422255376,6.263437800239078,4.135959841003827,21.402374252216067
2026-04-09,3.6730672244623377,9.385234878755043,2.95057517892439,6.299572177779666,4.1499678552541495,21.55034878373875
2026-04-10,3.6688048325220577,9.41048377270917,2.9492601444952133,6.295403154433064,4.145578354318656,21.630551913290844
2026-04-13,3.705519157385808,9.454406846037193,2.9881183980258905,6.356923957028316,4.173857483903439,21.77772341949716
2026-04-14,3.7364003246887134,9.533960517271366,3.003384664097261,6.434382535173951,4.210236500336602,22.04006083362882
2026-04-15,3.736661603002116,9.594978993392635,3.014489011791887,6.485156522031296,4.227072085503975,22.240251641693053
2026-04-16,3.7317655650674664,9.597109195244432,3.012322931798594,6.501092592459655,4.230590276041031,22.2451255792284
2026-04-17,3.7457030869186,9.686059089679434,3.0143419366334956,6.579662910164385,4.270978786559708,22.537948004657856
2026-04-20,3.748041409159535,9.651077228870651,3.0223821110531013,6.566505051885743,4.26416537296482,22.419382631829766
2026-04-21,3.7350865504013955,9.607130450383194,3.030716028581816,6.523514947064078,4.2397683263361365,22.271431313608772
2026-04-22,3.773853581828193,9.698005919117197,3.0631931615432904,6.589576489606978,4.268005284542334,22.572667219494598
2026-04-23,3.777787559563488,9.650119514247288,3.0728879476886664,6.56400420625179,4.2551868117408445,22.41231562673143
2026-04-24,3.7928813513421336,9.678419642402464,3.0850104523578,6.614870269698384,4.278845827843759,22.503984381397974
2026-04-27,3.792152762672704,9.6634384768276,3.0884183906352694,6.626267305301118,4.279692299313666,22.45443961668662
2026-04-28,3.7847236926465704,9.594123962848393,3.0877601492448057,6.594024016217359,4.26521161720033,22.223021312376837
2026-04-29,3.783225478986958,9.577166487693368,3.0946316428380807,6.593004353247515,4.257166855776123,22.16660370772248
2026-04-30,3.805927477489841,9.635689816894617,3.096611434541349,6.658602670974126,4.286472214386128,22.35934958420034
2026-05-06,3.8349331652064333,9.837024246612316,3.116855971790369,6.799157584464404,4.3467742964721285,23.032763714082005
2026-05-07,3.82037270152447,9.81119796065208,3.0973763852750986,6.778310762609372,4.333470024295154,22.944082876458523
2026-05-08,3.8534678460203833,9.84491893909645,3.122062431992669,6.834272867409155,4.35961323523002,23.054745973104954
2026-05-11,3.8885647949005038,9.931501572568417,3.1480632647163134,6.849838357984483,4.359829785608639,23.346091053928202
2026-05-12,3.8817651252352423,9.849938335489037,3.137798852910176,6.8394615537256005,4.350026132216668,23.069503073239634
2026-05-13,3.8724958501463727,9.883636996142968,3.1274199007344587,6.877727333795126,4.3648062785448,23.182931055360132
2026-05-14,3.856828447308549,9.868645832318233,3.123005974567085,6.932021829256269,4.384690947739508,23.130779824521134
2026-05-15,3.790521458124642,9.77051656164537,3.0859025208066475,6.848634541836141,4.338898758192212,22.796920871842197
2026-05-18,3.788002317397852,9.717441342312988,3.082327881644032,6.843816435372727,4.336313155875003,22.61530796733064
2026-05-19,3.7514957084343354,9.654643453688205,3.0609838782164838,6.798230566457819,4.312185401477888,22.40268888051983
2026-05-20,3.7714980508986398,9.736273800034137,3.054227578218608,6.8679058309417815,4.350507917554789,22.677705519932942
2026-05-21,3.776625002546893,9.773331081692215,3.0584711567207075,6.881525777288696,4.3568554627175295,22.801751033979258
2026-05-22,3.7734867577851046,9.743543119413905,3.057907188250245,6.908580948430018,4.368754313159582,22.694761766400624
2026-05-26,3.7987640973363024,9.828276544016529,3.078272674896979,6.95444418386069,4.393713529271925,22.981105041844607
2026-05-27,3.770558500985961,9.786521601317572,3.058329995423002,6.95323923096433,4.393972726678042,22.840850238879153
2026-05-28,3.8002719444981885,9.817720411747112,3.081556919450428,6.991597655997113,4.412773099025681,22.9430157227318
2026-05-29,3.7896925918775275,9.817119671033275,3.0658695777496447,7.009016614211606,4.4214391935616195,22.940833234262595
2026-06-01,3.804690135657739,9.788030299618601,3.090033041983585,7.028102613390731,4.425607000570306,22.83932842636211
2026-06-02,3.8087745044819488,9.733197291158312,3.0880861465978637,7.037646749728309,4.430531657038176,22.6522528650215
2026-06-03,3.784739134065698,9.676442650074048,3.069644007852375,6.988262437319832,4.407340713227508,22.459360928189053
2026-06-04,3.7787762258712316,9.682836058053613,3.055951297426083,7.01466852534434,4.419585041296138,22.48015369026263
2026-06-05,3.675869057581099,9.530425402225077,2.971063646170962,6.833624352666351,4.341686985570509,21.961035770587657
2026-06-08,3.6948807549008773,9.6209530036908,2.9964731740962542,6.849097198278422,4.345668556050369,22.26854033816685
2026-06-09,3.672059765652228,9.529955056434225,2.9780029729515483,6.82899210450346,4.342933409708487,21.955777243977572
2026-06-10,3.6380288927770286,9.426036229486563,2.9462748799548484,6.721328994839745,4.300496395028728,21.60275938854158
2026-06-11,3.6946565423567477,9.515659875212284,2.989923398455457,6.835570465268773,4.355922141766922,21.90829830528341
2026-06-12,3.6953419309423405,9.56106981459952,2.990742648188488,6.872538647478681,4.366914641348944,22.059372035024232
2026-06-15,3.720904533418312,9.701173045422832,3.0162396190466634,6.993729058526052,4.414659152792358,22.535199567985604
2026-06-16,3.697233888253873,9.622839960972751,2.983901389625974,6.952035414815988,4.403378020512632,22.266878348963008
2026-06-17,3.6456644851416025,9.555850191656432,2.942231041924763,6.865219127007305,4.36114441178404,22.04141195796116
2026-06-18,3.6716775044765675,9.588979228055544,2.9814840561844655,6.93659667164438,4.3945348672506235,22.14933478544757
2026-06-22,3.6445002009405734,9.595456633386236,2.957015252420068,6.914767699504014,4.379523471621276,22.16910919065281
2026-06-23,3.5916000668311416,9.469973313852213,2.907434578669378,6.814351358438687,4.343766401822178,21.744320649540857
2026-06-24,3.571686589291648,9.381292868118342,2.9016204129417003,6.811192904077806,4.354007214209962,21.442312359012988
2026-06-25,3.6036499912924183,9.400459802590293,2.935268695913843,6.82103941538749,4.358858954212279,21.503569088815006
2026-06-26,3.5962844581915956,9.408327268886321,2.9194312519533563,6.771714213875813,4.344689185935347,21.529348072005927
2026-06-29,3.611470914556249,9.45590967685855,2.947865034768272,6.883276937606472,4.3874775624706475,21.691762824535246
2026-06-30,3.6024909264295304,9.516720560926847,2.941608807243361,6.936875743282169,4.398564144895507,21.899616495244892
2026-07-01,3.5772844196834144,9.51996046010066,2.9121120527244915,6.9274935935367905,4.390720111139454,21.906799579204936
2026-07-02,3.581822231456137,9.499000826581218,2.897190587242304,6.9183905154292,4.388936800485825,21.831001125037886
2026-07-06,3.6294541112902983,9.600147995118189,2.974629671814435,6.978770023016956,4.413028097858579,22.16706481696982
2026-07-07,3.601168061401712,9.544175600567698,2.9568369864009196,6.945607673162719,4.391451719207744,21.977662237139885
2026-07-08,3.607914881753713,9.509673315879619,3.016618027691245,6.9241498492493925,4.379741797262576,21.86005214254631
2026-07-09,3.6142884894088043,9.54565067763046,3.0095202721797607,6.98276455554319,4.405775011261104,21.977388493490064
2026-07-10,3.621191314386522,9.576022044265933,3.02827706853635,7.012861095999803,4.415731799521033,22.0745889589428
2026-07-13,3.6232271458426784,9.522532940558776,3.0607756671396933,6.959169645360847,4.388958592542221,21.89519813335866
2026-07-14,3.6540152884697346,9.588757804937291,3.0868538637306657,6.9838791369723205,4.403212425457983,22.11504084543267
2026-07-15,3.6608523919500273,9.572618898100986,3.0904149729471144,7.011560656270146,4.418037029101345,22.058822958511808
2026-07-16,3.6350520628892737,9.522422064922885,3.074159572178137,6.973567695724325,4.40246256290953,21.889426297617437
2026-07-17,3.661222125026135,9.529783542291304,3.1001299907437203,6.9045489032192755,4.378444222177409,21.91246445179838
2026-07-20,3.650466331920917,9.536122387999516,3.090669987665157,6.893402520553945,4.368604040714158,21.932405984508364
2026-07-21,3.679771288640391,9.594417296223543,3.0913256233329784,6.950902645418609,4.3861867001601205,22.12712124101455
2026-07-22,3.6911156087960437,9.610806201922285,3.109092469287595,6.942820367028878,4.3791919319781485,22.180339408235596
2026-07-23,3.6758789124036717,9.541157716362681,3.1051880581003046,6.8570817163388265,4.341906021744524,21.946600601756305
2026-07-24,3.6709544504090483,9.534980878076917,3.1031257028420587,6.86404827655141,4.347916519224342,21.922295039279543
2026-07-27,3.637332033377988,9.537073785838402,3.0636004214139048,6.865535142955597,4.353148644297317,21.926646255311475
2026-07-28,3.63204231713893,9.530466393116894,3.069418856711037,6.881976497876818,4.364630152354524,21.90504880674813
2026-07-29,3.6332780023871467,9.506577183493983,3.064422561673679,6.776080463003095,4.31706216094648,21.823604734005734
2026-07-30,3.662575227399654,9.626141760582245,3.076490225984065,6.889686491291496,4.361030227014372,22.222474813510008
2026-07-31,3.6471145730848877,9.574746868412678,3.082494433518567,6.9392913328149675,4.375034298270627,22.045618654726614
2026-08-03,3.6386379444986323,9.601914711569705,3.064578192674657,7.0381275941388415,4.415974169762041,22.135939422345984
2026-08-04,3.664823663886633,9.691759013357496,3.094022796790525,7.165017659735596,4.472098339739685,22.436994671188533
2026-08-05,3.6816947637324278,9.724534759937066,3.0914170913759285,7.1507122543353745,4.467820186519833,22.545755073906456
2026-08-06,3.678740120809213,9.712895951351253,3.0877835431438827,7.139286800032254,4.4566970196456825,22.50524042831784
2026-08-07,3.709316385267683,9.792712565288053,3.1102345600354586,7.182945881061002,4.477368823698748,22.769973734005
2026-08-10,3.7316092948720274,9.793191816588845,3.122560558367796,7.180809363165994,4.4688150047040835,22.76963430347033
2026-08-11,3.733513696283937,9.793032174800489,3.1297510780906133,7.157865241222488,4.462213761464549,22.76683461913019
2026-08-12,3.749481711245938,9.831321207143043,3.1461121294384973,7.175792894173886,4.470695666946045,22.893342561451757
2026-08-13,3.7535641934790647,9.840708550361567,3.162069715181682,7.225862097261664,4.496059446956061,22.92317738485673
2026-08-14,3.7533357154271556,9.849984022336283,3.160695559865272,7.2115566918614435,4.485735851731424,22.951937220991393
2026-08-17,3.7668864841045417,9.91361885119931,3.1719801338019002,7.1774650505045905,4.4690610849044665,23.16493347833505
2026-08-18,3.7407234963671305,9.802724335398752,3.147016956092995,7.128975927158266,4.4524188989330975,22.791006164911302
2026-08-19,3.807620718715523,9.930614276120663,3.1999015690435653,7.143930984049307,4.4665775691368035,23.21933170642918
2026-08-20,3.819615876638184,10.000305474214793,3.2072273148627444,7.0839231930625965,4.436698521534679,23.45158994925664
2026-08-21,3.837572570199072,10.12578350163169,3.2235254190307434,7.112905152090077,4.444261298670767,23.867002393500535
2026-08-24,3.8343125997600573,10.13192466152647,3.2207918551876773,7.092004334704312,4.439944473539564,23.889050859765366
2026-08-25,3.8441322165781564,10.1336698824798,3.2318160443433115,7.114669953384037,4.457964573548628,23.89331553439798
2026-08-26,3.8374794432926334,10.127011075837569,3.233841037283982,7.116249464751481,4.454972609320086,23.868085310048663
2026-08-27,3.858255529348135,10.171703961379874,3.2538572137905306,7.162881141840586,4.4709122988602426,24.016717782117038
2026-08-28,3.807953823349117,10.049544220193095,3.2124123846615995,7.146625076845882,4.457583814649373,23.603720496674132
2026-08-31,3.815839088847573,10.068932324919492,3.2242506453996236,7.125259897895812,4.447396657712593,23.66751814834063
2026-09-01,3.8096467417576205,9.99948000869659,3.2315536260149225,7.076306412985183,4.423134094733978,23.427164265318435
2026-09-02,3.825049120938809,10.026400470236181,3.2351361524966333,7.107703393171452,4.436432520498712,23.522587444474564
2026-09-03,3.852273805414886,10.119567388192705,3.255675138717353,7.182109802895648,4.466223107078079,23.839070088515253
2026-09-04,3.8447639742893696,10.07749380544491,3.2479268011959603,7.154428283597824,4.455278682123291,23.69146998090843
2026-09-08,3.8516262867276723,10.061154712638062,3.268478901106335,7.115134883322348,4.438830683477231,23.634850376081708
2026-09-09,3.8557377203855348,10.075270598133242,3.2801845564963963,7.082065746805377,4.4214408039267505,23.682852486045267
2026-09-10,3.836349551619102,10.027539179231958,3.291992576907095,7.039613892169019,4.391681518050291,23.519262966504407
2026-09-11,3.819314434060687,10.047312239255675,3.273982715384172,7.099621683155729,4.410882075436526,23.582500384352965
2026-09-14,3.8032909583172874,10.027096913148277,3.2567249061277725,7.067945631331672,4.397479136240399,23.515044504964735
2026-09-15,3.8162817170553747,10.006474648471906,3.28133742949902,7.035526714679529,4.383220552045587,23.443658362020432
2026-09-16,3.7835157218654083,9.993965554526302,3.249241699885503,7.004500882720299,4.369868643030736,23.398506303497502
2026-09-17,3.8122304560709916,10.021879038921332,3.2500179725560776,7.083923193062595,4.4096231792282365,23.492129133279533
2026-09-18,3.8014493036296577,10.109551904565954,3.2463801605737714,7.09303991214637,4.404374512363813,23.789838899694097
2026-09-21,3.8286357765627588,10.227510048494613,3.2792929972129268,7.203017440769507,4.452299353675658,24.191282503517066
2026-09-22,3.823550544693135,10.240205116092586,3.2519014058413274,7.201900017470336,4.452073353961582,24.233680842446127
2026-09-23,3.7747354389774834,10.165149227907893,3.2413415461878516,7.150030773900121,4.413974488598198,23.97417186407143
2026-09-24,3.7497134518820423,10.168410982624923,3.2172966774522047,7.144164017392469,4.402151904880299,23.985467761216654
2026-09-28,3.683058897592046,10.081954684177562,3.154121662562153,7.129543732791973,4.39359628533578,23.68745152914281
2026-09-29,3.660885958152333,10.090715009657538,3.129538951551623,7.116413724839711,4.387138912873597,23.714179749605375
2026-09-30,3.6546153169053204,10.078028654197897,3.1207223192848828,7.101793440239215,4.378968400166433,23.66842188373247
